 
****************************************
check_design summary:
Version:     V-2023.12-SP5
Date:        Thu Jul 30 16:11:07 2026
****************************************

                   Name                                            Total
--------------------------------------------------------------------------------
Inputs/Outputs                                                    758
    Unconnected ports (LINT-28)                                   758

Cells                                                             145
    Nets connected to multiple pins on same cell (LINT-33)          4
    Hier pins without driver and load (LINT-60)                   141
--------------------------------------------------------------------------------

Warning: In design 'attention_accel_top', port 's_axi_awaddr[31]' is not connected to any nets. (LINT-28)
Warning: In design 'attention_accel_top', port 's_axi_awaddr[30]' is not connected to any nets. (LINT-28)
Warning: In design 'attention_accel_top', port 's_axi_awaddr[29]' is not connected to any nets. (LINT-28)
Warning: In design 'attention_accel_top', port 's_axi_awaddr[28]' is not connected to any nets. (LINT-28)
Warning: In design 'attention_accel_top', port 's_axi_awaddr[27]' is not connected to any nets. (LINT-28)
Warning: In design 'attention_accel_top', port 's_axi_awaddr[26]' is not connected to any nets. (LINT-28)
Warning: In design 'attention_accel_top', port 's_axi_awaddr[25]' is not connected to any nets. (LINT-28)
Warning: In design 'attention_accel_top', port 's_axi_awaddr[24]' is not connected to any nets. (LINT-28)
Warning: In design 'attention_accel_top', port 's_axi_awaddr[23]' is not connected to any nets. (LINT-28)
Warning: In design 'attention_accel_top', port 's_axi_awaddr[22]' is not connected to any nets. (LINT-28)
Warning: In design 'attention_accel_top', port 's_axi_awaddr[21]' is not connected to any nets. (LINT-28)
Warning: In design 'attention_accel_top', port 's_axi_awaddr[20]' is not connected to any nets. (LINT-28)
Warning: In design 'attention_accel_top', port 's_axi_awaddr[19]' is not connected to any nets. (LINT-28)
Warning: In design 'attention_accel_top', port 's_axi_awaddr[18]' is not connected to any nets. (LINT-28)
Warning: In design 'attention_accel_top', port 's_axi_awaddr[17]' is not connected to any nets. (LINT-28)
Warning: In design 'attention_accel_top', port 's_axi_awaddr[16]' is not connected to any nets. (LINT-28)
Warning: In design 'attention_accel_top', port 's_axi_awaddr[15]' is not connected to any nets. (LINT-28)
Warning: In design 'attention_accel_top', port 's_axi_awaddr[14]' is not connected to any nets. (LINT-28)
Warning: In design 'attention_accel_top', port 's_axi_awaddr[13]' is not connected to any nets. (LINT-28)
Warning: In design 'attention_accel_top', port 's_axi_awaddr[12]' is not connected to any nets. (LINT-28)
Warning: In design 'attention_accel_top', port 's_axi_araddr[31]' is not connected to any nets. (LINT-28)
Warning: In design 'attention_accel_top', port 's_axi_araddr[30]' is not connected to any nets. (LINT-28)
Warning: In design 'attention_accel_top', port 's_axi_araddr[29]' is not connected to any nets. (LINT-28)
Warning: In design 'attention_accel_top', port 's_axi_araddr[28]' is not connected to any nets. (LINT-28)
Warning: In design 'attention_accel_top', port 's_axi_araddr[27]' is not connected to any nets. (LINT-28)
Warning: In design 'attention_accel_top', port 's_axi_araddr[26]' is not connected to any nets. (LINT-28)
Warning: In design 'attention_accel_top', port 's_axi_araddr[25]' is not connected to any nets. (LINT-28)
Warning: In design 'attention_accel_top', port 's_axi_araddr[24]' is not connected to any nets. (LINT-28)
Warning: In design 'attention_accel_top', port 's_axi_araddr[23]' is not connected to any nets. (LINT-28)
Warning: In design 'attention_accel_top', port 's_axi_araddr[22]' is not connected to any nets. (LINT-28)
Warning: In design 'attention_accel_top', port 's_axi_araddr[21]' is not connected to any nets. (LINT-28)
Warning: In design 'attention_accel_top', port 's_axi_araddr[20]' is not connected to any nets. (LINT-28)
Warning: In design 'attention_accel_top', port 's_axi_araddr[19]' is not connected to any nets. (LINT-28)
Warning: In design 'attention_accel_top', port 's_axi_araddr[18]' is not connected to any nets. (LINT-28)
Warning: In design 'attention_accel_top', port 's_axi_araddr[17]' is not connected to any nets. (LINT-28)
Warning: In design 'attention_accel_top', port 's_axi_araddr[16]' is not connected to any nets. (LINT-28)
Warning: In design 'attention_accel_top', port 's_axi_araddr[15]' is not connected to any nets. (LINT-28)
Warning: In design 'attention_accel_top', port 's_axi_araddr[14]' is not connected to any nets. (LINT-28)
Warning: In design 'attention_accel_top', port 's_axi_araddr[13]' is not connected to any nets. (LINT-28)
Warning: In design 'attention_accel_top', port 's_axi_araddr[12]' is not connected to any nets. (LINT-28)
Warning: In design 'qkv_tile_cache_ADDR_W6', port 'kv_next_valid_o' is not connected to any nets. (LINT-28)
Warning: In design 'qkv_tile_cache_ADDR_W6', port 'q_active_bank_o' is not connected to any nets. (LINT-28)
Warning: In design 'qkv_tile_cache_ADDR_W6', port 'kv_active_bank_o' is not connected to any nets. (LINT-28)
Warning: In design 'qkv_tile_cache_ADDR_W6', port 'k_rd_en_i' is not connected to any nets. (LINT-28)
Warning: In design 'qkv_tile_cache_ADDR_W6', port 'k_rd_addr_i[5]' is not connected to any nets. (LINT-28)
Warning: In design 'qkv_tile_cache_ADDR_W6', port 'k_rd_addr_i[4]' is not connected to any nets. (LINT-28)
Warning: In design 'qkv_tile_cache_ADDR_W6', port 'k_rd_addr_i[3]' is not connected to any nets. (LINT-28)
Warning: In design 'qkv_tile_cache_ADDR_W6', port 'k_rd_addr_i[2]' is not connected to any nets. (LINT-28)
Warning: In design 'qkv_tile_cache_ADDR_W6', port 'k_rd_addr_i[1]' is not connected to any nets. (LINT-28)
Warning: In design 'qkv_tile_cache_ADDR_W6', port 'k_rd_addr_i[0]' is not connected to any nets. (LINT-28)
Warning: In design 'fsa_fused_array_ROWS32_STRIPE_ROWS8_COLS32_DATA_W8_SCORE_W32_PROB_W16_ACC_W32_LSE_W32_HEAD_DIM64_FEATURE_IDX_W6', port 'clock_en_i' is not connected to any nets. (LINT-28)
Warning: In design 'fsa_fused_array_ROWS32_STRIPE_ROWS8_COLS32_DATA_W8_SCORE_W32_PROB_W16_ACC_W32_LSE_W32_HEAD_DIM64_FEATURE_IDX_W6', port 'score_scale_i[31]' is not connected to any nets. (LINT-28)
Warning: In design 'fsa_fused_array_ROWS32_STRIPE_ROWS8_COLS32_DATA_W8_SCORE_W32_PROB_W16_ACC_W32_LSE_W32_HEAD_DIM64_FEATURE_IDX_W6', port 'score_scale_i[30]' is not connected to any nets. (LINT-28)
Warning: In design 'fsa_fused_array_ROWS32_STRIPE_ROWS8_COLS32_DATA_W8_SCORE_W32_PROB_W16_ACC_W32_LSE_W32_HEAD_DIM64_FEATURE_IDX_W6', port 'score_scale_i[29]' is not connected to any nets. (LINT-28)
Warning: In design 'fsa_fused_array_ROWS32_STRIPE_ROWS8_COLS32_DATA_W8_SCORE_W32_PROB_W16_ACC_W32_LSE_W32_HEAD_DIM64_FEATURE_IDX_W6', port 'score_scale_i[28]' is not connected to any nets. (LINT-28)
Warning: In design 'fsa_fused_array_ROWS32_STRIPE_ROWS8_COLS32_DATA_W8_SCORE_W32_PROB_W16_ACC_W32_LSE_W32_HEAD_DIM64_FEATURE_IDX_W6', port 'score_scale_i[27]' is not connected to any nets. (LINT-28)
Warning: In design 'fsa_fused_array_ROWS32_STRIPE_ROWS8_COLS32_DATA_W8_SCORE_W32_PROB_W16_ACC_W32_LSE_W32_HEAD_DIM64_FEATURE_IDX_W6', port 'score_scale_i[26]' is not connected to any nets. (LINT-28)
Warning: In design 'fsa_fused_array_ROWS32_STRIPE_ROWS8_COLS32_DATA_W8_SCORE_W32_PROB_W16_ACC_W32_LSE_W32_HEAD_DIM64_FEATURE_IDX_W6', port 'score_scale_i[25]' is not connected to any nets. (LINT-28)
Warning: In design 'fsa_fused_array_ROWS32_STRIPE_ROWS8_COLS32_DATA_W8_SCORE_W32_PROB_W16_ACC_W32_LSE_W32_HEAD_DIM64_FEATURE_IDX_W6', port 'score_scale_i[24]' is not connected to any nets. (LINT-28)
Warning: In design 'fsa_fused_array_ROWS32_STRIPE_ROWS8_COLS32_DATA_W8_SCORE_W32_PROB_W16_ACC_W32_LSE_W32_HEAD_DIM64_FEATURE_IDX_W6', port 'score_scale_i[23]' is not connected to any nets. (LINT-28)
Warning: In design 'fsa_fused_array_ROWS32_STRIPE_ROWS8_COLS32_DATA_W8_SCORE_W32_PROB_W16_ACC_W32_LSE_W32_HEAD_DIM64_FEATURE_IDX_W6', port 'score_scale_i[22]' is not connected to any nets. (LINT-28)
Warning: In design 'fsa_fused_array_ROWS32_STRIPE_ROWS8_COLS32_DATA_W8_SCORE_W32_PROB_W16_ACC_W32_LSE_W32_HEAD_DIM64_FEATURE_IDX_W6', port 'k_base_i[4]' is not connected to any nets. (LINT-28)
Warning: In design 'fsa_fused_array_ROWS32_STRIPE_ROWS8_COLS32_DATA_W8_SCORE_W32_PROB_W16_ACC_W32_LSE_W32_HEAD_DIM64_FEATURE_IDX_W6', port 'k_base_i[3]' is not connected to any nets. (LINT-28)
Warning: In design 'fsa_fused_array_ROWS32_STRIPE_ROWS8_COLS32_DATA_W8_SCORE_W32_PROB_W16_ACC_W32_LSE_W32_HEAD_DIM64_FEATURE_IDX_W6', port 'k_base_i[2]' is not connected to any nets. (LINT-28)
Warning: In design 'fsa_fused_array_ROWS32_STRIPE_ROWS8_COLS32_DATA_W8_SCORE_W32_PROB_W16_ACC_W32_LSE_W32_HEAD_DIM64_FEATURE_IDX_W6', port 'k_base_i[1]' is not connected to any nets. (LINT-28)
Warning: In design 'fsa_fused_array_ROWS32_STRIPE_ROWS8_COLS32_DATA_W8_SCORE_W32_PROB_W16_ACC_W32_LSE_W32_HEAD_DIM64_FEATURE_IDX_W6', port 'k_base_i[0]' is not connected to any nets. (LINT-28)
Warning: In design 'fsa_fused_array_ROWS32_STRIPE_ROWS8_COLS32_DATA_W8_SCORE_W32_PROB_W16_ACC_W32_LSE_W32_HEAD_DIM64_FEATURE_IDX_W6', port 'softmax_busy_o' is not connected to any nets. (LINT-28)
Warning: In design 'online_normalizer_LANES8_ACC_W32_LSE_W32_OUT_W8_TAG_W8', port 'clock_en_i' is not connected to any nets. (LINT-28)
Warning: In design 'online_normalizer_LANES8_ACC_W32_LSE_W32_OUT_W8_TAG_W8', port 'out_scale_i[31]' is not connected to any nets. (LINT-28)
Warning: In design 'online_normalizer_LANES8_ACC_W32_LSE_W32_OUT_W8_TAG_W8', port 'out_scale_i[30]' is not connected to any nets. (LINT-28)
Warning: In design 'online_normalizer_LANES8_ACC_W32_LSE_W32_OUT_W8_TAG_W8', port 'out_scale_i[29]' is not connected to any nets. (LINT-28)
Warning: In design 'online_normalizer_LANES8_ACC_W32_LSE_W32_OUT_W8_TAG_W8', port 'out_scale_i[28]' is not connected to any nets. (LINT-28)
Warning: In design 'online_normalizer_LANES8_ACC_W32_LSE_W32_OUT_W8_TAG_W8', port 'out_scale_i[27]' is not connected to any nets. (LINT-28)
Warning: In design 'online_normalizer_LANES8_ACC_W32_LSE_W32_OUT_W8_TAG_W8', port 'out_scale_i[26]' is not connected to any nets. (LINT-28)
Warning: In design 'online_normalizer_LANES8_ACC_W32_LSE_W32_OUT_W8_TAG_W8', port 'out_scale_i[25]' is not connected to any nets. (LINT-28)
Warning: In design 'online_normalizer_LANES8_ACC_W32_LSE_W32_OUT_W8_TAG_W8', port 'out_scale_i[24]' is not connected to any nets. (LINT-28)
Warning: In design 'online_normalizer_LANES8_ACC_W32_LSE_W32_OUT_W8_TAG_W8', port 'out_scale_i[23]' is not connected to any nets. (LINT-28)
Warning: In design 'online_normalizer_LANES8_ACC_W32_LSE_W32_OUT_W8_TAG_W8', port 'out_scale_i[22]' is not connected to any nets. (LINT-28)
Warning: In design 'output_buffer_ROWS32_NORM_LANES8_HEAD_DIM64_OUT_W8_GROUP_SIZE32', port 'clock_en_i' is not connected to any nets. (LINT-28)
Warning: In design 'output_buffer_ROWS32_NORM_LANES8_HEAD_DIM64_OUT_W8_GROUP_SIZE32', port 'stream_bytes_i[15]' is not connected to any nets. (LINT-28)
Warning: In design 'output_buffer_ROWS32_NORM_LANES8_HEAD_DIM64_OUT_W8_GROUP_SIZE32', port 'stream_bytes_i[14]' is not connected to any nets. (LINT-28)
Warning: In design 'output_buffer_ROWS32_NORM_LANES8_HEAD_DIM64_OUT_W8_GROUP_SIZE32', port 'stream_bytes_i[13]' is not connected to any nets. (LINT-28)
Warning: In design 'output_buffer_ROWS32_NORM_LANES8_HEAD_DIM64_OUT_W8_GROUP_SIZE32', port 'stream_bytes_i[12]' is not connected to any nets. (LINT-28)
Warning: In design 'output_buffer_ROWS32_NORM_LANES8_HEAD_DIM64_OUT_W8_GROUP_SIZE32', port 'stream_bytes_i[5]' is not connected to any nets. (LINT-28)
Warning: In design 'output_buffer_ROWS32_NORM_LANES8_HEAD_DIM64_OUT_W8_GROUP_SIZE32', port 'stream_bytes_i[4]' is not connected to any nets. (LINT-28)
Warning: In design 'output_buffer_ROWS32_NORM_LANES8_HEAD_DIM64_OUT_W8_GROUP_SIZE32', port 'stream_bytes_i[3]' is not connected to any nets. (LINT-28)
Warning: In design 'output_buffer_ROWS32_NORM_LANES8_HEAD_DIM64_OUT_W8_GROUP_SIZE32', port 'stream_bytes_i[2]' is not connected to any nets. (LINT-28)
Warning: In design 'output_buffer_ROWS32_NORM_LANES8_HEAD_DIM64_OUT_W8_GROUP_SIZE32', port 'stream_bytes_i[1]' is not connected to any nets. (LINT-28)
Warning: In design 'output_buffer_ROWS32_NORM_LANES8_HEAD_DIM64_OUT_W8_GROUP_SIZE32', port 'stream_bytes_i[0]' is not connected to any nets. (LINT-28)
Warning: In design 'output_buffer_ROWS32_NORM_LANES8_HEAD_DIM64_OUT_W8_GROUP_SIZE32', port 'stream_strb_o[15]' is not connected to any nets. (LINT-28)
Warning: In design 'output_buffer_ROWS32_NORM_LANES8_HEAD_DIM64_OUT_W8_GROUP_SIZE32', port 'stream_strb_o[14]' is not connected to any nets. (LINT-28)
Warning: In design 'output_buffer_ROWS32_NORM_LANES8_HEAD_DIM64_OUT_W8_GROUP_SIZE32', port 'stream_strb_o[13]' is not connected to any nets. (LINT-28)
Warning: In design 'output_buffer_ROWS32_NORM_LANES8_HEAD_DIM64_OUT_W8_GROUP_SIZE32', port 'stream_strb_o[12]' is not connected to any nets. (LINT-28)
Warning: In design 'output_buffer_ROWS32_NORM_LANES8_HEAD_DIM64_OUT_W8_GROUP_SIZE32', port 'stream_strb_o[11]' is not connected to any nets. (LINT-28)
Warning: In design 'output_buffer_ROWS32_NORM_LANES8_HEAD_DIM64_OUT_W8_GROUP_SIZE32', port 'stream_strb_o[10]' is not connected to any nets. (LINT-28)
Warning: In design 'output_buffer_ROWS32_NORM_LANES8_HEAD_DIM64_OUT_W8_GROUP_SIZE32', port 'stream_strb_o[9]' is not connected to any nets. (LINT-28)
Warning: In design 'output_buffer_ROWS32_NORM_LANES8_HEAD_DIM64_OUT_W8_GROUP_SIZE32', port 'stream_strb_o[8]' is not connected to any nets. (LINT-28)
Warning: In design 'output_buffer_ROWS32_NORM_LANES8_HEAD_DIM64_OUT_W8_GROUP_SIZE32', port 'stream_strb_o[7]' is not connected to any nets. (LINT-28)
Warning: In design 'output_buffer_ROWS32_NORM_LANES8_HEAD_DIM64_OUT_W8_GROUP_SIZE32', port 'stream_strb_o[6]' is not connected to any nets. (LINT-28)
Warning: In design 'output_buffer_ROWS32_NORM_LANES8_HEAD_DIM64_OUT_W8_GROUP_SIZE32', port 'stream_strb_o[5]' is not connected to any nets. (LINT-28)
Warning: In design 'output_buffer_ROWS32_NORM_LANES8_HEAD_DIM64_OUT_W8_GROUP_SIZE32', port 'stream_strb_o[4]' is not connected to any nets. (LINT-28)
Warning: In design 'output_buffer_ROWS32_NORM_LANES8_HEAD_DIM64_OUT_W8_GROUP_SIZE32', port 'stream_strb_o[3]' is not connected to any nets. (LINT-28)
Warning: In design 'output_buffer_ROWS32_NORM_LANES8_HEAD_DIM64_OUT_W8_GROUP_SIZE32', port 'stream_strb_o[2]' is not connected to any nets. (LINT-28)
Warning: In design 'output_buffer_ROWS32_NORM_LANES8_HEAD_DIM64_OUT_W8_GROUP_SIZE32', port 'stream_strb_o[1]' is not connected to any nets. (LINT-28)
Warning: In design 'output_buffer_ROWS32_NORM_LANES8_HEAD_DIM64_OUT_W8_GROUP_SIZE32', port 'stream_strb_o[0]' is not connected to any nets. (LINT-28)
Warning: In design 'output_buffer_ROWS32_NORM_LANES8_HEAD_DIM64_OUT_W8_GROUP_SIZE32', port 'stream_last_o' is not connected to any nets. (LINT-28)
Warning: In design 'output_buffer_ROWS32_NORM_LANES8_HEAD_DIM64_OUT_W8_GROUP_SIZE32', port 'stream_busy_o' is not connected to any nets. (LINT-28)
Warning: In design 'output_buffer_ROWS32_NORM_LANES8_HEAD_DIM64_OUT_W8_GROUP_SIZE32', port 'stream_done_o' is not connected to any nets. (LINT-28)
Warning: In design 'fsa_delay_line_WIDTH38_DEPTH16', port 'last_i' is not connected to any nets. (LINT-28)
Warning: In design 'fsa_delay_line_WIDTH38_DEPTH16', port 'last_o' is not connected to any nets. (LINT-28)
Warning: In design 'fsa_delay_line_WIDTH38_DEPTH17', port 'last_i' is not connected to any nets. (LINT-28)
Warning: In design 'fsa_delay_line_WIDTH38_DEPTH17', port 'last_o' is not connected to any nets. (LINT-28)
Warning: In design 'fsa_delay_line_WIDTH38_DEPTH18', port 'last_i' is not connected to any nets. (LINT-28)
Warning: In design 'fsa_delay_line_WIDTH38_DEPTH18', port 'last_o' is not connected to any nets. (LINT-28)
Warning: In design 'fsa_delay_line_WIDTH38_DEPTH19', port 'last_i' is not connected to any nets. (LINT-28)
Warning: In design 'fsa_delay_line_WIDTH38_DEPTH19', port 'last_o' is not connected to any nets. (LINT-28)
Warning: In design 'fsa_delay_line_WIDTH38_DEPTH20', port 'last_i' is not connected to any nets. (LINT-28)
Warning: In design 'fsa_delay_line_WIDTH38_DEPTH20', port 'last_o' is not connected to any nets. (LINT-28)
Warning: In design 'fsa_delay_line_WIDTH38_DEPTH21', port 'last_i' is not connected to any nets. (LINT-28)
Warning: In design 'fsa_delay_line_WIDTH38_DEPTH21', port 'last_o' is not connected to any nets. (LINT-28)
Warning: In design 'fsa_delay_line_WIDTH38_DEPTH22', port 'last_i' is not connected to any nets. (LINT-28)
Warning: In design 'fsa_delay_line_WIDTH38_DEPTH22', port 'last_o' is not connected to any nets. (LINT-28)
Warning: In design 'fsa_delay_line_WIDTH38_DEPTH23', port 'last_i' is not connected to any nets. (LINT-28)
Warning: In design 'fsa_delay_line_WIDTH38_DEPTH23', port 'last_o' is not connected to any nets. (LINT-28)
Warning: In design 'fsa_delay_line_WIDTH38_DEPTH24', port 'last_i' is not connected to any nets. (LINT-28)
Warning: In design 'fsa_delay_line_WIDTH38_DEPTH24', port 'last_o' is not connected to any nets. (LINT-28)
Warning: In design 'fsa_delay_line_WIDTH38_DEPTH25', port 'last_i' is not connected to any nets. (LINT-28)
Warning: In design 'fsa_delay_line_WIDTH38_DEPTH25', port 'last_o' is not connected to any nets. (LINT-28)
Warning: In design 'fsa_delay_line_WIDTH38_DEPTH26', port 'last_i' is not connected to any nets. (LINT-28)
Warning: In design 'fsa_delay_line_WIDTH38_DEPTH26', port 'last_o' is not connected to any nets. (LINT-28)
Warning: In design 'fsa_delay_line_WIDTH38_DEPTH27', port 'last_i' is not connected to any nets. (LINT-28)
Warning: In design 'fsa_delay_line_WIDTH38_DEPTH27', port 'last_o' is not connected to any nets. (LINT-28)
Warning: In design 'fsa_delay_line_WIDTH38_DEPTH28', port 'last_i' is not connected to any nets. (LINT-28)
Warning: In design 'fsa_delay_line_WIDTH38_DEPTH28', port 'last_o' is not connected to any nets. (LINT-28)
Warning: In design 'fsa_delay_line_WIDTH38_DEPTH29', port 'last_i' is not connected to any nets. (LINT-28)
Warning: In design 'fsa_delay_line_WIDTH38_DEPTH29', port 'last_o' is not connected to any nets. (LINT-28)
Warning: In design 'fsa_delay_line_WIDTH38_DEPTH30', port 'last_i' is not connected to any nets. (LINT-28)
Warning: In design 'fsa_delay_line_WIDTH38_DEPTH30', port 'last_o' is not connected to any nets. (LINT-28)
Warning: In design 'fsa_delay_line_WIDTH38_DEPTH31', port 'last_i' is not connected to any nets. (LINT-28)
Warning: In design 'fsa_delay_line_WIDTH38_DEPTH31', port 'last_o' is not connected to any nets. (LINT-28)
Warning: In design 'fsa_delay_line_WIDTH38_DEPTH32', port 'last_i' is not connected to any nets. (LINT-28)
Warning: In design 'fsa_delay_line_WIDTH38_DEPTH32', port 'last_o' is not connected to any nets. (LINT-28)
Warning: In design 'fsa_stripe_STRIPE_ROWS8_COLS32_HEAD_DIM64_DATA_W8_SCORE_W32_PROB_W16_SUM_W32_TAG_W6_LOCAL_ROW_IDX_W3_3', port 'clock_en_i' is not connected to any nets. (LINT-28)
Warning: In design 'fsa_stripe_STRIPE_ROWS8_COLS32_HEAD_DIM64_DATA_W8_SCORE_W32_PROB_W16_SUM_W32_TAG_W6_LOCAL_ROW_IDX_W3_3', port 'm_start_valid_i[6]' is not connected to any nets. (LINT-28)
Warning: In design 'fsa_stripe_STRIPE_ROWS8_COLS32_HEAD_DIM64_DATA_W8_SCORE_W32_PROB_W16_SUM_W32_TAG_W6_LOCAL_ROW_IDX_W3_3', port 'm_start_valid_i[5]' is not connected to any nets. (LINT-28)
Warning: In design 'fsa_stripe_STRIPE_ROWS8_COLS32_HEAD_DIM64_DATA_W8_SCORE_W32_PROB_W16_SUM_W32_TAG_W6_LOCAL_ROW_IDX_W3_3', port 'm_start_valid_i[4]' is not connected to any nets. (LINT-28)
Warning: In design 'fsa_stripe_STRIPE_ROWS8_COLS32_HEAD_DIM64_DATA_W8_SCORE_W32_PROB_W16_SUM_W32_TAG_W6_LOCAL_ROW_IDX_W3_3', port 'm_start_valid_i[3]' is not connected to any nets. (LINT-28)
Warning: In design 'fsa_stripe_STRIPE_ROWS8_COLS32_HEAD_DIM64_DATA_W8_SCORE_W32_PROB_W16_SUM_W32_TAG_W6_LOCAL_ROW_IDX_W3_3', port 'm_start_valid_i[2]' is not connected to any nets. (LINT-28)
Warning: In design 'fsa_stripe_STRIPE_ROWS8_COLS32_HEAD_DIM64_DATA_W8_SCORE_W32_PROB_W16_SUM_W32_TAG_W6_LOCAL_ROW_IDX_W3_3', port 'm_start_valid_i[1]' is not connected to any nets. (LINT-28)
Warning: In design 'fsa_stripe_STRIPE_ROWS8_COLS32_HEAD_DIM64_DATA_W8_SCORE_W32_PROB_W16_SUM_W32_TAG_W6_LOCAL_ROW_IDX_W3_3', port 'm_start_valid_i[0]' is not connected to any nets. (LINT-28)
Warning: In design 'fsa_stripe_STRIPE_ROWS8_COLS32_HEAD_DIM64_DATA_W8_SCORE_W32_PROB_W16_SUM_W32_TAG_W6_LOCAL_ROW_IDX_W3_3', port 'sum_start_valid_i[6]' is not connected to any nets. (LINT-28)
Warning: In design 'fsa_stripe_STRIPE_ROWS8_COLS32_HEAD_DIM64_DATA_W8_SCORE_W32_PROB_W16_SUM_W32_TAG_W6_LOCAL_ROW_IDX_W3_3', port 'sum_start_valid_i[5]' is not connected to any nets. (LINT-28)
Warning: In design 'fsa_stripe_STRIPE_ROWS8_COLS32_HEAD_DIM64_DATA_W8_SCORE_W32_PROB_W16_SUM_W32_TAG_W6_LOCAL_ROW_IDX_W3_3', port 'sum_start_valid_i[4]' is not connected to any nets. (LINT-28)
Warning: In design 'fsa_stripe_STRIPE_ROWS8_COLS32_HEAD_DIM64_DATA_W8_SCORE_W32_PROB_W16_SUM_W32_TAG_W6_LOCAL_ROW_IDX_W3_3', port 'sum_start_valid_i[3]' is not connected to any nets. (LINT-28)
Warning: In design 'fsa_stripe_STRIPE_ROWS8_COLS32_HEAD_DIM64_DATA_W8_SCORE_W32_PROB_W16_SUM_W32_TAG_W6_LOCAL_ROW_IDX_W3_3', port 'sum_start_valid_i[2]' is not connected to any nets. (LINT-28)
Warning: In design 'fsa_stripe_STRIPE_ROWS8_COLS32_HEAD_DIM64_DATA_W8_SCORE_W32_PROB_W16_SUM_W32_TAG_W6_LOCAL_ROW_IDX_W3_3', port 'sum_start_valid_i[1]' is not connected to any nets. (LINT-28)
Warning: In design 'fsa_stripe_STRIPE_ROWS8_COLS32_HEAD_DIM64_DATA_W8_SCORE_W32_PROB_W16_SUM_W32_TAG_W6_LOCAL_ROW_IDX_W3_3', port 'sum_start_valid_i[0]' is not connected to any nets. (LINT-28)
Warning: In design 'fsa_stripe_STRIPE_ROWS8_COLS32_HEAD_DIM64_DATA_W8_SCORE_W32_PROB_W16_SUM_W32_TAG_W6_LOCAL_ROW_IDX_W3_3', port 'sum_done_tag_o[47]' is not connected to any nets. (LINT-28)
Warning: In design 'fsa_stripe_STRIPE_ROWS8_COLS32_HEAD_DIM64_DATA_W8_SCORE_W32_PROB_W16_SUM_W32_TAG_W6_LOCAL_ROW_IDX_W3_3', port 'sum_done_tag_o[46]' is not connected to any nets. (LINT-28)
Warning: In design 'fsa_stripe_STRIPE_ROWS8_COLS32_HEAD_DIM64_DATA_W8_SCORE_W32_PROB_W16_SUM_W32_TAG_W6_LOCAL_ROW_IDX_W3_3', port 'sum_done_tag_o[45]' is not connected to any nets. (LINT-28)
Warning: In design 'fsa_stripe_STRIPE_ROWS8_COLS32_HEAD_DIM64_DATA_W8_SCORE_W32_PROB_W16_SUM_W32_TAG_W6_LOCAL_ROW_IDX_W3_3', port 'sum_done_tag_o[44]' is not connected to any nets. (LINT-28)
Warning: In design 'fsa_stripe_STRIPE_ROWS8_COLS32_HEAD_DIM64_DATA_W8_SCORE_W32_PROB_W16_SUM_W32_TAG_W6_LOCAL_ROW_IDX_W3_3', port 'sum_done_tag_o[43]' is not connected to any nets. (LINT-28)
Warning: In design 'fsa_stripe_STRIPE_ROWS8_COLS32_HEAD_DIM64_DATA_W8_SCORE_W32_PROB_W16_SUM_W32_TAG_W6_LOCAL_ROW_IDX_W3_3', port 'sum_done_tag_o[42]' is not connected to any nets. (LINT-28)
Warning: In design 'fsa_stripe_STRIPE_ROWS8_COLS32_HEAD_DIM64_DATA_W8_SCORE_W32_PROB_W16_SUM_W32_TAG_W6_LOCAL_ROW_IDX_W3_3', port 'sum_done_tag_o[41]' is not connected to any nets. (LINT-28)
Warning: In design 'fsa_stripe_STRIPE_ROWS8_COLS32_HEAD_DIM64_DATA_W8_SCORE_W32_PROB_W16_SUM_W32_TAG_W6_LOCAL_ROW_IDX_W3_3', port 'sum_done_tag_o[40]' is not connected to any nets. (LINT-28)
Warning: In design 'fsa_stripe_STRIPE_ROWS8_COLS32_HEAD_DIM64_DATA_W8_SCORE_W32_PROB_W16_SUM_W32_TAG_W6_LOCAL_ROW_IDX_W3_3', port 'sum_done_tag_o[39]' is not connected to any nets. (LINT-28)
Warning: In design 'fsa_stripe_STRIPE_ROWS8_COLS32_HEAD_DIM64_DATA_W8_SCORE_W32_PROB_W16_SUM_W32_TAG_W6_LOCAL_ROW_IDX_W3_3', port 'sum_done_tag_o[38]' is not connected to any nets. (LINT-28)
Warning: In design 'fsa_stripe_STRIPE_ROWS8_COLS32_HEAD_DIM64_DATA_W8_SCORE_W32_PROB_W16_SUM_W32_TAG_W6_LOCAL_ROW_IDX_W3_3', port 'sum_done_tag_o[37]' is not connected to any nets. (LINT-28)
Warning: In design 'fsa_stripe_STRIPE_ROWS8_COLS32_HEAD_DIM64_DATA_W8_SCORE_W32_PROB_W16_SUM_W32_TAG_W6_LOCAL_ROW_IDX_W3_3', port 'sum_done_tag_o[36]' is not connected to any nets. (LINT-28)
Warning: In design 'fsa_stripe_STRIPE_ROWS8_COLS32_HEAD_DIM64_DATA_W8_SCORE_W32_PROB_W16_SUM_W32_TAG_W6_LOCAL_ROW_IDX_W3_3', port 'sum_done_tag_o[35]' is not connected to any nets. (LINT-28)
Warning: In design 'fsa_stripe_STRIPE_ROWS8_COLS32_HEAD_DIM64_DATA_W8_SCORE_W32_PROB_W16_SUM_W32_TAG_W6_LOCAL_ROW_IDX_W3_3', port 'sum_done_tag_o[34]' is not connected to any nets. (LINT-28)
Warning: In design 'fsa_stripe_STRIPE_ROWS8_COLS32_HEAD_DIM64_DATA_W8_SCORE_W32_PROB_W16_SUM_W32_TAG_W6_LOCAL_ROW_IDX_W3_3', port 'sum_done_tag_o[33]' is not connected to any nets. (LINT-28)
Warning: In design 'fsa_stripe_STRIPE_ROWS8_COLS32_HEAD_DIM64_DATA_W8_SCORE_W32_PROB_W16_SUM_W32_TAG_W6_LOCAL_ROW_IDX_W3_3', port 'sum_done_tag_o[32]' is not connected to any nets. (LINT-28)
Warning: In design 'fsa_stripe_STRIPE_ROWS8_COLS32_HEAD_DIM64_DATA_W8_SCORE_W32_PROB_W16_SUM_W32_TAG_W6_LOCAL_ROW_IDX_W3_3', port 'sum_done_tag_o[31]' is not connected to any nets. (LINT-28)
Warning: In design 'fsa_stripe_STRIPE_ROWS8_COLS32_HEAD_DIM64_DATA_W8_SCORE_W32_PROB_W16_SUM_W32_TAG_W6_LOCAL_ROW_IDX_W3_3', port 'sum_done_tag_o[30]' is not connected to any nets. (LINT-28)
Warning: In design 'fsa_stripe_STRIPE_ROWS8_COLS32_HEAD_DIM64_DATA_W8_SCORE_W32_PROB_W16_SUM_W32_TAG_W6_LOCAL_ROW_IDX_W3_3', port 'sum_done_tag_o[29]' is not connected to any nets. (LINT-28)
Warning: In design 'fsa_stripe_STRIPE_ROWS8_COLS32_HEAD_DIM64_DATA_W8_SCORE_W32_PROB_W16_SUM_W32_TAG_W6_LOCAL_ROW_IDX_W3_3', port 'sum_done_tag_o[28]' is not connected to any nets. (LINT-28)
Warning: In design 'fsa_stripe_STRIPE_ROWS8_COLS32_HEAD_DIM64_DATA_W8_SCORE_W32_PROB_W16_SUM_W32_TAG_W6_LOCAL_ROW_IDX_W3_3', port 'sum_done_tag_o[27]' is not connected to any nets. (LINT-28)
Warning: In design 'fsa_stripe_STRIPE_ROWS8_COLS32_HEAD_DIM64_DATA_W8_SCORE_W32_PROB_W16_SUM_W32_TAG_W6_LOCAL_ROW_IDX_W3_3', port 'sum_done_tag_o[26]' is not connected to any nets. (LINT-28)
Warning: In design 'fsa_stripe_STRIPE_ROWS8_COLS32_HEAD_DIM64_DATA_W8_SCORE_W32_PROB_W16_SUM_W32_TAG_W6_LOCAL_ROW_IDX_W3_3', port 'sum_done_tag_o[25]' is not connected to any nets. (LINT-28)
Warning: In design 'fsa_stripe_STRIPE_ROWS8_COLS32_HEAD_DIM64_DATA_W8_SCORE_W32_PROB_W16_SUM_W32_TAG_W6_LOCAL_ROW_IDX_W3_3', port 'sum_done_tag_o[24]' is not connected to any nets. (LINT-28)
Warning: In design 'fsa_stripe_STRIPE_ROWS8_COLS32_HEAD_DIM64_DATA_W8_SCORE_W32_PROB_W16_SUM_W32_TAG_W6_LOCAL_ROW_IDX_W3_3', port 'sum_done_tag_o[23]' is not connected to any nets. (LINT-28)
Warning: In design 'fsa_stripe_STRIPE_ROWS8_COLS32_HEAD_DIM64_DATA_W8_SCORE_W32_PROB_W16_SUM_W32_TAG_W6_LOCAL_ROW_IDX_W3_3', port 'sum_done_tag_o[22]' is not connected to any nets. (LINT-28)
Warning: In design 'fsa_stripe_STRIPE_ROWS8_COLS32_HEAD_DIM64_DATA_W8_SCORE_W32_PROB_W16_SUM_W32_TAG_W6_LOCAL_ROW_IDX_W3_3', port 'sum_done_tag_o[21]' is not connected to any nets. (LINT-28)
Warning: In design 'fsa_stripe_STRIPE_ROWS8_COLS32_HEAD_DIM64_DATA_W8_SCORE_W32_PROB_W16_SUM_W32_TAG_W6_LOCAL_ROW_IDX_W3_3', port 'sum_done_tag_o[20]' is not connected to any nets. (LINT-28)
Warning: In design 'fsa_stripe_STRIPE_ROWS8_COLS32_HEAD_DIM64_DATA_W8_SCORE_W32_PROB_W16_SUM_W32_TAG_W6_LOCAL_ROW_IDX_W3_3', port 'sum_done_tag_o[19]' is not connected to any nets. (LINT-28)
Warning: In design 'fsa_stripe_STRIPE_ROWS8_COLS32_HEAD_DIM64_DATA_W8_SCORE_W32_PROB_W16_SUM_W32_TAG_W6_LOCAL_ROW_IDX_W3_3', port 'sum_done_tag_o[18]' is not connected to any nets. (LINT-28)
Warning: In design 'fsa_stripe_STRIPE_ROWS8_COLS32_HEAD_DIM64_DATA_W8_SCORE_W32_PROB_W16_SUM_W32_TAG_W6_LOCAL_ROW_IDX_W3_3', port 'sum_done_tag_o[17]' is not connected to any nets. (LINT-28)
Warning: In design 'fsa_stripe_STRIPE_ROWS8_COLS32_HEAD_DIM64_DATA_W8_SCORE_W32_PROB_W16_SUM_W32_TAG_W6_LOCAL_ROW_IDX_W3_3', port 'sum_done_tag_o[16]' is not connected to any nets. (LINT-28)
Warning: In design 'fsa_stripe_STRIPE_ROWS8_COLS32_HEAD_DIM64_DATA_W8_SCORE_W32_PROB_W16_SUM_W32_TAG_W6_LOCAL_ROW_IDX_W3_3', port 'sum_done_tag_o[15]' is not connected to any nets. (LINT-28)
Warning: In design 'fsa_stripe_STRIPE_ROWS8_COLS32_HEAD_DIM64_DATA_W8_SCORE_W32_PROB_W16_SUM_W32_TAG_W6_LOCAL_ROW_IDX_W3_3', port 'sum_done_tag_o[14]' is not connected to any nets. (LINT-28)
Warning: In design 'fsa_stripe_STRIPE_ROWS8_COLS32_HEAD_DIM64_DATA_W8_SCORE_W32_PROB_W16_SUM_W32_TAG_W6_LOCAL_ROW_IDX_W3_3', port 'sum_done_tag_o[13]' is not connected to any nets. (LINT-28)
Warning: In design 'fsa_stripe_STRIPE_ROWS8_COLS32_HEAD_DIM64_DATA_W8_SCORE_W32_PROB_W16_SUM_W32_TAG_W6_LOCAL_ROW_IDX_W3_3', port 'sum_done_tag_o[12]' is not connected to any nets. (LINT-28)
Warning: In design 'fsa_stripe_STRIPE_ROWS8_COLS32_HEAD_DIM64_DATA_W8_SCORE_W32_PROB_W16_SUM_W32_TAG_W6_LOCAL_ROW_IDX_W3_3', port 'sum_done_tag_o[11]' is not connected to any nets. (LINT-28)
Warning: In design 'fsa_stripe_STRIPE_ROWS8_COLS32_HEAD_DIM64_DATA_W8_SCORE_W32_PROB_W16_SUM_W32_TAG_W6_LOCAL_ROW_IDX_W3_3', port 'sum_done_tag_o[10]' is not connected to any nets. (LINT-28)
Warning: In design 'fsa_stripe_STRIPE_ROWS8_COLS32_HEAD_DIM64_DATA_W8_SCORE_W32_PROB_W16_SUM_W32_TAG_W6_LOCAL_ROW_IDX_W3_3', port 'sum_done_tag_o[9]' is not connected to any nets. (LINT-28)
Warning: In design 'fsa_stripe_STRIPE_ROWS8_COLS32_HEAD_DIM64_DATA_W8_SCORE_W32_PROB_W16_SUM_W32_TAG_W6_LOCAL_ROW_IDX_W3_3', port 'sum_done_tag_o[8]' is not connected to any nets. (LINT-28)
Warning: In design 'fsa_stripe_STRIPE_ROWS8_COLS32_HEAD_DIM64_DATA_W8_SCORE_W32_PROB_W16_SUM_W32_TAG_W6_LOCAL_ROW_IDX_W3_3', port 'sum_done_tag_o[7]' is not connected to any nets. (LINT-28)
Warning: In design 'fsa_stripe_STRIPE_ROWS8_COLS32_HEAD_DIM64_DATA_W8_SCORE_W32_PROB_W16_SUM_W32_TAG_W6_LOCAL_ROW_IDX_W3_3', port 'sum_done_tag_o[6]' is not connected to any nets. (LINT-28)
Warning: In design 'fsa_stripe_STRIPE_ROWS8_COLS32_HEAD_DIM64_DATA_W8_SCORE_W32_PROB_W16_SUM_W32_TAG_W6_LOCAL_ROW_IDX_W3_3', port 'sum_done_tag_o[5]' is not connected to any nets. (LINT-28)
Warning: In design 'fsa_stripe_STRIPE_ROWS8_COLS32_HEAD_DIM64_DATA_W8_SCORE_W32_PROB_W16_SUM_W32_TAG_W6_LOCAL_ROW_IDX_W3_3', port 'sum_done_tag_o[4]' is not connected to any nets. (LINT-28)
Warning: In design 'fsa_stripe_STRIPE_ROWS8_COLS32_HEAD_DIM64_DATA_W8_SCORE_W32_PROB_W16_SUM_W32_TAG_W6_LOCAL_ROW_IDX_W3_3', port 'sum_done_tag_o[3]' is not connected to any nets. (LINT-28)
Warning: In design 'fsa_stripe_STRIPE_ROWS8_COLS32_HEAD_DIM64_DATA_W8_SCORE_W32_PROB_W16_SUM_W32_TAG_W6_LOCAL_ROW_IDX_W3_3', port 'sum_done_tag_o[2]' is not connected to any nets. (LINT-28)
Warning: In design 'fsa_stripe_STRIPE_ROWS8_COLS32_HEAD_DIM64_DATA_W8_SCORE_W32_PROB_W16_SUM_W32_TAG_W6_LOCAL_ROW_IDX_W3_3', port 'sum_done_tag_o[1]' is not connected to any nets. (LINT-28)
Warning: In design 'fsa_stripe_STRIPE_ROWS8_COLS32_HEAD_DIM64_DATA_W8_SCORE_W32_PROB_W16_SUM_W32_TAG_W6_LOCAL_ROW_IDX_W3_3', port 'sum_done_tag_o[0]' is not connected to any nets. (LINT-28)
Warning: In design 'fsa_stripe_STRIPE_ROWS8_COLS32_HEAD_DIM64_DATA_W8_SCORE_W32_PROB_W16_SUM_W32_TAG_W6_LOCAL_ROW_IDX_W3_3', port 'prob_col_load_data_i[127]' is not connected to any nets. (LINT-28)
Warning: In design 'fsa_stripe_STRIPE_ROWS8_COLS32_HEAD_DIM64_DATA_W8_SCORE_W32_PROB_W16_SUM_W32_TAG_W6_LOCAL_ROW_IDX_W3_3', port 'prob_col_load_data_i[111]' is not connected to any nets. (LINT-28)
Warning: In design 'fsa_stripe_STRIPE_ROWS8_COLS32_HEAD_DIM64_DATA_W8_SCORE_W32_PROB_W16_SUM_W32_TAG_W6_LOCAL_ROW_IDX_W3_3', port 'prob_col_load_data_i[95]' is not connected to any nets. (LINT-28)
Warning: In design 'fsa_stripe_STRIPE_ROWS8_COLS32_HEAD_DIM64_DATA_W8_SCORE_W32_PROB_W16_SUM_W32_TAG_W6_LOCAL_ROW_IDX_W3_3', port 'prob_col_load_data_i[79]' is not connected to any nets. (LINT-28)
Warning: In design 'fsa_stripe_STRIPE_ROWS8_COLS32_HEAD_DIM64_DATA_W8_SCORE_W32_PROB_W16_SUM_W32_TAG_W6_LOCAL_ROW_IDX_W3_3', port 'prob_col_load_data_i[63]' is not connected to any nets. (LINT-28)
Warning: In design 'fsa_stripe_STRIPE_ROWS8_COLS32_HEAD_DIM64_DATA_W8_SCORE_W32_PROB_W16_SUM_W32_TAG_W6_LOCAL_ROW_IDX_W3_3', port 'prob_col_load_data_i[47]' is not connected to any nets. (LINT-28)
Warning: In design 'fsa_stripe_STRIPE_ROWS8_COLS32_HEAD_DIM64_DATA_W8_SCORE_W32_PROB_W16_SUM_W32_TAG_W6_LOCAL_ROW_IDX_W3_3', port 'prob_col_load_data_i[31]' is not connected to any nets. (LINT-28)
Warning: In design 'fsa_stripe_STRIPE_ROWS8_COLS32_HEAD_DIM64_DATA_W8_SCORE_W32_PROB_W16_SUM_W32_TAG_W6_LOCAL_ROW_IDX_W3_3', port 'prob_col_load_data_i[15]' is not connected to any nets. (LINT-28)
Warning: In design 'fsa_stripe_STRIPE_ROWS8_COLS32_HEAD_DIM64_DATA_W8_SCORE_W32_PROB_W16_SUM_W32_TAG_W6_LOCAL_ROW_IDX_W3_3', port 'pv_seed_alpha_i[127]' is not connected to any nets. (LINT-28)
Warning: In design 'fsa_stripe_STRIPE_ROWS8_COLS32_HEAD_DIM64_DATA_W8_SCORE_W32_PROB_W16_SUM_W32_TAG_W6_LOCAL_ROW_IDX_W3_3', port 'pv_seed_alpha_i[111]' is not connected to any nets. (LINT-28)
Warning: In design 'fsa_stripe_STRIPE_ROWS8_COLS32_HEAD_DIM64_DATA_W8_SCORE_W32_PROB_W16_SUM_W32_TAG_W6_LOCAL_ROW_IDX_W3_3', port 'pv_seed_alpha_i[95]' is not connected to any nets. (LINT-28)
Warning: In design 'fsa_stripe_STRIPE_ROWS8_COLS32_HEAD_DIM64_DATA_W8_SCORE_W32_PROB_W16_SUM_W32_TAG_W6_LOCAL_ROW_IDX_W3_3', port 'pv_seed_alpha_i[79]' is not connected to any nets. (LINT-28)
Warning: In design 'fsa_stripe_STRIPE_ROWS8_COLS32_HEAD_DIM64_DATA_W8_SCORE_W32_PROB_W16_SUM_W32_TAG_W6_LOCAL_ROW_IDX_W3_3', port 'pv_seed_alpha_i[63]' is not connected to any nets. (LINT-28)
Warning: In design 'fsa_stripe_STRIPE_ROWS8_COLS32_HEAD_DIM64_DATA_W8_SCORE_W32_PROB_W16_SUM_W32_TAG_W6_LOCAL_ROW_IDX_W3_3', port 'pv_seed_alpha_i[47]' is not connected to any nets. (LINT-28)
Warning: In design 'fsa_stripe_STRIPE_ROWS8_COLS32_HEAD_DIM64_DATA_W8_SCORE_W32_PROB_W16_SUM_W32_TAG_W6_LOCAL_ROW_IDX_W3_3', port 'pv_seed_alpha_i[31]' is not connected to any nets. (LINT-28)
Warning: In design 'fsa_stripe_STRIPE_ROWS8_COLS32_HEAD_DIM64_DATA_W8_SCORE_W32_PROB_W16_SUM_W32_TAG_W6_LOCAL_ROW_IDX_W3_3', port 'pv_seed_alpha_i[15]' is not connected to any nets. (LINT-28)
Warning: In design 'fsa_stripe_STRIPE_ROWS8_COLS32_HEAD_DIM64_DATA_W8_SCORE_W32_PROB_W16_SUM_W32_TAG_W6_LOCAL_ROW_IDX_W3_2', port 'clock_en_i' is not connected to any nets. (LINT-28)
Warning: In design 'fsa_stripe_STRIPE_ROWS8_COLS32_HEAD_DIM64_DATA_W8_SCORE_W32_PROB_W16_SUM_W32_TAG_W6_LOCAL_ROW_IDX_W3_2', port 'm_start_valid_i[6]' is not connected to any nets. (LINT-28)
Warning: In design 'fsa_stripe_STRIPE_ROWS8_COLS32_HEAD_DIM64_DATA_W8_SCORE_W32_PROB_W16_SUM_W32_TAG_W6_LOCAL_ROW_IDX_W3_2', port 'm_start_valid_i[5]' is not connected to any nets. (LINT-28)
Warning: In design 'fsa_stripe_STRIPE_ROWS8_COLS32_HEAD_DIM64_DATA_W8_SCORE_W32_PROB_W16_SUM_W32_TAG_W6_LOCAL_ROW_IDX_W3_2', port 'm_start_valid_i[4]' is not connected to any nets. (LINT-28)
Warning: In design 'fsa_stripe_STRIPE_ROWS8_COLS32_HEAD_DIM64_DATA_W8_SCORE_W32_PROB_W16_SUM_W32_TAG_W6_LOCAL_ROW_IDX_W3_2', port 'm_start_valid_i[3]' is not connected to any nets. (LINT-28)
Warning: In design 'fsa_stripe_STRIPE_ROWS8_COLS32_HEAD_DIM64_DATA_W8_SCORE_W32_PROB_W16_SUM_W32_TAG_W6_LOCAL_ROW_IDX_W3_2', port 'm_start_valid_i[2]' is not connected to any nets. (LINT-28)
Warning: In design 'fsa_stripe_STRIPE_ROWS8_COLS32_HEAD_DIM64_DATA_W8_SCORE_W32_PROB_W16_SUM_W32_TAG_W6_LOCAL_ROW_IDX_W3_2', port 'm_start_valid_i[1]' is not connected to any nets. (LINT-28)
Warning: In design 'fsa_stripe_STRIPE_ROWS8_COLS32_HEAD_DIM64_DATA_W8_SCORE_W32_PROB_W16_SUM_W32_TAG_W6_LOCAL_ROW_IDX_W3_2', port 'm_start_valid_i[0]' is not connected to any nets. (LINT-28)
Warning: In design 'fsa_stripe_STRIPE_ROWS8_COLS32_HEAD_DIM64_DATA_W8_SCORE_W32_PROB_W16_SUM_W32_TAG_W6_LOCAL_ROW_IDX_W3_2', port 'sum_start_valid_i[6]' is not connected to any nets. (LINT-28)
Warning: In design 'fsa_stripe_STRIPE_ROWS8_COLS32_HEAD_DIM64_DATA_W8_SCORE_W32_PROB_W16_SUM_W32_TAG_W6_LOCAL_ROW_IDX_W3_2', port 'sum_start_valid_i[5]' is not connected to any nets. (LINT-28)
Warning: In design 'fsa_stripe_STRIPE_ROWS8_COLS32_HEAD_DIM64_DATA_W8_SCORE_W32_PROB_W16_SUM_W32_TAG_W6_LOCAL_ROW_IDX_W3_2', port 'sum_start_valid_i[4]' is not connected to any nets. (LINT-28)
Warning: In design 'fsa_stripe_STRIPE_ROWS8_COLS32_HEAD_DIM64_DATA_W8_SCORE_W32_PROB_W16_SUM_W32_TAG_W6_LOCAL_ROW_IDX_W3_2', port 'sum_start_valid_i[3]' is not connected to any nets. (LINT-28)
Warning: In design 'fsa_stripe_STRIPE_ROWS8_COLS32_HEAD_DIM64_DATA_W8_SCORE_W32_PROB_W16_SUM_W32_TAG_W6_LOCAL_ROW_IDX_W3_2', port 'sum_start_valid_i[2]' is not connected to any nets. (LINT-28)
Warning: In design 'fsa_stripe_STRIPE_ROWS8_COLS32_HEAD_DIM64_DATA_W8_SCORE_W32_PROB_W16_SUM_W32_TAG_W6_LOCAL_ROW_IDX_W3_2', port 'sum_start_valid_i[1]' is not connected to any nets. (LINT-28)
Warning: In design 'fsa_stripe_STRIPE_ROWS8_COLS32_HEAD_DIM64_DATA_W8_SCORE_W32_PROB_W16_SUM_W32_TAG_W6_LOCAL_ROW_IDX_W3_2', port 'sum_start_valid_i[0]' is not connected to any nets. (LINT-28)
Warning: In design 'fsa_stripe_STRIPE_ROWS8_COLS32_HEAD_DIM64_DATA_W8_SCORE_W32_PROB_W16_SUM_W32_TAG_W6_LOCAL_ROW_IDX_W3_2', port 'sum_done_tag_o[47]' is not connected to any nets. (LINT-28)
Warning: In design 'fsa_stripe_STRIPE_ROWS8_COLS32_HEAD_DIM64_DATA_W8_SCORE_W32_PROB_W16_SUM_W32_TAG_W6_LOCAL_ROW_IDX_W3_2', port 'sum_done_tag_o[46]' is not connected to any nets. (LINT-28)
Warning: In design 'fsa_stripe_STRIPE_ROWS8_COLS32_HEAD_DIM64_DATA_W8_SCORE_W32_PROB_W16_SUM_W32_TAG_W6_LOCAL_ROW_IDX_W3_2', port 'sum_done_tag_o[45]' is not connected to any nets. (LINT-28)
Warning: In design 'fsa_stripe_STRIPE_ROWS8_COLS32_HEAD_DIM64_DATA_W8_SCORE_W32_PROB_W16_SUM_W32_TAG_W6_LOCAL_ROW_IDX_W3_2', port 'sum_done_tag_o[44]' is not connected to any nets. (LINT-28)
Warning: In design 'fsa_stripe_STRIPE_ROWS8_COLS32_HEAD_DIM64_DATA_W8_SCORE_W32_PROB_W16_SUM_W32_TAG_W6_LOCAL_ROW_IDX_W3_2', port 'sum_done_tag_o[43]' is not connected to any nets. (LINT-28)
Warning: In design 'fsa_stripe_STRIPE_ROWS8_COLS32_HEAD_DIM64_DATA_W8_SCORE_W32_PROB_W16_SUM_W32_TAG_W6_LOCAL_ROW_IDX_W3_2', port 'sum_done_tag_o[42]' is not connected to any nets. (LINT-28)
Warning: In design 'fsa_stripe_STRIPE_ROWS8_COLS32_HEAD_DIM64_DATA_W8_SCORE_W32_PROB_W16_SUM_W32_TAG_W6_LOCAL_ROW_IDX_W3_2', port 'sum_done_tag_o[41]' is not connected to any nets. (LINT-28)
Warning: In design 'fsa_stripe_STRIPE_ROWS8_COLS32_HEAD_DIM64_DATA_W8_SCORE_W32_PROB_W16_SUM_W32_TAG_W6_LOCAL_ROW_IDX_W3_2', port 'sum_done_tag_o[40]' is not connected to any nets. (LINT-28)
Warning: In design 'fsa_stripe_STRIPE_ROWS8_COLS32_HEAD_DIM64_DATA_W8_SCORE_W32_PROB_W16_SUM_W32_TAG_W6_LOCAL_ROW_IDX_W3_2', port 'sum_done_tag_o[39]' is not connected to any nets. (LINT-28)
Warning: In design 'fsa_stripe_STRIPE_ROWS8_COLS32_HEAD_DIM64_DATA_W8_SCORE_W32_PROB_W16_SUM_W32_TAG_W6_LOCAL_ROW_IDX_W3_2', port 'sum_done_tag_o[38]' is not connected to any nets. (LINT-28)
Warning: In design 'fsa_stripe_STRIPE_ROWS8_COLS32_HEAD_DIM64_DATA_W8_SCORE_W32_PROB_W16_SUM_W32_TAG_W6_LOCAL_ROW_IDX_W3_2', port 'sum_done_tag_o[37]' is not connected to any nets. (LINT-28)
Warning: In design 'fsa_stripe_STRIPE_ROWS8_COLS32_HEAD_DIM64_DATA_W8_SCORE_W32_PROB_W16_SUM_W32_TAG_W6_LOCAL_ROW_IDX_W3_2', port 'sum_done_tag_o[36]' is not connected to any nets. (LINT-28)
Warning: In design 'fsa_stripe_STRIPE_ROWS8_COLS32_HEAD_DIM64_DATA_W8_SCORE_W32_PROB_W16_SUM_W32_TAG_W6_LOCAL_ROW_IDX_W3_2', port 'sum_done_tag_o[35]' is not connected to any nets. (LINT-28)
Warning: In design 'fsa_stripe_STRIPE_ROWS8_COLS32_HEAD_DIM64_DATA_W8_SCORE_W32_PROB_W16_SUM_W32_TAG_W6_LOCAL_ROW_IDX_W3_2', port 'sum_done_tag_o[34]' is not connected to any nets. (LINT-28)
Warning: In design 'fsa_stripe_STRIPE_ROWS8_COLS32_HEAD_DIM64_DATA_W8_SCORE_W32_PROB_W16_SUM_W32_TAG_W6_LOCAL_ROW_IDX_W3_2', port 'sum_done_tag_o[33]' is not connected to any nets. (LINT-28)
Warning: In design 'fsa_stripe_STRIPE_ROWS8_COLS32_HEAD_DIM64_DATA_W8_SCORE_W32_PROB_W16_SUM_W32_TAG_W6_LOCAL_ROW_IDX_W3_2', port 'sum_done_tag_o[32]' is not connected to any nets. (LINT-28)
Warning: In design 'fsa_stripe_STRIPE_ROWS8_COLS32_HEAD_DIM64_DATA_W8_SCORE_W32_PROB_W16_SUM_W32_TAG_W6_LOCAL_ROW_IDX_W3_2', port 'sum_done_tag_o[31]' is not connected to any nets. (LINT-28)
Warning: In design 'fsa_stripe_STRIPE_ROWS8_COLS32_HEAD_DIM64_DATA_W8_SCORE_W32_PROB_W16_SUM_W32_TAG_W6_LOCAL_ROW_IDX_W3_2', port 'sum_done_tag_o[30]' is not connected to any nets. (LINT-28)
Warning: In design 'fsa_stripe_STRIPE_ROWS8_COLS32_HEAD_DIM64_DATA_W8_SCORE_W32_PROB_W16_SUM_W32_TAG_W6_LOCAL_ROW_IDX_W3_2', port 'sum_done_tag_o[29]' is not connected to any nets. (LINT-28)
Warning: In design 'fsa_stripe_STRIPE_ROWS8_COLS32_HEAD_DIM64_DATA_W8_SCORE_W32_PROB_W16_SUM_W32_TAG_W6_LOCAL_ROW_IDX_W3_2', port 'sum_done_tag_o[28]' is not connected to any nets. (LINT-28)
Warning: In design 'fsa_stripe_STRIPE_ROWS8_COLS32_HEAD_DIM64_DATA_W8_SCORE_W32_PROB_W16_SUM_W32_TAG_W6_LOCAL_ROW_IDX_W3_2', port 'sum_done_tag_o[27]' is not connected to any nets. (LINT-28)
Warning: In design 'fsa_stripe_STRIPE_ROWS8_COLS32_HEAD_DIM64_DATA_W8_SCORE_W32_PROB_W16_SUM_W32_TAG_W6_LOCAL_ROW_IDX_W3_2', port 'sum_done_tag_o[26]' is not connected to any nets. (LINT-28)
Warning: In design 'fsa_stripe_STRIPE_ROWS8_COLS32_HEAD_DIM64_DATA_W8_SCORE_W32_PROB_W16_SUM_W32_TAG_W6_LOCAL_ROW_IDX_W3_2', port 'sum_done_tag_o[25]' is not connected to any nets. (LINT-28)
Warning: In design 'fsa_stripe_STRIPE_ROWS8_COLS32_HEAD_DIM64_DATA_W8_SCORE_W32_PROB_W16_SUM_W32_TAG_W6_LOCAL_ROW_IDX_W3_2', port 'sum_done_tag_o[24]' is not connected to any nets. (LINT-28)
Warning: In design 'fsa_stripe_STRIPE_ROWS8_COLS32_HEAD_DIM64_DATA_W8_SCORE_W32_PROB_W16_SUM_W32_TAG_W6_LOCAL_ROW_IDX_W3_2', port 'sum_done_tag_o[23]' is not connected to any nets. (LINT-28)
Warning: In design 'fsa_stripe_STRIPE_ROWS8_COLS32_HEAD_DIM64_DATA_W8_SCORE_W32_PROB_W16_SUM_W32_TAG_W6_LOCAL_ROW_IDX_W3_2', port 'sum_done_tag_o[22]' is not connected to any nets. (LINT-28)
Warning: In design 'fsa_stripe_STRIPE_ROWS8_COLS32_HEAD_DIM64_DATA_W8_SCORE_W32_PROB_W16_SUM_W32_TAG_W6_LOCAL_ROW_IDX_W3_2', port 'sum_done_tag_o[21]' is not connected to any nets. (LINT-28)
Warning: In design 'fsa_stripe_STRIPE_ROWS8_COLS32_HEAD_DIM64_DATA_W8_SCORE_W32_PROB_W16_SUM_W32_TAG_W6_LOCAL_ROW_IDX_W3_2', port 'sum_done_tag_o[20]' is not connected to any nets. (LINT-28)
Warning: In design 'fsa_stripe_STRIPE_ROWS8_COLS32_HEAD_DIM64_DATA_W8_SCORE_W32_PROB_W16_SUM_W32_TAG_W6_LOCAL_ROW_IDX_W3_2', port 'sum_done_tag_o[19]' is not connected to any nets. (LINT-28)
Warning: In design 'fsa_stripe_STRIPE_ROWS8_COLS32_HEAD_DIM64_DATA_W8_SCORE_W32_PROB_W16_SUM_W32_TAG_W6_LOCAL_ROW_IDX_W3_2', port 'sum_done_tag_o[18]' is not connected to any nets. (LINT-28)
Warning: In design 'fsa_stripe_STRIPE_ROWS8_COLS32_HEAD_DIM64_DATA_W8_SCORE_W32_PROB_W16_SUM_W32_TAG_W6_LOCAL_ROW_IDX_W3_2', port 'sum_done_tag_o[17]' is not connected to any nets. (LINT-28)
Warning: In design 'fsa_stripe_STRIPE_ROWS8_COLS32_HEAD_DIM64_DATA_W8_SCORE_W32_PROB_W16_SUM_W32_TAG_W6_LOCAL_ROW_IDX_W3_2', port 'sum_done_tag_o[16]' is not connected to any nets. (LINT-28)
Warning: In design 'fsa_stripe_STRIPE_ROWS8_COLS32_HEAD_DIM64_DATA_W8_SCORE_W32_PROB_W16_SUM_W32_TAG_W6_LOCAL_ROW_IDX_W3_2', port 'sum_done_tag_o[15]' is not connected to any nets. (LINT-28)
Warning: In design 'fsa_stripe_STRIPE_ROWS8_COLS32_HEAD_DIM64_DATA_W8_SCORE_W32_PROB_W16_SUM_W32_TAG_W6_LOCAL_ROW_IDX_W3_2', port 'sum_done_tag_o[14]' is not connected to any nets. (LINT-28)
Warning: In design 'fsa_stripe_STRIPE_ROWS8_COLS32_HEAD_DIM64_DATA_W8_SCORE_W32_PROB_W16_SUM_W32_TAG_W6_LOCAL_ROW_IDX_W3_2', port 'sum_done_tag_o[13]' is not connected to any nets. (LINT-28)
Warning: In design 'fsa_stripe_STRIPE_ROWS8_COLS32_HEAD_DIM64_DATA_W8_SCORE_W32_PROB_W16_SUM_W32_TAG_W6_LOCAL_ROW_IDX_W3_2', port 'sum_done_tag_o[12]' is not connected to any nets. (LINT-28)
Warning: In design 'fsa_stripe_STRIPE_ROWS8_COLS32_HEAD_DIM64_DATA_W8_SCORE_W32_PROB_W16_SUM_W32_TAG_W6_LOCAL_ROW_IDX_W3_2', port 'sum_done_tag_o[11]' is not connected to any nets. (LINT-28)
Warning: In design 'fsa_stripe_STRIPE_ROWS8_COLS32_HEAD_DIM64_DATA_W8_SCORE_W32_PROB_W16_SUM_W32_TAG_W6_LOCAL_ROW_IDX_W3_2', port 'sum_done_tag_o[10]' is not connected to any nets. (LINT-28)
Warning: In design 'fsa_stripe_STRIPE_ROWS8_COLS32_HEAD_DIM64_DATA_W8_SCORE_W32_PROB_W16_SUM_W32_TAG_W6_LOCAL_ROW_IDX_W3_2', port 'sum_done_tag_o[9]' is not connected to any nets. (LINT-28)
Warning: In design 'fsa_stripe_STRIPE_ROWS8_COLS32_HEAD_DIM64_DATA_W8_SCORE_W32_PROB_W16_SUM_W32_TAG_W6_LOCAL_ROW_IDX_W3_2', port 'sum_done_tag_o[8]' is not connected to any nets. (LINT-28)
Warning: In design 'fsa_stripe_STRIPE_ROWS8_COLS32_HEAD_DIM64_DATA_W8_SCORE_W32_PROB_W16_SUM_W32_TAG_W6_LOCAL_ROW_IDX_W3_2', port 'sum_done_tag_o[7]' is not connected to any nets. (LINT-28)
Warning: In design 'fsa_stripe_STRIPE_ROWS8_COLS32_HEAD_DIM64_DATA_W8_SCORE_W32_PROB_W16_SUM_W32_TAG_W6_LOCAL_ROW_IDX_W3_2', port 'sum_done_tag_o[6]' is not connected to any nets. (LINT-28)
Warning: In design 'fsa_stripe_STRIPE_ROWS8_COLS32_HEAD_DIM64_DATA_W8_SCORE_W32_PROB_W16_SUM_W32_TAG_W6_LOCAL_ROW_IDX_W3_2', port 'sum_done_tag_o[5]' is not connected to any nets. (LINT-28)
Warning: In design 'fsa_stripe_STRIPE_ROWS8_COLS32_HEAD_DIM64_DATA_W8_SCORE_W32_PROB_W16_SUM_W32_TAG_W6_LOCAL_ROW_IDX_W3_2', port 'sum_done_tag_o[4]' is not connected to any nets. (LINT-28)
Warning: In design 'fsa_stripe_STRIPE_ROWS8_COLS32_HEAD_DIM64_DATA_W8_SCORE_W32_PROB_W16_SUM_W32_TAG_W6_LOCAL_ROW_IDX_W3_2', port 'sum_done_tag_o[3]' is not connected to any nets. (LINT-28)
Warning: In design 'fsa_stripe_STRIPE_ROWS8_COLS32_HEAD_DIM64_DATA_W8_SCORE_W32_PROB_W16_SUM_W32_TAG_W6_LOCAL_ROW_IDX_W3_2', port 'sum_done_tag_o[2]' is not connected to any nets. (LINT-28)
Warning: In design 'fsa_stripe_STRIPE_ROWS8_COLS32_HEAD_DIM64_DATA_W8_SCORE_W32_PROB_W16_SUM_W32_TAG_W6_LOCAL_ROW_IDX_W3_2', port 'sum_done_tag_o[1]' is not connected to any nets. (LINT-28)
Warning: In design 'fsa_stripe_STRIPE_ROWS8_COLS32_HEAD_DIM64_DATA_W8_SCORE_W32_PROB_W16_SUM_W32_TAG_W6_LOCAL_ROW_IDX_W3_2', port 'sum_done_tag_o[0]' is not connected to any nets. (LINT-28)
Warning: In design 'fsa_stripe_STRIPE_ROWS8_COLS32_HEAD_DIM64_DATA_W8_SCORE_W32_PROB_W16_SUM_W32_TAG_W6_LOCAL_ROW_IDX_W3_2', port 'prob_col_load_data_i[127]' is not connected to any nets. (LINT-28)
Warning: In design 'fsa_stripe_STRIPE_ROWS8_COLS32_HEAD_DIM64_DATA_W8_SCORE_W32_PROB_W16_SUM_W32_TAG_W6_LOCAL_ROW_IDX_W3_2', port 'prob_col_load_data_i[111]' is not connected to any nets. (LINT-28)
Warning: In design 'fsa_stripe_STRIPE_ROWS8_COLS32_HEAD_DIM64_DATA_W8_SCORE_W32_PROB_W16_SUM_W32_TAG_W6_LOCAL_ROW_IDX_W3_2', port 'prob_col_load_data_i[95]' is not connected to any nets. (LINT-28)
Warning: In design 'fsa_stripe_STRIPE_ROWS8_COLS32_HEAD_DIM64_DATA_W8_SCORE_W32_PROB_W16_SUM_W32_TAG_W6_LOCAL_ROW_IDX_W3_2', port 'prob_col_load_data_i[79]' is not connected to any nets. (LINT-28)
Warning: In design 'fsa_stripe_STRIPE_ROWS8_COLS32_HEAD_DIM64_DATA_W8_SCORE_W32_PROB_W16_SUM_W32_TAG_W6_LOCAL_ROW_IDX_W3_2', port 'prob_col_load_data_i[63]' is not connected to any nets. (LINT-28)
Warning: In design 'fsa_stripe_STRIPE_ROWS8_COLS32_HEAD_DIM64_DATA_W8_SCORE_W32_PROB_W16_SUM_W32_TAG_W6_LOCAL_ROW_IDX_W3_2', port 'prob_col_load_data_i[47]' is not connected to any nets. (LINT-28)
Warning: In design 'fsa_stripe_STRIPE_ROWS8_COLS32_HEAD_DIM64_DATA_W8_SCORE_W32_PROB_W16_SUM_W32_TAG_W6_LOCAL_ROW_IDX_W3_2', port 'prob_col_load_data_i[31]' is not connected to any nets. (LINT-28)
Warning: In design 'fsa_stripe_STRIPE_ROWS8_COLS32_HEAD_DIM64_DATA_W8_SCORE_W32_PROB_W16_SUM_W32_TAG_W6_LOCAL_ROW_IDX_W3_2', port 'prob_col_load_data_i[15]' is not connected to any nets. (LINT-28)
Warning: In design 'fsa_stripe_STRIPE_ROWS8_COLS32_HEAD_DIM64_DATA_W8_SCORE_W32_PROB_W16_SUM_W32_TAG_W6_LOCAL_ROW_IDX_W3_2', port 'pv_seed_alpha_i[127]' is not connected to any nets. (LINT-28)
Warning: In design 'fsa_stripe_STRIPE_ROWS8_COLS32_HEAD_DIM64_DATA_W8_SCORE_W32_PROB_W16_SUM_W32_TAG_W6_LOCAL_ROW_IDX_W3_2', port 'pv_seed_alpha_i[111]' is not connected to any nets. (LINT-28)
Warning: In design 'fsa_stripe_STRIPE_ROWS8_COLS32_HEAD_DIM64_DATA_W8_SCORE_W32_PROB_W16_SUM_W32_TAG_W6_LOCAL_ROW_IDX_W3_2', port 'pv_seed_alpha_i[95]' is not connected to any nets. (LINT-28)
Warning: In design 'fsa_stripe_STRIPE_ROWS8_COLS32_HEAD_DIM64_DATA_W8_SCORE_W32_PROB_W16_SUM_W32_TAG_W6_LOCAL_ROW_IDX_W3_2', port 'pv_seed_alpha_i[79]' is not connected to any nets. (LINT-28)
Warning: In design 'fsa_stripe_STRIPE_ROWS8_COLS32_HEAD_DIM64_DATA_W8_SCORE_W32_PROB_W16_SUM_W32_TAG_W6_LOCAL_ROW_IDX_W3_2', port 'pv_seed_alpha_i[63]' is not connected to any nets. (LINT-28)
Warning: In design 'fsa_stripe_STRIPE_ROWS8_COLS32_HEAD_DIM64_DATA_W8_SCORE_W32_PROB_W16_SUM_W32_TAG_W6_LOCAL_ROW_IDX_W3_2', port 'pv_seed_alpha_i[47]' is not connected to any nets. (LINT-28)
Warning: In design 'fsa_stripe_STRIPE_ROWS8_COLS32_HEAD_DIM64_DATA_W8_SCORE_W32_PROB_W16_SUM_W32_TAG_W6_LOCAL_ROW_IDX_W3_2', port 'pv_seed_alpha_i[31]' is not connected to any nets. (LINT-28)
Warning: In design 'fsa_stripe_STRIPE_ROWS8_COLS32_HEAD_DIM64_DATA_W8_SCORE_W32_PROB_W16_SUM_W32_TAG_W6_LOCAL_ROW_IDX_W3_2', port 'pv_seed_alpha_i[15]' is not connected to any nets. (LINT-28)
Warning: In design 'fsa_stripe_STRIPE_ROWS8_COLS32_HEAD_DIM64_DATA_W8_SCORE_W32_PROB_W16_SUM_W32_TAG_W6_LOCAL_ROW_IDX_W3_2', port 'delta_col_valid_o' is not connected to any nets. (LINT-28)
Warning: In design 'fsa_stripe_STRIPE_ROWS8_COLS32_HEAD_DIM64_DATA_W8_SCORE_W32_PROB_W16_SUM_W32_TAG_W6_LOCAL_ROW_IDX_W3_2', port 'delta_col_index_o[4]' is not connected to any nets. (LINT-28)
Warning: In design 'fsa_stripe_STRIPE_ROWS8_COLS32_HEAD_DIM64_DATA_W8_SCORE_W32_PROB_W16_SUM_W32_TAG_W6_LOCAL_ROW_IDX_W3_2', port 'delta_col_index_o[3]' is not connected to any nets. (LINT-28)
Warning: In design 'fsa_stripe_STRIPE_ROWS8_COLS32_HEAD_DIM64_DATA_W8_SCORE_W32_PROB_W16_SUM_W32_TAG_W6_LOCAL_ROW_IDX_W3_2', port 'delta_col_index_o[2]' is not connected to any nets. (LINT-28)
Warning: In design 'fsa_stripe_STRIPE_ROWS8_COLS32_HEAD_DIM64_DATA_W8_SCORE_W32_PROB_W16_SUM_W32_TAG_W6_LOCAL_ROW_IDX_W3_2', port 'delta_col_index_o[1]' is not connected to any nets. (LINT-28)
Warning: In design 'fsa_stripe_STRIPE_ROWS8_COLS32_HEAD_DIM64_DATA_W8_SCORE_W32_PROB_W16_SUM_W32_TAG_W6_LOCAL_ROW_IDX_W3_2', port 'delta_col_index_o[0]' is not connected to any nets. (LINT-28)
Warning: In design 'fsa_stripe_STRIPE_ROWS8_COLS32_HEAD_DIM64_DATA_W8_SCORE_W32_PROB_W16_SUM_W32_TAG_W6_LOCAL_ROW_IDX_W3_1', port 'clock_en_i' is not connected to any nets. (LINT-28)
Warning: In design 'fsa_stripe_STRIPE_ROWS8_COLS32_HEAD_DIM64_DATA_W8_SCORE_W32_PROB_W16_SUM_W32_TAG_W6_LOCAL_ROW_IDX_W3_1', port 'm_start_valid_i[6]' is not connected to any nets. (LINT-28)
Warning: In design 'fsa_stripe_STRIPE_ROWS8_COLS32_HEAD_DIM64_DATA_W8_SCORE_W32_PROB_W16_SUM_W32_TAG_W6_LOCAL_ROW_IDX_W3_1', port 'm_start_valid_i[5]' is not connected to any nets. (LINT-28)
Warning: In design 'fsa_stripe_STRIPE_ROWS8_COLS32_HEAD_DIM64_DATA_W8_SCORE_W32_PROB_W16_SUM_W32_TAG_W6_LOCAL_ROW_IDX_W3_1', port 'm_start_valid_i[4]' is not connected to any nets. (LINT-28)
Warning: In design 'fsa_stripe_STRIPE_ROWS8_COLS32_HEAD_DIM64_DATA_W8_SCORE_W32_PROB_W16_SUM_W32_TAG_W6_LOCAL_ROW_IDX_W3_1', port 'm_start_valid_i[3]' is not connected to any nets. (LINT-28)
Warning: In design 'fsa_stripe_STRIPE_ROWS8_COLS32_HEAD_DIM64_DATA_W8_SCORE_W32_PROB_W16_SUM_W32_TAG_W6_LOCAL_ROW_IDX_W3_1', port 'm_start_valid_i[2]' is not connected to any nets. (LINT-28)
Warning: In design 'fsa_stripe_STRIPE_ROWS8_COLS32_HEAD_DIM64_DATA_W8_SCORE_W32_PROB_W16_SUM_W32_TAG_W6_LOCAL_ROW_IDX_W3_1', port 'm_start_valid_i[1]' is not connected to any nets. (LINT-28)
Warning: In design 'fsa_stripe_STRIPE_ROWS8_COLS32_HEAD_DIM64_DATA_W8_SCORE_W32_PROB_W16_SUM_W32_TAG_W6_LOCAL_ROW_IDX_W3_1', port 'm_start_valid_i[0]' is not connected to any nets. (LINT-28)
Warning: In design 'fsa_stripe_STRIPE_ROWS8_COLS32_HEAD_DIM64_DATA_W8_SCORE_W32_PROB_W16_SUM_W32_TAG_W6_LOCAL_ROW_IDX_W3_1', port 'sum_start_valid_i[6]' is not connected to any nets. (LINT-28)
Warning: In design 'fsa_stripe_STRIPE_ROWS8_COLS32_HEAD_DIM64_DATA_W8_SCORE_W32_PROB_W16_SUM_W32_TAG_W6_LOCAL_ROW_IDX_W3_1', port 'sum_start_valid_i[5]' is not connected to any nets. (LINT-28)
Warning: In design 'fsa_stripe_STRIPE_ROWS8_COLS32_HEAD_DIM64_DATA_W8_SCORE_W32_PROB_W16_SUM_W32_TAG_W6_LOCAL_ROW_IDX_W3_1', port 'sum_start_valid_i[4]' is not connected to any nets. (LINT-28)
Warning: In design 'fsa_stripe_STRIPE_ROWS8_COLS32_HEAD_DIM64_DATA_W8_SCORE_W32_PROB_W16_SUM_W32_TAG_W6_LOCAL_ROW_IDX_W3_1', port 'sum_start_valid_i[3]' is not connected to any nets. (LINT-28)
Warning: In design 'fsa_stripe_STRIPE_ROWS8_COLS32_HEAD_DIM64_DATA_W8_SCORE_W32_PROB_W16_SUM_W32_TAG_W6_LOCAL_ROW_IDX_W3_1', port 'sum_start_valid_i[2]' is not connected to any nets. (LINT-28)
Warning: In design 'fsa_stripe_STRIPE_ROWS8_COLS32_HEAD_DIM64_DATA_W8_SCORE_W32_PROB_W16_SUM_W32_TAG_W6_LOCAL_ROW_IDX_W3_1', port 'sum_start_valid_i[1]' is not connected to any nets. (LINT-28)
Warning: In design 'fsa_stripe_STRIPE_ROWS8_COLS32_HEAD_DIM64_DATA_W8_SCORE_W32_PROB_W16_SUM_W32_TAG_W6_LOCAL_ROW_IDX_W3_1', port 'sum_start_valid_i[0]' is not connected to any nets. (LINT-28)
Warning: In design 'fsa_stripe_STRIPE_ROWS8_COLS32_HEAD_DIM64_DATA_W8_SCORE_W32_PROB_W16_SUM_W32_TAG_W6_LOCAL_ROW_IDX_W3_1', port 'sum_done_tag_o[47]' is not connected to any nets. (LINT-28)
Warning: In design 'fsa_stripe_STRIPE_ROWS8_COLS32_HEAD_DIM64_DATA_W8_SCORE_W32_PROB_W16_SUM_W32_TAG_W6_LOCAL_ROW_IDX_W3_1', port 'sum_done_tag_o[46]' is not connected to any nets. (LINT-28)
Warning: In design 'fsa_stripe_STRIPE_ROWS8_COLS32_HEAD_DIM64_DATA_W8_SCORE_W32_PROB_W16_SUM_W32_TAG_W6_LOCAL_ROW_IDX_W3_1', port 'sum_done_tag_o[45]' is not connected to any nets. (LINT-28)
Warning: In design 'fsa_stripe_STRIPE_ROWS8_COLS32_HEAD_DIM64_DATA_W8_SCORE_W32_PROB_W16_SUM_W32_TAG_W6_LOCAL_ROW_IDX_W3_1', port 'sum_done_tag_o[44]' is not connected to any nets. (LINT-28)
Warning: In design 'fsa_stripe_STRIPE_ROWS8_COLS32_HEAD_DIM64_DATA_W8_SCORE_W32_PROB_W16_SUM_W32_TAG_W6_LOCAL_ROW_IDX_W3_1', port 'sum_done_tag_o[43]' is not connected to any nets. (LINT-28)
Warning: In design 'fsa_stripe_STRIPE_ROWS8_COLS32_HEAD_DIM64_DATA_W8_SCORE_W32_PROB_W16_SUM_W32_TAG_W6_LOCAL_ROW_IDX_W3_1', port 'sum_done_tag_o[42]' is not connected to any nets. (LINT-28)
Warning: In design 'fsa_stripe_STRIPE_ROWS8_COLS32_HEAD_DIM64_DATA_W8_SCORE_W32_PROB_W16_SUM_W32_TAG_W6_LOCAL_ROW_IDX_W3_1', port 'sum_done_tag_o[41]' is not connected to any nets. (LINT-28)
Warning: In design 'fsa_stripe_STRIPE_ROWS8_COLS32_HEAD_DIM64_DATA_W8_SCORE_W32_PROB_W16_SUM_W32_TAG_W6_LOCAL_ROW_IDX_W3_1', port 'sum_done_tag_o[40]' is not connected to any nets. (LINT-28)
Warning: In design 'fsa_stripe_STRIPE_ROWS8_COLS32_HEAD_DIM64_DATA_W8_SCORE_W32_PROB_W16_SUM_W32_TAG_W6_LOCAL_ROW_IDX_W3_1', port 'sum_done_tag_o[39]' is not connected to any nets. (LINT-28)
Warning: In design 'fsa_stripe_STRIPE_ROWS8_COLS32_HEAD_DIM64_DATA_W8_SCORE_W32_PROB_W16_SUM_W32_TAG_W6_LOCAL_ROW_IDX_W3_1', port 'sum_done_tag_o[38]' is not connected to any nets. (LINT-28)
Warning: In design 'fsa_stripe_STRIPE_ROWS8_COLS32_HEAD_DIM64_DATA_W8_SCORE_W32_PROB_W16_SUM_W32_TAG_W6_LOCAL_ROW_IDX_W3_1', port 'sum_done_tag_o[37]' is not connected to any nets. (LINT-28)
Warning: In design 'fsa_stripe_STRIPE_ROWS8_COLS32_HEAD_DIM64_DATA_W8_SCORE_W32_PROB_W16_SUM_W32_TAG_W6_LOCAL_ROW_IDX_W3_1', port 'sum_done_tag_o[36]' is not connected to any nets. (LINT-28)
Warning: In design 'fsa_stripe_STRIPE_ROWS8_COLS32_HEAD_DIM64_DATA_W8_SCORE_W32_PROB_W16_SUM_W32_TAG_W6_LOCAL_ROW_IDX_W3_1', port 'sum_done_tag_o[35]' is not connected to any nets. (LINT-28)
Warning: In design 'fsa_stripe_STRIPE_ROWS8_COLS32_HEAD_DIM64_DATA_W8_SCORE_W32_PROB_W16_SUM_W32_TAG_W6_LOCAL_ROW_IDX_W3_1', port 'sum_done_tag_o[34]' is not connected to any nets. (LINT-28)
Warning: In design 'fsa_stripe_STRIPE_ROWS8_COLS32_HEAD_DIM64_DATA_W8_SCORE_W32_PROB_W16_SUM_W32_TAG_W6_LOCAL_ROW_IDX_W3_1', port 'sum_done_tag_o[33]' is not connected to any nets. (LINT-28)
Warning: In design 'fsa_stripe_STRIPE_ROWS8_COLS32_HEAD_DIM64_DATA_W8_SCORE_W32_PROB_W16_SUM_W32_TAG_W6_LOCAL_ROW_IDX_W3_1', port 'sum_done_tag_o[32]' is not connected to any nets. (LINT-28)
Warning: In design 'fsa_stripe_STRIPE_ROWS8_COLS32_HEAD_DIM64_DATA_W8_SCORE_W32_PROB_W16_SUM_W32_TAG_W6_LOCAL_ROW_IDX_W3_1', port 'sum_done_tag_o[31]' is not connected to any nets. (LINT-28)
Warning: In design 'fsa_stripe_STRIPE_ROWS8_COLS32_HEAD_DIM64_DATA_W8_SCORE_W32_PROB_W16_SUM_W32_TAG_W6_LOCAL_ROW_IDX_W3_1', port 'sum_done_tag_o[30]' is not connected to any nets. (LINT-28)
Warning: In design 'fsa_stripe_STRIPE_ROWS8_COLS32_HEAD_DIM64_DATA_W8_SCORE_W32_PROB_W16_SUM_W32_TAG_W6_LOCAL_ROW_IDX_W3_1', port 'sum_done_tag_o[29]' is not connected to any nets. (LINT-28)
Warning: In design 'fsa_stripe_STRIPE_ROWS8_COLS32_HEAD_DIM64_DATA_W8_SCORE_W32_PROB_W16_SUM_W32_TAG_W6_LOCAL_ROW_IDX_W3_1', port 'sum_done_tag_o[28]' is not connected to any nets. (LINT-28)
Warning: In design 'fsa_stripe_STRIPE_ROWS8_COLS32_HEAD_DIM64_DATA_W8_SCORE_W32_PROB_W16_SUM_W32_TAG_W6_LOCAL_ROW_IDX_W3_1', port 'sum_done_tag_o[27]' is not connected to any nets. (LINT-28)
Warning: In design 'fsa_stripe_STRIPE_ROWS8_COLS32_HEAD_DIM64_DATA_W8_SCORE_W32_PROB_W16_SUM_W32_TAG_W6_LOCAL_ROW_IDX_W3_1', port 'sum_done_tag_o[26]' is not connected to any nets. (LINT-28)
Warning: In design 'fsa_stripe_STRIPE_ROWS8_COLS32_HEAD_DIM64_DATA_W8_SCORE_W32_PROB_W16_SUM_W32_TAG_W6_LOCAL_ROW_IDX_W3_1', port 'sum_done_tag_o[25]' is not connected to any nets. (LINT-28)
Warning: In design 'fsa_stripe_STRIPE_ROWS8_COLS32_HEAD_DIM64_DATA_W8_SCORE_W32_PROB_W16_SUM_W32_TAG_W6_LOCAL_ROW_IDX_W3_1', port 'sum_done_tag_o[24]' is not connected to any nets. (LINT-28)
Warning: In design 'fsa_stripe_STRIPE_ROWS8_COLS32_HEAD_DIM64_DATA_W8_SCORE_W32_PROB_W16_SUM_W32_TAG_W6_LOCAL_ROW_IDX_W3_1', port 'sum_done_tag_o[23]' is not connected to any nets. (LINT-28)
Warning: In design 'fsa_stripe_STRIPE_ROWS8_COLS32_HEAD_DIM64_DATA_W8_SCORE_W32_PROB_W16_SUM_W32_TAG_W6_LOCAL_ROW_IDX_W3_1', port 'sum_done_tag_o[22]' is not connected to any nets. (LINT-28)
Warning: In design 'fsa_stripe_STRIPE_ROWS8_COLS32_HEAD_DIM64_DATA_W8_SCORE_W32_PROB_W16_SUM_W32_TAG_W6_LOCAL_ROW_IDX_W3_1', port 'sum_done_tag_o[21]' is not connected to any nets. (LINT-28)
Warning: In design 'fsa_stripe_STRIPE_ROWS8_COLS32_HEAD_DIM64_DATA_W8_SCORE_W32_PROB_W16_SUM_W32_TAG_W6_LOCAL_ROW_IDX_W3_1', port 'sum_done_tag_o[20]' is not connected to any nets. (LINT-28)
Warning: In design 'fsa_stripe_STRIPE_ROWS8_COLS32_HEAD_DIM64_DATA_W8_SCORE_W32_PROB_W16_SUM_W32_TAG_W6_LOCAL_ROW_IDX_W3_1', port 'sum_done_tag_o[19]' is not connected to any nets. (LINT-28)
Warning: In design 'fsa_stripe_STRIPE_ROWS8_COLS32_HEAD_DIM64_DATA_W8_SCORE_W32_PROB_W16_SUM_W32_TAG_W6_LOCAL_ROW_IDX_W3_1', port 'sum_done_tag_o[18]' is not connected to any nets. (LINT-28)
Warning: In design 'fsa_stripe_STRIPE_ROWS8_COLS32_HEAD_DIM64_DATA_W8_SCORE_W32_PROB_W16_SUM_W32_TAG_W6_LOCAL_ROW_IDX_W3_1', port 'sum_done_tag_o[17]' is not connected to any nets. (LINT-28)
Warning: In design 'fsa_stripe_STRIPE_ROWS8_COLS32_HEAD_DIM64_DATA_W8_SCORE_W32_PROB_W16_SUM_W32_TAG_W6_LOCAL_ROW_IDX_W3_1', port 'sum_done_tag_o[16]' is not connected to any nets. (LINT-28)
Warning: In design 'fsa_stripe_STRIPE_ROWS8_COLS32_HEAD_DIM64_DATA_W8_SCORE_W32_PROB_W16_SUM_W32_TAG_W6_LOCAL_ROW_IDX_W3_1', port 'sum_done_tag_o[15]' is not connected to any nets. (LINT-28)
Warning: In design 'fsa_stripe_STRIPE_ROWS8_COLS32_HEAD_DIM64_DATA_W8_SCORE_W32_PROB_W16_SUM_W32_TAG_W6_LOCAL_ROW_IDX_W3_1', port 'sum_done_tag_o[14]' is not connected to any nets. (LINT-28)
Warning: In design 'fsa_stripe_STRIPE_ROWS8_COLS32_HEAD_DIM64_DATA_W8_SCORE_W32_PROB_W16_SUM_W32_TAG_W6_LOCAL_ROW_IDX_W3_1', port 'sum_done_tag_o[13]' is not connected to any nets. (LINT-28)
Warning: In design 'fsa_stripe_STRIPE_ROWS8_COLS32_HEAD_DIM64_DATA_W8_SCORE_W32_PROB_W16_SUM_W32_TAG_W6_LOCAL_ROW_IDX_W3_1', port 'sum_done_tag_o[12]' is not connected to any nets. (LINT-28)
Warning: In design 'fsa_stripe_STRIPE_ROWS8_COLS32_HEAD_DIM64_DATA_W8_SCORE_W32_PROB_W16_SUM_W32_TAG_W6_LOCAL_ROW_IDX_W3_1', port 'sum_done_tag_o[11]' is not connected to any nets. (LINT-28)
Warning: In design 'fsa_stripe_STRIPE_ROWS8_COLS32_HEAD_DIM64_DATA_W8_SCORE_W32_PROB_W16_SUM_W32_TAG_W6_LOCAL_ROW_IDX_W3_1', port 'sum_done_tag_o[10]' is not connected to any nets. (LINT-28)
Warning: In design 'fsa_stripe_STRIPE_ROWS8_COLS32_HEAD_DIM64_DATA_W8_SCORE_W32_PROB_W16_SUM_W32_TAG_W6_LOCAL_ROW_IDX_W3_1', port 'sum_done_tag_o[9]' is not connected to any nets. (LINT-28)
Warning: In design 'fsa_stripe_STRIPE_ROWS8_COLS32_HEAD_DIM64_DATA_W8_SCORE_W32_PROB_W16_SUM_W32_TAG_W6_LOCAL_ROW_IDX_W3_1', port 'sum_done_tag_o[8]' is not connected to any nets. (LINT-28)
Warning: In design 'fsa_stripe_STRIPE_ROWS8_COLS32_HEAD_DIM64_DATA_W8_SCORE_W32_PROB_W16_SUM_W32_TAG_W6_LOCAL_ROW_IDX_W3_1', port 'sum_done_tag_o[7]' is not connected to any nets. (LINT-28)
Warning: In design 'fsa_stripe_STRIPE_ROWS8_COLS32_HEAD_DIM64_DATA_W8_SCORE_W32_PROB_W16_SUM_W32_TAG_W6_LOCAL_ROW_IDX_W3_1', port 'sum_done_tag_o[6]' is not connected to any nets. (LINT-28)
Warning: In design 'fsa_stripe_STRIPE_ROWS8_COLS32_HEAD_DIM64_DATA_W8_SCORE_W32_PROB_W16_SUM_W32_TAG_W6_LOCAL_ROW_IDX_W3_1', port 'sum_done_tag_o[5]' is not connected to any nets. (LINT-28)
Warning: In design 'fsa_stripe_STRIPE_ROWS8_COLS32_HEAD_DIM64_DATA_W8_SCORE_W32_PROB_W16_SUM_W32_TAG_W6_LOCAL_ROW_IDX_W3_1', port 'sum_done_tag_o[4]' is not connected to any nets. (LINT-28)
Warning: In design 'fsa_stripe_STRIPE_ROWS8_COLS32_HEAD_DIM64_DATA_W8_SCORE_W32_PROB_W16_SUM_W32_TAG_W6_LOCAL_ROW_IDX_W3_1', port 'sum_done_tag_o[3]' is not connected to any nets. (LINT-28)
Warning: In design 'fsa_stripe_STRIPE_ROWS8_COLS32_HEAD_DIM64_DATA_W8_SCORE_W32_PROB_W16_SUM_W32_TAG_W6_LOCAL_ROW_IDX_W3_1', port 'sum_done_tag_o[2]' is not connected to any nets. (LINT-28)
Warning: In design 'fsa_stripe_STRIPE_ROWS8_COLS32_HEAD_DIM64_DATA_W8_SCORE_W32_PROB_W16_SUM_W32_TAG_W6_LOCAL_ROW_IDX_W3_1', port 'sum_done_tag_o[1]' is not connected to any nets. (LINT-28)
Warning: In design 'fsa_stripe_STRIPE_ROWS8_COLS32_HEAD_DIM64_DATA_W8_SCORE_W32_PROB_W16_SUM_W32_TAG_W6_LOCAL_ROW_IDX_W3_1', port 'sum_done_tag_o[0]' is not connected to any nets. (LINT-28)
Warning: In design 'fsa_stripe_STRIPE_ROWS8_COLS32_HEAD_DIM64_DATA_W8_SCORE_W32_PROB_W16_SUM_W32_TAG_W6_LOCAL_ROW_IDX_W3_1', port 'prob_col_load_data_i[127]' is not connected to any nets. (LINT-28)
Warning: In design 'fsa_stripe_STRIPE_ROWS8_COLS32_HEAD_DIM64_DATA_W8_SCORE_W32_PROB_W16_SUM_W32_TAG_W6_LOCAL_ROW_IDX_W3_1', port 'prob_col_load_data_i[111]' is not connected to any nets. (LINT-28)
Warning: In design 'fsa_stripe_STRIPE_ROWS8_COLS32_HEAD_DIM64_DATA_W8_SCORE_W32_PROB_W16_SUM_W32_TAG_W6_LOCAL_ROW_IDX_W3_1', port 'prob_col_load_data_i[95]' is not connected to any nets. (LINT-28)
Warning: In design 'fsa_stripe_STRIPE_ROWS8_COLS32_HEAD_DIM64_DATA_W8_SCORE_W32_PROB_W16_SUM_W32_TAG_W6_LOCAL_ROW_IDX_W3_1', port 'prob_col_load_data_i[79]' is not connected to any nets. (LINT-28)
Warning: In design 'fsa_stripe_STRIPE_ROWS8_COLS32_HEAD_DIM64_DATA_W8_SCORE_W32_PROB_W16_SUM_W32_TAG_W6_LOCAL_ROW_IDX_W3_1', port 'prob_col_load_data_i[63]' is not connected to any nets. (LINT-28)
Warning: In design 'fsa_stripe_STRIPE_ROWS8_COLS32_HEAD_DIM64_DATA_W8_SCORE_W32_PROB_W16_SUM_W32_TAG_W6_LOCAL_ROW_IDX_W3_1', port 'prob_col_load_data_i[47]' is not connected to any nets. (LINT-28)
Warning: In design 'fsa_stripe_STRIPE_ROWS8_COLS32_HEAD_DIM64_DATA_W8_SCORE_W32_PROB_W16_SUM_W32_TAG_W6_LOCAL_ROW_IDX_W3_1', port 'prob_col_load_data_i[31]' is not connected to any nets. (LINT-28)
Warning: In design 'fsa_stripe_STRIPE_ROWS8_COLS32_HEAD_DIM64_DATA_W8_SCORE_W32_PROB_W16_SUM_W32_TAG_W6_LOCAL_ROW_IDX_W3_1', port 'prob_col_load_data_i[15]' is not connected to any nets. (LINT-28)
Warning: In design 'fsa_stripe_STRIPE_ROWS8_COLS32_HEAD_DIM64_DATA_W8_SCORE_W32_PROB_W16_SUM_W32_TAG_W6_LOCAL_ROW_IDX_W3_1', port 'pv_seed_alpha_i[127]' is not connected to any nets. (LINT-28)
Warning: In design 'fsa_stripe_STRIPE_ROWS8_COLS32_HEAD_DIM64_DATA_W8_SCORE_W32_PROB_W16_SUM_W32_TAG_W6_LOCAL_ROW_IDX_W3_1', port 'pv_seed_alpha_i[111]' is not connected to any nets. (LINT-28)
Warning: In design 'fsa_stripe_STRIPE_ROWS8_COLS32_HEAD_DIM64_DATA_W8_SCORE_W32_PROB_W16_SUM_W32_TAG_W6_LOCAL_ROW_IDX_W3_1', port 'pv_seed_alpha_i[95]' is not connected to any nets. (LINT-28)
Warning: In design 'fsa_stripe_STRIPE_ROWS8_COLS32_HEAD_DIM64_DATA_W8_SCORE_W32_PROB_W16_SUM_W32_TAG_W6_LOCAL_ROW_IDX_W3_1', port 'pv_seed_alpha_i[79]' is not connected to any nets. (LINT-28)
Warning: In design 'fsa_stripe_STRIPE_ROWS8_COLS32_HEAD_DIM64_DATA_W8_SCORE_W32_PROB_W16_SUM_W32_TAG_W6_LOCAL_ROW_IDX_W3_1', port 'pv_seed_alpha_i[63]' is not connected to any nets. (LINT-28)
Warning: In design 'fsa_stripe_STRIPE_ROWS8_COLS32_HEAD_DIM64_DATA_W8_SCORE_W32_PROB_W16_SUM_W32_TAG_W6_LOCAL_ROW_IDX_W3_1', port 'pv_seed_alpha_i[47]' is not connected to any nets. (LINT-28)
Warning: In design 'fsa_stripe_STRIPE_ROWS8_COLS32_HEAD_DIM64_DATA_W8_SCORE_W32_PROB_W16_SUM_W32_TAG_W6_LOCAL_ROW_IDX_W3_1', port 'pv_seed_alpha_i[31]' is not connected to any nets. (LINT-28)
Warning: In design 'fsa_stripe_STRIPE_ROWS8_COLS32_HEAD_DIM64_DATA_W8_SCORE_W32_PROB_W16_SUM_W32_TAG_W6_LOCAL_ROW_IDX_W3_1', port 'pv_seed_alpha_i[15]' is not connected to any nets. (LINT-28)
Warning: In design 'fsa_stripe_STRIPE_ROWS8_COLS32_HEAD_DIM64_DATA_W8_SCORE_W32_PROB_W16_SUM_W32_TAG_W6_LOCAL_ROW_IDX_W3_1', port 'delta_col_valid_o' is not connected to any nets. (LINT-28)
Warning: In design 'fsa_stripe_STRIPE_ROWS8_COLS32_HEAD_DIM64_DATA_W8_SCORE_W32_PROB_W16_SUM_W32_TAG_W6_LOCAL_ROW_IDX_W3_1', port 'delta_col_index_o[4]' is not connected to any nets. (LINT-28)
Warning: In design 'fsa_stripe_STRIPE_ROWS8_COLS32_HEAD_DIM64_DATA_W8_SCORE_W32_PROB_W16_SUM_W32_TAG_W6_LOCAL_ROW_IDX_W3_1', port 'delta_col_index_o[3]' is not connected to any nets. (LINT-28)
Warning: In design 'fsa_stripe_STRIPE_ROWS8_COLS32_HEAD_DIM64_DATA_W8_SCORE_W32_PROB_W16_SUM_W32_TAG_W6_LOCAL_ROW_IDX_W3_1', port 'delta_col_index_o[2]' is not connected to any nets. (LINT-28)
Warning: In design 'fsa_stripe_STRIPE_ROWS8_COLS32_HEAD_DIM64_DATA_W8_SCORE_W32_PROB_W16_SUM_W32_TAG_W6_LOCAL_ROW_IDX_W3_1', port 'delta_col_index_o[1]' is not connected to any nets. (LINT-28)
Warning: In design 'fsa_stripe_STRIPE_ROWS8_COLS32_HEAD_DIM64_DATA_W8_SCORE_W32_PROB_W16_SUM_W32_TAG_W6_LOCAL_ROW_IDX_W3_1', port 'delta_col_index_o[0]' is not connected to any nets. (LINT-28)
Warning: In design 'fsa_stripe_STRIPE_ROWS8_COLS32_HEAD_DIM64_DATA_W8_SCORE_W32_PROB_W16_SUM_W32_TAG_W6_LOCAL_ROW_IDX_W3_0', port 'clock_en_i' is not connected to any nets. (LINT-28)
Warning: In design 'fsa_stripe_STRIPE_ROWS8_COLS32_HEAD_DIM64_DATA_W8_SCORE_W32_PROB_W16_SUM_W32_TAG_W6_LOCAL_ROW_IDX_W3_0', port 'k_bottom_data_o[255]' is not connected to any nets. (LINT-28)
Warning: In design 'fsa_stripe_STRIPE_ROWS8_COLS32_HEAD_DIM64_DATA_W8_SCORE_W32_PROB_W16_SUM_W32_TAG_W6_LOCAL_ROW_IDX_W3_0', port 'k_bottom_data_o[254]' is not connected to any nets. (LINT-28)
Warning: In design 'fsa_stripe_STRIPE_ROWS8_COLS32_HEAD_DIM64_DATA_W8_SCORE_W32_PROB_W16_SUM_W32_TAG_W6_LOCAL_ROW_IDX_W3_0', port 'k_bottom_data_o[253]' is not connected to any nets. (LINT-28)
Warning: In design 'fsa_stripe_STRIPE_ROWS8_COLS32_HEAD_DIM64_DATA_W8_SCORE_W32_PROB_W16_SUM_W32_TAG_W6_LOCAL_ROW_IDX_W3_0', port 'k_bottom_data_o[252]' is not connected to any nets. (LINT-28)
Warning: In design 'fsa_stripe_STRIPE_ROWS8_COLS32_HEAD_DIM64_DATA_W8_SCORE_W32_PROB_W16_SUM_W32_TAG_W6_LOCAL_ROW_IDX_W3_0', port 'k_bottom_data_o[251]' is not connected to any nets. (LINT-28)
Warning: In design 'fsa_stripe_STRIPE_ROWS8_COLS32_HEAD_DIM64_DATA_W8_SCORE_W32_PROB_W16_SUM_W32_TAG_W6_LOCAL_ROW_IDX_W3_0', port 'k_bottom_data_o[250]' is not connected to any nets. (LINT-28)
Warning: In design 'fsa_stripe_STRIPE_ROWS8_COLS32_HEAD_DIM64_DATA_W8_SCORE_W32_PROB_W16_SUM_W32_TAG_W6_LOCAL_ROW_IDX_W3_0', port 'k_bottom_data_o[249]' is not connected to any nets. (LINT-28)
Warning: In design 'fsa_stripe_STRIPE_ROWS8_COLS32_HEAD_DIM64_DATA_W8_SCORE_W32_PROB_W16_SUM_W32_TAG_W6_LOCAL_ROW_IDX_W3_0', port 'k_bottom_data_o[248]' is not connected to any nets. (LINT-28)
Warning: In design 'fsa_stripe_STRIPE_ROWS8_COLS32_HEAD_DIM64_DATA_W8_SCORE_W32_PROB_W16_SUM_W32_TAG_W6_LOCAL_ROW_IDX_W3_0', port 'k_bottom_data_o[247]' is not connected to any nets. (LINT-28)
Warning: In design 'fsa_stripe_STRIPE_ROWS8_COLS32_HEAD_DIM64_DATA_W8_SCORE_W32_PROB_W16_SUM_W32_TAG_W6_LOCAL_ROW_IDX_W3_0', port 'k_bottom_data_o[246]' is not connected to any nets. (LINT-28)
Warning: In design 'fsa_stripe_STRIPE_ROWS8_COLS32_HEAD_DIM64_DATA_W8_SCORE_W32_PROB_W16_SUM_W32_TAG_W6_LOCAL_ROW_IDX_W3_0', port 'k_bottom_data_o[245]' is not connected to any nets. (LINT-28)
Warning: In design 'fsa_stripe_STRIPE_ROWS8_COLS32_HEAD_DIM64_DATA_W8_SCORE_W32_PROB_W16_SUM_W32_TAG_W6_LOCAL_ROW_IDX_W3_0', port 'k_bottom_data_o[244]' is not connected to any nets. (LINT-28)
Warning: In design 'fsa_stripe_STRIPE_ROWS8_COLS32_HEAD_DIM64_DATA_W8_SCORE_W32_PROB_W16_SUM_W32_TAG_W6_LOCAL_ROW_IDX_W3_0', port 'k_bottom_data_o[243]' is not connected to any nets. (LINT-28)
Warning: In design 'fsa_stripe_STRIPE_ROWS8_COLS32_HEAD_DIM64_DATA_W8_SCORE_W32_PROB_W16_SUM_W32_TAG_W6_LOCAL_ROW_IDX_W3_0', port 'k_bottom_data_o[242]' is not connected to any nets. (LINT-28)
Warning: In design 'fsa_stripe_STRIPE_ROWS8_COLS32_HEAD_DIM64_DATA_W8_SCORE_W32_PROB_W16_SUM_W32_TAG_W6_LOCAL_ROW_IDX_W3_0', port 'k_bottom_data_o[241]' is not connected to any nets. (LINT-28)
Warning: In design 'fsa_stripe_STRIPE_ROWS8_COLS32_HEAD_DIM64_DATA_W8_SCORE_W32_PROB_W16_SUM_W32_TAG_W6_LOCAL_ROW_IDX_W3_0', port 'k_bottom_data_o[240]' is not connected to any nets. (LINT-28)
Warning: In design 'fsa_stripe_STRIPE_ROWS8_COLS32_HEAD_DIM64_DATA_W8_SCORE_W32_PROB_W16_SUM_W32_TAG_W6_LOCAL_ROW_IDX_W3_0', port 'k_bottom_data_o[239]' is not connected to any nets. (LINT-28)
Warning: In design 'fsa_stripe_STRIPE_ROWS8_COLS32_HEAD_DIM64_DATA_W8_SCORE_W32_PROB_W16_SUM_W32_TAG_W6_LOCAL_ROW_IDX_W3_0', port 'k_bottom_data_o[238]' is not connected to any nets. (LINT-28)
Warning: In design 'fsa_stripe_STRIPE_ROWS8_COLS32_HEAD_DIM64_DATA_W8_SCORE_W32_PROB_W16_SUM_W32_TAG_W6_LOCAL_ROW_IDX_W3_0', port 'k_bottom_data_o[237]' is not connected to any nets. (LINT-28)
Warning: In design 'fsa_stripe_STRIPE_ROWS8_COLS32_HEAD_DIM64_DATA_W8_SCORE_W32_PROB_W16_SUM_W32_TAG_W6_LOCAL_ROW_IDX_W3_0', port 'k_bottom_data_o[236]' is not connected to any nets. (LINT-28)
Warning: In design 'fsa_stripe_STRIPE_ROWS8_COLS32_HEAD_DIM64_DATA_W8_SCORE_W32_PROB_W16_SUM_W32_TAG_W6_LOCAL_ROW_IDX_W3_0', port 'k_bottom_data_o[235]' is not connected to any nets. (LINT-28)
Warning: In design 'fsa_stripe_STRIPE_ROWS8_COLS32_HEAD_DIM64_DATA_W8_SCORE_W32_PROB_W16_SUM_W32_TAG_W6_LOCAL_ROW_IDX_W3_0', port 'k_bottom_data_o[234]' is not connected to any nets. (LINT-28)
Warning: In design 'fsa_stripe_STRIPE_ROWS8_COLS32_HEAD_DIM64_DATA_W8_SCORE_W32_PROB_W16_SUM_W32_TAG_W6_LOCAL_ROW_IDX_W3_0', port 'k_bottom_data_o[233]' is not connected to any nets. (LINT-28)
Warning: In design 'fsa_stripe_STRIPE_ROWS8_COLS32_HEAD_DIM64_DATA_W8_SCORE_W32_PROB_W16_SUM_W32_TAG_W6_LOCAL_ROW_IDX_W3_0', port 'k_bottom_data_o[232]' is not connected to any nets. (LINT-28)
Warning: In design 'fsa_stripe_STRIPE_ROWS8_COLS32_HEAD_DIM64_DATA_W8_SCORE_W32_PROB_W16_SUM_W32_TAG_W6_LOCAL_ROW_IDX_W3_0', port 'k_bottom_data_o[231]' is not connected to any nets. (LINT-28)
Warning: In design 'fsa_stripe_STRIPE_ROWS8_COLS32_HEAD_DIM64_DATA_W8_SCORE_W32_PROB_W16_SUM_W32_TAG_W6_LOCAL_ROW_IDX_W3_0', port 'k_bottom_data_o[230]' is not connected to any nets. (LINT-28)
Warning: In design 'fsa_stripe_STRIPE_ROWS8_COLS32_HEAD_DIM64_DATA_W8_SCORE_W32_PROB_W16_SUM_W32_TAG_W6_LOCAL_ROW_IDX_W3_0', port 'k_bottom_data_o[229]' is not connected to any nets. (LINT-28)
Warning: In design 'fsa_stripe_STRIPE_ROWS8_COLS32_HEAD_DIM64_DATA_W8_SCORE_W32_PROB_W16_SUM_W32_TAG_W6_LOCAL_ROW_IDX_W3_0', port 'k_bottom_data_o[228]' is not connected to any nets. (LINT-28)
Warning: In design 'fsa_stripe_STRIPE_ROWS8_COLS32_HEAD_DIM64_DATA_W8_SCORE_W32_PROB_W16_SUM_W32_TAG_W6_LOCAL_ROW_IDX_W3_0', port 'k_bottom_data_o[227]' is not connected to any nets. (LINT-28)
Warning: In design 'fsa_stripe_STRIPE_ROWS8_COLS32_HEAD_DIM64_DATA_W8_SCORE_W32_PROB_W16_SUM_W32_TAG_W6_LOCAL_ROW_IDX_W3_0', port 'k_bottom_data_o[226]' is not connected to any nets. (LINT-28)
Warning: In design 'fsa_stripe_STRIPE_ROWS8_COLS32_HEAD_DIM64_DATA_W8_SCORE_W32_PROB_W16_SUM_W32_TAG_W6_LOCAL_ROW_IDX_W3_0', port 'k_bottom_data_o[225]' is not connected to any nets. (LINT-28)
Warning: In design 'fsa_stripe_STRIPE_ROWS8_COLS32_HEAD_DIM64_DATA_W8_SCORE_W32_PROB_W16_SUM_W32_TAG_W6_LOCAL_ROW_IDX_W3_0', port 'k_bottom_data_o[224]' is not connected to any nets. (LINT-28)
Warning: In design 'fsa_stripe_STRIPE_ROWS8_COLS32_HEAD_DIM64_DATA_W8_SCORE_W32_PROB_W16_SUM_W32_TAG_W6_LOCAL_ROW_IDX_W3_0', port 'k_bottom_data_o[223]' is not connected to any nets. (LINT-28)
Warning: In design 'fsa_stripe_STRIPE_ROWS8_COLS32_HEAD_DIM64_DATA_W8_SCORE_W32_PROB_W16_SUM_W32_TAG_W6_LOCAL_ROW_IDX_W3_0', port 'k_bottom_data_o[222]' is not connected to any nets. (LINT-28)
Warning: In design 'fsa_stripe_STRIPE_ROWS8_COLS32_HEAD_DIM64_DATA_W8_SCORE_W32_PROB_W16_SUM_W32_TAG_W6_LOCAL_ROW_IDX_W3_0', port 'k_bottom_data_o[221]' is not connected to any nets. (LINT-28)
Warning: In design 'fsa_stripe_STRIPE_ROWS8_COLS32_HEAD_DIM64_DATA_W8_SCORE_W32_PROB_W16_SUM_W32_TAG_W6_LOCAL_ROW_IDX_W3_0', port 'k_bottom_data_o[220]' is not connected to any nets. (LINT-28)
Warning: In design 'fsa_stripe_STRIPE_ROWS8_COLS32_HEAD_DIM64_DATA_W8_SCORE_W32_PROB_W16_SUM_W32_TAG_W6_LOCAL_ROW_IDX_W3_0', port 'k_bottom_data_o[219]' is not connected to any nets. (LINT-28)
Warning: In design 'fsa_stripe_STRIPE_ROWS8_COLS32_HEAD_DIM64_DATA_W8_SCORE_W32_PROB_W16_SUM_W32_TAG_W6_LOCAL_ROW_IDX_W3_0', port 'k_bottom_data_o[218]' is not connected to any nets. (LINT-28)
Warning: In design 'fsa_stripe_STRIPE_ROWS8_COLS32_HEAD_DIM64_DATA_W8_SCORE_W32_PROB_W16_SUM_W32_TAG_W6_LOCAL_ROW_IDX_W3_0', port 'k_bottom_data_o[217]' is not connected to any nets. (LINT-28)
Warning: In design 'fsa_stripe_STRIPE_ROWS8_COLS32_HEAD_DIM64_DATA_W8_SCORE_W32_PROB_W16_SUM_W32_TAG_W6_LOCAL_ROW_IDX_W3_0', port 'k_bottom_data_o[216]' is not connected to any nets. (LINT-28)
Warning: In design 'fsa_stripe_STRIPE_ROWS8_COLS32_HEAD_DIM64_DATA_W8_SCORE_W32_PROB_W16_SUM_W32_TAG_W6_LOCAL_ROW_IDX_W3_0', port 'k_bottom_data_o[215]' is not connected to any nets. (LINT-28)
Warning: In design 'fsa_stripe_STRIPE_ROWS8_COLS32_HEAD_DIM64_DATA_W8_SCORE_W32_PROB_W16_SUM_W32_TAG_W6_LOCAL_ROW_IDX_W3_0', port 'k_bottom_data_o[214]' is not connected to any nets. (LINT-28)
Warning: In design 'fsa_stripe_STRIPE_ROWS8_COLS32_HEAD_DIM64_DATA_W8_SCORE_W32_PROB_W16_SUM_W32_TAG_W6_LOCAL_ROW_IDX_W3_0', port 'k_bottom_data_o[213]' is not connected to any nets. (LINT-28)
Warning: In design 'fsa_stripe_STRIPE_ROWS8_COLS32_HEAD_DIM64_DATA_W8_SCORE_W32_PROB_W16_SUM_W32_TAG_W6_LOCAL_ROW_IDX_W3_0', port 'k_bottom_data_o[212]' is not connected to any nets. (LINT-28)
Warning: In design 'fsa_stripe_STRIPE_ROWS8_COLS32_HEAD_DIM64_DATA_W8_SCORE_W32_PROB_W16_SUM_W32_TAG_W6_LOCAL_ROW_IDX_W3_0', port 'k_bottom_data_o[211]' is not connected to any nets. (LINT-28)
Warning: In design 'fsa_stripe_STRIPE_ROWS8_COLS32_HEAD_DIM64_DATA_W8_SCORE_W32_PROB_W16_SUM_W32_TAG_W6_LOCAL_ROW_IDX_W3_0', port 'k_bottom_data_o[210]' is not connected to any nets. (LINT-28)
Warning: In design 'fsa_stripe_STRIPE_ROWS8_COLS32_HEAD_DIM64_DATA_W8_SCORE_W32_PROB_W16_SUM_W32_TAG_W6_LOCAL_ROW_IDX_W3_0', port 'k_bottom_data_o[209]' is not connected to any nets. (LINT-28)
Warning: In design 'fsa_stripe_STRIPE_ROWS8_COLS32_HEAD_DIM64_DATA_W8_SCORE_W32_PROB_W16_SUM_W32_TAG_W6_LOCAL_ROW_IDX_W3_0', port 'k_bottom_data_o[208]' is not connected to any nets. (LINT-28)
Warning: In design 'fsa_stripe_STRIPE_ROWS8_COLS32_HEAD_DIM64_DATA_W8_SCORE_W32_PROB_W16_SUM_W32_TAG_W6_LOCAL_ROW_IDX_W3_0', port 'k_bottom_data_o[207]' is not connected to any nets. (LINT-28)
Warning: In design 'fsa_stripe_STRIPE_ROWS8_COLS32_HEAD_DIM64_DATA_W8_SCORE_W32_PROB_W16_SUM_W32_TAG_W6_LOCAL_ROW_IDX_W3_0', port 'k_bottom_data_o[206]' is not connected to any nets. (LINT-28)
Warning: In design 'fsa_stripe_STRIPE_ROWS8_COLS32_HEAD_DIM64_DATA_W8_SCORE_W32_PROB_W16_SUM_W32_TAG_W6_LOCAL_ROW_IDX_W3_0', port 'k_bottom_data_o[205]' is not connected to any nets. (LINT-28)
Warning: In design 'fsa_stripe_STRIPE_ROWS8_COLS32_HEAD_DIM64_DATA_W8_SCORE_W32_PROB_W16_SUM_W32_TAG_W6_LOCAL_ROW_IDX_W3_0', port 'k_bottom_data_o[204]' is not connected to any nets. (LINT-28)
Warning: In design 'fsa_stripe_STRIPE_ROWS8_COLS32_HEAD_DIM64_DATA_W8_SCORE_W32_PROB_W16_SUM_W32_TAG_W6_LOCAL_ROW_IDX_W3_0', port 'k_bottom_data_o[203]' is not connected to any nets. (LINT-28)
Warning: In design 'fsa_stripe_STRIPE_ROWS8_COLS32_HEAD_DIM64_DATA_W8_SCORE_W32_PROB_W16_SUM_W32_TAG_W6_LOCAL_ROW_IDX_W3_0', port 'k_bottom_data_o[202]' is not connected to any nets. (LINT-28)
Warning: In design 'fsa_stripe_STRIPE_ROWS8_COLS32_HEAD_DIM64_DATA_W8_SCORE_W32_PROB_W16_SUM_W32_TAG_W6_LOCAL_ROW_IDX_W3_0', port 'k_bottom_data_o[201]' is not connected to any nets. (LINT-28)
Warning: In design 'fsa_stripe_STRIPE_ROWS8_COLS32_HEAD_DIM64_DATA_W8_SCORE_W32_PROB_W16_SUM_W32_TAG_W6_LOCAL_ROW_IDX_W3_0', port 'k_bottom_data_o[200]' is not connected to any nets. (LINT-28)
Warning: In design 'fsa_stripe_STRIPE_ROWS8_COLS32_HEAD_DIM64_DATA_W8_SCORE_W32_PROB_W16_SUM_W32_TAG_W6_LOCAL_ROW_IDX_W3_0', port 'k_bottom_data_o[199]' is not connected to any nets. (LINT-28)
Warning: In design 'fsa_stripe_STRIPE_ROWS8_COLS32_HEAD_DIM64_DATA_W8_SCORE_W32_PROB_W16_SUM_W32_TAG_W6_LOCAL_ROW_IDX_W3_0', port 'k_bottom_data_o[198]' is not connected to any nets. (LINT-28)
Warning: In design 'fsa_stripe_STRIPE_ROWS8_COLS32_HEAD_DIM64_DATA_W8_SCORE_W32_PROB_W16_SUM_W32_TAG_W6_LOCAL_ROW_IDX_W3_0', port 'k_bottom_data_o[197]' is not connected to any nets. (LINT-28)
Warning: In design 'fsa_stripe_STRIPE_ROWS8_COLS32_HEAD_DIM64_DATA_W8_SCORE_W32_PROB_W16_SUM_W32_TAG_W6_LOCAL_ROW_IDX_W3_0', port 'k_bottom_data_o[196]' is not connected to any nets. (LINT-28)
Warning: In design 'fsa_stripe_STRIPE_ROWS8_COLS32_HEAD_DIM64_DATA_W8_SCORE_W32_PROB_W16_SUM_W32_TAG_W6_LOCAL_ROW_IDX_W3_0', port 'k_bottom_data_o[195]' is not connected to any nets. (LINT-28)
Warning: In design 'fsa_stripe_STRIPE_ROWS8_COLS32_HEAD_DIM64_DATA_W8_SCORE_W32_PROB_W16_SUM_W32_TAG_W6_LOCAL_ROW_IDX_W3_0', port 'k_bottom_data_o[194]' is not connected to any nets. (LINT-28)
Warning: In design 'fsa_stripe_STRIPE_ROWS8_COLS32_HEAD_DIM64_DATA_W8_SCORE_W32_PROB_W16_SUM_W32_TAG_W6_LOCAL_ROW_IDX_W3_0', port 'k_bottom_data_o[193]' is not connected to any nets. (LINT-28)
Warning: In design 'fsa_stripe_STRIPE_ROWS8_COLS32_HEAD_DIM64_DATA_W8_SCORE_W32_PROB_W16_SUM_W32_TAG_W6_LOCAL_ROW_IDX_W3_0', port 'k_bottom_data_o[192]' is not connected to any nets. (LINT-28)
Warning: In design 'fsa_stripe_STRIPE_ROWS8_COLS32_HEAD_DIM64_DATA_W8_SCORE_W32_PROB_W16_SUM_W32_TAG_W6_LOCAL_ROW_IDX_W3_0', port 'k_bottom_data_o[191]' is not connected to any nets. (LINT-28)
Warning: In design 'fsa_stripe_STRIPE_ROWS8_COLS32_HEAD_DIM64_DATA_W8_SCORE_W32_PROB_W16_SUM_W32_TAG_W6_LOCAL_ROW_IDX_W3_0', port 'k_bottom_data_o[190]' is not connected to any nets. (LINT-28)
Warning: In design 'fsa_stripe_STRIPE_ROWS8_COLS32_HEAD_DIM64_DATA_W8_SCORE_W32_PROB_W16_SUM_W32_TAG_W6_LOCAL_ROW_IDX_W3_0', port 'k_bottom_data_o[189]' is not connected to any nets. (LINT-28)
Warning: In design 'fsa_stripe_STRIPE_ROWS8_COLS32_HEAD_DIM64_DATA_W8_SCORE_W32_PROB_W16_SUM_W32_TAG_W6_LOCAL_ROW_IDX_W3_0', port 'k_bottom_data_o[188]' is not connected to any nets. (LINT-28)
Warning: In design 'fsa_stripe_STRIPE_ROWS8_COLS32_HEAD_DIM64_DATA_W8_SCORE_W32_PROB_W16_SUM_W32_TAG_W6_LOCAL_ROW_IDX_W3_0', port 'k_bottom_data_o[187]' is not connected to any nets. (LINT-28)
Warning: In design 'fsa_stripe_STRIPE_ROWS8_COLS32_HEAD_DIM64_DATA_W8_SCORE_W32_PROB_W16_SUM_W32_TAG_W6_LOCAL_ROW_IDX_W3_0', port 'k_bottom_data_o[186]' is not connected to any nets. (LINT-28)
Warning: In design 'fsa_stripe_STRIPE_ROWS8_COLS32_HEAD_DIM64_DATA_W8_SCORE_W32_PROB_W16_SUM_W32_TAG_W6_LOCAL_ROW_IDX_W3_0', port 'k_bottom_data_o[185]' is not connected to any nets. (LINT-28)
Warning: In design 'fsa_stripe_STRIPE_ROWS8_COLS32_HEAD_DIM64_DATA_W8_SCORE_W32_PROB_W16_SUM_W32_TAG_W6_LOCAL_ROW_IDX_W3_0', port 'k_bottom_data_o[184]' is not connected to any nets. (LINT-28)
Warning: In design 'fsa_stripe_STRIPE_ROWS8_COLS32_HEAD_DIM64_DATA_W8_SCORE_W32_PROB_W16_SUM_W32_TAG_W6_LOCAL_ROW_IDX_W3_0', port 'k_bottom_data_o[183]' is not connected to any nets. (LINT-28)
Warning: In design 'fsa_stripe_STRIPE_ROWS8_COLS32_HEAD_DIM64_DATA_W8_SCORE_W32_PROB_W16_SUM_W32_TAG_W6_LOCAL_ROW_IDX_W3_0', port 'k_bottom_data_o[182]' is not connected to any nets. (LINT-28)
Warning: In design 'fsa_stripe_STRIPE_ROWS8_COLS32_HEAD_DIM64_DATA_W8_SCORE_W32_PROB_W16_SUM_W32_TAG_W6_LOCAL_ROW_IDX_W3_0', port 'k_bottom_data_o[181]' is not connected to any nets. (LINT-28)
Warning: In design 'fsa_stripe_STRIPE_ROWS8_COLS32_HEAD_DIM64_DATA_W8_SCORE_W32_PROB_W16_SUM_W32_TAG_W6_LOCAL_ROW_IDX_W3_0', port 'k_bottom_data_o[180]' is not connected to any nets. (LINT-28)
Warning: In design 'fsa_stripe_STRIPE_ROWS8_COLS32_HEAD_DIM64_DATA_W8_SCORE_W32_PROB_W16_SUM_W32_TAG_W6_LOCAL_ROW_IDX_W3_0', port 'k_bottom_data_o[179]' is not connected to any nets. (LINT-28)
Warning: In design 'fsa_stripe_STRIPE_ROWS8_COLS32_HEAD_DIM64_DATA_W8_SCORE_W32_PROB_W16_SUM_W32_TAG_W6_LOCAL_ROW_IDX_W3_0', port 'k_bottom_data_o[178]' is not connected to any nets. (LINT-28)
Warning: In design 'fsa_stripe_STRIPE_ROWS8_COLS32_HEAD_DIM64_DATA_W8_SCORE_W32_PROB_W16_SUM_W32_TAG_W6_LOCAL_ROW_IDX_W3_0', port 'k_bottom_data_o[177]' is not connected to any nets. (LINT-28)
Warning: In design 'fsa_stripe_STRIPE_ROWS8_COLS32_HEAD_DIM64_DATA_W8_SCORE_W32_PROB_W16_SUM_W32_TAG_W6_LOCAL_ROW_IDX_W3_0', port 'k_bottom_data_o[176]' is not connected to any nets. (LINT-28)
Warning: In design 'fsa_stripe_STRIPE_ROWS8_COLS32_HEAD_DIM64_DATA_W8_SCORE_W32_PROB_W16_SUM_W32_TAG_W6_LOCAL_ROW_IDX_W3_0', port 'k_bottom_data_o[175]' is not connected to any nets. (LINT-28)
Warning: In design 'fsa_stripe_STRIPE_ROWS8_COLS32_HEAD_DIM64_DATA_W8_SCORE_W32_PROB_W16_SUM_W32_TAG_W6_LOCAL_ROW_IDX_W3_0', port 'k_bottom_data_o[174]' is not connected to any nets. (LINT-28)
Warning: In design 'fsa_stripe_STRIPE_ROWS8_COLS32_HEAD_DIM64_DATA_W8_SCORE_W32_PROB_W16_SUM_W32_TAG_W6_LOCAL_ROW_IDX_W3_0', port 'k_bottom_data_o[173]' is not connected to any nets. (LINT-28)
Warning: In design 'fsa_stripe_STRIPE_ROWS8_COLS32_HEAD_DIM64_DATA_W8_SCORE_W32_PROB_W16_SUM_W32_TAG_W6_LOCAL_ROW_IDX_W3_0', port 'k_bottom_data_o[172]' is not connected to any nets. (LINT-28)
Warning: In design 'fsa_stripe_STRIPE_ROWS8_COLS32_HEAD_DIM64_DATA_W8_SCORE_W32_PROB_W16_SUM_W32_TAG_W6_LOCAL_ROW_IDX_W3_0', port 'k_bottom_data_o[171]' is not connected to any nets. (LINT-28)
Warning: In design 'fsa_stripe_STRIPE_ROWS8_COLS32_HEAD_DIM64_DATA_W8_SCORE_W32_PROB_W16_SUM_W32_TAG_W6_LOCAL_ROW_IDX_W3_0', port 'k_bottom_data_o[170]' is not connected to any nets. (LINT-28)
Warning: In design 'fsa_stripe_STRIPE_ROWS8_COLS32_HEAD_DIM64_DATA_W8_SCORE_W32_PROB_W16_SUM_W32_TAG_W6_LOCAL_ROW_IDX_W3_0', port 'k_bottom_data_o[169]' is not connected to any nets. (LINT-28)
Warning: In design 'fsa_stripe_STRIPE_ROWS8_COLS32_HEAD_DIM64_DATA_W8_SCORE_W32_PROB_W16_SUM_W32_TAG_W6_LOCAL_ROW_IDX_W3_0', port 'k_bottom_data_o[168]' is not connected to any nets. (LINT-28)
Warning: In design 'fsa_stripe_STRIPE_ROWS8_COLS32_HEAD_DIM64_DATA_W8_SCORE_W32_PROB_W16_SUM_W32_TAG_W6_LOCAL_ROW_IDX_W3_0', port 'k_bottom_data_o[167]' is not connected to any nets. (LINT-28)
Warning: In design 'fsa_stripe_STRIPE_ROWS8_COLS32_HEAD_DIM64_DATA_W8_SCORE_W32_PROB_W16_SUM_W32_TAG_W6_LOCAL_ROW_IDX_W3_0', port 'k_bottom_data_o[166]' is not connected to any nets. (LINT-28)
Warning: In design 'fsa_stripe_STRIPE_ROWS8_COLS32_HEAD_DIM64_DATA_W8_SCORE_W32_PROB_W16_SUM_W32_TAG_W6_LOCAL_ROW_IDX_W3_0', port 'k_bottom_data_o[165]' is not connected to any nets. (LINT-28)
Warning: In design 'fsa_stripe_STRIPE_ROWS8_COLS32_HEAD_DIM64_DATA_W8_SCORE_W32_PROB_W16_SUM_W32_TAG_W6_LOCAL_ROW_IDX_W3_0', port 'k_bottom_data_o[164]' is not connected to any nets. (LINT-28)
Warning: In design 'fsa_stripe_STRIPE_ROWS8_COLS32_HEAD_DIM64_DATA_W8_SCORE_W32_PROB_W16_SUM_W32_TAG_W6_LOCAL_ROW_IDX_W3_0', port 'k_bottom_data_o[163]' is not connected to any nets. (LINT-28)
Warning: In design 'fsa_stripe_STRIPE_ROWS8_COLS32_HEAD_DIM64_DATA_W8_SCORE_W32_PROB_W16_SUM_W32_TAG_W6_LOCAL_ROW_IDX_W3_0', port 'k_bottom_data_o[162]' is not connected to any nets. (LINT-28)
Warning: In design 'fsa_stripe_STRIPE_ROWS8_COLS32_HEAD_DIM64_DATA_W8_SCORE_W32_PROB_W16_SUM_W32_TAG_W6_LOCAL_ROW_IDX_W3_0', port 'k_bottom_data_o[161]' is not connected to any nets. (LINT-28)
Warning: In design 'fsa_stripe_STRIPE_ROWS8_COLS32_HEAD_DIM64_DATA_W8_SCORE_W32_PROB_W16_SUM_W32_TAG_W6_LOCAL_ROW_IDX_W3_0', port 'k_bottom_data_o[160]' is not connected to any nets. (LINT-28)
Warning: In design 'fsa_stripe_STRIPE_ROWS8_COLS32_HEAD_DIM64_DATA_W8_SCORE_W32_PROB_W16_SUM_W32_TAG_W6_LOCAL_ROW_IDX_W3_0', port 'k_bottom_data_o[159]' is not connected to any nets. (LINT-28)
Warning: In design 'fsa_stripe_STRIPE_ROWS8_COLS32_HEAD_DIM64_DATA_W8_SCORE_W32_PROB_W16_SUM_W32_TAG_W6_LOCAL_ROW_IDX_W3_0', port 'k_bottom_data_o[158]' is not connected to any nets. (LINT-28)
Warning: In design 'fsa_stripe_STRIPE_ROWS8_COLS32_HEAD_DIM64_DATA_W8_SCORE_W32_PROB_W16_SUM_W32_TAG_W6_LOCAL_ROW_IDX_W3_0', port 'k_bottom_data_o[157]' is not connected to any nets. (LINT-28)
Warning: In design 'fsa_stripe_STRIPE_ROWS8_COLS32_HEAD_DIM64_DATA_W8_SCORE_W32_PROB_W16_SUM_W32_TAG_W6_LOCAL_ROW_IDX_W3_0', port 'k_bottom_data_o[156]' is not connected to any nets. (LINT-28)
Warning: In design 'fsa_stripe_STRIPE_ROWS8_COLS32_HEAD_DIM64_DATA_W8_SCORE_W32_PROB_W16_SUM_W32_TAG_W6_LOCAL_ROW_IDX_W3_0', port 'k_bottom_data_o[155]' is not connected to any nets. (LINT-28)
Warning: In design 'fsa_stripe_STRIPE_ROWS8_COLS32_HEAD_DIM64_DATA_W8_SCORE_W32_PROB_W16_SUM_W32_TAG_W6_LOCAL_ROW_IDX_W3_0', port 'k_bottom_data_o[154]' is not connected to any nets. (LINT-28)
Warning: In design 'fsa_stripe_STRIPE_ROWS8_COLS32_HEAD_DIM64_DATA_W8_SCORE_W32_PROB_W16_SUM_W32_TAG_W6_LOCAL_ROW_IDX_W3_0', port 'k_bottom_data_o[153]' is not connected to any nets. (LINT-28)
Warning: In design 'fsa_stripe_STRIPE_ROWS8_COLS32_HEAD_DIM64_DATA_W8_SCORE_W32_PROB_W16_SUM_W32_TAG_W6_LOCAL_ROW_IDX_W3_0', port 'k_bottom_data_o[152]' is not connected to any nets. (LINT-28)
Warning: In design 'fsa_stripe_STRIPE_ROWS8_COLS32_HEAD_DIM64_DATA_W8_SCORE_W32_PROB_W16_SUM_W32_TAG_W6_LOCAL_ROW_IDX_W3_0', port 'k_bottom_data_o[151]' is not connected to any nets. (LINT-28)
Warning: In design 'fsa_stripe_STRIPE_ROWS8_COLS32_HEAD_DIM64_DATA_W8_SCORE_W32_PROB_W16_SUM_W32_TAG_W6_LOCAL_ROW_IDX_W3_0', port 'k_bottom_data_o[150]' is not connected to any nets. (LINT-28)
Warning: In design 'fsa_stripe_STRIPE_ROWS8_COLS32_HEAD_DIM64_DATA_W8_SCORE_W32_PROB_W16_SUM_W32_TAG_W6_LOCAL_ROW_IDX_W3_0', port 'k_bottom_data_o[149]' is not connected to any nets. (LINT-28)
Warning: In design 'fsa_stripe_STRIPE_ROWS8_COLS32_HEAD_DIM64_DATA_W8_SCORE_W32_PROB_W16_SUM_W32_TAG_W6_LOCAL_ROW_IDX_W3_0', port 'k_bottom_data_o[148]' is not connected to any nets. (LINT-28)
Warning: In design 'fsa_stripe_STRIPE_ROWS8_COLS32_HEAD_DIM64_DATA_W8_SCORE_W32_PROB_W16_SUM_W32_TAG_W6_LOCAL_ROW_IDX_W3_0', port 'k_bottom_data_o[147]' is not connected to any nets. (LINT-28)
Warning: In design 'fsa_stripe_STRIPE_ROWS8_COLS32_HEAD_DIM64_DATA_W8_SCORE_W32_PROB_W16_SUM_W32_TAG_W6_LOCAL_ROW_IDX_W3_0', port 'k_bottom_data_o[146]' is not connected to any nets. (LINT-28)
Warning: In design 'fsa_stripe_STRIPE_ROWS8_COLS32_HEAD_DIM64_DATA_W8_SCORE_W32_PROB_W16_SUM_W32_TAG_W6_LOCAL_ROW_IDX_W3_0', port 'k_bottom_data_o[145]' is not connected to any nets. (LINT-28)
Warning: In design 'fsa_stripe_STRIPE_ROWS8_COLS32_HEAD_DIM64_DATA_W8_SCORE_W32_PROB_W16_SUM_W32_TAG_W6_LOCAL_ROW_IDX_W3_0', port 'k_bottom_data_o[144]' is not connected to any nets. (LINT-28)
Warning: In design 'fsa_stripe_STRIPE_ROWS8_COLS32_HEAD_DIM64_DATA_W8_SCORE_W32_PROB_W16_SUM_W32_TAG_W6_LOCAL_ROW_IDX_W3_0', port 'k_bottom_data_o[143]' is not connected to any nets. (LINT-28)
Warning: In design 'fsa_stripe_STRIPE_ROWS8_COLS32_HEAD_DIM64_DATA_W8_SCORE_W32_PROB_W16_SUM_W32_TAG_W6_LOCAL_ROW_IDX_W3_0', port 'k_bottom_data_o[142]' is not connected to any nets. (LINT-28)
Warning: In design 'fsa_stripe_STRIPE_ROWS8_COLS32_HEAD_DIM64_DATA_W8_SCORE_W32_PROB_W16_SUM_W32_TAG_W6_LOCAL_ROW_IDX_W3_0', port 'k_bottom_data_o[141]' is not connected to any nets. (LINT-28)
Warning: In design 'fsa_stripe_STRIPE_ROWS8_COLS32_HEAD_DIM64_DATA_W8_SCORE_W32_PROB_W16_SUM_W32_TAG_W6_LOCAL_ROW_IDX_W3_0', port 'k_bottom_data_o[140]' is not connected to any nets. (LINT-28)
Warning: In design 'fsa_stripe_STRIPE_ROWS8_COLS32_HEAD_DIM64_DATA_W8_SCORE_W32_PROB_W16_SUM_W32_TAG_W6_LOCAL_ROW_IDX_W3_0', port 'k_bottom_data_o[139]' is not connected to any nets. (LINT-28)
Warning: In design 'fsa_stripe_STRIPE_ROWS8_COLS32_HEAD_DIM64_DATA_W8_SCORE_W32_PROB_W16_SUM_W32_TAG_W6_LOCAL_ROW_IDX_W3_0', port 'k_bottom_data_o[138]' is not connected to any nets. (LINT-28)
Warning: In design 'fsa_stripe_STRIPE_ROWS8_COLS32_HEAD_DIM64_DATA_W8_SCORE_W32_PROB_W16_SUM_W32_TAG_W6_LOCAL_ROW_IDX_W3_0', port 'k_bottom_data_o[137]' is not connected to any nets. (LINT-28)
Warning: In design 'fsa_stripe_STRIPE_ROWS8_COLS32_HEAD_DIM64_DATA_W8_SCORE_W32_PROB_W16_SUM_W32_TAG_W6_LOCAL_ROW_IDX_W3_0', port 'k_bottom_data_o[136]' is not connected to any nets. (LINT-28)
Warning: In design 'fsa_stripe_STRIPE_ROWS8_COLS32_HEAD_DIM64_DATA_W8_SCORE_W32_PROB_W16_SUM_W32_TAG_W6_LOCAL_ROW_IDX_W3_0', port 'k_bottom_data_o[135]' is not connected to any nets. (LINT-28)
Warning: In design 'fsa_stripe_STRIPE_ROWS8_COLS32_HEAD_DIM64_DATA_W8_SCORE_W32_PROB_W16_SUM_W32_TAG_W6_LOCAL_ROW_IDX_W3_0', port 'k_bottom_data_o[134]' is not connected to any nets. (LINT-28)
Warning: In design 'fsa_stripe_STRIPE_ROWS8_COLS32_HEAD_DIM64_DATA_W8_SCORE_W32_PROB_W16_SUM_W32_TAG_W6_LOCAL_ROW_IDX_W3_0', port 'k_bottom_data_o[133]' is not connected to any nets. (LINT-28)
Warning: In design 'fsa_stripe_STRIPE_ROWS8_COLS32_HEAD_DIM64_DATA_W8_SCORE_W32_PROB_W16_SUM_W32_TAG_W6_LOCAL_ROW_IDX_W3_0', port 'k_bottom_data_o[132]' is not connected to any nets. (LINT-28)
Warning: In design 'fsa_stripe_STRIPE_ROWS8_COLS32_HEAD_DIM64_DATA_W8_SCORE_W32_PROB_W16_SUM_W32_TAG_W6_LOCAL_ROW_IDX_W3_0', port 'k_bottom_data_o[131]' is not connected to any nets. (LINT-28)
Warning: In design 'fsa_stripe_STRIPE_ROWS8_COLS32_HEAD_DIM64_DATA_W8_SCORE_W32_PROB_W16_SUM_W32_TAG_W6_LOCAL_ROW_IDX_W3_0', port 'k_bottom_data_o[130]' is not connected to any nets. (LINT-28)
Warning: In design 'fsa_stripe_STRIPE_ROWS8_COLS32_HEAD_DIM64_DATA_W8_SCORE_W32_PROB_W16_SUM_W32_TAG_W6_LOCAL_ROW_IDX_W3_0', port 'k_bottom_data_o[129]' is not connected to any nets. (LINT-28)
Warning: In design 'fsa_stripe_STRIPE_ROWS8_COLS32_HEAD_DIM64_DATA_W8_SCORE_W32_PROB_W16_SUM_W32_TAG_W6_LOCAL_ROW_IDX_W3_0', port 'k_bottom_data_o[128]' is not connected to any nets. (LINT-28)
Warning: In design 'fsa_stripe_STRIPE_ROWS8_COLS32_HEAD_DIM64_DATA_W8_SCORE_W32_PROB_W16_SUM_W32_TAG_W6_LOCAL_ROW_IDX_W3_0', port 'k_bottom_data_o[127]' is not connected to any nets. (LINT-28)
Warning: In design 'fsa_stripe_STRIPE_ROWS8_COLS32_HEAD_DIM64_DATA_W8_SCORE_W32_PROB_W16_SUM_W32_TAG_W6_LOCAL_ROW_IDX_W3_0', port 'k_bottom_data_o[126]' is not connected to any nets. (LINT-28)
Warning: In design 'fsa_stripe_STRIPE_ROWS8_COLS32_HEAD_DIM64_DATA_W8_SCORE_W32_PROB_W16_SUM_W32_TAG_W6_LOCAL_ROW_IDX_W3_0', port 'k_bottom_data_o[125]' is not connected to any nets. (LINT-28)
Warning: In design 'fsa_stripe_STRIPE_ROWS8_COLS32_HEAD_DIM64_DATA_W8_SCORE_W32_PROB_W16_SUM_W32_TAG_W6_LOCAL_ROW_IDX_W3_0', port 'k_bottom_data_o[124]' is not connected to any nets. (LINT-28)
Warning: In design 'fsa_stripe_STRIPE_ROWS8_COLS32_HEAD_DIM64_DATA_W8_SCORE_W32_PROB_W16_SUM_W32_TAG_W6_LOCAL_ROW_IDX_W3_0', port 'k_bottom_data_o[123]' is not connected to any nets. (LINT-28)
Warning: In design 'fsa_stripe_STRIPE_ROWS8_COLS32_HEAD_DIM64_DATA_W8_SCORE_W32_PROB_W16_SUM_W32_TAG_W6_LOCAL_ROW_IDX_W3_0', port 'k_bottom_data_o[122]' is not connected to any nets. (LINT-28)
Warning: In design 'fsa_stripe_STRIPE_ROWS8_COLS32_HEAD_DIM64_DATA_W8_SCORE_W32_PROB_W16_SUM_W32_TAG_W6_LOCAL_ROW_IDX_W3_0', port 'k_bottom_data_o[121]' is not connected to any nets. (LINT-28)
Warning: In design 'fsa_stripe_STRIPE_ROWS8_COLS32_HEAD_DIM64_DATA_W8_SCORE_W32_PROB_W16_SUM_W32_TAG_W6_LOCAL_ROW_IDX_W3_0', port 'k_bottom_data_o[120]' is not connected to any nets. (LINT-28)
Warning: In design 'fsa_stripe_STRIPE_ROWS8_COLS32_HEAD_DIM64_DATA_W8_SCORE_W32_PROB_W16_SUM_W32_TAG_W6_LOCAL_ROW_IDX_W3_0', port 'k_bottom_data_o[119]' is not connected to any nets. (LINT-28)
Warning: In design 'fsa_stripe_STRIPE_ROWS8_COLS32_HEAD_DIM64_DATA_W8_SCORE_W32_PROB_W16_SUM_W32_TAG_W6_LOCAL_ROW_IDX_W3_0', port 'k_bottom_data_o[118]' is not connected to any nets. (LINT-28)
Warning: In design 'fsa_stripe_STRIPE_ROWS8_COLS32_HEAD_DIM64_DATA_W8_SCORE_W32_PROB_W16_SUM_W32_TAG_W6_LOCAL_ROW_IDX_W3_0', port 'k_bottom_data_o[117]' is not connected to any nets. (LINT-28)
Warning: In design 'fsa_stripe_STRIPE_ROWS8_COLS32_HEAD_DIM64_DATA_W8_SCORE_W32_PROB_W16_SUM_W32_TAG_W6_LOCAL_ROW_IDX_W3_0', port 'k_bottom_data_o[116]' is not connected to any nets. (LINT-28)
Warning: In design 'fsa_stripe_STRIPE_ROWS8_COLS32_HEAD_DIM64_DATA_W8_SCORE_W32_PROB_W16_SUM_W32_TAG_W6_LOCAL_ROW_IDX_W3_0', port 'k_bottom_data_o[115]' is not connected to any nets. (LINT-28)
Warning: In design 'fsa_stripe_STRIPE_ROWS8_COLS32_HEAD_DIM64_DATA_W8_SCORE_W32_PROB_W16_SUM_W32_TAG_W6_LOCAL_ROW_IDX_W3_0', port 'k_bottom_data_o[114]' is not connected to any nets. (LINT-28)
Warning: In design 'fsa_stripe_STRIPE_ROWS8_COLS32_HEAD_DIM64_DATA_W8_SCORE_W32_PROB_W16_SUM_W32_TAG_W6_LOCAL_ROW_IDX_W3_0', port 'k_bottom_data_o[113]' is not connected to any nets. (LINT-28)
Warning: In design 'fsa_stripe_STRIPE_ROWS8_COLS32_HEAD_DIM64_DATA_W8_SCORE_W32_PROB_W16_SUM_W32_TAG_W6_LOCAL_ROW_IDX_W3_0', port 'k_bottom_data_o[112]' is not connected to any nets. (LINT-28)
Warning: In design 'fsa_stripe_STRIPE_ROWS8_COLS32_HEAD_DIM64_DATA_W8_SCORE_W32_PROB_W16_SUM_W32_TAG_W6_LOCAL_ROW_IDX_W3_0', port 'k_bottom_data_o[111]' is not connected to any nets. (LINT-28)
Warning: In design 'fsa_stripe_STRIPE_ROWS8_COLS32_HEAD_DIM64_DATA_W8_SCORE_W32_PROB_W16_SUM_W32_TAG_W6_LOCAL_ROW_IDX_W3_0', port 'k_bottom_data_o[110]' is not connected to any nets. (LINT-28)
Warning: In design 'fsa_stripe_STRIPE_ROWS8_COLS32_HEAD_DIM64_DATA_W8_SCORE_W32_PROB_W16_SUM_W32_TAG_W6_LOCAL_ROW_IDX_W3_0', port 'k_bottom_data_o[109]' is not connected to any nets. (LINT-28)
Warning: In design 'fsa_stripe_STRIPE_ROWS8_COLS32_HEAD_DIM64_DATA_W8_SCORE_W32_PROB_W16_SUM_W32_TAG_W6_LOCAL_ROW_IDX_W3_0', port 'k_bottom_data_o[108]' is not connected to any nets. (LINT-28)
Warning: In design 'fsa_stripe_STRIPE_ROWS8_COLS32_HEAD_DIM64_DATA_W8_SCORE_W32_PROB_W16_SUM_W32_TAG_W6_LOCAL_ROW_IDX_W3_0', port 'k_bottom_data_o[107]' is not connected to any nets. (LINT-28)
Warning: In design 'fsa_stripe_STRIPE_ROWS8_COLS32_HEAD_DIM64_DATA_W8_SCORE_W32_PROB_W16_SUM_W32_TAG_W6_LOCAL_ROW_IDX_W3_0', port 'k_bottom_data_o[106]' is not connected to any nets. (LINT-28)
Warning: In design 'fsa_stripe_STRIPE_ROWS8_COLS32_HEAD_DIM64_DATA_W8_SCORE_W32_PROB_W16_SUM_W32_TAG_W6_LOCAL_ROW_IDX_W3_0', port 'k_bottom_data_o[105]' is not connected to any nets. (LINT-28)
Warning: In design 'fsa_stripe_STRIPE_ROWS8_COLS32_HEAD_DIM64_DATA_W8_SCORE_W32_PROB_W16_SUM_W32_TAG_W6_LOCAL_ROW_IDX_W3_0', port 'k_bottom_data_o[104]' is not connected to any nets. (LINT-28)
Warning: In design 'fsa_stripe_STRIPE_ROWS8_COLS32_HEAD_DIM64_DATA_W8_SCORE_W32_PROB_W16_SUM_W32_TAG_W6_LOCAL_ROW_IDX_W3_0', port 'k_bottom_data_o[103]' is not connected to any nets. (LINT-28)
Warning: In design 'fsa_stripe_STRIPE_ROWS8_COLS32_HEAD_DIM64_DATA_W8_SCORE_W32_PROB_W16_SUM_W32_TAG_W6_LOCAL_ROW_IDX_W3_0', port 'k_bottom_data_o[102]' is not connected to any nets. (LINT-28)
Warning: In design 'fsa_stripe_STRIPE_ROWS8_COLS32_HEAD_DIM64_DATA_W8_SCORE_W32_PROB_W16_SUM_W32_TAG_W6_LOCAL_ROW_IDX_W3_0', port 'k_bottom_data_o[101]' is not connected to any nets. (LINT-28)
Warning: In design 'fsa_stripe_STRIPE_ROWS8_COLS32_HEAD_DIM64_DATA_W8_SCORE_W32_PROB_W16_SUM_W32_TAG_W6_LOCAL_ROW_IDX_W3_0', port 'k_bottom_data_o[100]' is not connected to any nets. (LINT-28)
Warning: In design 'fsa_stripe_STRIPE_ROWS8_COLS32_HEAD_DIM64_DATA_W8_SCORE_W32_PROB_W16_SUM_W32_TAG_W6_LOCAL_ROW_IDX_W3_0', port 'k_bottom_data_o[99]' is not connected to any nets. (LINT-28)
Warning: In design 'fsa_stripe_STRIPE_ROWS8_COLS32_HEAD_DIM64_DATA_W8_SCORE_W32_PROB_W16_SUM_W32_TAG_W6_LOCAL_ROW_IDX_W3_0', port 'k_bottom_data_o[98]' is not connected to any nets. (LINT-28)
Warning: In design 'fsa_stripe_STRIPE_ROWS8_COLS32_HEAD_DIM64_DATA_W8_SCORE_W32_PROB_W16_SUM_W32_TAG_W6_LOCAL_ROW_IDX_W3_0', port 'k_bottom_data_o[97]' is not connected to any nets. (LINT-28)
Warning: In design 'fsa_stripe_STRIPE_ROWS8_COLS32_HEAD_DIM64_DATA_W8_SCORE_W32_PROB_W16_SUM_W32_TAG_W6_LOCAL_ROW_IDX_W3_0', port 'k_bottom_data_o[96]' is not connected to any nets. (LINT-28)
Warning: In design 'fsa_stripe_STRIPE_ROWS8_COLS32_HEAD_DIM64_DATA_W8_SCORE_W32_PROB_W16_SUM_W32_TAG_W6_LOCAL_ROW_IDX_W3_0', port 'k_bottom_data_o[95]' is not connected to any nets. (LINT-28)
Warning: In design 'fsa_stripe_STRIPE_ROWS8_COLS32_HEAD_DIM64_DATA_W8_SCORE_W32_PROB_W16_SUM_W32_TAG_W6_LOCAL_ROW_IDX_W3_0', port 'k_bottom_data_o[94]' is not connected to any nets. (LINT-28)
Warning: In design 'fsa_stripe_STRIPE_ROWS8_COLS32_HEAD_DIM64_DATA_W8_SCORE_W32_PROB_W16_SUM_W32_TAG_W6_LOCAL_ROW_IDX_W3_0', port 'k_bottom_data_o[93]' is not connected to any nets. (LINT-28)
Warning: In design 'fsa_stripe_STRIPE_ROWS8_COLS32_HEAD_DIM64_DATA_W8_SCORE_W32_PROB_W16_SUM_W32_TAG_W6_LOCAL_ROW_IDX_W3_0', port 'k_bottom_data_o[92]' is not connected to any nets. (LINT-28)
Warning: In design 'fsa_stripe_STRIPE_ROWS8_COLS32_HEAD_DIM64_DATA_W8_SCORE_W32_PROB_W16_SUM_W32_TAG_W6_LOCAL_ROW_IDX_W3_0', port 'k_bottom_data_o[91]' is not connected to any nets. (LINT-28)
Warning: In design 'fsa_stripe_STRIPE_ROWS8_COLS32_HEAD_DIM64_DATA_W8_SCORE_W32_PROB_W16_SUM_W32_TAG_W6_LOCAL_ROW_IDX_W3_0', port 'k_bottom_data_o[90]' is not connected to any nets. (LINT-28)
Warning: In design 'fsa_stripe_STRIPE_ROWS8_COLS32_HEAD_DIM64_DATA_W8_SCORE_W32_PROB_W16_SUM_W32_TAG_W6_LOCAL_ROW_IDX_W3_0', port 'k_bottom_data_o[89]' is not connected to any nets. (LINT-28)
Warning: In design 'fsa_stripe_STRIPE_ROWS8_COLS32_HEAD_DIM64_DATA_W8_SCORE_W32_PROB_W16_SUM_W32_TAG_W6_LOCAL_ROW_IDX_W3_0', port 'k_bottom_data_o[88]' is not connected to any nets. (LINT-28)
Warning: In design 'fsa_stripe_STRIPE_ROWS8_COLS32_HEAD_DIM64_DATA_W8_SCORE_W32_PROB_W16_SUM_W32_TAG_W6_LOCAL_ROW_IDX_W3_0', port 'k_bottom_data_o[87]' is not connected to any nets. (LINT-28)
Warning: In design 'fsa_stripe_STRIPE_ROWS8_COLS32_HEAD_DIM64_DATA_W8_SCORE_W32_PROB_W16_SUM_W32_TAG_W6_LOCAL_ROW_IDX_W3_0', port 'k_bottom_data_o[86]' is not connected to any nets. (LINT-28)
Warning: In design 'fsa_stripe_STRIPE_ROWS8_COLS32_HEAD_DIM64_DATA_W8_SCORE_W32_PROB_W16_SUM_W32_TAG_W6_LOCAL_ROW_IDX_W3_0', port 'k_bottom_data_o[85]' is not connected to any nets. (LINT-28)
Warning: In design 'fsa_stripe_STRIPE_ROWS8_COLS32_HEAD_DIM64_DATA_W8_SCORE_W32_PROB_W16_SUM_W32_TAG_W6_LOCAL_ROW_IDX_W3_0', port 'k_bottom_data_o[84]' is not connected to any nets. (LINT-28)
Warning: In design 'fsa_stripe_STRIPE_ROWS8_COLS32_HEAD_DIM64_DATA_W8_SCORE_W32_PROB_W16_SUM_W32_TAG_W6_LOCAL_ROW_IDX_W3_0', port 'k_bottom_data_o[83]' is not connected to any nets. (LINT-28)
Warning: In design 'fsa_stripe_STRIPE_ROWS8_COLS32_HEAD_DIM64_DATA_W8_SCORE_W32_PROB_W16_SUM_W32_TAG_W6_LOCAL_ROW_IDX_W3_0', port 'k_bottom_data_o[82]' is not connected to any nets. (LINT-28)
Warning: In design 'fsa_stripe_STRIPE_ROWS8_COLS32_HEAD_DIM64_DATA_W8_SCORE_W32_PROB_W16_SUM_W32_TAG_W6_LOCAL_ROW_IDX_W3_0', port 'k_bottom_data_o[81]' is not connected to any nets. (LINT-28)
Warning: In design 'fsa_stripe_STRIPE_ROWS8_COLS32_HEAD_DIM64_DATA_W8_SCORE_W32_PROB_W16_SUM_W32_TAG_W6_LOCAL_ROW_IDX_W3_0', port 'k_bottom_data_o[80]' is not connected to any nets. (LINT-28)
Warning: In design 'fsa_stripe_STRIPE_ROWS8_COLS32_HEAD_DIM64_DATA_W8_SCORE_W32_PROB_W16_SUM_W32_TAG_W6_LOCAL_ROW_IDX_W3_0', port 'k_bottom_data_o[79]' is not connected to any nets. (LINT-28)
Warning: In design 'fsa_stripe_STRIPE_ROWS8_COLS32_HEAD_DIM64_DATA_W8_SCORE_W32_PROB_W16_SUM_W32_TAG_W6_LOCAL_ROW_IDX_W3_0', port 'k_bottom_data_o[78]' is not connected to any nets. (LINT-28)
Warning: In design 'fsa_stripe_STRIPE_ROWS8_COLS32_HEAD_DIM64_DATA_W8_SCORE_W32_PROB_W16_SUM_W32_TAG_W6_LOCAL_ROW_IDX_W3_0', port 'k_bottom_data_o[77]' is not connected to any nets. (LINT-28)
Warning: In design 'fsa_stripe_STRIPE_ROWS8_COLS32_HEAD_DIM64_DATA_W8_SCORE_W32_PROB_W16_SUM_W32_TAG_W6_LOCAL_ROW_IDX_W3_0', port 'k_bottom_data_o[76]' is not connected to any nets. (LINT-28)
Warning: In design 'fsa_stripe_STRIPE_ROWS8_COLS32_HEAD_DIM64_DATA_W8_SCORE_W32_PROB_W16_SUM_W32_TAG_W6_LOCAL_ROW_IDX_W3_0', port 'k_bottom_data_o[75]' is not connected to any nets. (LINT-28)
Warning: In design 'fsa_stripe_STRIPE_ROWS8_COLS32_HEAD_DIM64_DATA_W8_SCORE_W32_PROB_W16_SUM_W32_TAG_W6_LOCAL_ROW_IDX_W3_0', port 'k_bottom_data_o[74]' is not connected to any nets. (LINT-28)
Warning: In design 'fsa_stripe_STRIPE_ROWS8_COLS32_HEAD_DIM64_DATA_W8_SCORE_W32_PROB_W16_SUM_W32_TAG_W6_LOCAL_ROW_IDX_W3_0', port 'k_bottom_data_o[73]' is not connected to any nets. (LINT-28)
Warning: In design 'fsa_stripe_STRIPE_ROWS8_COLS32_HEAD_DIM64_DATA_W8_SCORE_W32_PROB_W16_SUM_W32_TAG_W6_LOCAL_ROW_IDX_W3_0', port 'k_bottom_data_o[72]' is not connected to any nets. (LINT-28)
Warning: In design 'fsa_stripe_STRIPE_ROWS8_COLS32_HEAD_DIM64_DATA_W8_SCORE_W32_PROB_W16_SUM_W32_TAG_W6_LOCAL_ROW_IDX_W3_0', port 'k_bottom_data_o[71]' is not connected to any nets. (LINT-28)
Warning: In design 'fsa_stripe_STRIPE_ROWS8_COLS32_HEAD_DIM64_DATA_W8_SCORE_W32_PROB_W16_SUM_W32_TAG_W6_LOCAL_ROW_IDX_W3_0', port 'k_bottom_data_o[70]' is not connected to any nets. (LINT-28)
Warning: In design 'fsa_stripe_STRIPE_ROWS8_COLS32_HEAD_DIM64_DATA_W8_SCORE_W32_PROB_W16_SUM_W32_TAG_W6_LOCAL_ROW_IDX_W3_0', port 'k_bottom_data_o[69]' is not connected to any nets. (LINT-28)
Warning: In design 'fsa_stripe_STRIPE_ROWS8_COLS32_HEAD_DIM64_DATA_W8_SCORE_W32_PROB_W16_SUM_W32_TAG_W6_LOCAL_ROW_IDX_W3_0', port 'k_bottom_data_o[68]' is not connected to any nets. (LINT-28)
Warning: In design 'fsa_stripe_STRIPE_ROWS8_COLS32_HEAD_DIM64_DATA_W8_SCORE_W32_PROB_W16_SUM_W32_TAG_W6_LOCAL_ROW_IDX_W3_0', port 'k_bottom_data_o[67]' is not connected to any nets. (LINT-28)
Warning: In design 'fsa_stripe_STRIPE_ROWS8_COLS32_HEAD_DIM64_DATA_W8_SCORE_W32_PROB_W16_SUM_W32_TAG_W6_LOCAL_ROW_IDX_W3_0', port 'k_bottom_data_o[66]' is not connected to any nets. (LINT-28)
Warning: In design 'fsa_stripe_STRIPE_ROWS8_COLS32_HEAD_DIM64_DATA_W8_SCORE_W32_PROB_W16_SUM_W32_TAG_W6_LOCAL_ROW_IDX_W3_0', port 'k_bottom_data_o[65]' is not connected to any nets. (LINT-28)
Warning: In design 'fsa_stripe_STRIPE_ROWS8_COLS32_HEAD_DIM64_DATA_W8_SCORE_W32_PROB_W16_SUM_W32_TAG_W6_LOCAL_ROW_IDX_W3_0', port 'k_bottom_data_o[64]' is not connected to any nets. (LINT-28)
Warning: In design 'fsa_stripe_STRIPE_ROWS8_COLS32_HEAD_DIM64_DATA_W8_SCORE_W32_PROB_W16_SUM_W32_TAG_W6_LOCAL_ROW_IDX_W3_0', port 'k_bottom_data_o[63]' is not connected to any nets. (LINT-28)
Warning: In design 'fsa_stripe_STRIPE_ROWS8_COLS32_HEAD_DIM64_DATA_W8_SCORE_W32_PROB_W16_SUM_W32_TAG_W6_LOCAL_ROW_IDX_W3_0', port 'k_bottom_data_o[62]' is not connected to any nets. (LINT-28)
Warning: In design 'fsa_stripe_STRIPE_ROWS8_COLS32_HEAD_DIM64_DATA_W8_SCORE_W32_PROB_W16_SUM_W32_TAG_W6_LOCAL_ROW_IDX_W3_0', port 'k_bottom_data_o[61]' is not connected to any nets. (LINT-28)
Warning: In design 'fsa_stripe_STRIPE_ROWS8_COLS32_HEAD_DIM64_DATA_W8_SCORE_W32_PROB_W16_SUM_W32_TAG_W6_LOCAL_ROW_IDX_W3_0', port 'k_bottom_data_o[60]' is not connected to any nets. (LINT-28)
Warning: In design 'fsa_stripe_STRIPE_ROWS8_COLS32_HEAD_DIM64_DATA_W8_SCORE_W32_PROB_W16_SUM_W32_TAG_W6_LOCAL_ROW_IDX_W3_0', port 'k_bottom_data_o[59]' is not connected to any nets. (LINT-28)
Warning: In design 'fsa_stripe_STRIPE_ROWS8_COLS32_HEAD_DIM64_DATA_W8_SCORE_W32_PROB_W16_SUM_W32_TAG_W6_LOCAL_ROW_IDX_W3_0', port 'k_bottom_data_o[58]' is not connected to any nets. (LINT-28)
Warning: In design 'fsa_stripe_STRIPE_ROWS8_COLS32_HEAD_DIM64_DATA_W8_SCORE_W32_PROB_W16_SUM_W32_TAG_W6_LOCAL_ROW_IDX_W3_0', port 'k_bottom_data_o[57]' is not connected to any nets. (LINT-28)
Warning: In design 'fsa_stripe_STRIPE_ROWS8_COLS32_HEAD_DIM64_DATA_W8_SCORE_W32_PROB_W16_SUM_W32_TAG_W6_LOCAL_ROW_IDX_W3_0', port 'k_bottom_data_o[56]' is not connected to any nets. (LINT-28)
Warning: In design 'fsa_stripe_STRIPE_ROWS8_COLS32_HEAD_DIM64_DATA_W8_SCORE_W32_PROB_W16_SUM_W32_TAG_W6_LOCAL_ROW_IDX_W3_0', port 'k_bottom_data_o[55]' is not connected to any nets. (LINT-28)
Warning: In design 'fsa_stripe_STRIPE_ROWS8_COLS32_HEAD_DIM64_DATA_W8_SCORE_W32_PROB_W16_SUM_W32_TAG_W6_LOCAL_ROW_IDX_W3_0', port 'k_bottom_data_o[54]' is not connected to any nets. (LINT-28)
Warning: In design 'fsa_stripe_STRIPE_ROWS8_COLS32_HEAD_DIM64_DATA_W8_SCORE_W32_PROB_W16_SUM_W32_TAG_W6_LOCAL_ROW_IDX_W3_0', port 'k_bottom_data_o[53]' is not connected to any nets. (LINT-28)
Warning: In design 'fsa_stripe_STRIPE_ROWS8_COLS32_HEAD_DIM64_DATA_W8_SCORE_W32_PROB_W16_SUM_W32_TAG_W6_LOCAL_ROW_IDX_W3_0', port 'k_bottom_data_o[52]' is not connected to any nets. (LINT-28)
Warning: In design 'fsa_stripe_STRIPE_ROWS8_COLS32_HEAD_DIM64_DATA_W8_SCORE_W32_PROB_W16_SUM_W32_TAG_W6_LOCAL_ROW_IDX_W3_0', port 'k_bottom_data_o[51]' is not connected to any nets. (LINT-28)
Warning: In design 'fsa_stripe_STRIPE_ROWS8_COLS32_HEAD_DIM64_DATA_W8_SCORE_W32_PROB_W16_SUM_W32_TAG_W6_LOCAL_ROW_IDX_W3_0', port 'k_bottom_data_o[50]' is not connected to any nets. (LINT-28)
Warning: In design 'fsa_stripe_STRIPE_ROWS8_COLS32_HEAD_DIM64_DATA_W8_SCORE_W32_PROB_W16_SUM_W32_TAG_W6_LOCAL_ROW_IDX_W3_0', port 'k_bottom_data_o[49]' is not connected to any nets. (LINT-28)
Warning: In design 'fsa_stripe_STRIPE_ROWS8_COLS32_HEAD_DIM64_DATA_W8_SCORE_W32_PROB_W16_SUM_W32_TAG_W6_LOCAL_ROW_IDX_W3_0', port 'k_bottom_data_o[48]' is not connected to any nets. (LINT-28)
Warning: In design 'fsa_stripe_STRIPE_ROWS8_COLS32_HEAD_DIM64_DATA_W8_SCORE_W32_PROB_W16_SUM_W32_TAG_W6_LOCAL_ROW_IDX_W3_0', port 'k_bottom_data_o[47]' is not connected to any nets. (LINT-28)
Warning: In design 'fsa_stripe_STRIPE_ROWS8_COLS32_HEAD_DIM64_DATA_W8_SCORE_W32_PROB_W16_SUM_W32_TAG_W6_LOCAL_ROW_IDX_W3_0', port 'k_bottom_data_o[46]' is not connected to any nets. (LINT-28)
Warning: In design 'fsa_stripe_STRIPE_ROWS8_COLS32_HEAD_DIM64_DATA_W8_SCORE_W32_PROB_W16_SUM_W32_TAG_W6_LOCAL_ROW_IDX_W3_0', port 'k_bottom_data_o[45]' is not connected to any nets. (LINT-28)
Warning: In design 'fsa_stripe_STRIPE_ROWS8_COLS32_HEAD_DIM64_DATA_W8_SCORE_W32_PROB_W16_SUM_W32_TAG_W6_LOCAL_ROW_IDX_W3_0', port 'k_bottom_data_o[44]' is not connected to any nets. (LINT-28)
Warning: In design 'fsa_stripe_STRIPE_ROWS8_COLS32_HEAD_DIM64_DATA_W8_SCORE_W32_PROB_W16_SUM_W32_TAG_W6_LOCAL_ROW_IDX_W3_0', port 'k_bottom_data_o[43]' is not connected to any nets. (LINT-28)
Warning: In design 'fsa_stripe_STRIPE_ROWS8_COLS32_HEAD_DIM64_DATA_W8_SCORE_W32_PROB_W16_SUM_W32_TAG_W6_LOCAL_ROW_IDX_W3_0', port 'k_bottom_data_o[42]' is not connected to any nets. (LINT-28)
Warning: In design 'fsa_stripe_STRIPE_ROWS8_COLS32_HEAD_DIM64_DATA_W8_SCORE_W32_PROB_W16_SUM_W32_TAG_W6_LOCAL_ROW_IDX_W3_0', port 'k_bottom_data_o[41]' is not connected to any nets. (LINT-28)
Warning: In design 'fsa_stripe_STRIPE_ROWS8_COLS32_HEAD_DIM64_DATA_W8_SCORE_W32_PROB_W16_SUM_W32_TAG_W6_LOCAL_ROW_IDX_W3_0', port 'k_bottom_data_o[40]' is not connected to any nets. (LINT-28)
Warning: In design 'fsa_stripe_STRIPE_ROWS8_COLS32_HEAD_DIM64_DATA_W8_SCORE_W32_PROB_W16_SUM_W32_TAG_W6_LOCAL_ROW_IDX_W3_0', port 'k_bottom_data_o[39]' is not connected to any nets. (LINT-28)
Warning: In design 'fsa_stripe_STRIPE_ROWS8_COLS32_HEAD_DIM64_DATA_W8_SCORE_W32_PROB_W16_SUM_W32_TAG_W6_LOCAL_ROW_IDX_W3_0', port 'k_bottom_data_o[38]' is not connected to any nets. (LINT-28)
Warning: In design 'fsa_stripe_STRIPE_ROWS8_COLS32_HEAD_DIM64_DATA_W8_SCORE_W32_PROB_W16_SUM_W32_TAG_W6_LOCAL_ROW_IDX_W3_0', port 'k_bottom_data_o[37]' is not connected to any nets. (LINT-28)
Warning: In design 'fsa_stripe_STRIPE_ROWS8_COLS32_HEAD_DIM64_DATA_W8_SCORE_W32_PROB_W16_SUM_W32_TAG_W6_LOCAL_ROW_IDX_W3_0', port 'k_bottom_data_o[36]' is not connected to any nets. (LINT-28)
Warning: In design 'fsa_stripe_STRIPE_ROWS8_COLS32_HEAD_DIM64_DATA_W8_SCORE_W32_PROB_W16_SUM_W32_TAG_W6_LOCAL_ROW_IDX_W3_0', port 'k_bottom_data_o[35]' is not connected to any nets. (LINT-28)
Warning: In design 'fsa_stripe_STRIPE_ROWS8_COLS32_HEAD_DIM64_DATA_W8_SCORE_W32_PROB_W16_SUM_W32_TAG_W6_LOCAL_ROW_IDX_W3_0', port 'k_bottom_data_o[34]' is not connected to any nets. (LINT-28)
Warning: In design 'fsa_stripe_STRIPE_ROWS8_COLS32_HEAD_DIM64_DATA_W8_SCORE_W32_PROB_W16_SUM_W32_TAG_W6_LOCAL_ROW_IDX_W3_0', port 'k_bottom_data_o[33]' is not connected to any nets. (LINT-28)
Warning: In design 'fsa_stripe_STRIPE_ROWS8_COLS32_HEAD_DIM64_DATA_W8_SCORE_W32_PROB_W16_SUM_W32_TAG_W6_LOCAL_ROW_IDX_W3_0', port 'k_bottom_data_o[32]' is not connected to any nets. (LINT-28)
Warning: In design 'fsa_stripe_STRIPE_ROWS8_COLS32_HEAD_DIM64_DATA_W8_SCORE_W32_PROB_W16_SUM_W32_TAG_W6_LOCAL_ROW_IDX_W3_0', port 'k_bottom_data_o[31]' is not connected to any nets. (LINT-28)
Warning: In design 'fsa_stripe_STRIPE_ROWS8_COLS32_HEAD_DIM64_DATA_W8_SCORE_W32_PROB_W16_SUM_W32_TAG_W6_LOCAL_ROW_IDX_W3_0', port 'k_bottom_data_o[30]' is not connected to any nets. (LINT-28)
Warning: In design 'fsa_stripe_STRIPE_ROWS8_COLS32_HEAD_DIM64_DATA_W8_SCORE_W32_PROB_W16_SUM_W32_TAG_W6_LOCAL_ROW_IDX_W3_0', port 'k_bottom_data_o[29]' is not connected to any nets. (LINT-28)
Warning: In design 'fsa_stripe_STRIPE_ROWS8_COLS32_HEAD_DIM64_DATA_W8_SCORE_W32_PROB_W16_SUM_W32_TAG_W6_LOCAL_ROW_IDX_W3_0', port 'k_bottom_data_o[28]' is not connected to any nets. (LINT-28)
Warning: In design 'fsa_stripe_STRIPE_ROWS8_COLS32_HEAD_DIM64_DATA_W8_SCORE_W32_PROB_W16_SUM_W32_TAG_W6_LOCAL_ROW_IDX_W3_0', port 'k_bottom_data_o[27]' is not connected to any nets. (LINT-28)
Warning: In design 'fsa_stripe_STRIPE_ROWS8_COLS32_HEAD_DIM64_DATA_W8_SCORE_W32_PROB_W16_SUM_W32_TAG_W6_LOCAL_ROW_IDX_W3_0', port 'k_bottom_data_o[26]' is not connected to any nets. (LINT-28)
Warning: In design 'fsa_stripe_STRIPE_ROWS8_COLS32_HEAD_DIM64_DATA_W8_SCORE_W32_PROB_W16_SUM_W32_TAG_W6_LOCAL_ROW_IDX_W3_0', port 'k_bottom_data_o[25]' is not connected to any nets. (LINT-28)
Warning: In design 'fsa_stripe_STRIPE_ROWS8_COLS32_HEAD_DIM64_DATA_W8_SCORE_W32_PROB_W16_SUM_W32_TAG_W6_LOCAL_ROW_IDX_W3_0', port 'k_bottom_data_o[24]' is not connected to any nets. (LINT-28)
Warning: In design 'fsa_stripe_STRIPE_ROWS8_COLS32_HEAD_DIM64_DATA_W8_SCORE_W32_PROB_W16_SUM_W32_TAG_W6_LOCAL_ROW_IDX_W3_0', port 'k_bottom_data_o[23]' is not connected to any nets. (LINT-28)
Warning: In design 'fsa_stripe_STRIPE_ROWS8_COLS32_HEAD_DIM64_DATA_W8_SCORE_W32_PROB_W16_SUM_W32_TAG_W6_LOCAL_ROW_IDX_W3_0', port 'k_bottom_data_o[22]' is not connected to any nets. (LINT-28)
Warning: In design 'fsa_stripe_STRIPE_ROWS8_COLS32_HEAD_DIM64_DATA_W8_SCORE_W32_PROB_W16_SUM_W32_TAG_W6_LOCAL_ROW_IDX_W3_0', port 'k_bottom_data_o[21]' is not connected to any nets. (LINT-28)
Warning: In design 'fsa_stripe_STRIPE_ROWS8_COLS32_HEAD_DIM64_DATA_W8_SCORE_W32_PROB_W16_SUM_W32_TAG_W6_LOCAL_ROW_IDX_W3_0', port 'k_bottom_data_o[20]' is not connected to any nets. (LINT-28)
Warning: In design 'fsa_stripe_STRIPE_ROWS8_COLS32_HEAD_DIM64_DATA_W8_SCORE_W32_PROB_W16_SUM_W32_TAG_W6_LOCAL_ROW_IDX_W3_0', port 'k_bottom_data_o[19]' is not connected to any nets. (LINT-28)
Warning: In design 'fsa_stripe_STRIPE_ROWS8_COLS32_HEAD_DIM64_DATA_W8_SCORE_W32_PROB_W16_SUM_W32_TAG_W6_LOCAL_ROW_IDX_W3_0', port 'k_bottom_data_o[18]' is not connected to any nets. (LINT-28)
Warning: In design 'fsa_stripe_STRIPE_ROWS8_COLS32_HEAD_DIM64_DATA_W8_SCORE_W32_PROB_W16_SUM_W32_TAG_W6_LOCAL_ROW_IDX_W3_0', port 'k_bottom_data_o[17]' is not connected to any nets. (LINT-28)
Warning: In design 'fsa_stripe_STRIPE_ROWS8_COLS32_HEAD_DIM64_DATA_W8_SCORE_W32_PROB_W16_SUM_W32_TAG_W6_LOCAL_ROW_IDX_W3_0', port 'k_bottom_data_o[16]' is not connected to any nets. (LINT-28)
Warning: In design 'fsa_stripe_STRIPE_ROWS8_COLS32_HEAD_DIM64_DATA_W8_SCORE_W32_PROB_W16_SUM_W32_TAG_W6_LOCAL_ROW_IDX_W3_0', port 'k_bottom_data_o[15]' is not connected to any nets. (LINT-28)
Warning: In design 'fsa_stripe_STRIPE_ROWS8_COLS32_HEAD_DIM64_DATA_W8_SCORE_W32_PROB_W16_SUM_W32_TAG_W6_LOCAL_ROW_IDX_W3_0', port 'k_bottom_data_o[14]' is not connected to any nets. (LINT-28)
Warning: In design 'fsa_stripe_STRIPE_ROWS8_COLS32_HEAD_DIM64_DATA_W8_SCORE_W32_PROB_W16_SUM_W32_TAG_W6_LOCAL_ROW_IDX_W3_0', port 'k_bottom_data_o[13]' is not connected to any nets. (LINT-28)
Warning: In design 'fsa_stripe_STRIPE_ROWS8_COLS32_HEAD_DIM64_DATA_W8_SCORE_W32_PROB_W16_SUM_W32_TAG_W6_LOCAL_ROW_IDX_W3_0', port 'k_bottom_data_o[12]' is not connected to any nets. (LINT-28)
Warning: In design 'fsa_stripe_STRIPE_ROWS8_COLS32_HEAD_DIM64_DATA_W8_SCORE_W32_PROB_W16_SUM_W32_TAG_W6_LOCAL_ROW_IDX_W3_0', port 'k_bottom_data_o[11]' is not connected to any nets. (LINT-28)
Warning: In design 'fsa_stripe_STRIPE_ROWS8_COLS32_HEAD_DIM64_DATA_W8_SCORE_W32_PROB_W16_SUM_W32_TAG_W6_LOCAL_ROW_IDX_W3_0', port 'k_bottom_data_o[10]' is not connected to any nets. (LINT-28)
Warning: In design 'fsa_stripe_STRIPE_ROWS8_COLS32_HEAD_DIM64_DATA_W8_SCORE_W32_PROB_W16_SUM_W32_TAG_W6_LOCAL_ROW_IDX_W3_0', port 'k_bottom_data_o[9]' is not connected to any nets. (LINT-28)
Warning: In design 'fsa_stripe_STRIPE_ROWS8_COLS32_HEAD_DIM64_DATA_W8_SCORE_W32_PROB_W16_SUM_W32_TAG_W6_LOCAL_ROW_IDX_W3_0', port 'k_bottom_data_o[8]' is not connected to any nets. (LINT-28)
Warning: In design 'fsa_stripe_STRIPE_ROWS8_COLS32_HEAD_DIM64_DATA_W8_SCORE_W32_PROB_W16_SUM_W32_TAG_W6_LOCAL_ROW_IDX_W3_0', port 'k_bottom_data_o[7]' is not connected to any nets. (LINT-28)
Warning: In design 'fsa_stripe_STRIPE_ROWS8_COLS32_HEAD_DIM64_DATA_W8_SCORE_W32_PROB_W16_SUM_W32_TAG_W6_LOCAL_ROW_IDX_W3_0', port 'k_bottom_data_o[6]' is not connected to any nets. (LINT-28)
Warning: In design 'fsa_stripe_STRIPE_ROWS8_COLS32_HEAD_DIM64_DATA_W8_SCORE_W32_PROB_W16_SUM_W32_TAG_W6_LOCAL_ROW_IDX_W3_0', port 'k_bottom_data_o[5]' is not connected to any nets. (LINT-28)
Warning: In design 'fsa_stripe_STRIPE_ROWS8_COLS32_HEAD_DIM64_DATA_W8_SCORE_W32_PROB_W16_SUM_W32_TAG_W6_LOCAL_ROW_IDX_W3_0', port 'k_bottom_data_o[4]' is not connected to any nets. (LINT-28)
Warning: In design 'fsa_stripe_STRIPE_ROWS8_COLS32_HEAD_DIM64_DATA_W8_SCORE_W32_PROB_W16_SUM_W32_TAG_W6_LOCAL_ROW_IDX_W3_0', port 'k_bottom_data_o[3]' is not connected to any nets. (LINT-28)
Warning: In design 'fsa_stripe_STRIPE_ROWS8_COLS32_HEAD_DIM64_DATA_W8_SCORE_W32_PROB_W16_SUM_W32_TAG_W6_LOCAL_ROW_IDX_W3_0', port 'k_bottom_data_o[2]' is not connected to any nets. (LINT-28)
Warning: In design 'fsa_stripe_STRIPE_ROWS8_COLS32_HEAD_DIM64_DATA_W8_SCORE_W32_PROB_W16_SUM_W32_TAG_W6_LOCAL_ROW_IDX_W3_0', port 'k_bottom_data_o[1]' is not connected to any nets. (LINT-28)
Warning: In design 'fsa_stripe_STRIPE_ROWS8_COLS32_HEAD_DIM64_DATA_W8_SCORE_W32_PROB_W16_SUM_W32_TAG_W6_LOCAL_ROW_IDX_W3_0', port 'k_bottom_data_o[0]' is not connected to any nets. (LINT-28)
Warning: In design 'fsa_stripe_STRIPE_ROWS8_COLS32_HEAD_DIM64_DATA_W8_SCORE_W32_PROB_W16_SUM_W32_TAG_W6_LOCAL_ROW_IDX_W3_0', port 'k_bottom_valid_o[31]' is not connected to any nets. (LINT-28)
Warning: In design 'fsa_stripe_STRIPE_ROWS8_COLS32_HEAD_DIM64_DATA_W8_SCORE_W32_PROB_W16_SUM_W32_TAG_W6_LOCAL_ROW_IDX_W3_0', port 'k_bottom_valid_o[30]' is not connected to any nets. (LINT-28)
Warning: In design 'fsa_stripe_STRIPE_ROWS8_COLS32_HEAD_DIM64_DATA_W8_SCORE_W32_PROB_W16_SUM_W32_TAG_W6_LOCAL_ROW_IDX_W3_0', port 'k_bottom_valid_o[29]' is not connected to any nets. (LINT-28)
Warning: In design 'fsa_stripe_STRIPE_ROWS8_COLS32_HEAD_DIM64_DATA_W8_SCORE_W32_PROB_W16_SUM_W32_TAG_W6_LOCAL_ROW_IDX_W3_0', port 'k_bottom_valid_o[28]' is not connected to any nets. (LINT-28)
Warning: In design 'fsa_stripe_STRIPE_ROWS8_COLS32_HEAD_DIM64_DATA_W8_SCORE_W32_PROB_W16_SUM_W32_TAG_W6_LOCAL_ROW_IDX_W3_0', port 'k_bottom_valid_o[27]' is not connected to any nets. (LINT-28)
Warning: In design 'fsa_stripe_STRIPE_ROWS8_COLS32_HEAD_DIM64_DATA_W8_SCORE_W32_PROB_W16_SUM_W32_TAG_W6_LOCAL_ROW_IDX_W3_0', port 'k_bottom_valid_o[26]' is not connected to any nets. (LINT-28)
Warning: In design 'fsa_stripe_STRIPE_ROWS8_COLS32_HEAD_DIM64_DATA_W8_SCORE_W32_PROB_W16_SUM_W32_TAG_W6_LOCAL_ROW_IDX_W3_0', port 'k_bottom_valid_o[25]' is not connected to any nets. (LINT-28)
Warning: In design 'fsa_stripe_STRIPE_ROWS8_COLS32_HEAD_DIM64_DATA_W8_SCORE_W32_PROB_W16_SUM_W32_TAG_W6_LOCAL_ROW_IDX_W3_0', port 'k_bottom_valid_o[24]' is not connected to any nets. (LINT-28)
Warning: In design 'fsa_stripe_STRIPE_ROWS8_COLS32_HEAD_DIM64_DATA_W8_SCORE_W32_PROB_W16_SUM_W32_TAG_W6_LOCAL_ROW_IDX_W3_0', port 'k_bottom_valid_o[23]' is not connected to any nets. (LINT-28)
Warning: In design 'fsa_stripe_STRIPE_ROWS8_COLS32_HEAD_DIM64_DATA_W8_SCORE_W32_PROB_W16_SUM_W32_TAG_W6_LOCAL_ROW_IDX_W3_0', port 'k_bottom_valid_o[22]' is not connected to any nets. (LINT-28)
Warning: In design 'fsa_stripe_STRIPE_ROWS8_COLS32_HEAD_DIM64_DATA_W8_SCORE_W32_PROB_W16_SUM_W32_TAG_W6_LOCAL_ROW_IDX_W3_0', port 'k_bottom_valid_o[21]' is not connected to any nets. (LINT-28)
Warning: In design 'fsa_stripe_STRIPE_ROWS8_COLS32_HEAD_DIM64_DATA_W8_SCORE_W32_PROB_W16_SUM_W32_TAG_W6_LOCAL_ROW_IDX_W3_0', port 'k_bottom_valid_o[20]' is not connected to any nets. (LINT-28)
Warning: In design 'fsa_stripe_STRIPE_ROWS8_COLS32_HEAD_DIM64_DATA_W8_SCORE_W32_PROB_W16_SUM_W32_TAG_W6_LOCAL_ROW_IDX_W3_0', port 'k_bottom_valid_o[19]' is not connected to any nets. (LINT-28)
Warning: In design 'fsa_stripe_STRIPE_ROWS8_COLS32_HEAD_DIM64_DATA_W8_SCORE_W32_PROB_W16_SUM_W32_TAG_W6_LOCAL_ROW_IDX_W3_0', port 'k_bottom_valid_o[18]' is not connected to any nets. (LINT-28)
Warning: In design 'fsa_stripe_STRIPE_ROWS8_COLS32_HEAD_DIM64_DATA_W8_SCORE_W32_PROB_W16_SUM_W32_TAG_W6_LOCAL_ROW_IDX_W3_0', port 'k_bottom_valid_o[17]' is not connected to any nets. (LINT-28)
Warning: In design 'fsa_stripe_STRIPE_ROWS8_COLS32_HEAD_DIM64_DATA_W8_SCORE_W32_PROB_W16_SUM_W32_TAG_W6_LOCAL_ROW_IDX_W3_0', port 'k_bottom_valid_o[16]' is not connected to any nets. (LINT-28)
Warning: In design 'fsa_stripe_STRIPE_ROWS8_COLS32_HEAD_DIM64_DATA_W8_SCORE_W32_PROB_W16_SUM_W32_TAG_W6_LOCAL_ROW_IDX_W3_0', port 'k_bottom_valid_o[15]' is not connected to any nets. (LINT-28)
Warning: In design 'fsa_stripe_STRIPE_ROWS8_COLS32_HEAD_DIM64_DATA_W8_SCORE_W32_PROB_W16_SUM_W32_TAG_W6_LOCAL_ROW_IDX_W3_0', port 'k_bottom_valid_o[14]' is not connected to any nets. (LINT-28)
Warning: In design 'fsa_stripe_STRIPE_ROWS8_COLS32_HEAD_DIM64_DATA_W8_SCORE_W32_PROB_W16_SUM_W32_TAG_W6_LOCAL_ROW_IDX_W3_0', port 'k_bottom_valid_o[13]' is not connected to any nets. (LINT-28)
Warning: In design 'fsa_stripe_STRIPE_ROWS8_COLS32_HEAD_DIM64_DATA_W8_SCORE_W32_PROB_W16_SUM_W32_TAG_W6_LOCAL_ROW_IDX_W3_0', port 'k_bottom_valid_o[12]' is not connected to any nets. (LINT-28)
Warning: In design 'fsa_stripe_STRIPE_ROWS8_COLS32_HEAD_DIM64_DATA_W8_SCORE_W32_PROB_W16_SUM_W32_TAG_W6_LOCAL_ROW_IDX_W3_0', port 'k_bottom_valid_o[11]' is not connected to any nets. (LINT-28)
Warning: In design 'fsa_stripe_STRIPE_ROWS8_COLS32_HEAD_DIM64_DATA_W8_SCORE_W32_PROB_W16_SUM_W32_TAG_W6_LOCAL_ROW_IDX_W3_0', port 'k_bottom_valid_o[10]' is not connected to any nets. (LINT-28)
Warning: In design 'fsa_stripe_STRIPE_ROWS8_COLS32_HEAD_DIM64_DATA_W8_SCORE_W32_PROB_W16_SUM_W32_TAG_W6_LOCAL_ROW_IDX_W3_0', port 'k_bottom_valid_o[9]' is not connected to any nets. (LINT-28)
Warning: In design 'fsa_stripe_STRIPE_ROWS8_COLS32_HEAD_DIM64_DATA_W8_SCORE_W32_PROB_W16_SUM_W32_TAG_W6_LOCAL_ROW_IDX_W3_0', port 'k_bottom_valid_o[8]' is not connected to any nets. (LINT-28)
Warning: In design 'fsa_stripe_STRIPE_ROWS8_COLS32_HEAD_DIM64_DATA_W8_SCORE_W32_PROB_W16_SUM_W32_TAG_W6_LOCAL_ROW_IDX_W3_0', port 'k_bottom_valid_o[7]' is not connected to any nets. (LINT-28)
Warning: In design 'fsa_stripe_STRIPE_ROWS8_COLS32_HEAD_DIM64_DATA_W8_SCORE_W32_PROB_W16_SUM_W32_TAG_W6_LOCAL_ROW_IDX_W3_0', port 'k_bottom_valid_o[6]' is not connected to any nets. (LINT-28)
Warning: In design 'fsa_stripe_STRIPE_ROWS8_COLS32_HEAD_DIM64_DATA_W8_SCORE_W32_PROB_W16_SUM_W32_TAG_W6_LOCAL_ROW_IDX_W3_0', port 'k_bottom_valid_o[5]' is not connected to any nets. (LINT-28)
Warning: In design 'fsa_stripe_STRIPE_ROWS8_COLS32_HEAD_DIM64_DATA_W8_SCORE_W32_PROB_W16_SUM_W32_TAG_W6_LOCAL_ROW_IDX_W3_0', port 'k_bottom_valid_o[4]' is not connected to any nets. (LINT-28)
Warning: In design 'fsa_stripe_STRIPE_ROWS8_COLS32_HEAD_DIM64_DATA_W8_SCORE_W32_PROB_W16_SUM_W32_TAG_W6_LOCAL_ROW_IDX_W3_0', port 'k_bottom_valid_o[3]' is not connected to any nets. (LINT-28)
Warning: In design 'fsa_stripe_STRIPE_ROWS8_COLS32_HEAD_DIM64_DATA_W8_SCORE_W32_PROB_W16_SUM_W32_TAG_W6_LOCAL_ROW_IDX_W3_0', port 'k_bottom_valid_o[2]' is not connected to any nets. (LINT-28)
Warning: In design 'fsa_stripe_STRIPE_ROWS8_COLS32_HEAD_DIM64_DATA_W8_SCORE_W32_PROB_W16_SUM_W32_TAG_W6_LOCAL_ROW_IDX_W3_0', port 'k_bottom_valid_o[1]' is not connected to any nets. (LINT-28)
Warning: In design 'fsa_stripe_STRIPE_ROWS8_COLS32_HEAD_DIM64_DATA_W8_SCORE_W32_PROB_W16_SUM_W32_TAG_W6_LOCAL_ROW_IDX_W3_0', port 'k_bottom_valid_o[0]' is not connected to any nets. (LINT-28)
Warning: In design 'fsa_stripe_STRIPE_ROWS8_COLS32_HEAD_DIM64_DATA_W8_SCORE_W32_PROB_W16_SUM_W32_TAG_W6_LOCAL_ROW_IDX_W3_0', port 'm_start_valid_i[6]' is not connected to any nets. (LINT-28)
Warning: In design 'fsa_stripe_STRIPE_ROWS8_COLS32_HEAD_DIM64_DATA_W8_SCORE_W32_PROB_W16_SUM_W32_TAG_W6_LOCAL_ROW_IDX_W3_0', port 'm_start_valid_i[5]' is not connected to any nets. (LINT-28)
Warning: In design 'fsa_stripe_STRIPE_ROWS8_COLS32_HEAD_DIM64_DATA_W8_SCORE_W32_PROB_W16_SUM_W32_TAG_W6_LOCAL_ROW_IDX_W3_0', port 'm_start_valid_i[4]' is not connected to any nets. (LINT-28)
Warning: In design 'fsa_stripe_STRIPE_ROWS8_COLS32_HEAD_DIM64_DATA_W8_SCORE_W32_PROB_W16_SUM_W32_TAG_W6_LOCAL_ROW_IDX_W3_0', port 'm_start_valid_i[3]' is not connected to any nets. (LINT-28)
Warning: In design 'fsa_stripe_STRIPE_ROWS8_COLS32_HEAD_DIM64_DATA_W8_SCORE_W32_PROB_W16_SUM_W32_TAG_W6_LOCAL_ROW_IDX_W3_0', port 'm_start_valid_i[2]' is not connected to any nets. (LINT-28)
Warning: In design 'fsa_stripe_STRIPE_ROWS8_COLS32_HEAD_DIM64_DATA_W8_SCORE_W32_PROB_W16_SUM_W32_TAG_W6_LOCAL_ROW_IDX_W3_0', port 'm_start_valid_i[1]' is not connected to any nets. (LINT-28)
Warning: In design 'fsa_stripe_STRIPE_ROWS8_COLS32_HEAD_DIM64_DATA_W8_SCORE_W32_PROB_W16_SUM_W32_TAG_W6_LOCAL_ROW_IDX_W3_0', port 'm_start_valid_i[0]' is not connected to any nets. (LINT-28)
Warning: In design 'fsa_stripe_STRIPE_ROWS8_COLS32_HEAD_DIM64_DATA_W8_SCORE_W32_PROB_W16_SUM_W32_TAG_W6_LOCAL_ROW_IDX_W3_0', port 'sum_start_valid_i[6]' is not connected to any nets. (LINT-28)
Warning: In design 'fsa_stripe_STRIPE_ROWS8_COLS32_HEAD_DIM64_DATA_W8_SCORE_W32_PROB_W16_SUM_W32_TAG_W6_LOCAL_ROW_IDX_W3_0', port 'sum_start_valid_i[5]' is not connected to any nets. (LINT-28)
Warning: In design 'fsa_stripe_STRIPE_ROWS8_COLS32_HEAD_DIM64_DATA_W8_SCORE_W32_PROB_W16_SUM_W32_TAG_W6_LOCAL_ROW_IDX_W3_0', port 'sum_start_valid_i[4]' is not connected to any nets. (LINT-28)
Warning: In design 'fsa_stripe_STRIPE_ROWS8_COLS32_HEAD_DIM64_DATA_W8_SCORE_W32_PROB_W16_SUM_W32_TAG_W6_LOCAL_ROW_IDX_W3_0', port 'sum_start_valid_i[3]' is not connected to any nets. (LINT-28)
Warning: In design 'fsa_stripe_STRIPE_ROWS8_COLS32_HEAD_DIM64_DATA_W8_SCORE_W32_PROB_W16_SUM_W32_TAG_W6_LOCAL_ROW_IDX_W3_0', port 'sum_start_valid_i[2]' is not connected to any nets. (LINT-28)
Warning: In design 'fsa_stripe_STRIPE_ROWS8_COLS32_HEAD_DIM64_DATA_W8_SCORE_W32_PROB_W16_SUM_W32_TAG_W6_LOCAL_ROW_IDX_W3_0', port 'sum_start_valid_i[1]' is not connected to any nets. (LINT-28)
Warning: In design 'fsa_stripe_STRIPE_ROWS8_COLS32_HEAD_DIM64_DATA_W8_SCORE_W32_PROB_W16_SUM_W32_TAG_W6_LOCAL_ROW_IDX_W3_0', port 'sum_start_valid_i[0]' is not connected to any nets. (LINT-28)
Warning: In design 'fsa_stripe_STRIPE_ROWS8_COLS32_HEAD_DIM64_DATA_W8_SCORE_W32_PROB_W16_SUM_W32_TAG_W6_LOCAL_ROW_IDX_W3_0', port 'sum_done_tag_o[41]' is not connected to any nets. (LINT-28)
Warning: In design 'fsa_stripe_STRIPE_ROWS8_COLS32_HEAD_DIM64_DATA_W8_SCORE_W32_PROB_W16_SUM_W32_TAG_W6_LOCAL_ROW_IDX_W3_0', port 'sum_done_tag_o[40]' is not connected to any nets. (LINT-28)
Warning: In design 'fsa_stripe_STRIPE_ROWS8_COLS32_HEAD_DIM64_DATA_W8_SCORE_W32_PROB_W16_SUM_W32_TAG_W6_LOCAL_ROW_IDX_W3_0', port 'sum_done_tag_o[39]' is not connected to any nets. (LINT-28)
Warning: In design 'fsa_stripe_STRIPE_ROWS8_COLS32_HEAD_DIM64_DATA_W8_SCORE_W32_PROB_W16_SUM_W32_TAG_W6_LOCAL_ROW_IDX_W3_0', port 'sum_done_tag_o[38]' is not connected to any nets. (LINT-28)
Warning: In design 'fsa_stripe_STRIPE_ROWS8_COLS32_HEAD_DIM64_DATA_W8_SCORE_W32_PROB_W16_SUM_W32_TAG_W6_LOCAL_ROW_IDX_W3_0', port 'sum_done_tag_o[37]' is not connected to any nets. (LINT-28)
Warning: In design 'fsa_stripe_STRIPE_ROWS8_COLS32_HEAD_DIM64_DATA_W8_SCORE_W32_PROB_W16_SUM_W32_TAG_W6_LOCAL_ROW_IDX_W3_0', port 'sum_done_tag_o[36]' is not connected to any nets. (LINT-28)
Warning: In design 'fsa_stripe_STRIPE_ROWS8_COLS32_HEAD_DIM64_DATA_W8_SCORE_W32_PROB_W16_SUM_W32_TAG_W6_LOCAL_ROW_IDX_W3_0', port 'sum_done_tag_o[35]' is not connected to any nets. (LINT-28)
Warning: In design 'fsa_stripe_STRIPE_ROWS8_COLS32_HEAD_DIM64_DATA_W8_SCORE_W32_PROB_W16_SUM_W32_TAG_W6_LOCAL_ROW_IDX_W3_0', port 'sum_done_tag_o[34]' is not connected to any nets. (LINT-28)
Warning: In design 'fsa_stripe_STRIPE_ROWS8_COLS32_HEAD_DIM64_DATA_W8_SCORE_W32_PROB_W16_SUM_W32_TAG_W6_LOCAL_ROW_IDX_W3_0', port 'sum_done_tag_o[33]' is not connected to any nets. (LINT-28)
Warning: In design 'fsa_stripe_STRIPE_ROWS8_COLS32_HEAD_DIM64_DATA_W8_SCORE_W32_PROB_W16_SUM_W32_TAG_W6_LOCAL_ROW_IDX_W3_0', port 'sum_done_tag_o[32]' is not connected to any nets. (LINT-28)
Warning: In design 'fsa_stripe_STRIPE_ROWS8_COLS32_HEAD_DIM64_DATA_W8_SCORE_W32_PROB_W16_SUM_W32_TAG_W6_LOCAL_ROW_IDX_W3_0', port 'sum_done_tag_o[31]' is not connected to any nets. (LINT-28)
Warning: In design 'fsa_stripe_STRIPE_ROWS8_COLS32_HEAD_DIM64_DATA_W8_SCORE_W32_PROB_W16_SUM_W32_TAG_W6_LOCAL_ROW_IDX_W3_0', port 'sum_done_tag_o[30]' is not connected to any nets. (LINT-28)
Warning: In design 'fsa_stripe_STRIPE_ROWS8_COLS32_HEAD_DIM64_DATA_W8_SCORE_W32_PROB_W16_SUM_W32_TAG_W6_LOCAL_ROW_IDX_W3_0', port 'sum_done_tag_o[29]' is not connected to any nets. (LINT-28)
Warning: In design 'fsa_stripe_STRIPE_ROWS8_COLS32_HEAD_DIM64_DATA_W8_SCORE_W32_PROB_W16_SUM_W32_TAG_W6_LOCAL_ROW_IDX_W3_0', port 'sum_done_tag_o[28]' is not connected to any nets. (LINT-28)
Warning: In design 'fsa_stripe_STRIPE_ROWS8_COLS32_HEAD_DIM64_DATA_W8_SCORE_W32_PROB_W16_SUM_W32_TAG_W6_LOCAL_ROW_IDX_W3_0', port 'sum_done_tag_o[27]' is not connected to any nets. (LINT-28)
Warning: In design 'fsa_stripe_STRIPE_ROWS8_COLS32_HEAD_DIM64_DATA_W8_SCORE_W32_PROB_W16_SUM_W32_TAG_W6_LOCAL_ROW_IDX_W3_0', port 'sum_done_tag_o[26]' is not connected to any nets. (LINT-28)
Warning: In design 'fsa_stripe_STRIPE_ROWS8_COLS32_HEAD_DIM64_DATA_W8_SCORE_W32_PROB_W16_SUM_W32_TAG_W6_LOCAL_ROW_IDX_W3_0', port 'sum_done_tag_o[25]' is not connected to any nets. (LINT-28)
Warning: In design 'fsa_stripe_STRIPE_ROWS8_COLS32_HEAD_DIM64_DATA_W8_SCORE_W32_PROB_W16_SUM_W32_TAG_W6_LOCAL_ROW_IDX_W3_0', port 'sum_done_tag_o[24]' is not connected to any nets. (LINT-28)
Warning: In design 'fsa_stripe_STRIPE_ROWS8_COLS32_HEAD_DIM64_DATA_W8_SCORE_W32_PROB_W16_SUM_W32_TAG_W6_LOCAL_ROW_IDX_W3_0', port 'sum_done_tag_o[23]' is not connected to any nets. (LINT-28)
Warning: In design 'fsa_stripe_STRIPE_ROWS8_COLS32_HEAD_DIM64_DATA_W8_SCORE_W32_PROB_W16_SUM_W32_TAG_W6_LOCAL_ROW_IDX_W3_0', port 'sum_done_tag_o[22]' is not connected to any nets. (LINT-28)
Warning: In design 'fsa_stripe_STRIPE_ROWS8_COLS32_HEAD_DIM64_DATA_W8_SCORE_W32_PROB_W16_SUM_W32_TAG_W6_LOCAL_ROW_IDX_W3_0', port 'sum_done_tag_o[21]' is not connected to any nets. (LINT-28)
Warning: In design 'fsa_stripe_STRIPE_ROWS8_COLS32_HEAD_DIM64_DATA_W8_SCORE_W32_PROB_W16_SUM_W32_TAG_W6_LOCAL_ROW_IDX_W3_0', port 'sum_done_tag_o[20]' is not connected to any nets. (LINT-28)
Warning: In design 'fsa_stripe_STRIPE_ROWS8_COLS32_HEAD_DIM64_DATA_W8_SCORE_W32_PROB_W16_SUM_W32_TAG_W6_LOCAL_ROW_IDX_W3_0', port 'sum_done_tag_o[19]' is not connected to any nets. (LINT-28)
Warning: In design 'fsa_stripe_STRIPE_ROWS8_COLS32_HEAD_DIM64_DATA_W8_SCORE_W32_PROB_W16_SUM_W32_TAG_W6_LOCAL_ROW_IDX_W3_0', port 'sum_done_tag_o[18]' is not connected to any nets. (LINT-28)
Warning: In design 'fsa_stripe_STRIPE_ROWS8_COLS32_HEAD_DIM64_DATA_W8_SCORE_W32_PROB_W16_SUM_W32_TAG_W6_LOCAL_ROW_IDX_W3_0', port 'sum_done_tag_o[17]' is not connected to any nets. (LINT-28)
Warning: In design 'fsa_stripe_STRIPE_ROWS8_COLS32_HEAD_DIM64_DATA_W8_SCORE_W32_PROB_W16_SUM_W32_TAG_W6_LOCAL_ROW_IDX_W3_0', port 'sum_done_tag_o[16]' is not connected to any nets. (LINT-28)
Warning: In design 'fsa_stripe_STRIPE_ROWS8_COLS32_HEAD_DIM64_DATA_W8_SCORE_W32_PROB_W16_SUM_W32_TAG_W6_LOCAL_ROW_IDX_W3_0', port 'sum_done_tag_o[15]' is not connected to any nets. (LINT-28)
Warning: In design 'fsa_stripe_STRIPE_ROWS8_COLS32_HEAD_DIM64_DATA_W8_SCORE_W32_PROB_W16_SUM_W32_TAG_W6_LOCAL_ROW_IDX_W3_0', port 'sum_done_tag_o[14]' is not connected to any nets. (LINT-28)
Warning: In design 'fsa_stripe_STRIPE_ROWS8_COLS32_HEAD_DIM64_DATA_W8_SCORE_W32_PROB_W16_SUM_W32_TAG_W6_LOCAL_ROW_IDX_W3_0', port 'sum_done_tag_o[13]' is not connected to any nets. (LINT-28)
Warning: In design 'fsa_stripe_STRIPE_ROWS8_COLS32_HEAD_DIM64_DATA_W8_SCORE_W32_PROB_W16_SUM_W32_TAG_W6_LOCAL_ROW_IDX_W3_0', port 'sum_done_tag_o[12]' is not connected to any nets. (LINT-28)
Warning: In design 'fsa_stripe_STRIPE_ROWS8_COLS32_HEAD_DIM64_DATA_W8_SCORE_W32_PROB_W16_SUM_W32_TAG_W6_LOCAL_ROW_IDX_W3_0', port 'sum_done_tag_o[11]' is not connected to any nets. (LINT-28)
Warning: In design 'fsa_stripe_STRIPE_ROWS8_COLS32_HEAD_DIM64_DATA_W8_SCORE_W32_PROB_W16_SUM_W32_TAG_W6_LOCAL_ROW_IDX_W3_0', port 'sum_done_tag_o[10]' is not connected to any nets. (LINT-28)
Warning: In design 'fsa_stripe_STRIPE_ROWS8_COLS32_HEAD_DIM64_DATA_W8_SCORE_W32_PROB_W16_SUM_W32_TAG_W6_LOCAL_ROW_IDX_W3_0', port 'sum_done_tag_o[9]' is not connected to any nets. (LINT-28)
Warning: In design 'fsa_stripe_STRIPE_ROWS8_COLS32_HEAD_DIM64_DATA_W8_SCORE_W32_PROB_W16_SUM_W32_TAG_W6_LOCAL_ROW_IDX_W3_0', port 'sum_done_tag_o[8]' is not connected to any nets. (LINT-28)
Warning: In design 'fsa_stripe_STRIPE_ROWS8_COLS32_HEAD_DIM64_DATA_W8_SCORE_W32_PROB_W16_SUM_W32_TAG_W6_LOCAL_ROW_IDX_W3_0', port 'sum_done_tag_o[7]' is not connected to any nets. (LINT-28)
Warning: In design 'fsa_stripe_STRIPE_ROWS8_COLS32_HEAD_DIM64_DATA_W8_SCORE_W32_PROB_W16_SUM_W32_TAG_W6_LOCAL_ROW_IDX_W3_0', port 'sum_done_tag_o[6]' is not connected to any nets. (LINT-28)
Warning: In design 'fsa_stripe_STRIPE_ROWS8_COLS32_HEAD_DIM64_DATA_W8_SCORE_W32_PROB_W16_SUM_W32_TAG_W6_LOCAL_ROW_IDX_W3_0', port 'sum_done_tag_o[5]' is not connected to any nets. (LINT-28)
Warning: In design 'fsa_stripe_STRIPE_ROWS8_COLS32_HEAD_DIM64_DATA_W8_SCORE_W32_PROB_W16_SUM_W32_TAG_W6_LOCAL_ROW_IDX_W3_0', port 'sum_done_tag_o[4]' is not connected to any nets. (LINT-28)
Warning: In design 'fsa_stripe_STRIPE_ROWS8_COLS32_HEAD_DIM64_DATA_W8_SCORE_W32_PROB_W16_SUM_W32_TAG_W6_LOCAL_ROW_IDX_W3_0', port 'sum_done_tag_o[3]' is not connected to any nets. (LINT-28)
Warning: In design 'fsa_stripe_STRIPE_ROWS8_COLS32_HEAD_DIM64_DATA_W8_SCORE_W32_PROB_W16_SUM_W32_TAG_W6_LOCAL_ROW_IDX_W3_0', port 'sum_done_tag_o[2]' is not connected to any nets. (LINT-28)
Warning: In design 'fsa_stripe_STRIPE_ROWS8_COLS32_HEAD_DIM64_DATA_W8_SCORE_W32_PROB_W16_SUM_W32_TAG_W6_LOCAL_ROW_IDX_W3_0', port 'sum_done_tag_o[1]' is not connected to any nets. (LINT-28)
Warning: In design 'fsa_stripe_STRIPE_ROWS8_COLS32_HEAD_DIM64_DATA_W8_SCORE_W32_PROB_W16_SUM_W32_TAG_W6_LOCAL_ROW_IDX_W3_0', port 'sum_done_tag_o[0]' is not connected to any nets. (LINT-28)
Warning: In design 'fsa_stripe_STRIPE_ROWS8_COLS32_HEAD_DIM64_DATA_W8_SCORE_W32_PROB_W16_SUM_W32_TAG_W6_LOCAL_ROW_IDX_W3_0', port 'prob_col_load_data_i[127]' is not connected to any nets. (LINT-28)
Warning: In design 'fsa_stripe_STRIPE_ROWS8_COLS32_HEAD_DIM64_DATA_W8_SCORE_W32_PROB_W16_SUM_W32_TAG_W6_LOCAL_ROW_IDX_W3_0', port 'prob_col_load_data_i[111]' is not connected to any nets. (LINT-28)
Warning: In design 'fsa_stripe_STRIPE_ROWS8_COLS32_HEAD_DIM64_DATA_W8_SCORE_W32_PROB_W16_SUM_W32_TAG_W6_LOCAL_ROW_IDX_W3_0', port 'prob_col_load_data_i[95]' is not connected to any nets. (LINT-28)
Warning: In design 'fsa_stripe_STRIPE_ROWS8_COLS32_HEAD_DIM64_DATA_W8_SCORE_W32_PROB_W16_SUM_W32_TAG_W6_LOCAL_ROW_IDX_W3_0', port 'prob_col_load_data_i[79]' is not connected to any nets. (LINT-28)
Warning: In design 'fsa_stripe_STRIPE_ROWS8_COLS32_HEAD_DIM64_DATA_W8_SCORE_W32_PROB_W16_SUM_W32_TAG_W6_LOCAL_ROW_IDX_W3_0', port 'prob_col_load_data_i[63]' is not connected to any nets. (LINT-28)
Warning: In design 'fsa_stripe_STRIPE_ROWS8_COLS32_HEAD_DIM64_DATA_W8_SCORE_W32_PROB_W16_SUM_W32_TAG_W6_LOCAL_ROW_IDX_W3_0', port 'prob_col_load_data_i[47]' is not connected to any nets. (LINT-28)
Warning: In design 'fsa_stripe_STRIPE_ROWS8_COLS32_HEAD_DIM64_DATA_W8_SCORE_W32_PROB_W16_SUM_W32_TAG_W6_LOCAL_ROW_IDX_W3_0', port 'prob_col_load_data_i[31]' is not connected to any nets. (LINT-28)
Warning: In design 'fsa_stripe_STRIPE_ROWS8_COLS32_HEAD_DIM64_DATA_W8_SCORE_W32_PROB_W16_SUM_W32_TAG_W6_LOCAL_ROW_IDX_W3_0', port 'prob_col_load_data_i[15]' is not connected to any nets. (LINT-28)
Warning: In design 'fsa_stripe_STRIPE_ROWS8_COLS32_HEAD_DIM64_DATA_W8_SCORE_W32_PROB_W16_SUM_W32_TAG_W6_LOCAL_ROW_IDX_W3_0', port 'pv_seed_alpha_i[127]' is not connected to any nets. (LINT-28)
Warning: In design 'fsa_stripe_STRIPE_ROWS8_COLS32_HEAD_DIM64_DATA_W8_SCORE_W32_PROB_W16_SUM_W32_TAG_W6_LOCAL_ROW_IDX_W3_0', port 'pv_seed_alpha_i[111]' is not connected to any nets. (LINT-28)
Warning: In design 'fsa_stripe_STRIPE_ROWS8_COLS32_HEAD_DIM64_DATA_W8_SCORE_W32_PROB_W16_SUM_W32_TAG_W6_LOCAL_ROW_IDX_W3_0', port 'pv_seed_alpha_i[95]' is not connected to any nets. (LINT-28)
Warning: In design 'fsa_stripe_STRIPE_ROWS8_COLS32_HEAD_DIM64_DATA_W8_SCORE_W32_PROB_W16_SUM_W32_TAG_W6_LOCAL_ROW_IDX_W3_0', port 'pv_seed_alpha_i[79]' is not connected to any nets. (LINT-28)
Warning: In design 'fsa_stripe_STRIPE_ROWS8_COLS32_HEAD_DIM64_DATA_W8_SCORE_W32_PROB_W16_SUM_W32_TAG_W6_LOCAL_ROW_IDX_W3_0', port 'pv_seed_alpha_i[63]' is not connected to any nets. (LINT-28)
Warning: In design 'fsa_stripe_STRIPE_ROWS8_COLS32_HEAD_DIM64_DATA_W8_SCORE_W32_PROB_W16_SUM_W32_TAG_W6_LOCAL_ROW_IDX_W3_0', port 'pv_seed_alpha_i[47]' is not connected to any nets. (LINT-28)
Warning: In design 'fsa_stripe_STRIPE_ROWS8_COLS32_HEAD_DIM64_DATA_W8_SCORE_W32_PROB_W16_SUM_W32_TAG_W6_LOCAL_ROW_IDX_W3_0', port 'pv_seed_alpha_i[31]' is not connected to any nets. (LINT-28)
Warning: In design 'fsa_stripe_STRIPE_ROWS8_COLS32_HEAD_DIM64_DATA_W8_SCORE_W32_PROB_W16_SUM_W32_TAG_W6_LOCAL_ROW_IDX_W3_0', port 'pv_seed_alpha_i[15]' is not connected to any nets. (LINT-28)
Warning: In design 'fsa_stripe_STRIPE_ROWS8_COLS32_HEAD_DIM64_DATA_W8_SCORE_W32_PROB_W16_SUM_W32_TAG_W6_LOCAL_ROW_IDX_W3_0', port 'delta_col_valid_o' is not connected to any nets. (LINT-28)
Warning: In design 'fsa_stripe_STRIPE_ROWS8_COLS32_HEAD_DIM64_DATA_W8_SCORE_W32_PROB_W16_SUM_W32_TAG_W6_LOCAL_ROW_IDX_W3_0', port 'delta_col_index_o[4]' is not connected to any nets. (LINT-28)
Warning: In design 'fsa_stripe_STRIPE_ROWS8_COLS32_HEAD_DIM64_DATA_W8_SCORE_W32_PROB_W16_SUM_W32_TAG_W6_LOCAL_ROW_IDX_W3_0', port 'delta_col_index_o[3]' is not connected to any nets. (LINT-28)
Warning: In design 'fsa_stripe_STRIPE_ROWS8_COLS32_HEAD_DIM64_DATA_W8_SCORE_W32_PROB_W16_SUM_W32_TAG_W6_LOCAL_ROW_IDX_W3_0', port 'delta_col_index_o[2]' is not connected to any nets. (LINT-28)
Warning: In design 'fsa_stripe_STRIPE_ROWS8_COLS32_HEAD_DIM64_DATA_W8_SCORE_W32_PROB_W16_SUM_W32_TAG_W6_LOCAL_ROW_IDX_W3_0', port 'delta_col_index_o[1]' is not connected to any nets. (LINT-28)
Warning: In design 'fsa_stripe_STRIPE_ROWS8_COLS32_HEAD_DIM64_DATA_W8_SCORE_W32_PROB_W16_SUM_W32_TAG_W6_LOCAL_ROW_IDX_W3_0', port 'delta_col_index_o[0]' is not connected to any nets. (LINT-28)
Warning: In design 'attention_accel_top', the same net is connected to more than one pin on submodule 'u_tile_cache'. (LINT-33)
   Net 'n1270' is connected to pins 'k_rd_en_i', 'k_rd_addr_i[5]'', 'k_rd_addr_i[4]', 'k_rd_addr_i[3]', 'k_rd_addr_i[2]', 'k_rd_addr_i[1]', 'k_rd_addr_i[0]'.
Warning: In design 'attention_accel_top', the same net is connected to more than one pin on submodule 'u_fused_array'. (LINT-33)
   Net 'n1270' is connected to pins 'clock_en_i', 'score_scale_i[31]'', 'score_scale_i[30]', 'score_scale_i[29]', 'score_scale_i[28]', 'score_scale_i[27]', 'score_scale_i[26]', 'score_scale_i[25]', 'score_scale_i[24]', 'score_scale_i[23]', 'score_scale_i[22]', 'k_base_i[4]', 'k_base_i[3]', 'k_base_i[2]', 'k_base_i[1]', 'k_base_i[0]'.
Warning: In design 'attention_accel_top', the same net is connected to more than one pin on submodule 'u_normalizer'. (LINT-33)
   Net 'n1270' is connected to pins 'clock_en_i', 'out_scale_i[31]'', 'out_scale_i[30]', 'out_scale_i[29]', 'out_scale_i[28]', 'out_scale_i[27]', 'out_scale_i[26]', 'out_scale_i[25]', 'out_scale_i[24]', 'out_scale_i[23]', 'out_scale_i[22]'.
Warning: In design 'attention_accel_top', the same net is connected to more than one pin on submodule 'u_output_buffer'. (LINT-33)
   Net 'n1270' is connected to pins 'clock_en_i', 'stream_bytes_i[15]'', 'stream_bytes_i[14]', 'stream_bytes_i[13]', 'stream_bytes_i[12]', 'stream_bytes_i[5]', 'stream_bytes_i[4]', 'stream_bytes_i[3]', 'stream_bytes_i[2]', 'stream_bytes_i[1]', 'stream_bytes_i[0]'.
Warning: In design 'fsa_fused_array_ROWS32_STRIPE_ROWS8_COLS32_DATA_W8_SCORE_W32_PROB_W16_ACC_W32_LSE_W32_HEAD_DIM64_FEATURE_IDX_W6', input pin 'last_i' of hierarchical cell 'g_q_skew[15].u_pv_seed_skew' has no internal loads and is not connected to any nets. (LINT-60)
Warning: In design 'fsa_fused_array_ROWS32_STRIPE_ROWS8_COLS32_DATA_W8_SCORE_W32_PROB_W16_ACC_W32_LSE_W32_HEAD_DIM64_FEATURE_IDX_W6', input pin 'last_i' of hierarchical cell 'g_q_skew[16].u_pv_seed_skew' has no internal loads and is not connected to any nets. (LINT-60)
Warning: In design 'fsa_fused_array_ROWS32_STRIPE_ROWS8_COLS32_DATA_W8_SCORE_W32_PROB_W16_ACC_W32_LSE_W32_HEAD_DIM64_FEATURE_IDX_W6', input pin 'last_i' of hierarchical cell 'g_q_skew[17].u_pv_seed_skew' has no internal loads and is not connected to any nets. (LINT-60)
Warning: In design 'fsa_fused_array_ROWS32_STRIPE_ROWS8_COLS32_DATA_W8_SCORE_W32_PROB_W16_ACC_W32_LSE_W32_HEAD_DIM64_FEATURE_IDX_W6', input pin 'last_i' of hierarchical cell 'g_q_skew[18].u_pv_seed_skew' has no internal loads and is not connected to any nets. (LINT-60)
Warning: In design 'fsa_fused_array_ROWS32_STRIPE_ROWS8_COLS32_DATA_W8_SCORE_W32_PROB_W16_ACC_W32_LSE_W32_HEAD_DIM64_FEATURE_IDX_W6', input pin 'last_i' of hierarchical cell 'g_q_skew[19].u_pv_seed_skew' has no internal loads and is not connected to any nets. (LINT-60)
Warning: In design 'fsa_fused_array_ROWS32_STRIPE_ROWS8_COLS32_DATA_W8_SCORE_W32_PROB_W16_ACC_W32_LSE_W32_HEAD_DIM64_FEATURE_IDX_W6', input pin 'last_i' of hierarchical cell 'g_q_skew[20].u_pv_seed_skew' has no internal loads and is not connected to any nets. (LINT-60)
Warning: In design 'fsa_fused_array_ROWS32_STRIPE_ROWS8_COLS32_DATA_W8_SCORE_W32_PROB_W16_ACC_W32_LSE_W32_HEAD_DIM64_FEATURE_IDX_W6', input pin 'last_i' of hierarchical cell 'g_q_skew[21].u_pv_seed_skew' has no internal loads and is not connected to any nets. (LINT-60)
Warning: In design 'fsa_fused_array_ROWS32_STRIPE_ROWS8_COLS32_DATA_W8_SCORE_W32_PROB_W16_ACC_W32_LSE_W32_HEAD_DIM64_FEATURE_IDX_W6', input pin 'last_i' of hierarchical cell 'g_q_skew[22].u_pv_seed_skew' has no internal loads and is not connected to any nets. (LINT-60)
Warning: In design 'fsa_fused_array_ROWS32_STRIPE_ROWS8_COLS32_DATA_W8_SCORE_W32_PROB_W16_ACC_W32_LSE_W32_HEAD_DIM64_FEATURE_IDX_W6', input pin 'last_i' of hierarchical cell 'g_q_skew[23].u_pv_seed_skew' has no internal loads and is not connected to any nets. (LINT-60)
Warning: In design 'fsa_fused_array_ROWS32_STRIPE_ROWS8_COLS32_DATA_W8_SCORE_W32_PROB_W16_ACC_W32_LSE_W32_HEAD_DIM64_FEATURE_IDX_W6', input pin 'last_i' of hierarchical cell 'g_q_skew[24].u_pv_seed_skew' has no internal loads and is not connected to any nets. (LINT-60)
Warning: In design 'fsa_fused_array_ROWS32_STRIPE_ROWS8_COLS32_DATA_W8_SCORE_W32_PROB_W16_ACC_W32_LSE_W32_HEAD_DIM64_FEATURE_IDX_W6', input pin 'last_i' of hierarchical cell 'g_q_skew[25].u_pv_seed_skew' has no internal loads and is not connected to any nets. (LINT-60)
Warning: In design 'fsa_fused_array_ROWS32_STRIPE_ROWS8_COLS32_DATA_W8_SCORE_W32_PROB_W16_ACC_W32_LSE_W32_HEAD_DIM64_FEATURE_IDX_W6', input pin 'last_i' of hierarchical cell 'g_q_skew[26].u_pv_seed_skew' has no internal loads and is not connected to any nets. (LINT-60)
Warning: In design 'fsa_fused_array_ROWS32_STRIPE_ROWS8_COLS32_DATA_W8_SCORE_W32_PROB_W16_ACC_W32_LSE_W32_HEAD_DIM64_FEATURE_IDX_W6', input pin 'last_i' of hierarchical cell 'g_q_skew[27].u_pv_seed_skew' has no internal loads and is not connected to any nets. (LINT-60)
Warning: In design 'fsa_fused_array_ROWS32_STRIPE_ROWS8_COLS32_DATA_W8_SCORE_W32_PROB_W16_ACC_W32_LSE_W32_HEAD_DIM64_FEATURE_IDX_W6', input pin 'last_i' of hierarchical cell 'g_q_skew[28].u_pv_seed_skew' has no internal loads and is not connected to any nets. (LINT-60)
Warning: In design 'fsa_fused_array_ROWS32_STRIPE_ROWS8_COLS32_DATA_W8_SCORE_W32_PROB_W16_ACC_W32_LSE_W32_HEAD_DIM64_FEATURE_IDX_W6', input pin 'last_i' of hierarchical cell 'g_q_skew[29].u_pv_seed_skew' has no internal loads and is not connected to any nets. (LINT-60)
Warning: In design 'fsa_fused_array_ROWS32_STRIPE_ROWS8_COLS32_DATA_W8_SCORE_W32_PROB_W16_ACC_W32_LSE_W32_HEAD_DIM64_FEATURE_IDX_W6', input pin 'last_i' of hierarchical cell 'g_q_skew[30].u_pv_seed_skew' has no internal loads and is not connected to any nets. (LINT-60)
Warning: In design 'fsa_fused_array_ROWS32_STRIPE_ROWS8_COLS32_DATA_W8_SCORE_W32_PROB_W16_ACC_W32_LSE_W32_HEAD_DIM64_FEATURE_IDX_W6', input pin 'last_i' of hierarchical cell 'g_q_skew[31].u_pv_seed_skew' has no internal loads and is not connected to any nets. (LINT-60)
Warning: In design 'fsa_fused_array_ROWS32_STRIPE_ROWS8_COLS32_DATA_W8_SCORE_W32_PROB_W16_ACC_W32_LSE_W32_HEAD_DIM64_FEATURE_IDX_W6', input pin 'clock_en_i' of hierarchical cell 'g_stripe[0].u_stripe' has no internal loads and is not connected to any nets. (LINT-60)
Warning: In design 'fsa_fused_array_ROWS32_STRIPE_ROWS8_COLS32_DATA_W8_SCORE_W32_PROB_W16_ACC_W32_LSE_W32_HEAD_DIM64_FEATURE_IDX_W6', input pin 'm_start_valid_i[6]' of hierarchical cell 'g_stripe[0].u_stripe' has no internal loads and is not connected to any nets. (LINT-60)
Warning: In design 'fsa_fused_array_ROWS32_STRIPE_ROWS8_COLS32_DATA_W8_SCORE_W32_PROB_W16_ACC_W32_LSE_W32_HEAD_DIM64_FEATURE_IDX_W6', input pin 'm_start_valid_i[5]' of hierarchical cell 'g_stripe[0].u_stripe' has no internal loads and is not connected to any nets. (LINT-60)
Warning: In design 'fsa_fused_array_ROWS32_STRIPE_ROWS8_COLS32_DATA_W8_SCORE_W32_PROB_W16_ACC_W32_LSE_W32_HEAD_DIM64_FEATURE_IDX_W6', input pin 'm_start_valid_i[4]' of hierarchical cell 'g_stripe[0].u_stripe' has no internal loads and is not connected to any nets. (LINT-60)
Warning: In design 'fsa_fused_array_ROWS32_STRIPE_ROWS8_COLS32_DATA_W8_SCORE_W32_PROB_W16_ACC_W32_LSE_W32_HEAD_DIM64_FEATURE_IDX_W6', input pin 'm_start_valid_i[3]' of hierarchical cell 'g_stripe[0].u_stripe' has no internal loads and is not connected to any nets. (LINT-60)
Warning: In design 'fsa_fused_array_ROWS32_STRIPE_ROWS8_COLS32_DATA_W8_SCORE_W32_PROB_W16_ACC_W32_LSE_W32_HEAD_DIM64_FEATURE_IDX_W6', input pin 'm_start_valid_i[2]' of hierarchical cell 'g_stripe[0].u_stripe' has no internal loads and is not connected to any nets. (LINT-60)
Warning: In design 'fsa_fused_array_ROWS32_STRIPE_ROWS8_COLS32_DATA_W8_SCORE_W32_PROB_W16_ACC_W32_LSE_W32_HEAD_DIM64_FEATURE_IDX_W6', input pin 'm_start_valid_i[1]' of hierarchical cell 'g_stripe[0].u_stripe' has no internal loads and is not connected to any nets. (LINT-60)
Warning: In design 'fsa_fused_array_ROWS32_STRIPE_ROWS8_COLS32_DATA_W8_SCORE_W32_PROB_W16_ACC_W32_LSE_W32_HEAD_DIM64_FEATURE_IDX_W6', input pin 'm_start_valid_i[0]' of hierarchical cell 'g_stripe[0].u_stripe' has no internal loads and is not connected to any nets. (LINT-60)
Warning: In design 'fsa_fused_array_ROWS32_STRIPE_ROWS8_COLS32_DATA_W8_SCORE_W32_PROB_W16_ACC_W32_LSE_W32_HEAD_DIM64_FEATURE_IDX_W6', input pin 'sum_start_valid_i[6]' of hierarchical cell 'g_stripe[0].u_stripe' has no internal loads and is not connected to any nets. (LINT-60)
Warning: In design 'fsa_fused_array_ROWS32_STRIPE_ROWS8_COLS32_DATA_W8_SCORE_W32_PROB_W16_ACC_W32_LSE_W32_HEAD_DIM64_FEATURE_IDX_W6', input pin 'sum_start_valid_i[5]' of hierarchical cell 'g_stripe[0].u_stripe' has no internal loads and is not connected to any nets. (LINT-60)
Warning: In design 'fsa_fused_array_ROWS32_STRIPE_ROWS8_COLS32_DATA_W8_SCORE_W32_PROB_W16_ACC_W32_LSE_W32_HEAD_DIM64_FEATURE_IDX_W6', input pin 'sum_start_valid_i[4]' of hierarchical cell 'g_stripe[0].u_stripe' has no internal loads and is not connected to any nets. (LINT-60)
Warning: In design 'fsa_fused_array_ROWS32_STRIPE_ROWS8_COLS32_DATA_W8_SCORE_W32_PROB_W16_ACC_W32_LSE_W32_HEAD_DIM64_FEATURE_IDX_W6', input pin 'sum_start_valid_i[3]' of hierarchical cell 'g_stripe[0].u_stripe' has no internal loads and is not connected to any nets. (LINT-60)
Warning: In design 'fsa_fused_array_ROWS32_STRIPE_ROWS8_COLS32_DATA_W8_SCORE_W32_PROB_W16_ACC_W32_LSE_W32_HEAD_DIM64_FEATURE_IDX_W6', input pin 'sum_start_valid_i[2]' of hierarchical cell 'g_stripe[0].u_stripe' has no internal loads and is not connected to any nets. (LINT-60)
Warning: In design 'fsa_fused_array_ROWS32_STRIPE_ROWS8_COLS32_DATA_W8_SCORE_W32_PROB_W16_ACC_W32_LSE_W32_HEAD_DIM64_FEATURE_IDX_W6', input pin 'sum_start_valid_i[1]' of hierarchical cell 'g_stripe[0].u_stripe' has no internal loads and is not connected to any nets. (LINT-60)
Warning: In design 'fsa_fused_array_ROWS32_STRIPE_ROWS8_COLS32_DATA_W8_SCORE_W32_PROB_W16_ACC_W32_LSE_W32_HEAD_DIM64_FEATURE_IDX_W6', input pin 'sum_start_valid_i[0]' of hierarchical cell 'g_stripe[0].u_stripe' has no internal loads and is not connected to any nets. (LINT-60)
Warning: In design 'fsa_fused_array_ROWS32_STRIPE_ROWS8_COLS32_DATA_W8_SCORE_W32_PROB_W16_ACC_W32_LSE_W32_HEAD_DIM64_FEATURE_IDX_W6', input pin 'prob_col_load_data_i[127]' of hierarchical cell 'g_stripe[0].u_stripe' has no internal loads and is not connected to any nets. (LINT-60)
Warning: In design 'fsa_fused_array_ROWS32_STRIPE_ROWS8_COLS32_DATA_W8_SCORE_W32_PROB_W16_ACC_W32_LSE_W32_HEAD_DIM64_FEATURE_IDX_W6', input pin 'prob_col_load_data_i[111]' of hierarchical cell 'g_stripe[0].u_stripe' has no internal loads and is not connected to any nets. (LINT-60)
Warning: In design 'fsa_fused_array_ROWS32_STRIPE_ROWS8_COLS32_DATA_W8_SCORE_W32_PROB_W16_ACC_W32_LSE_W32_HEAD_DIM64_FEATURE_IDX_W6', input pin 'prob_col_load_data_i[95]' of hierarchical cell 'g_stripe[0].u_stripe' has no internal loads and is not connected to any nets. (LINT-60)
Warning: In design 'fsa_fused_array_ROWS32_STRIPE_ROWS8_COLS32_DATA_W8_SCORE_W32_PROB_W16_ACC_W32_LSE_W32_HEAD_DIM64_FEATURE_IDX_W6', input pin 'prob_col_load_data_i[79]' of hierarchical cell 'g_stripe[0].u_stripe' has no internal loads and is not connected to any nets. (LINT-60)
Warning: In design 'fsa_fused_array_ROWS32_STRIPE_ROWS8_COLS32_DATA_W8_SCORE_W32_PROB_W16_ACC_W32_LSE_W32_HEAD_DIM64_FEATURE_IDX_W6', input pin 'prob_col_load_data_i[63]' of hierarchical cell 'g_stripe[0].u_stripe' has no internal loads and is not connected to any nets. (LINT-60)
Warning: In design 'fsa_fused_array_ROWS32_STRIPE_ROWS8_COLS32_DATA_W8_SCORE_W32_PROB_W16_ACC_W32_LSE_W32_HEAD_DIM64_FEATURE_IDX_W6', input pin 'prob_col_load_data_i[47]' of hierarchical cell 'g_stripe[0].u_stripe' has no internal loads and is not connected to any nets. (LINT-60)
Warning: In design 'fsa_fused_array_ROWS32_STRIPE_ROWS8_COLS32_DATA_W8_SCORE_W32_PROB_W16_ACC_W32_LSE_W32_HEAD_DIM64_FEATURE_IDX_W6', input pin 'prob_col_load_data_i[31]' of hierarchical cell 'g_stripe[0].u_stripe' has no internal loads and is not connected to any nets. (LINT-60)
Warning: In design 'fsa_fused_array_ROWS32_STRIPE_ROWS8_COLS32_DATA_W8_SCORE_W32_PROB_W16_ACC_W32_LSE_W32_HEAD_DIM64_FEATURE_IDX_W6', input pin 'prob_col_load_data_i[15]' of hierarchical cell 'g_stripe[0].u_stripe' has no internal loads and is not connected to any nets. (LINT-60)
Warning: In design 'fsa_fused_array_ROWS32_STRIPE_ROWS8_COLS32_DATA_W8_SCORE_W32_PROB_W16_ACC_W32_LSE_W32_HEAD_DIM64_FEATURE_IDX_W6', input pin 'pv_seed_alpha_i[127]' of hierarchical cell 'g_stripe[0].u_stripe' has no internal loads and is not connected to any nets. (LINT-60)
Warning: In design 'fsa_fused_array_ROWS32_STRIPE_ROWS8_COLS32_DATA_W8_SCORE_W32_PROB_W16_ACC_W32_LSE_W32_HEAD_DIM64_FEATURE_IDX_W6', input pin 'pv_seed_alpha_i[111]' of hierarchical cell 'g_stripe[0].u_stripe' has no internal loads and is not connected to any nets. (LINT-60)
Warning: In design 'fsa_fused_array_ROWS32_STRIPE_ROWS8_COLS32_DATA_W8_SCORE_W32_PROB_W16_ACC_W32_LSE_W32_HEAD_DIM64_FEATURE_IDX_W6', input pin 'pv_seed_alpha_i[95]' of hierarchical cell 'g_stripe[0].u_stripe' has no internal loads and is not connected to any nets. (LINT-60)
Warning: In design 'fsa_fused_array_ROWS32_STRIPE_ROWS8_COLS32_DATA_W8_SCORE_W32_PROB_W16_ACC_W32_LSE_W32_HEAD_DIM64_FEATURE_IDX_W6', input pin 'pv_seed_alpha_i[79]' of hierarchical cell 'g_stripe[0].u_stripe' has no internal loads and is not connected to any nets. (LINT-60)
Warning: In design 'fsa_fused_array_ROWS32_STRIPE_ROWS8_COLS32_DATA_W8_SCORE_W32_PROB_W16_ACC_W32_LSE_W32_HEAD_DIM64_FEATURE_IDX_W6', input pin 'pv_seed_alpha_i[63]' of hierarchical cell 'g_stripe[0].u_stripe' has no internal loads and is not connected to any nets. (LINT-60)
Warning: In design 'fsa_fused_array_ROWS32_STRIPE_ROWS8_COLS32_DATA_W8_SCORE_W32_PROB_W16_ACC_W32_LSE_W32_HEAD_DIM64_FEATURE_IDX_W6', input pin 'pv_seed_alpha_i[47]' of hierarchical cell 'g_stripe[0].u_stripe' has no internal loads and is not connected to any nets. (LINT-60)
Warning: In design 'fsa_fused_array_ROWS32_STRIPE_ROWS8_COLS32_DATA_W8_SCORE_W32_PROB_W16_ACC_W32_LSE_W32_HEAD_DIM64_FEATURE_IDX_W6', input pin 'pv_seed_alpha_i[31]' of hierarchical cell 'g_stripe[0].u_stripe' has no internal loads and is not connected to any nets. (LINT-60)
Warning: In design 'fsa_fused_array_ROWS32_STRIPE_ROWS8_COLS32_DATA_W8_SCORE_W32_PROB_W16_ACC_W32_LSE_W32_HEAD_DIM64_FEATURE_IDX_W6', input pin 'pv_seed_alpha_i[15]' of hierarchical cell 'g_stripe[0].u_stripe' has no internal loads and is not connected to any nets. (LINT-60)
Warning: In design 'fsa_fused_array_ROWS32_STRIPE_ROWS8_COLS32_DATA_W8_SCORE_W32_PROB_W16_ACC_W32_LSE_W32_HEAD_DIM64_FEATURE_IDX_W6', input pin 'clock_en_i' of hierarchical cell 'g_stripe[1].u_stripe' has no internal loads and is not connected to any nets. (LINT-60)
Warning: In design 'fsa_fused_array_ROWS32_STRIPE_ROWS8_COLS32_DATA_W8_SCORE_W32_PROB_W16_ACC_W32_LSE_W32_HEAD_DIM64_FEATURE_IDX_W6', input pin 'm_start_valid_i[6]' of hierarchical cell 'g_stripe[1].u_stripe' has no internal loads and is not connected to any nets. (LINT-60)
Warning: In design 'fsa_fused_array_ROWS32_STRIPE_ROWS8_COLS32_DATA_W8_SCORE_W32_PROB_W16_ACC_W32_LSE_W32_HEAD_DIM64_FEATURE_IDX_W6', input pin 'm_start_valid_i[5]' of hierarchical cell 'g_stripe[1].u_stripe' has no internal loads and is not connected to any nets. (LINT-60)
Warning: In design 'fsa_fused_array_ROWS32_STRIPE_ROWS8_COLS32_DATA_W8_SCORE_W32_PROB_W16_ACC_W32_LSE_W32_HEAD_DIM64_FEATURE_IDX_W6', input pin 'm_start_valid_i[4]' of hierarchical cell 'g_stripe[1].u_stripe' has no internal loads and is not connected to any nets. (LINT-60)
Warning: In design 'fsa_fused_array_ROWS32_STRIPE_ROWS8_COLS32_DATA_W8_SCORE_W32_PROB_W16_ACC_W32_LSE_W32_HEAD_DIM64_FEATURE_IDX_W6', input pin 'm_start_valid_i[3]' of hierarchical cell 'g_stripe[1].u_stripe' has no internal loads and is not connected to any nets. (LINT-60)
Warning: In design 'fsa_fused_array_ROWS32_STRIPE_ROWS8_COLS32_DATA_W8_SCORE_W32_PROB_W16_ACC_W32_LSE_W32_HEAD_DIM64_FEATURE_IDX_W6', input pin 'm_start_valid_i[2]' of hierarchical cell 'g_stripe[1].u_stripe' has no internal loads and is not connected to any nets. (LINT-60)
Warning: In design 'fsa_fused_array_ROWS32_STRIPE_ROWS8_COLS32_DATA_W8_SCORE_W32_PROB_W16_ACC_W32_LSE_W32_HEAD_DIM64_FEATURE_IDX_W6', input pin 'm_start_valid_i[1]' of hierarchical cell 'g_stripe[1].u_stripe' has no internal loads and is not connected to any nets. (LINT-60)
Warning: In design 'fsa_fused_array_ROWS32_STRIPE_ROWS8_COLS32_DATA_W8_SCORE_W32_PROB_W16_ACC_W32_LSE_W32_HEAD_DIM64_FEATURE_IDX_W6', input pin 'm_start_valid_i[0]' of hierarchical cell 'g_stripe[1].u_stripe' has no internal loads and is not connected to any nets. (LINT-60)
Warning: In design 'fsa_fused_array_ROWS32_STRIPE_ROWS8_COLS32_DATA_W8_SCORE_W32_PROB_W16_ACC_W32_LSE_W32_HEAD_DIM64_FEATURE_IDX_W6', input pin 'sum_start_valid_i[6]' of hierarchical cell 'g_stripe[1].u_stripe' has no internal loads and is not connected to any nets. (LINT-60)
Warning: In design 'fsa_fused_array_ROWS32_STRIPE_ROWS8_COLS32_DATA_W8_SCORE_W32_PROB_W16_ACC_W32_LSE_W32_HEAD_DIM64_FEATURE_IDX_W6', input pin 'sum_start_valid_i[5]' of hierarchical cell 'g_stripe[1].u_stripe' has no internal loads and is not connected to any nets. (LINT-60)
Warning: In design 'fsa_fused_array_ROWS32_STRIPE_ROWS8_COLS32_DATA_W8_SCORE_W32_PROB_W16_ACC_W32_LSE_W32_HEAD_DIM64_FEATURE_IDX_W6', input pin 'sum_start_valid_i[4]' of hierarchical cell 'g_stripe[1].u_stripe' has no internal loads and is not connected to any nets. (LINT-60)
Warning: In design 'fsa_fused_array_ROWS32_STRIPE_ROWS8_COLS32_DATA_W8_SCORE_W32_PROB_W16_ACC_W32_LSE_W32_HEAD_DIM64_FEATURE_IDX_W6', input pin 'sum_start_valid_i[3]' of hierarchical cell 'g_stripe[1].u_stripe' has no internal loads and is not connected to any nets. (LINT-60)
Warning: In design 'fsa_fused_array_ROWS32_STRIPE_ROWS8_COLS32_DATA_W8_SCORE_W32_PROB_W16_ACC_W32_LSE_W32_HEAD_DIM64_FEATURE_IDX_W6', input pin 'sum_start_valid_i[2]' of hierarchical cell 'g_stripe[1].u_stripe' has no internal loads and is not connected to any nets. (LINT-60)
Warning: In design 'fsa_fused_array_ROWS32_STRIPE_ROWS8_COLS32_DATA_W8_SCORE_W32_PROB_W16_ACC_W32_LSE_W32_HEAD_DIM64_FEATURE_IDX_W6', input pin 'sum_start_valid_i[1]' of hierarchical cell 'g_stripe[1].u_stripe' has no internal loads and is not connected to any nets. (LINT-60)
Warning: In design 'fsa_fused_array_ROWS32_STRIPE_ROWS8_COLS32_DATA_W8_SCORE_W32_PROB_W16_ACC_W32_LSE_W32_HEAD_DIM64_FEATURE_IDX_W6', input pin 'sum_start_valid_i[0]' of hierarchical cell 'g_stripe[1].u_stripe' has no internal loads and is not connected to any nets. (LINT-60)
Warning: In design 'fsa_fused_array_ROWS32_STRIPE_ROWS8_COLS32_DATA_W8_SCORE_W32_PROB_W16_ACC_W32_LSE_W32_HEAD_DIM64_FEATURE_IDX_W6', input pin 'prob_col_load_data_i[127]' of hierarchical cell 'g_stripe[1].u_stripe' has no internal loads and is not connected to any nets. (LINT-60)
Warning: In design 'fsa_fused_array_ROWS32_STRIPE_ROWS8_COLS32_DATA_W8_SCORE_W32_PROB_W16_ACC_W32_LSE_W32_HEAD_DIM64_FEATURE_IDX_W6', input pin 'prob_col_load_data_i[111]' of hierarchical cell 'g_stripe[1].u_stripe' has no internal loads and is not connected to any nets. (LINT-60)
Warning: In design 'fsa_fused_array_ROWS32_STRIPE_ROWS8_COLS32_DATA_W8_SCORE_W32_PROB_W16_ACC_W32_LSE_W32_HEAD_DIM64_FEATURE_IDX_W6', input pin 'prob_col_load_data_i[95]' of hierarchical cell 'g_stripe[1].u_stripe' has no internal loads and is not connected to any nets. (LINT-60)
Warning: In design 'fsa_fused_array_ROWS32_STRIPE_ROWS8_COLS32_DATA_W8_SCORE_W32_PROB_W16_ACC_W32_LSE_W32_HEAD_DIM64_FEATURE_IDX_W6', input pin 'prob_col_load_data_i[79]' of hierarchical cell 'g_stripe[1].u_stripe' has no internal loads and is not connected to any nets. (LINT-60)
Warning: In design 'fsa_fused_array_ROWS32_STRIPE_ROWS8_COLS32_DATA_W8_SCORE_W32_PROB_W16_ACC_W32_LSE_W32_HEAD_DIM64_FEATURE_IDX_W6', input pin 'prob_col_load_data_i[63]' of hierarchical cell 'g_stripe[1].u_stripe' has no internal loads and is not connected to any nets. (LINT-60)
Warning: In design 'fsa_fused_array_ROWS32_STRIPE_ROWS8_COLS32_DATA_W8_SCORE_W32_PROB_W16_ACC_W32_LSE_W32_HEAD_DIM64_FEATURE_IDX_W6', input pin 'prob_col_load_data_i[47]' of hierarchical cell 'g_stripe[1].u_stripe' has no internal loads and is not connected to any nets. (LINT-60)
Warning: In design 'fsa_fused_array_ROWS32_STRIPE_ROWS8_COLS32_DATA_W8_SCORE_W32_PROB_W16_ACC_W32_LSE_W32_HEAD_DIM64_FEATURE_IDX_W6', input pin 'prob_col_load_data_i[31]' of hierarchical cell 'g_stripe[1].u_stripe' has no internal loads and is not connected to any nets. (LINT-60)
Warning: In design 'fsa_fused_array_ROWS32_STRIPE_ROWS8_COLS32_DATA_W8_SCORE_W32_PROB_W16_ACC_W32_LSE_W32_HEAD_DIM64_FEATURE_IDX_W6', input pin 'prob_col_load_data_i[15]' of hierarchical cell 'g_stripe[1].u_stripe' has no internal loads and is not connected to any nets. (LINT-60)
Warning: In design 'fsa_fused_array_ROWS32_STRIPE_ROWS8_COLS32_DATA_W8_SCORE_W32_PROB_W16_ACC_W32_LSE_W32_HEAD_DIM64_FEATURE_IDX_W6', input pin 'pv_seed_alpha_i[127]' of hierarchical cell 'g_stripe[1].u_stripe' has no internal loads and is not connected to any nets. (LINT-60)
Warning: In design 'fsa_fused_array_ROWS32_STRIPE_ROWS8_COLS32_DATA_W8_SCORE_W32_PROB_W16_ACC_W32_LSE_W32_HEAD_DIM64_FEATURE_IDX_W6', input pin 'pv_seed_alpha_i[111]' of hierarchical cell 'g_stripe[1].u_stripe' has no internal loads and is not connected to any nets. (LINT-60)
Warning: In design 'fsa_fused_array_ROWS32_STRIPE_ROWS8_COLS32_DATA_W8_SCORE_W32_PROB_W16_ACC_W32_LSE_W32_HEAD_DIM64_FEATURE_IDX_W6', input pin 'pv_seed_alpha_i[95]' of hierarchical cell 'g_stripe[1].u_stripe' has no internal loads and is not connected to any nets. (LINT-60)
Warning: In design 'fsa_fused_array_ROWS32_STRIPE_ROWS8_COLS32_DATA_W8_SCORE_W32_PROB_W16_ACC_W32_LSE_W32_HEAD_DIM64_FEATURE_IDX_W6', input pin 'pv_seed_alpha_i[79]' of hierarchical cell 'g_stripe[1].u_stripe' has no internal loads and is not connected to any nets. (LINT-60)
Warning: In design 'fsa_fused_array_ROWS32_STRIPE_ROWS8_COLS32_DATA_W8_SCORE_W32_PROB_W16_ACC_W32_LSE_W32_HEAD_DIM64_FEATURE_IDX_W6', input pin 'pv_seed_alpha_i[63]' of hierarchical cell 'g_stripe[1].u_stripe' has no internal loads and is not connected to any nets. (LINT-60)
Warning: In design 'fsa_fused_array_ROWS32_STRIPE_ROWS8_COLS32_DATA_W8_SCORE_W32_PROB_W16_ACC_W32_LSE_W32_HEAD_DIM64_FEATURE_IDX_W6', input pin 'pv_seed_alpha_i[47]' of hierarchical cell 'g_stripe[1].u_stripe' has no internal loads and is not connected to any nets. (LINT-60)
Warning: In design 'fsa_fused_array_ROWS32_STRIPE_ROWS8_COLS32_DATA_W8_SCORE_W32_PROB_W16_ACC_W32_LSE_W32_HEAD_DIM64_FEATURE_IDX_W6', input pin 'pv_seed_alpha_i[31]' of hierarchical cell 'g_stripe[1].u_stripe' has no internal loads and is not connected to any nets. (LINT-60)
Warning: In design 'fsa_fused_array_ROWS32_STRIPE_ROWS8_COLS32_DATA_W8_SCORE_W32_PROB_W16_ACC_W32_LSE_W32_HEAD_DIM64_FEATURE_IDX_W6', input pin 'pv_seed_alpha_i[15]' of hierarchical cell 'g_stripe[1].u_stripe' has no internal loads and is not connected to any nets. (LINT-60)
Warning: In design 'fsa_fused_array_ROWS32_STRIPE_ROWS8_COLS32_DATA_W8_SCORE_W32_PROB_W16_ACC_W32_LSE_W32_HEAD_DIM64_FEATURE_IDX_W6', input pin 'clock_en_i' of hierarchical cell 'g_stripe[2].u_stripe' has no internal loads and is not connected to any nets. (LINT-60)
Warning: In design 'fsa_fused_array_ROWS32_STRIPE_ROWS8_COLS32_DATA_W8_SCORE_W32_PROB_W16_ACC_W32_LSE_W32_HEAD_DIM64_FEATURE_IDX_W6', input pin 'm_start_valid_i[6]' of hierarchical cell 'g_stripe[2].u_stripe' has no internal loads and is not connected to any nets. (LINT-60)
Warning: In design 'fsa_fused_array_ROWS32_STRIPE_ROWS8_COLS32_DATA_W8_SCORE_W32_PROB_W16_ACC_W32_LSE_W32_HEAD_DIM64_FEATURE_IDX_W6', input pin 'm_start_valid_i[5]' of hierarchical cell 'g_stripe[2].u_stripe' has no internal loads and is not connected to any nets. (LINT-60)
Warning: In design 'fsa_fused_array_ROWS32_STRIPE_ROWS8_COLS32_DATA_W8_SCORE_W32_PROB_W16_ACC_W32_LSE_W32_HEAD_DIM64_FEATURE_IDX_W6', input pin 'm_start_valid_i[4]' of hierarchical cell 'g_stripe[2].u_stripe' has no internal loads and is not connected to any nets. (LINT-60)
Warning: In design 'fsa_fused_array_ROWS32_STRIPE_ROWS8_COLS32_DATA_W8_SCORE_W32_PROB_W16_ACC_W32_LSE_W32_HEAD_DIM64_FEATURE_IDX_W6', input pin 'm_start_valid_i[3]' of hierarchical cell 'g_stripe[2].u_stripe' has no internal loads and is not connected to any nets. (LINT-60)
Warning: In design 'fsa_fused_array_ROWS32_STRIPE_ROWS8_COLS32_DATA_W8_SCORE_W32_PROB_W16_ACC_W32_LSE_W32_HEAD_DIM64_FEATURE_IDX_W6', input pin 'm_start_valid_i[2]' of hierarchical cell 'g_stripe[2].u_stripe' has no internal loads and is not connected to any nets. (LINT-60)
Warning: In design 'fsa_fused_array_ROWS32_STRIPE_ROWS8_COLS32_DATA_W8_SCORE_W32_PROB_W16_ACC_W32_LSE_W32_HEAD_DIM64_FEATURE_IDX_W6', input pin 'm_start_valid_i[1]' of hierarchical cell 'g_stripe[2].u_stripe' has no internal loads and is not connected to any nets. (LINT-60)
Warning: In design 'fsa_fused_array_ROWS32_STRIPE_ROWS8_COLS32_DATA_W8_SCORE_W32_PROB_W16_ACC_W32_LSE_W32_HEAD_DIM64_FEATURE_IDX_W6', input pin 'm_start_valid_i[0]' of hierarchical cell 'g_stripe[2].u_stripe' has no internal loads and is not connected to any nets. (LINT-60)
Warning: In design 'fsa_fused_array_ROWS32_STRIPE_ROWS8_COLS32_DATA_W8_SCORE_W32_PROB_W16_ACC_W32_LSE_W32_HEAD_DIM64_FEATURE_IDX_W6', input pin 'sum_start_valid_i[6]' of hierarchical cell 'g_stripe[2].u_stripe' has no internal loads and is not connected to any nets. (LINT-60)
Warning: In design 'fsa_fused_array_ROWS32_STRIPE_ROWS8_COLS32_DATA_W8_SCORE_W32_PROB_W16_ACC_W32_LSE_W32_HEAD_DIM64_FEATURE_IDX_W6', input pin 'sum_start_valid_i[5]' of hierarchical cell 'g_stripe[2].u_stripe' has no internal loads and is not connected to any nets. (LINT-60)
Warning: In design 'fsa_fused_array_ROWS32_STRIPE_ROWS8_COLS32_DATA_W8_SCORE_W32_PROB_W16_ACC_W32_LSE_W32_HEAD_DIM64_FEATURE_IDX_W6', input pin 'sum_start_valid_i[4]' of hierarchical cell 'g_stripe[2].u_stripe' has no internal loads and is not connected to any nets. (LINT-60)
Warning: In design 'fsa_fused_array_ROWS32_STRIPE_ROWS8_COLS32_DATA_W8_SCORE_W32_PROB_W16_ACC_W32_LSE_W32_HEAD_DIM64_FEATURE_IDX_W6', input pin 'sum_start_valid_i[3]' of hierarchical cell 'g_stripe[2].u_stripe' has no internal loads and is not connected to any nets. (LINT-60)
Warning: In design 'fsa_fused_array_ROWS32_STRIPE_ROWS8_COLS32_DATA_W8_SCORE_W32_PROB_W16_ACC_W32_LSE_W32_HEAD_DIM64_FEATURE_IDX_W6', input pin 'sum_start_valid_i[2]' of hierarchical cell 'g_stripe[2].u_stripe' has no internal loads and is not connected to any nets. (LINT-60)
Warning: In design 'fsa_fused_array_ROWS32_STRIPE_ROWS8_COLS32_DATA_W8_SCORE_W32_PROB_W16_ACC_W32_LSE_W32_HEAD_DIM64_FEATURE_IDX_W6', input pin 'sum_start_valid_i[1]' of hierarchical cell 'g_stripe[2].u_stripe' has no internal loads and is not connected to any nets. (LINT-60)
Warning: In design 'fsa_fused_array_ROWS32_STRIPE_ROWS8_COLS32_DATA_W8_SCORE_W32_PROB_W16_ACC_W32_LSE_W32_HEAD_DIM64_FEATURE_IDX_W6', input pin 'sum_start_valid_i[0]' of hierarchical cell 'g_stripe[2].u_stripe' has no internal loads and is not connected to any nets. (LINT-60)
Warning: In design 'fsa_fused_array_ROWS32_STRIPE_ROWS8_COLS32_DATA_W8_SCORE_W32_PROB_W16_ACC_W32_LSE_W32_HEAD_DIM64_FEATURE_IDX_W6', input pin 'prob_col_load_data_i[127]' of hierarchical cell 'g_stripe[2].u_stripe' has no internal loads and is not connected to any nets. (LINT-60)
Warning: In design 'fsa_fused_array_ROWS32_STRIPE_ROWS8_COLS32_DATA_W8_SCORE_W32_PROB_W16_ACC_W32_LSE_W32_HEAD_DIM64_FEATURE_IDX_W6', input pin 'prob_col_load_data_i[111]' of hierarchical cell 'g_stripe[2].u_stripe' has no internal loads and is not connected to any nets. (LINT-60)
Warning: In design 'fsa_fused_array_ROWS32_STRIPE_ROWS8_COLS32_DATA_W8_SCORE_W32_PROB_W16_ACC_W32_LSE_W32_HEAD_DIM64_FEATURE_IDX_W6', input pin 'prob_col_load_data_i[95]' of hierarchical cell 'g_stripe[2].u_stripe' has no internal loads and is not connected to any nets. (LINT-60)
Warning: In design 'fsa_fused_array_ROWS32_STRIPE_ROWS8_COLS32_DATA_W8_SCORE_W32_PROB_W16_ACC_W32_LSE_W32_HEAD_DIM64_FEATURE_IDX_W6', input pin 'prob_col_load_data_i[79]' of hierarchical cell 'g_stripe[2].u_stripe' has no internal loads and is not connected to any nets. (LINT-60)
Warning: In design 'fsa_fused_array_ROWS32_STRIPE_ROWS8_COLS32_DATA_W8_SCORE_W32_PROB_W16_ACC_W32_LSE_W32_HEAD_DIM64_FEATURE_IDX_W6', input pin 'prob_col_load_data_i[63]' of hierarchical cell 'g_stripe[2].u_stripe' has no internal loads and is not connected to any nets. (LINT-60)
Warning: In design 'fsa_fused_array_ROWS32_STRIPE_ROWS8_COLS32_DATA_W8_SCORE_W32_PROB_W16_ACC_W32_LSE_W32_HEAD_DIM64_FEATURE_IDX_W6', input pin 'prob_col_load_data_i[47]' of hierarchical cell 'g_stripe[2].u_stripe' has no internal loads and is not connected to any nets. (LINT-60)
Warning: In design 'fsa_fused_array_ROWS32_STRIPE_ROWS8_COLS32_DATA_W8_SCORE_W32_PROB_W16_ACC_W32_LSE_W32_HEAD_DIM64_FEATURE_IDX_W6', input pin 'prob_col_load_data_i[31]' of hierarchical cell 'g_stripe[2].u_stripe' has no internal loads and is not connected to any nets. (LINT-60)
Warning: In design 'fsa_fused_array_ROWS32_STRIPE_ROWS8_COLS32_DATA_W8_SCORE_W32_PROB_W16_ACC_W32_LSE_W32_HEAD_DIM64_FEATURE_IDX_W6', input pin 'prob_col_load_data_i[15]' of hierarchical cell 'g_stripe[2].u_stripe' has no internal loads and is not connected to any nets. (LINT-60)
Warning: In design 'fsa_fused_array_ROWS32_STRIPE_ROWS8_COLS32_DATA_W8_SCORE_W32_PROB_W16_ACC_W32_LSE_W32_HEAD_DIM64_FEATURE_IDX_W6', input pin 'pv_seed_alpha_i[127]' of hierarchical cell 'g_stripe[2].u_stripe' has no internal loads and is not connected to any nets. (LINT-60)
Warning: In design 'fsa_fused_array_ROWS32_STRIPE_ROWS8_COLS32_DATA_W8_SCORE_W32_PROB_W16_ACC_W32_LSE_W32_HEAD_DIM64_FEATURE_IDX_W6', input pin 'pv_seed_alpha_i[111]' of hierarchical cell 'g_stripe[2].u_stripe' has no internal loads and is not connected to any nets. (LINT-60)
Warning: In design 'fsa_fused_array_ROWS32_STRIPE_ROWS8_COLS32_DATA_W8_SCORE_W32_PROB_W16_ACC_W32_LSE_W32_HEAD_DIM64_FEATURE_IDX_W6', input pin 'pv_seed_alpha_i[95]' of hierarchical cell 'g_stripe[2].u_stripe' has no internal loads and is not connected to any nets. (LINT-60)
Warning: In design 'fsa_fused_array_ROWS32_STRIPE_ROWS8_COLS32_DATA_W8_SCORE_W32_PROB_W16_ACC_W32_LSE_W32_HEAD_DIM64_FEATURE_IDX_W6', input pin 'pv_seed_alpha_i[79]' of hierarchical cell 'g_stripe[2].u_stripe' has no internal loads and is not connected to any nets. (LINT-60)
Warning: In design 'fsa_fused_array_ROWS32_STRIPE_ROWS8_COLS32_DATA_W8_SCORE_W32_PROB_W16_ACC_W32_LSE_W32_HEAD_DIM64_FEATURE_IDX_W6', input pin 'pv_seed_alpha_i[63]' of hierarchical cell 'g_stripe[2].u_stripe' has no internal loads and is not connected to any nets. (LINT-60)
Warning: In design 'fsa_fused_array_ROWS32_STRIPE_ROWS8_COLS32_DATA_W8_SCORE_W32_PROB_W16_ACC_W32_LSE_W32_HEAD_DIM64_FEATURE_IDX_W6', input pin 'pv_seed_alpha_i[47]' of hierarchical cell 'g_stripe[2].u_stripe' has no internal loads and is not connected to any nets. (LINT-60)
Warning: In design 'fsa_fused_array_ROWS32_STRIPE_ROWS8_COLS32_DATA_W8_SCORE_W32_PROB_W16_ACC_W32_LSE_W32_HEAD_DIM64_FEATURE_IDX_W6', input pin 'pv_seed_alpha_i[31]' of hierarchical cell 'g_stripe[2].u_stripe' has no internal loads and is not connected to any nets. (LINT-60)
Warning: In design 'fsa_fused_array_ROWS32_STRIPE_ROWS8_COLS32_DATA_W8_SCORE_W32_PROB_W16_ACC_W32_LSE_W32_HEAD_DIM64_FEATURE_IDX_W6', input pin 'pv_seed_alpha_i[15]' of hierarchical cell 'g_stripe[2].u_stripe' has no internal loads and is not connected to any nets. (LINT-60)
Warning: In design 'fsa_fused_array_ROWS32_STRIPE_ROWS8_COLS32_DATA_W8_SCORE_W32_PROB_W16_ACC_W32_LSE_W32_HEAD_DIM64_FEATURE_IDX_W6', input pin 'clock_en_i' of hierarchical cell 'g_stripe[3].u_stripe' has no internal loads and is not connected to any nets. (LINT-60)
Warning: In design 'fsa_fused_array_ROWS32_STRIPE_ROWS8_COLS32_DATA_W8_SCORE_W32_PROB_W16_ACC_W32_LSE_W32_HEAD_DIM64_FEATURE_IDX_W6', input pin 'm_start_valid_i[6]' of hierarchical cell 'g_stripe[3].u_stripe' has no internal loads and is not connected to any nets. (LINT-60)
Warning: In design 'fsa_fused_array_ROWS32_STRIPE_ROWS8_COLS32_DATA_W8_SCORE_W32_PROB_W16_ACC_W32_LSE_W32_HEAD_DIM64_FEATURE_IDX_W6', input pin 'm_start_valid_i[5]' of hierarchical cell 'g_stripe[3].u_stripe' has no internal loads and is not connected to any nets. (LINT-60)
Warning: In design 'fsa_fused_array_ROWS32_STRIPE_ROWS8_COLS32_DATA_W8_SCORE_W32_PROB_W16_ACC_W32_LSE_W32_HEAD_DIM64_FEATURE_IDX_W6', input pin 'm_start_valid_i[4]' of hierarchical cell 'g_stripe[3].u_stripe' has no internal loads and is not connected to any nets. (LINT-60)
Warning: In design 'fsa_fused_array_ROWS32_STRIPE_ROWS8_COLS32_DATA_W8_SCORE_W32_PROB_W16_ACC_W32_LSE_W32_HEAD_DIM64_FEATURE_IDX_W6', input pin 'm_start_valid_i[3]' of hierarchical cell 'g_stripe[3].u_stripe' has no internal loads and is not connected to any nets. (LINT-60)
Warning: In design 'fsa_fused_array_ROWS32_STRIPE_ROWS8_COLS32_DATA_W8_SCORE_W32_PROB_W16_ACC_W32_LSE_W32_HEAD_DIM64_FEATURE_IDX_W6', input pin 'm_start_valid_i[2]' of hierarchical cell 'g_stripe[3].u_stripe' has no internal loads and is not connected to any nets. (LINT-60)
Warning: In design 'fsa_fused_array_ROWS32_STRIPE_ROWS8_COLS32_DATA_W8_SCORE_W32_PROB_W16_ACC_W32_LSE_W32_HEAD_DIM64_FEATURE_IDX_W6', input pin 'm_start_valid_i[1]' of hierarchical cell 'g_stripe[3].u_stripe' has no internal loads and is not connected to any nets. (LINT-60)
Warning: In design 'fsa_fused_array_ROWS32_STRIPE_ROWS8_COLS32_DATA_W8_SCORE_W32_PROB_W16_ACC_W32_LSE_W32_HEAD_DIM64_FEATURE_IDX_W6', input pin 'm_start_valid_i[0]' of hierarchical cell 'g_stripe[3].u_stripe' has no internal loads and is not connected to any nets. (LINT-60)
Warning: In design 'fsa_fused_array_ROWS32_STRIPE_ROWS8_COLS32_DATA_W8_SCORE_W32_PROB_W16_ACC_W32_LSE_W32_HEAD_DIM64_FEATURE_IDX_W6', input pin 'sum_start_valid_i[6]' of hierarchical cell 'g_stripe[3].u_stripe' has no internal loads and is not connected to any nets. (LINT-60)
Warning: In design 'fsa_fused_array_ROWS32_STRIPE_ROWS8_COLS32_DATA_W8_SCORE_W32_PROB_W16_ACC_W32_LSE_W32_HEAD_DIM64_FEATURE_IDX_W6', input pin 'sum_start_valid_i[5]' of hierarchical cell 'g_stripe[3].u_stripe' has no internal loads and is not connected to any nets. (LINT-60)
Warning: In design 'fsa_fused_array_ROWS32_STRIPE_ROWS8_COLS32_DATA_W8_SCORE_W32_PROB_W16_ACC_W32_LSE_W32_HEAD_DIM64_FEATURE_IDX_W6', input pin 'sum_start_valid_i[4]' of hierarchical cell 'g_stripe[3].u_stripe' has no internal loads and is not connected to any nets. (LINT-60)
Warning: In design 'fsa_fused_array_ROWS32_STRIPE_ROWS8_COLS32_DATA_W8_SCORE_W32_PROB_W16_ACC_W32_LSE_W32_HEAD_DIM64_FEATURE_IDX_W6', input pin 'sum_start_valid_i[3]' of hierarchical cell 'g_stripe[3].u_stripe' has no internal loads and is not connected to any nets. (LINT-60)
Warning: In design 'fsa_fused_array_ROWS32_STRIPE_ROWS8_COLS32_DATA_W8_SCORE_W32_PROB_W16_ACC_W32_LSE_W32_HEAD_DIM64_FEATURE_IDX_W6', input pin 'sum_start_valid_i[2]' of hierarchical cell 'g_stripe[3].u_stripe' has no internal loads and is not connected to any nets. (LINT-60)
Warning: In design 'fsa_fused_array_ROWS32_STRIPE_ROWS8_COLS32_DATA_W8_SCORE_W32_PROB_W16_ACC_W32_LSE_W32_HEAD_DIM64_FEATURE_IDX_W6', input pin 'sum_start_valid_i[1]' of hierarchical cell 'g_stripe[3].u_stripe' has no internal loads and is not connected to any nets. (LINT-60)
Warning: In design 'fsa_fused_array_ROWS32_STRIPE_ROWS8_COLS32_DATA_W8_SCORE_W32_PROB_W16_ACC_W32_LSE_W32_HEAD_DIM64_FEATURE_IDX_W6', input pin 'sum_start_valid_i[0]' of hierarchical cell 'g_stripe[3].u_stripe' has no internal loads and is not connected to any nets. (LINT-60)
Warning: In design 'fsa_fused_array_ROWS32_STRIPE_ROWS8_COLS32_DATA_W8_SCORE_W32_PROB_W16_ACC_W32_LSE_W32_HEAD_DIM64_FEATURE_IDX_W6', input pin 'prob_col_load_data_i[127]' of hierarchical cell 'g_stripe[3].u_stripe' has no internal loads and is not connected to any nets. (LINT-60)
Warning: In design 'fsa_fused_array_ROWS32_STRIPE_ROWS8_COLS32_DATA_W8_SCORE_W32_PROB_W16_ACC_W32_LSE_W32_HEAD_DIM64_FEATURE_IDX_W6', input pin 'prob_col_load_data_i[111]' of hierarchical cell 'g_stripe[3].u_stripe' has no internal loads and is not connected to any nets. (LINT-60)
Warning: In design 'fsa_fused_array_ROWS32_STRIPE_ROWS8_COLS32_DATA_W8_SCORE_W32_PROB_W16_ACC_W32_LSE_W32_HEAD_DIM64_FEATURE_IDX_W6', input pin 'prob_col_load_data_i[95]' of hierarchical cell 'g_stripe[3].u_stripe' has no internal loads and is not connected to any nets. (LINT-60)
Warning: In design 'fsa_fused_array_ROWS32_STRIPE_ROWS8_COLS32_DATA_W8_SCORE_W32_PROB_W16_ACC_W32_LSE_W32_HEAD_DIM64_FEATURE_IDX_W6', input pin 'prob_col_load_data_i[79]' of hierarchical cell 'g_stripe[3].u_stripe' has no internal loads and is not connected to any nets. (LINT-60)
Warning: In design 'fsa_fused_array_ROWS32_STRIPE_ROWS8_COLS32_DATA_W8_SCORE_W32_PROB_W16_ACC_W32_LSE_W32_HEAD_DIM64_FEATURE_IDX_W6', input pin 'prob_col_load_data_i[63]' of hierarchical cell 'g_stripe[3].u_stripe' has no internal loads and is not connected to any nets. (LINT-60)
Warning: In design 'fsa_fused_array_ROWS32_STRIPE_ROWS8_COLS32_DATA_W8_SCORE_W32_PROB_W16_ACC_W32_LSE_W32_HEAD_DIM64_FEATURE_IDX_W6', input pin 'prob_col_load_data_i[47]' of hierarchical cell 'g_stripe[3].u_stripe' has no internal loads and is not connected to any nets. (LINT-60)
Warning: In design 'fsa_fused_array_ROWS32_STRIPE_ROWS8_COLS32_DATA_W8_SCORE_W32_PROB_W16_ACC_W32_LSE_W32_HEAD_DIM64_FEATURE_IDX_W6', input pin 'prob_col_load_data_i[31]' of hierarchical cell 'g_stripe[3].u_stripe' has no internal loads and is not connected to any nets. (LINT-60)
Warning: In design 'fsa_fused_array_ROWS32_STRIPE_ROWS8_COLS32_DATA_W8_SCORE_W32_PROB_W16_ACC_W32_LSE_W32_HEAD_DIM64_FEATURE_IDX_W6', input pin 'prob_col_load_data_i[15]' of hierarchical cell 'g_stripe[3].u_stripe' has no internal loads and is not connected to any nets. (LINT-60)
Warning: In design 'fsa_fused_array_ROWS32_STRIPE_ROWS8_COLS32_DATA_W8_SCORE_W32_PROB_W16_ACC_W32_LSE_W32_HEAD_DIM64_FEATURE_IDX_W6', input pin 'pv_seed_alpha_i[127]' of hierarchical cell 'g_stripe[3].u_stripe' has no internal loads and is not connected to any nets. (LINT-60)
Warning: In design 'fsa_fused_array_ROWS32_STRIPE_ROWS8_COLS32_DATA_W8_SCORE_W32_PROB_W16_ACC_W32_LSE_W32_HEAD_DIM64_FEATURE_IDX_W6', input pin 'pv_seed_alpha_i[111]' of hierarchical cell 'g_stripe[3].u_stripe' has no internal loads and is not connected to any nets. (LINT-60)
Warning: In design 'fsa_fused_array_ROWS32_STRIPE_ROWS8_COLS32_DATA_W8_SCORE_W32_PROB_W16_ACC_W32_LSE_W32_HEAD_DIM64_FEATURE_IDX_W6', input pin 'pv_seed_alpha_i[95]' of hierarchical cell 'g_stripe[3].u_stripe' has no internal loads and is not connected to any nets. (LINT-60)
Warning: In design 'fsa_fused_array_ROWS32_STRIPE_ROWS8_COLS32_DATA_W8_SCORE_W32_PROB_W16_ACC_W32_LSE_W32_HEAD_DIM64_FEATURE_IDX_W6', input pin 'pv_seed_alpha_i[79]' of hierarchical cell 'g_stripe[3].u_stripe' has no internal loads and is not connected to any nets. (LINT-60)
Warning: In design 'fsa_fused_array_ROWS32_STRIPE_ROWS8_COLS32_DATA_W8_SCORE_W32_PROB_W16_ACC_W32_LSE_W32_HEAD_DIM64_FEATURE_IDX_W6', input pin 'pv_seed_alpha_i[63]' of hierarchical cell 'g_stripe[3].u_stripe' has no internal loads and is not connected to any nets. (LINT-60)
Warning: In design 'fsa_fused_array_ROWS32_STRIPE_ROWS8_COLS32_DATA_W8_SCORE_W32_PROB_W16_ACC_W32_LSE_W32_HEAD_DIM64_FEATURE_IDX_W6', input pin 'pv_seed_alpha_i[47]' of hierarchical cell 'g_stripe[3].u_stripe' has no internal loads and is not connected to any nets. (LINT-60)
Warning: In design 'fsa_fused_array_ROWS32_STRIPE_ROWS8_COLS32_DATA_W8_SCORE_W32_PROB_W16_ACC_W32_LSE_W32_HEAD_DIM64_FEATURE_IDX_W6', input pin 'pv_seed_alpha_i[31]' of hierarchical cell 'g_stripe[3].u_stripe' has no internal loads and is not connected to any nets. (LINT-60)
Warning: In design 'fsa_fused_array_ROWS32_STRIPE_ROWS8_COLS32_DATA_W8_SCORE_W32_PROB_W16_ACC_W32_LSE_W32_HEAD_DIM64_FEATURE_IDX_W6', input pin 'pv_seed_alpha_i[15]' of hierarchical cell 'g_stripe[3].u_stripe' has no internal loads and is not connected to any nets. (LINT-60)
1
