 
****************************************
Report : constraint
        -all_violators
Design : attention_accel_top
Version: V-2023.12-SP5
Date   : Thu Jul 30 16:12:33 2026
****************************************


   min_delay/hold ('core_clk' group)

                             Required        Actual
   Endpoint                 Path Delay     Path Delay        Slack
   -----------------------------------------------------------------
   u_fused_array/g_stripe[0].u_stripe/u_o_bank/g_row[0].g_group[0].u_mem/g_byte[0].u_sram/D[0]
                                0.14           0.05 r        -0.10  (VIOLATED)
   u_fused_array/g_stripe[0].u_stripe/u_o_bank/g_row[0].g_group[1].u_mem/g_byte[0].u_sram/D[0]
                                0.14           0.05 r        -0.10  (VIOLATED)
   u_fused_array/g_stripe[0].u_stripe/u_o_bank/g_row[1].g_group[0].u_mem/g_byte[0].u_sram/D[0]
                                0.14           0.05 r        -0.10  (VIOLATED)
   u_fused_array/g_stripe[0].u_stripe/u_o_bank/g_row[1].g_group[1].u_mem/g_byte[0].u_sram/D[0]
                                0.14           0.05 r        -0.10  (VIOLATED)
   u_fused_array/g_stripe[0].u_stripe/u_o_bank/g_row[2].g_group[0].u_mem/g_byte[0].u_sram/D[0]
                                0.14           0.05 r        -0.10  (VIOLATED)
   u_fused_array/g_stripe[0].u_stripe/u_o_bank/g_row[2].g_group[1].u_mem/g_byte[0].u_sram/D[0]
                                0.14           0.05 r        -0.10  (VIOLATED)
   u_fused_array/g_stripe[0].u_stripe/u_o_bank/g_row[3].g_group[0].u_mem/g_byte[0].u_sram/D[0]
                                0.14           0.05 r        -0.10  (VIOLATED)
   u_fused_array/g_stripe[0].u_stripe/u_o_bank/g_row[3].g_group[1].u_mem/g_byte[0].u_sram/D[0]
                                0.14           0.05 r        -0.10  (VIOLATED)
   u_fused_array/g_stripe[0].u_stripe/u_o_bank/g_row[4].g_group[0].u_mem/g_byte[0].u_sram/D[0]
                                0.14           0.05 r        -0.10  (VIOLATED)
   u_fused_array/g_stripe[0].u_stripe/u_o_bank/g_row[4].g_group[1].u_mem/g_byte[0].u_sram/D[0]
                                0.14           0.05 r        -0.10  (VIOLATED)
   u_fused_array/g_stripe[0].u_stripe/u_o_bank/g_row[5].g_group[0].u_mem/g_byte[0].u_sram/D[0]
                                0.14           0.05 r        -0.10  (VIOLATED)
   u_fused_array/g_stripe[0].u_stripe/u_o_bank/g_row[5].g_group[1].u_mem/g_byte[0].u_sram/D[0]
                                0.14           0.05 r        -0.10  (VIOLATED)
   u_fused_array/g_stripe[0].u_stripe/u_o_bank/g_row[6].g_group[0].u_mem/g_byte[0].u_sram/D[0]
                                0.14           0.05 r        -0.10  (VIOLATED)
   u_fused_array/g_stripe[0].u_stripe/u_o_bank/g_row[6].g_group[1].u_mem/g_byte[0].u_sram/D[0]
                                0.14           0.05 r        -0.10  (VIOLATED)
   u_fused_array/g_stripe[0].u_stripe/u_o_bank/g_row[7].g_group[0].u_mem/g_byte[0].u_sram/D[0]
                                0.14           0.05 r        -0.10  (VIOLATED)
   u_fused_array/g_stripe[0].u_stripe/u_o_bank/g_row[7].g_group[1].u_mem/g_byte[0].u_sram/D[0]
                                0.14           0.05 r        -0.10  (VIOLATED)
   u_fused_array/g_stripe[1].u_stripe/u_o_bank/g_row[0].g_group[0].u_mem/g_byte[0].u_sram/D[0]
                                0.14           0.05 r        -0.10  (VIOLATED)
   u_fused_array/g_stripe[1].u_stripe/u_o_bank/g_row[0].g_group[1].u_mem/g_byte[0].u_sram/D[0]
                                0.14           0.05 r        -0.10  (VIOLATED)
   u_fused_array/g_stripe[1].u_stripe/u_o_bank/g_row[1].g_group[0].u_mem/g_byte[0].u_sram/D[0]
                                0.14           0.05 r        -0.10  (VIOLATED)
   u_fused_array/g_stripe[1].u_stripe/u_o_bank/g_row[1].g_group[1].u_mem/g_byte[0].u_sram/D[0]
                                0.14           0.05 r        -0.10  (VIOLATED)
   u_fused_array/g_stripe[1].u_stripe/u_o_bank/g_row[2].g_group[0].u_mem/g_byte[0].u_sram/D[0]
                                0.14           0.05 r        -0.10  (VIOLATED)
   u_fused_array/g_stripe[1].u_stripe/u_o_bank/g_row[2].g_group[1].u_mem/g_byte[0].u_sram/D[0]
                                0.14           0.05 r        -0.10  (VIOLATED)
   u_fused_array/g_stripe[1].u_stripe/u_o_bank/g_row[3].g_group[0].u_mem/g_byte[0].u_sram/D[0]
                                0.14           0.05 r        -0.10  (VIOLATED)
   u_fused_array/g_stripe[1].u_stripe/u_o_bank/g_row[3].g_group[1].u_mem/g_byte[0].u_sram/D[0]
                                0.14           0.05 r        -0.10  (VIOLATED)
   u_fused_array/g_stripe[1].u_stripe/u_o_bank/g_row[4].g_group[0].u_mem/g_byte[0].u_sram/D[0]
                                0.14           0.05 r        -0.10  (VIOLATED)
   u_fused_array/g_stripe[1].u_stripe/u_o_bank/g_row[4].g_group[1].u_mem/g_byte[0].u_sram/D[0]
                                0.14           0.05 r        -0.10  (VIOLATED)
   u_fused_array/g_stripe[1].u_stripe/u_o_bank/g_row[5].g_group[0].u_mem/g_byte[0].u_sram/D[0]
                                0.14           0.05 r        -0.10  (VIOLATED)
   u_fused_array/g_stripe[1].u_stripe/u_o_bank/g_row[5].g_group[1].u_mem/g_byte[0].u_sram/D[0]
                                0.14           0.05 r        -0.10  (VIOLATED)
   u_fused_array/g_stripe[1].u_stripe/u_o_bank/g_row[6].g_group[0].u_mem/g_byte[0].u_sram/D[0]
                                0.14           0.05 r        -0.10  (VIOLATED)
   u_fused_array/g_stripe[1].u_stripe/u_o_bank/g_row[6].g_group[1].u_mem/g_byte[0].u_sram/D[0]
                                0.14           0.05 r        -0.10  (VIOLATED)
   u_fused_array/g_stripe[1].u_stripe/u_o_bank/g_row[7].g_group[0].u_mem/g_byte[0].u_sram/D[0]
                                0.14           0.05 r        -0.10  (VIOLATED)
   u_fused_array/g_stripe[1].u_stripe/u_o_bank/g_row[7].g_group[1].u_mem/g_byte[0].u_sram/D[0]
                                0.14           0.05 r        -0.10  (VIOLATED)
   u_fused_array/g_stripe[2].u_stripe/u_o_bank/g_row[0].g_group[0].u_mem/g_byte[0].u_sram/D[0]
                                0.14           0.05 r        -0.10  (VIOLATED)
   u_fused_array/g_stripe[2].u_stripe/u_o_bank/g_row[0].g_group[1].u_mem/g_byte[0].u_sram/D[0]
                                0.14           0.05 r        -0.10  (VIOLATED)
   u_fused_array/g_stripe[2].u_stripe/u_o_bank/g_row[1].g_group[0].u_mem/g_byte[0].u_sram/D[0]
                                0.14           0.05 r        -0.10  (VIOLATED)
   u_fused_array/g_stripe[2].u_stripe/u_o_bank/g_row[1].g_group[1].u_mem/g_byte[0].u_sram/D[0]
                                0.14           0.05 r        -0.10  (VIOLATED)
   u_fused_array/g_stripe[2].u_stripe/u_o_bank/g_row[2].g_group[0].u_mem/g_byte[0].u_sram/D[0]
                                0.14           0.05 r        -0.10  (VIOLATED)
   u_fused_array/g_stripe[2].u_stripe/u_o_bank/g_row[2].g_group[1].u_mem/g_byte[0].u_sram/D[0]
                                0.14           0.05 r        -0.10  (VIOLATED)
   u_fused_array/g_stripe[2].u_stripe/u_o_bank/g_row[3].g_group[0].u_mem/g_byte[0].u_sram/D[0]
                                0.14           0.05 r        -0.10  (VIOLATED)
   u_fused_array/g_stripe[2].u_stripe/u_o_bank/g_row[3].g_group[1].u_mem/g_byte[0].u_sram/D[0]
                                0.14           0.05 r        -0.10  (VIOLATED)
   u_fused_array/g_stripe[2].u_stripe/u_o_bank/g_row[4].g_group[0].u_mem/g_byte[0].u_sram/D[0]
                                0.14           0.05 r        -0.10  (VIOLATED)
   u_fused_array/g_stripe[2].u_stripe/u_o_bank/g_row[4].g_group[1].u_mem/g_byte[0].u_sram/D[0]
                                0.14           0.05 r        -0.10  (VIOLATED)
   u_fused_array/g_stripe[2].u_stripe/u_o_bank/g_row[5].g_group[0].u_mem/g_byte[0].u_sram/D[0]
                                0.14           0.05 r        -0.10  (VIOLATED)
   u_fused_array/g_stripe[2].u_stripe/u_o_bank/g_row[5].g_group[1].u_mem/g_byte[0].u_sram/D[0]
                                0.14           0.05 r        -0.10  (VIOLATED)
   u_fused_array/g_stripe[2].u_stripe/u_o_bank/g_row[6].g_group[0].u_mem/g_byte[0].u_sram/D[0]
                                0.14           0.05 r        -0.10  (VIOLATED)
   u_fused_array/g_stripe[2].u_stripe/u_o_bank/g_row[6].g_group[1].u_mem/g_byte[0].u_sram/D[0]
                                0.14           0.05 r        -0.10  (VIOLATED)
   u_fused_array/g_stripe[2].u_stripe/u_o_bank/g_row[7].g_group[0].u_mem/g_byte[0].u_sram/D[0]
                                0.14           0.05 r        -0.10  (VIOLATED)
   u_fused_array/g_stripe[2].u_stripe/u_o_bank/g_row[7].g_group[1].u_mem/g_byte[0].u_sram/D[0]
                                0.14           0.05 r        -0.10  (VIOLATED)
   u_fused_array/g_stripe[3].u_stripe/u_o_bank/g_row[0].g_group[0].u_mem/g_byte[0].u_sram/D[0]
                                0.14           0.05 r        -0.10  (VIOLATED)
   u_fused_array/g_stripe[3].u_stripe/u_o_bank/g_row[0].g_group[1].u_mem/g_byte[0].u_sram/D[0]
                                0.14           0.05 r        -0.10  (VIOLATED)
   u_fused_array/g_stripe[3].u_stripe/u_o_bank/g_row[1].g_group[0].u_mem/g_byte[0].u_sram/D[0]
                                0.14           0.05 r        -0.10  (VIOLATED)
   u_fused_array/g_stripe[3].u_stripe/u_o_bank/g_row[1].g_group[1].u_mem/g_byte[0].u_sram/D[0]
                                0.14           0.05 r        -0.10  (VIOLATED)
   u_fused_array/g_stripe[3].u_stripe/u_o_bank/g_row[2].g_group[0].u_mem/g_byte[0].u_sram/D[0]
                                0.14           0.05 r        -0.10  (VIOLATED)
   u_fused_array/g_stripe[3].u_stripe/u_o_bank/g_row[2].g_group[1].u_mem/g_byte[0].u_sram/D[0]
                                0.14           0.05 r        -0.10  (VIOLATED)
   u_fused_array/g_stripe[3].u_stripe/u_o_bank/g_row[3].g_group[0].u_mem/g_byte[0].u_sram/D[0]
                                0.14           0.05 r        -0.10  (VIOLATED)
   u_fused_array/g_stripe[3].u_stripe/u_o_bank/g_row[3].g_group[1].u_mem/g_byte[0].u_sram/D[0]
                                0.14           0.05 r        -0.10  (VIOLATED)
   u_fused_array/g_stripe[3].u_stripe/u_o_bank/g_row[4].g_group[0].u_mem/g_byte[0].u_sram/D[0]
                                0.14           0.05 r        -0.10  (VIOLATED)
   u_fused_array/g_stripe[3].u_stripe/u_o_bank/g_row[4].g_group[1].u_mem/g_byte[0].u_sram/D[0]
                                0.14           0.05 r        -0.10  (VIOLATED)
   u_fused_array/g_stripe[3].u_stripe/u_o_bank/g_row[5].g_group[0].u_mem/g_byte[0].u_sram/D[0]
                                0.14           0.05 r        -0.10  (VIOLATED)
   u_fused_array/g_stripe[3].u_stripe/u_o_bank/g_row[5].g_group[1].u_mem/g_byte[0].u_sram/D[0]
                                0.14           0.05 r        -0.10  (VIOLATED)
   u_fused_array/g_stripe[3].u_stripe/u_o_bank/g_row[6].g_group[0].u_mem/g_byte[0].u_sram/D[0]
                                0.14           0.05 r        -0.10  (VIOLATED)
   u_fused_array/g_stripe[3].u_stripe/u_o_bank/g_row[6].g_group[1].u_mem/g_byte[0].u_sram/D[0]
                                0.14           0.05 r        -0.10  (VIOLATED)
   u_fused_array/g_stripe[3].u_stripe/u_o_bank/g_row[7].g_group[0].u_mem/g_byte[0].u_sram/D[0]
                                0.14           0.05 r        -0.10  (VIOLATED)
   u_fused_array/g_stripe[3].u_stripe/u_o_bank/g_row[7].g_group[1].u_mem/g_byte[0].u_sram/D[0]
                                0.14           0.05 r        -0.10  (VIOLATED)
   u_tile_cache/u_k0/g_bank[0].g_shallow.u_bank/g_byte[0].u_sram/D[0]
                                0.14           0.05 r        -0.09  (VIOLATED)
   u_tile_cache/u_k0/g_bank[0].g_shallow.u_bank/g_byte[0].u_sram/D[1]
                                0.14           0.05 r        -0.09  (VIOLATED)
   u_tile_cache/u_k0/g_bank[0].g_shallow.u_bank/g_byte[0].u_sram/D[2]
                                0.14           0.05 r        -0.09  (VIOLATED)
   u_tile_cache/u_k0/g_bank[0].g_shallow.u_bank/g_byte[0].u_sram/D[3]
                                0.14           0.05 r        -0.09  (VIOLATED)
   u_tile_cache/u_k0/g_bank[0].g_shallow.u_bank/g_byte[0].u_sram/D[4]
                                0.14           0.05 r        -0.09  (VIOLATED)
   u_tile_cache/u_k0/g_bank[0].g_shallow.u_bank/g_byte[0].u_sram/D[5]
                                0.14           0.05 r        -0.09  (VIOLATED)
   u_tile_cache/u_k0/g_bank[0].g_shallow.u_bank/g_byte[0].u_sram/D[6]
                                0.14           0.05 r        -0.09  (VIOLATED)
   u_tile_cache/u_k0/g_bank[0].g_shallow.u_bank/g_byte[0].u_sram/D[7]
                                0.14           0.05 r        -0.09  (VIOLATED)
   u_tile_cache/u_k0/g_bank[0].g_shallow.u_bank/g_byte[1].u_sram/D[0]
                                0.14           0.05 r        -0.09  (VIOLATED)
   u_tile_cache/u_k0/g_bank[0].g_shallow.u_bank/g_byte[1].u_sram/D[1]
                                0.14           0.05 r        -0.09  (VIOLATED)
   u_tile_cache/u_k0/g_bank[0].g_shallow.u_bank/g_byte[1].u_sram/D[2]
                                0.14           0.05 r        -0.09  (VIOLATED)
   u_tile_cache/u_k0/g_bank[0].g_shallow.u_bank/g_byte[1].u_sram/D[3]
                                0.14           0.05 r        -0.09  (VIOLATED)
   u_tile_cache/u_k0/g_bank[0].g_shallow.u_bank/g_byte[1].u_sram/D[4]
                                0.14           0.05 r        -0.09  (VIOLATED)
   u_tile_cache/u_k0/g_bank[0].g_shallow.u_bank/g_byte[1].u_sram/D[5]
                                0.14           0.05 r        -0.09  (VIOLATED)
   u_tile_cache/u_k0/g_bank[0].g_shallow.u_bank/g_byte[1].u_sram/D[6]
                                0.14           0.05 r        -0.09  (VIOLATED)
   u_tile_cache/u_k0/g_bank[0].g_shallow.u_bank/g_byte[1].u_sram/D[7]
                                0.14           0.05 r        -0.09  (VIOLATED)
   u_tile_cache/u_k0/g_bank[1].g_shallow.u_bank/g_byte[0].u_sram/D[0]
                                0.14           0.05 r        -0.09  (VIOLATED)
   u_tile_cache/u_k0/g_bank[1].g_shallow.u_bank/g_byte[0].u_sram/D[1]
                                0.14           0.05 r        -0.09  (VIOLATED)
   u_tile_cache/u_k0/g_bank[1].g_shallow.u_bank/g_byte[0].u_sram/D[2]
                                0.14           0.05 r        -0.09  (VIOLATED)
   u_tile_cache/u_k0/g_bank[1].g_shallow.u_bank/g_byte[0].u_sram/D[3]
                                0.14           0.05 r        -0.09  (VIOLATED)
   u_tile_cache/u_k0/g_bank[1].g_shallow.u_bank/g_byte[0].u_sram/D[4]
                                0.14           0.05 r        -0.09  (VIOLATED)
   u_tile_cache/u_k0/g_bank[1].g_shallow.u_bank/g_byte[0].u_sram/D[5]
                                0.14           0.05 r        -0.09  (VIOLATED)
   u_tile_cache/u_k0/g_bank[1].g_shallow.u_bank/g_byte[0].u_sram/D[6]
                                0.14           0.05 r        -0.09  (VIOLATED)
   u_tile_cache/u_k0/g_bank[1].g_shallow.u_bank/g_byte[0].u_sram/D[7]
                                0.14           0.05 r        -0.09  (VIOLATED)
   u_tile_cache/u_k0/g_bank[1].g_shallow.u_bank/g_byte[1].u_sram/D[0]
                                0.14           0.05 r        -0.09  (VIOLATED)
   u_tile_cache/u_k0/g_bank[1].g_shallow.u_bank/g_byte[1].u_sram/D[1]
                                0.14           0.05 r        -0.09  (VIOLATED)
   u_tile_cache/u_k0/g_bank[1].g_shallow.u_bank/g_byte[1].u_sram/D[2]
                                0.14           0.05 r        -0.09  (VIOLATED)
   u_tile_cache/u_k0/g_bank[1].g_shallow.u_bank/g_byte[1].u_sram/D[3]
                                0.14           0.05 r        -0.09  (VIOLATED)
   u_tile_cache/u_k0/g_bank[1].g_shallow.u_bank/g_byte[1].u_sram/D[4]
                                0.14           0.05 r        -0.09  (VIOLATED)
   u_tile_cache/u_k0/g_bank[1].g_shallow.u_bank/g_byte[1].u_sram/D[5]
                                0.14           0.05 r        -0.09  (VIOLATED)
   u_tile_cache/u_k0/g_bank[1].g_shallow.u_bank/g_byte[1].u_sram/D[6]
                                0.14           0.05 r        -0.09  (VIOLATED)
   u_tile_cache/u_k0/g_bank[1].g_shallow.u_bank/g_byte[1].u_sram/D[7]
                                0.14           0.05 r        -0.09  (VIOLATED)
   u_tile_cache/u_k0/g_bank[2].g_shallow.u_bank/g_byte[0].u_sram/D[0]
                                0.14           0.05 r        -0.09  (VIOLATED)
   u_tile_cache/u_k0/g_bank[2].g_shallow.u_bank/g_byte[0].u_sram/D[1]
                                0.14           0.05 r        -0.09  (VIOLATED)
   u_tile_cache/u_k0/g_bank[2].g_shallow.u_bank/g_byte[0].u_sram/D[2]
                                0.14           0.05 r        -0.09  (VIOLATED)
   u_tile_cache/u_k0/g_bank[2].g_shallow.u_bank/g_byte[0].u_sram/D[3]
                                0.14           0.05 r        -0.09  (VIOLATED)
   u_tile_cache/u_k0/g_bank[2].g_shallow.u_bank/g_byte[0].u_sram/D[4]
                                0.14           0.05 r        -0.09  (VIOLATED)
   u_tile_cache/u_k0/g_bank[2].g_shallow.u_bank/g_byte[0].u_sram/D[5]
                                0.14           0.05 r        -0.09  (VIOLATED)
   u_tile_cache/u_k0/g_bank[2].g_shallow.u_bank/g_byte[0].u_sram/D[6]
                                0.14           0.05 r        -0.09  (VIOLATED)
   u_tile_cache/u_k0/g_bank[2].g_shallow.u_bank/g_byte[0].u_sram/D[7]
                                0.14           0.05 r        -0.09  (VIOLATED)
   u_tile_cache/u_k0/g_bank[2].g_shallow.u_bank/g_byte[1].u_sram/D[0]
                                0.14           0.05 r        -0.09  (VIOLATED)
   u_tile_cache/u_k0/g_bank[2].g_shallow.u_bank/g_byte[1].u_sram/D[1]
                                0.14           0.05 r        -0.09  (VIOLATED)
   u_tile_cache/u_k0/g_bank[2].g_shallow.u_bank/g_byte[1].u_sram/D[2]
                                0.14           0.05 r        -0.09  (VIOLATED)
   u_tile_cache/u_k0/g_bank[2].g_shallow.u_bank/g_byte[1].u_sram/D[3]
                                0.14           0.05 r        -0.09  (VIOLATED)
   u_tile_cache/u_k0/g_bank[2].g_shallow.u_bank/g_byte[1].u_sram/D[4]
                                0.14           0.05 r        -0.09  (VIOLATED)
   u_tile_cache/u_k0/g_bank[2].g_shallow.u_bank/g_byte[1].u_sram/D[5]
                                0.14           0.05 r        -0.09  (VIOLATED)
   u_tile_cache/u_k0/g_bank[2].g_shallow.u_bank/g_byte[1].u_sram/D[6]
                                0.14           0.05 r        -0.09  (VIOLATED)
   u_tile_cache/u_k0/g_bank[2].g_shallow.u_bank/g_byte[1].u_sram/D[7]
                                0.14           0.05 r        -0.09  (VIOLATED)
   u_tile_cache/u_k0/g_bank[3].g_shallow.u_bank/g_byte[0].u_sram/D[0]
                                0.14           0.05 r        -0.09  (VIOLATED)
   u_tile_cache/u_k0/g_bank[3].g_shallow.u_bank/g_byte[0].u_sram/D[1]
                                0.14           0.05 r        -0.09  (VIOLATED)
   u_tile_cache/u_k0/g_bank[3].g_shallow.u_bank/g_byte[0].u_sram/D[2]
                                0.14           0.05 r        -0.09  (VIOLATED)
   u_tile_cache/u_k0/g_bank[3].g_shallow.u_bank/g_byte[0].u_sram/D[3]
                                0.14           0.05 r        -0.09  (VIOLATED)
   u_tile_cache/u_k0/g_bank[3].g_shallow.u_bank/g_byte[0].u_sram/D[4]
                                0.14           0.05 r        -0.09  (VIOLATED)
   u_tile_cache/u_k0/g_bank[3].g_shallow.u_bank/g_byte[0].u_sram/D[5]
                                0.14           0.05 r        -0.09  (VIOLATED)
   u_tile_cache/u_k0/g_bank[3].g_shallow.u_bank/g_byte[0].u_sram/D[6]
                                0.14           0.05 r        -0.09  (VIOLATED)
   u_tile_cache/u_k0/g_bank[3].g_shallow.u_bank/g_byte[0].u_sram/D[7]
                                0.14           0.05 r        -0.09  (VIOLATED)
   u_tile_cache/u_k0/g_bank[3].g_shallow.u_bank/g_byte[1].u_sram/D[0]
                                0.14           0.05 r        -0.09  (VIOLATED)
   u_tile_cache/u_k0/g_bank[3].g_shallow.u_bank/g_byte[1].u_sram/D[1]
                                0.14           0.05 r        -0.09  (VIOLATED)
   u_tile_cache/u_k0/g_bank[3].g_shallow.u_bank/g_byte[1].u_sram/D[2]
                                0.14           0.05 r        -0.09  (VIOLATED)
   u_tile_cache/u_k0/g_bank[3].g_shallow.u_bank/g_byte[1].u_sram/D[3]
                                0.14           0.05 r        -0.09  (VIOLATED)
   u_tile_cache/u_k0/g_bank[3].g_shallow.u_bank/g_byte[1].u_sram/D[4]
                                0.14           0.05 r        -0.09  (VIOLATED)
   u_tile_cache/u_k0/g_bank[3].g_shallow.u_bank/g_byte[1].u_sram/D[5]
                                0.14           0.05 r        -0.09  (VIOLATED)
   u_tile_cache/u_k0/g_bank[3].g_shallow.u_bank/g_byte[1].u_sram/D[6]
                                0.14           0.05 r        -0.09  (VIOLATED)
   u_tile_cache/u_k0/g_bank[3].g_shallow.u_bank/g_byte[1].u_sram/D[7]
                                0.14           0.05 r        -0.09  (VIOLATED)
   u_tile_cache/u_k0/g_bank[4].g_shallow.u_bank/g_byte[0].u_sram/D[0]
                                0.14           0.05 r        -0.09  (VIOLATED)
   u_tile_cache/u_k0/g_bank[4].g_shallow.u_bank/g_byte[0].u_sram/D[1]
                                0.14           0.05 r        -0.09  (VIOLATED)
   u_tile_cache/u_k0/g_bank[4].g_shallow.u_bank/g_byte[0].u_sram/D[2]
                                0.14           0.05 r        -0.09  (VIOLATED)
   u_tile_cache/u_k0/g_bank[4].g_shallow.u_bank/g_byte[0].u_sram/D[3]
                                0.14           0.05 r        -0.09  (VIOLATED)
   u_tile_cache/u_k0/g_bank[4].g_shallow.u_bank/g_byte[0].u_sram/D[4]
                                0.14           0.05 r        -0.09  (VIOLATED)
   u_tile_cache/u_k0/g_bank[4].g_shallow.u_bank/g_byte[0].u_sram/D[5]
                                0.14           0.05 r        -0.09  (VIOLATED)
   u_tile_cache/u_k0/g_bank[4].g_shallow.u_bank/g_byte[0].u_sram/D[6]
                                0.14           0.05 r        -0.09  (VIOLATED)
   u_tile_cache/u_k0/g_bank[4].g_shallow.u_bank/g_byte[0].u_sram/D[7]
                                0.14           0.05 r        -0.09  (VIOLATED)
   u_tile_cache/u_k0/g_bank[4].g_shallow.u_bank/g_byte[1].u_sram/D[0]
                                0.14           0.05 r        -0.09  (VIOLATED)
   u_tile_cache/u_k0/g_bank[4].g_shallow.u_bank/g_byte[1].u_sram/D[1]
                                0.14           0.05 r        -0.09  (VIOLATED)
   u_tile_cache/u_k0/g_bank[4].g_shallow.u_bank/g_byte[1].u_sram/D[2]
                                0.14           0.05 r        -0.09  (VIOLATED)
   u_tile_cache/u_k0/g_bank[4].g_shallow.u_bank/g_byte[1].u_sram/D[3]
                                0.14           0.05 r        -0.09  (VIOLATED)
   u_tile_cache/u_k0/g_bank[4].g_shallow.u_bank/g_byte[1].u_sram/D[4]
                                0.14           0.05 r        -0.09  (VIOLATED)
   u_tile_cache/u_k0/g_bank[4].g_shallow.u_bank/g_byte[1].u_sram/D[5]
                                0.14           0.05 r        -0.09  (VIOLATED)
   u_tile_cache/u_k0/g_bank[4].g_shallow.u_bank/g_byte[1].u_sram/D[6]
                                0.14           0.05 r        -0.09  (VIOLATED)
   u_tile_cache/u_k0/g_bank[4].g_shallow.u_bank/g_byte[1].u_sram/D[7]
                                0.14           0.05 r        -0.09  (VIOLATED)
   u_tile_cache/u_k0/g_bank[5].g_shallow.u_bank/g_byte[0].u_sram/D[0]
                                0.14           0.05 r        -0.09  (VIOLATED)
   u_tile_cache/u_k0/g_bank[5].g_shallow.u_bank/g_byte[0].u_sram/D[1]
                                0.14           0.05 r        -0.09  (VIOLATED)
   u_tile_cache/u_k0/g_bank[5].g_shallow.u_bank/g_byte[0].u_sram/D[2]
                                0.14           0.05 r        -0.09  (VIOLATED)
   u_tile_cache/u_k0/g_bank[5].g_shallow.u_bank/g_byte[0].u_sram/D[3]
                                0.14           0.05 r        -0.09  (VIOLATED)
   u_tile_cache/u_k0/g_bank[5].g_shallow.u_bank/g_byte[0].u_sram/D[4]
                                0.14           0.05 r        -0.09  (VIOLATED)
   u_tile_cache/u_k0/g_bank[5].g_shallow.u_bank/g_byte[0].u_sram/D[5]
                                0.14           0.05 r        -0.09  (VIOLATED)
   u_tile_cache/u_k0/g_bank[5].g_shallow.u_bank/g_byte[0].u_sram/D[6]
                                0.14           0.05 r        -0.09  (VIOLATED)
   u_tile_cache/u_k0/g_bank[5].g_shallow.u_bank/g_byte[0].u_sram/D[7]
                                0.14           0.05 r        -0.09  (VIOLATED)
   u_tile_cache/u_k0/g_bank[5].g_shallow.u_bank/g_byte[1].u_sram/D[0]
                                0.14           0.05 r        -0.09  (VIOLATED)
   u_tile_cache/u_k0/g_bank[5].g_shallow.u_bank/g_byte[1].u_sram/D[1]
                                0.14           0.05 r        -0.09  (VIOLATED)
   u_tile_cache/u_k0/g_bank[5].g_shallow.u_bank/g_byte[1].u_sram/D[2]
                                0.14           0.05 r        -0.09  (VIOLATED)
   u_tile_cache/u_k0/g_bank[5].g_shallow.u_bank/g_byte[1].u_sram/D[3]
                                0.14           0.05 r        -0.09  (VIOLATED)
   u_tile_cache/u_k0/g_bank[5].g_shallow.u_bank/g_byte[1].u_sram/D[4]
                                0.14           0.05 r        -0.09  (VIOLATED)
   u_tile_cache/u_k0/g_bank[5].g_shallow.u_bank/g_byte[1].u_sram/D[5]
                                0.14           0.05 r        -0.09  (VIOLATED)
   u_tile_cache/u_k0/g_bank[5].g_shallow.u_bank/g_byte[1].u_sram/D[6]
                                0.14           0.05 r        -0.09  (VIOLATED)
   u_tile_cache/u_k0/g_bank[5].g_shallow.u_bank/g_byte[1].u_sram/D[7]
                                0.14           0.05 r        -0.09  (VIOLATED)
   u_tile_cache/u_k0/g_bank[6].g_shallow.u_bank/g_byte[0].u_sram/D[0]
                                0.14           0.05 r        -0.09  (VIOLATED)
   u_tile_cache/u_k0/g_bank[6].g_shallow.u_bank/g_byte[0].u_sram/D[1]
                                0.14           0.05 r        -0.09  (VIOLATED)
   u_tile_cache/u_k0/g_bank[6].g_shallow.u_bank/g_byte[0].u_sram/D[2]
                                0.14           0.05 r        -0.09  (VIOLATED)
   u_tile_cache/u_k0/g_bank[6].g_shallow.u_bank/g_byte[0].u_sram/D[3]
                                0.14           0.05 r        -0.09  (VIOLATED)
   u_tile_cache/u_k0/g_bank[6].g_shallow.u_bank/g_byte[0].u_sram/D[4]
                                0.14           0.05 r        -0.09  (VIOLATED)
   u_tile_cache/u_k0/g_bank[6].g_shallow.u_bank/g_byte[0].u_sram/D[5]
                                0.14           0.05 r        -0.09  (VIOLATED)
   u_tile_cache/u_k0/g_bank[6].g_shallow.u_bank/g_byte[0].u_sram/D[6]
                                0.14           0.05 r        -0.09  (VIOLATED)
   u_tile_cache/u_k0/g_bank[6].g_shallow.u_bank/g_byte[0].u_sram/D[7]
                                0.14           0.05 r        -0.09  (VIOLATED)
   u_tile_cache/u_k0/g_bank[6].g_shallow.u_bank/g_byte[1].u_sram/D[0]
                                0.14           0.05 r        -0.09  (VIOLATED)
   u_tile_cache/u_k0/g_bank[6].g_shallow.u_bank/g_byte[1].u_sram/D[1]
                                0.14           0.05 r        -0.09  (VIOLATED)
   u_tile_cache/u_k0/g_bank[6].g_shallow.u_bank/g_byte[1].u_sram/D[2]
                                0.14           0.05 r        -0.09  (VIOLATED)
   u_tile_cache/u_k0/g_bank[6].g_shallow.u_bank/g_byte[1].u_sram/D[3]
                                0.14           0.05 r        -0.09  (VIOLATED)
   u_tile_cache/u_k0/g_bank[6].g_shallow.u_bank/g_byte[1].u_sram/D[4]
                                0.14           0.05 r        -0.09  (VIOLATED)
   u_tile_cache/u_k0/g_bank[6].g_shallow.u_bank/g_byte[1].u_sram/D[5]
                                0.14           0.05 r        -0.09  (VIOLATED)
   u_tile_cache/u_k0/g_bank[6].g_shallow.u_bank/g_byte[1].u_sram/D[6]
                                0.14           0.05 r        -0.09  (VIOLATED)
   u_tile_cache/u_k0/g_bank[6].g_shallow.u_bank/g_byte[1].u_sram/D[7]
                                0.14           0.05 r        -0.09  (VIOLATED)
   u_tile_cache/u_k0/g_bank[7].g_shallow.u_bank/g_byte[0].u_sram/D[0]
                                0.14           0.05 r        -0.09  (VIOLATED)
   u_tile_cache/u_k0/g_bank[7].g_shallow.u_bank/g_byte[0].u_sram/D[1]
                                0.14           0.05 r        -0.09  (VIOLATED)
   u_tile_cache/u_k0/g_bank[7].g_shallow.u_bank/g_byte[0].u_sram/D[2]
                                0.14           0.05 r        -0.09  (VIOLATED)
   u_tile_cache/u_k0/g_bank[7].g_shallow.u_bank/g_byte[0].u_sram/D[3]
                                0.14           0.05 r        -0.09  (VIOLATED)
   u_tile_cache/u_k0/g_bank[7].g_shallow.u_bank/g_byte[0].u_sram/D[4]
                                0.14           0.05 r        -0.09  (VIOLATED)
   u_tile_cache/u_k0/g_bank[7].g_shallow.u_bank/g_byte[0].u_sram/D[5]
                                0.14           0.05 r        -0.09  (VIOLATED)
   u_tile_cache/u_k0/g_bank[7].g_shallow.u_bank/g_byte[0].u_sram/D[6]
                                0.14           0.05 r        -0.09  (VIOLATED)
   u_tile_cache/u_k0/g_bank[7].g_shallow.u_bank/g_byte[0].u_sram/D[7]
                                0.14           0.05 r        -0.09  (VIOLATED)
   u_tile_cache/u_k0/g_bank[7].g_shallow.u_bank/g_byte[1].u_sram/D[0]
                                0.14           0.05 r        -0.09  (VIOLATED)
   u_tile_cache/u_k0/g_bank[7].g_shallow.u_bank/g_byte[1].u_sram/D[1]
                                0.14           0.05 r        -0.09  (VIOLATED)
   u_tile_cache/u_k0/g_bank[7].g_shallow.u_bank/g_byte[1].u_sram/D[2]
                                0.14           0.05 r        -0.09  (VIOLATED)
   u_tile_cache/u_k0/g_bank[7].g_shallow.u_bank/g_byte[1].u_sram/D[3]
                                0.14           0.05 r        -0.09  (VIOLATED)
   u_tile_cache/u_k0/g_bank[7].g_shallow.u_bank/g_byte[1].u_sram/D[4]
                                0.14           0.05 r        -0.09  (VIOLATED)
   u_tile_cache/u_k0/g_bank[7].g_shallow.u_bank/g_byte[1].u_sram/D[5]
                                0.14           0.05 r        -0.09  (VIOLATED)
   u_tile_cache/u_k0/g_bank[7].g_shallow.u_bank/g_byte[1].u_sram/D[6]
                                0.14           0.05 r        -0.09  (VIOLATED)
   u_tile_cache/u_k0/g_bank[7].g_shallow.u_bank/g_byte[1].u_sram/D[7]
                                0.14           0.05 r        -0.09  (VIOLATED)
   u_tile_cache/u_k0/g_bank[8].g_shallow.u_bank/g_byte[0].u_sram/D[0]
                                0.14           0.05 r        -0.09  (VIOLATED)
   u_tile_cache/u_k0/g_bank[8].g_shallow.u_bank/g_byte[0].u_sram/D[1]
                                0.14           0.05 r        -0.09  (VIOLATED)
   u_tile_cache/u_k0/g_bank[8].g_shallow.u_bank/g_byte[0].u_sram/D[2]
                                0.14           0.05 r        -0.09  (VIOLATED)
   u_tile_cache/u_k0/g_bank[8].g_shallow.u_bank/g_byte[0].u_sram/D[3]
                                0.14           0.05 r        -0.09  (VIOLATED)
   u_tile_cache/u_k0/g_bank[8].g_shallow.u_bank/g_byte[0].u_sram/D[4]
                                0.14           0.05 r        -0.09  (VIOLATED)
   u_tile_cache/u_k0/g_bank[8].g_shallow.u_bank/g_byte[0].u_sram/D[5]
                                0.14           0.05 r        -0.09  (VIOLATED)
   u_tile_cache/u_k0/g_bank[8].g_shallow.u_bank/g_byte[0].u_sram/D[6]
                                0.14           0.05 r        -0.09  (VIOLATED)
   u_tile_cache/u_k0/g_bank[8].g_shallow.u_bank/g_byte[0].u_sram/D[7]
                                0.14           0.05 r        -0.09  (VIOLATED)
   u_tile_cache/u_k0/g_bank[8].g_shallow.u_bank/g_byte[1].u_sram/D[0]
                                0.14           0.05 r        -0.09  (VIOLATED)
   u_tile_cache/u_k0/g_bank[8].g_shallow.u_bank/g_byte[1].u_sram/D[1]
                                0.14           0.05 r        -0.09  (VIOLATED)
   u_tile_cache/u_k0/g_bank[8].g_shallow.u_bank/g_byte[1].u_sram/D[2]
                                0.14           0.05 r        -0.09  (VIOLATED)
   u_tile_cache/u_k0/g_bank[8].g_shallow.u_bank/g_byte[1].u_sram/D[3]
                                0.14           0.05 r        -0.09  (VIOLATED)
   u_tile_cache/u_k0/g_bank[8].g_shallow.u_bank/g_byte[1].u_sram/D[4]
                                0.14           0.05 r        -0.09  (VIOLATED)
   u_tile_cache/u_k0/g_bank[8].g_shallow.u_bank/g_byte[1].u_sram/D[5]
                                0.14           0.05 r        -0.09  (VIOLATED)
   u_tile_cache/u_k0/g_bank[8].g_shallow.u_bank/g_byte[1].u_sram/D[6]
                                0.14           0.05 r        -0.09  (VIOLATED)
   u_tile_cache/u_k0/g_bank[8].g_shallow.u_bank/g_byte[1].u_sram/D[7]
                                0.14           0.05 r        -0.09  (VIOLATED)
   u_tile_cache/u_k0/g_bank[9].g_shallow.u_bank/g_byte[0].u_sram/D[0]
                                0.14           0.05 r        -0.09  (VIOLATED)
   u_tile_cache/u_k0/g_bank[9].g_shallow.u_bank/g_byte[0].u_sram/D[1]
                                0.14           0.05 r        -0.09  (VIOLATED)
   u_tile_cache/u_k0/g_bank[9].g_shallow.u_bank/g_byte[0].u_sram/D[2]
                                0.14           0.05 r        -0.09  (VIOLATED)
   u_tile_cache/u_k0/g_bank[9].g_shallow.u_bank/g_byte[0].u_sram/D[3]
                                0.14           0.05 r        -0.09  (VIOLATED)
   u_tile_cache/u_k0/g_bank[9].g_shallow.u_bank/g_byte[0].u_sram/D[4]
                                0.14           0.05 r        -0.09  (VIOLATED)
   u_tile_cache/u_k0/g_bank[9].g_shallow.u_bank/g_byte[0].u_sram/D[5]
                                0.14           0.05 r        -0.09  (VIOLATED)
   u_tile_cache/u_k0/g_bank[9].g_shallow.u_bank/g_byte[0].u_sram/D[6]
                                0.14           0.05 r        -0.09  (VIOLATED)
   u_tile_cache/u_k0/g_bank[9].g_shallow.u_bank/g_byte[0].u_sram/D[7]
                                0.14           0.05 r        -0.09  (VIOLATED)
   u_tile_cache/u_k0/g_bank[9].g_shallow.u_bank/g_byte[1].u_sram/D[0]
                                0.14           0.05 r        -0.09  (VIOLATED)
   u_tile_cache/u_k0/g_bank[9].g_shallow.u_bank/g_byte[1].u_sram/D[1]
                                0.14           0.05 r        -0.09  (VIOLATED)
   u_tile_cache/u_k0/g_bank[9].g_shallow.u_bank/g_byte[1].u_sram/D[2]
                                0.14           0.05 r        -0.09  (VIOLATED)
   u_tile_cache/u_k0/g_bank[9].g_shallow.u_bank/g_byte[1].u_sram/D[3]
                                0.14           0.05 r        -0.09  (VIOLATED)
   u_tile_cache/u_k0/g_bank[9].g_shallow.u_bank/g_byte[1].u_sram/D[4]
                                0.14           0.05 r        -0.09  (VIOLATED)
   u_tile_cache/u_k0/g_bank[9].g_shallow.u_bank/g_byte[1].u_sram/D[5]
                                0.14           0.05 r        -0.09  (VIOLATED)
   u_tile_cache/u_k0/g_bank[9].g_shallow.u_bank/g_byte[1].u_sram/D[6]
                                0.14           0.05 r        -0.09  (VIOLATED)
   u_tile_cache/u_k0/g_bank[9].g_shallow.u_bank/g_byte[1].u_sram/D[7]
                                0.14           0.05 r        -0.09  (VIOLATED)
   u_tile_cache/u_k0/g_bank[10].g_shallow.u_bank/g_byte[0].u_sram/D[0]
                                0.14           0.05 r        -0.09  (VIOLATED)
   u_tile_cache/u_k0/g_bank[10].g_shallow.u_bank/g_byte[0].u_sram/D[1]
                                0.14           0.05 r        -0.09  (VIOLATED)
   u_tile_cache/u_k0/g_bank[10].g_shallow.u_bank/g_byte[0].u_sram/D[2]
                                0.14           0.05 r        -0.09  (VIOLATED)
   u_tile_cache/u_k0/g_bank[10].g_shallow.u_bank/g_byte[0].u_sram/D[3]
                                0.14           0.05 r        -0.09  (VIOLATED)
   u_tile_cache/u_k0/g_bank[10].g_shallow.u_bank/g_byte[0].u_sram/D[4]
                                0.14           0.05 r        -0.09  (VIOLATED)
   u_tile_cache/u_k0/g_bank[10].g_shallow.u_bank/g_byte[0].u_sram/D[5]
                                0.14           0.05 r        -0.09  (VIOLATED)
   u_tile_cache/u_k0/g_bank[10].g_shallow.u_bank/g_byte[0].u_sram/D[6]
                                0.14           0.05 r        -0.09  (VIOLATED)
   u_tile_cache/u_k0/g_bank[10].g_shallow.u_bank/g_byte[0].u_sram/D[7]
                                0.14           0.05 r        -0.09  (VIOLATED)
   u_tile_cache/u_k0/g_bank[10].g_shallow.u_bank/g_byte[1].u_sram/D[0]
                                0.14           0.05 r        -0.09  (VIOLATED)
   u_tile_cache/u_k0/g_bank[10].g_shallow.u_bank/g_byte[1].u_sram/D[1]
                                0.14           0.05 r        -0.09  (VIOLATED)
   u_tile_cache/u_k0/g_bank[10].g_shallow.u_bank/g_byte[1].u_sram/D[2]
                                0.14           0.05 r        -0.09  (VIOLATED)
   u_tile_cache/u_k0/g_bank[10].g_shallow.u_bank/g_byte[1].u_sram/D[3]
                                0.14           0.05 r        -0.09  (VIOLATED)
   u_tile_cache/u_k0/g_bank[10].g_shallow.u_bank/g_byte[1].u_sram/D[4]
                                0.14           0.05 r        -0.09  (VIOLATED)
   u_tile_cache/u_k0/g_bank[10].g_shallow.u_bank/g_byte[1].u_sram/D[5]
                                0.14           0.05 r        -0.09  (VIOLATED)
   u_tile_cache/u_k0/g_bank[10].g_shallow.u_bank/g_byte[1].u_sram/D[6]
                                0.14           0.05 r        -0.09  (VIOLATED)
   u_tile_cache/u_k0/g_bank[10].g_shallow.u_bank/g_byte[1].u_sram/D[7]
                                0.14           0.05 r        -0.09  (VIOLATED)
   u_tile_cache/u_k0/g_bank[11].g_shallow.u_bank/g_byte[0].u_sram/D[0]
                                0.14           0.05 r        -0.09  (VIOLATED)
   u_tile_cache/u_k0/g_bank[11].g_shallow.u_bank/g_byte[0].u_sram/D[1]
                                0.14           0.05 r        -0.09  (VIOLATED)
   u_tile_cache/u_k0/g_bank[11].g_shallow.u_bank/g_byte[0].u_sram/D[2]
                                0.14           0.05 r        -0.09  (VIOLATED)
   u_tile_cache/u_k0/g_bank[11].g_shallow.u_bank/g_byte[0].u_sram/D[3]
                                0.14           0.05 r        -0.09  (VIOLATED)
   u_tile_cache/u_k0/g_bank[11].g_shallow.u_bank/g_byte[0].u_sram/D[4]
                                0.14           0.05 r        -0.09  (VIOLATED)
   u_tile_cache/u_k0/g_bank[11].g_shallow.u_bank/g_byte[0].u_sram/D[5]
                                0.14           0.05 r        -0.09  (VIOLATED)
   u_tile_cache/u_k0/g_bank[11].g_shallow.u_bank/g_byte[0].u_sram/D[6]
                                0.14           0.05 r        -0.09  (VIOLATED)
   u_tile_cache/u_k0/g_bank[11].g_shallow.u_bank/g_byte[0].u_sram/D[7]
                                0.14           0.05 r        -0.09  (VIOLATED)
   u_tile_cache/u_k0/g_bank[11].g_shallow.u_bank/g_byte[1].u_sram/D[0]
                                0.14           0.05 r        -0.09  (VIOLATED)
   u_tile_cache/u_k0/g_bank[11].g_shallow.u_bank/g_byte[1].u_sram/D[1]
                                0.14           0.05 r        -0.09  (VIOLATED)
   u_tile_cache/u_k0/g_bank[11].g_shallow.u_bank/g_byte[1].u_sram/D[2]
                                0.14           0.05 r        -0.09  (VIOLATED)
   u_tile_cache/u_k0/g_bank[11].g_shallow.u_bank/g_byte[1].u_sram/D[3]
                                0.14           0.05 r        -0.09  (VIOLATED)
   u_tile_cache/u_k0/g_bank[11].g_shallow.u_bank/g_byte[1].u_sram/D[4]
                                0.14           0.05 r        -0.09  (VIOLATED)
   u_tile_cache/u_k0/g_bank[11].g_shallow.u_bank/g_byte[1].u_sram/D[5]
                                0.14           0.05 r        -0.09  (VIOLATED)
   u_tile_cache/u_k0/g_bank[11].g_shallow.u_bank/g_byte[1].u_sram/D[6]
                                0.14           0.05 r        -0.09  (VIOLATED)
   u_tile_cache/u_k0/g_bank[11].g_shallow.u_bank/g_byte[1].u_sram/D[7]
                                0.14           0.05 r        -0.09  (VIOLATED)
   u_tile_cache/u_k0/g_bank[12].g_shallow.u_bank/g_byte[0].u_sram/D[0]
                                0.14           0.05 r        -0.09  (VIOLATED)
   u_tile_cache/u_k0/g_bank[12].g_shallow.u_bank/g_byte[0].u_sram/D[1]
                                0.14           0.05 r        -0.09  (VIOLATED)
   u_tile_cache/u_k0/g_bank[12].g_shallow.u_bank/g_byte[0].u_sram/D[2]
                                0.14           0.05 r        -0.09  (VIOLATED)
   u_tile_cache/u_k0/g_bank[12].g_shallow.u_bank/g_byte[0].u_sram/D[3]
                                0.14           0.05 r        -0.09  (VIOLATED)
   u_tile_cache/u_k0/g_bank[12].g_shallow.u_bank/g_byte[0].u_sram/D[4]
                                0.14           0.05 r        -0.09  (VIOLATED)
   u_tile_cache/u_k0/g_bank[12].g_shallow.u_bank/g_byte[0].u_sram/D[5]
                                0.14           0.05 r        -0.09  (VIOLATED)
   u_tile_cache/u_k0/g_bank[12].g_shallow.u_bank/g_byte[0].u_sram/D[6]
                                0.14           0.05 r        -0.09  (VIOLATED)
   u_tile_cache/u_k0/g_bank[12].g_shallow.u_bank/g_byte[0].u_sram/D[7]
                                0.14           0.05 r        -0.09  (VIOLATED)
   u_tile_cache/u_k0/g_bank[12].g_shallow.u_bank/g_byte[1].u_sram/D[0]
                                0.14           0.05 r        -0.09  (VIOLATED)
   u_tile_cache/u_k0/g_bank[12].g_shallow.u_bank/g_byte[1].u_sram/D[1]
                                0.14           0.05 r        -0.09  (VIOLATED)
   u_tile_cache/u_k0/g_bank[12].g_shallow.u_bank/g_byte[1].u_sram/D[2]
                                0.14           0.05 r        -0.09  (VIOLATED)
   u_tile_cache/u_k0/g_bank[12].g_shallow.u_bank/g_byte[1].u_sram/D[3]
                                0.14           0.05 r        -0.09  (VIOLATED)
   u_tile_cache/u_k0/g_bank[12].g_shallow.u_bank/g_byte[1].u_sram/D[4]
                                0.14           0.05 r        -0.09  (VIOLATED)
   u_tile_cache/u_k0/g_bank[12].g_shallow.u_bank/g_byte[1].u_sram/D[5]
                                0.14           0.05 r        -0.09  (VIOLATED)
   u_tile_cache/u_k0/g_bank[12].g_shallow.u_bank/g_byte[1].u_sram/D[6]
                                0.14           0.05 r        -0.09  (VIOLATED)
   u_tile_cache/u_k0/g_bank[12].g_shallow.u_bank/g_byte[1].u_sram/D[7]
                                0.14           0.05 r        -0.09  (VIOLATED)
   u_tile_cache/u_k0/g_bank[13].g_shallow.u_bank/g_byte[0].u_sram/D[0]
                                0.14           0.05 r        -0.09  (VIOLATED)
   u_tile_cache/u_k0/g_bank[13].g_shallow.u_bank/g_byte[0].u_sram/D[1]
                                0.14           0.05 r        -0.09  (VIOLATED)
   u_tile_cache/u_k0/g_bank[13].g_shallow.u_bank/g_byte[0].u_sram/D[2]
                                0.14           0.05 r        -0.09  (VIOLATED)
   u_tile_cache/u_k0/g_bank[13].g_shallow.u_bank/g_byte[0].u_sram/D[3]
                                0.14           0.05 r        -0.09  (VIOLATED)
   u_tile_cache/u_k0/g_bank[13].g_shallow.u_bank/g_byte[0].u_sram/D[4]
                                0.14           0.05 r        -0.09  (VIOLATED)
   u_tile_cache/u_k0/g_bank[13].g_shallow.u_bank/g_byte[0].u_sram/D[5]
                                0.14           0.05 r        -0.09  (VIOLATED)
   u_tile_cache/u_k0/g_bank[13].g_shallow.u_bank/g_byte[0].u_sram/D[6]
                                0.14           0.05 r        -0.09  (VIOLATED)
   u_tile_cache/u_k0/g_bank[13].g_shallow.u_bank/g_byte[0].u_sram/D[7]
                                0.14           0.05 r        -0.09  (VIOLATED)
   u_tile_cache/u_k0/g_bank[13].g_shallow.u_bank/g_byte[1].u_sram/D[0]
                                0.14           0.05 r        -0.09  (VIOLATED)
   u_tile_cache/u_k0/g_bank[13].g_shallow.u_bank/g_byte[1].u_sram/D[1]
                                0.14           0.05 r        -0.09  (VIOLATED)
   u_tile_cache/u_k0/g_bank[13].g_shallow.u_bank/g_byte[1].u_sram/D[2]
                                0.14           0.05 r        -0.09  (VIOLATED)
   u_tile_cache/u_k0/g_bank[13].g_shallow.u_bank/g_byte[1].u_sram/D[3]
                                0.14           0.05 r        -0.09  (VIOLATED)
   u_tile_cache/u_k0/g_bank[13].g_shallow.u_bank/g_byte[1].u_sram/D[4]
                                0.14           0.05 r        -0.09  (VIOLATED)
   u_tile_cache/u_k0/g_bank[13].g_shallow.u_bank/g_byte[1].u_sram/D[5]
                                0.14           0.05 r        -0.09  (VIOLATED)
   u_tile_cache/u_k0/g_bank[13].g_shallow.u_bank/g_byte[1].u_sram/D[6]
                                0.14           0.05 r        -0.09  (VIOLATED)
   u_tile_cache/u_k0/g_bank[13].g_shallow.u_bank/g_byte[1].u_sram/D[7]
                                0.14           0.05 r        -0.09  (VIOLATED)
   u_tile_cache/u_k0/g_bank[14].g_shallow.u_bank/g_byte[0].u_sram/D[0]
                                0.14           0.05 r        -0.09  (VIOLATED)
   u_tile_cache/u_k0/g_bank[14].g_shallow.u_bank/g_byte[0].u_sram/D[1]
                                0.14           0.05 r        -0.09  (VIOLATED)
   u_tile_cache/u_k0/g_bank[14].g_shallow.u_bank/g_byte[0].u_sram/D[2]
                                0.14           0.05 r        -0.09  (VIOLATED)
   u_tile_cache/u_k0/g_bank[14].g_shallow.u_bank/g_byte[0].u_sram/D[3]
                                0.14           0.05 r        -0.09  (VIOLATED)
   u_tile_cache/u_k0/g_bank[14].g_shallow.u_bank/g_byte[0].u_sram/D[4]
                                0.14           0.05 r        -0.09  (VIOLATED)
   u_tile_cache/u_k0/g_bank[14].g_shallow.u_bank/g_byte[0].u_sram/D[5]
                                0.14           0.05 r        -0.09  (VIOLATED)
   u_tile_cache/u_k0/g_bank[14].g_shallow.u_bank/g_byte[0].u_sram/D[6]
                                0.14           0.05 r        -0.09  (VIOLATED)
   u_tile_cache/u_k0/g_bank[14].g_shallow.u_bank/g_byte[0].u_sram/D[7]
                                0.14           0.05 r        -0.09  (VIOLATED)
   u_tile_cache/u_k0/g_bank[14].g_shallow.u_bank/g_byte[1].u_sram/D[0]
                                0.14           0.05 r        -0.09  (VIOLATED)
   u_tile_cache/u_k0/g_bank[14].g_shallow.u_bank/g_byte[1].u_sram/D[1]
                                0.14           0.05 r        -0.09  (VIOLATED)
   u_tile_cache/u_k0/g_bank[14].g_shallow.u_bank/g_byte[1].u_sram/D[2]
                                0.14           0.05 r        -0.09  (VIOLATED)
   u_tile_cache/u_k0/g_bank[14].g_shallow.u_bank/g_byte[1].u_sram/D[3]
                                0.14           0.05 r        -0.09  (VIOLATED)
   u_tile_cache/u_k0/g_bank[14].g_shallow.u_bank/g_byte[1].u_sram/D[4]
                                0.14           0.05 r        -0.09  (VIOLATED)
   u_tile_cache/u_k0/g_bank[14].g_shallow.u_bank/g_byte[1].u_sram/D[5]
                                0.14           0.05 r        -0.09  (VIOLATED)
   u_tile_cache/u_k0/g_bank[14].g_shallow.u_bank/g_byte[1].u_sram/D[6]
                                0.14           0.05 r        -0.09  (VIOLATED)
   u_tile_cache/u_k0/g_bank[14].g_shallow.u_bank/g_byte[1].u_sram/D[7]
                                0.14           0.05 r        -0.09  (VIOLATED)
   u_tile_cache/u_k0/g_bank[15].g_shallow.u_bank/g_byte[0].u_sram/D[0]
                                0.14           0.05 r        -0.09  (VIOLATED)
   u_tile_cache/u_k0/g_bank[15].g_shallow.u_bank/g_byte[0].u_sram/D[1]
                                0.14           0.05 r        -0.09  (VIOLATED)
   u_tile_cache/u_k0/g_bank[15].g_shallow.u_bank/g_byte[0].u_sram/D[2]
                                0.14           0.05 r        -0.09  (VIOLATED)
   u_tile_cache/u_k0/g_bank[15].g_shallow.u_bank/g_byte[0].u_sram/D[3]
                                0.14           0.05 r        -0.09  (VIOLATED)
   u_tile_cache/u_k0/g_bank[15].g_shallow.u_bank/g_byte[0].u_sram/D[4]
                                0.14           0.05 r        -0.09  (VIOLATED)
   u_tile_cache/u_k0/g_bank[15].g_shallow.u_bank/g_byte[0].u_sram/D[5]
                                0.14           0.05 r        -0.09  (VIOLATED)
   u_tile_cache/u_k0/g_bank[15].g_shallow.u_bank/g_byte[0].u_sram/D[6]
                                0.14           0.05 r        -0.09  (VIOLATED)
   u_tile_cache/u_k0/g_bank[15].g_shallow.u_bank/g_byte[0].u_sram/D[7]
                                0.14           0.05 r        -0.09  (VIOLATED)
   u_tile_cache/u_k0/g_bank[15].g_shallow.u_bank/g_byte[1].u_sram/D[0]
                                0.14           0.05 r        -0.09  (VIOLATED)
   u_tile_cache/u_k0/g_bank[15].g_shallow.u_bank/g_byte[1].u_sram/D[1]
                                0.14           0.05 r        -0.09  (VIOLATED)
   u_tile_cache/u_k0/g_bank[15].g_shallow.u_bank/g_byte[1].u_sram/D[2]
                                0.14           0.05 r        -0.09  (VIOLATED)
   u_tile_cache/u_k0/g_bank[15].g_shallow.u_bank/g_byte[1].u_sram/D[3]
                                0.14           0.05 r        -0.09  (VIOLATED)
   u_tile_cache/u_k0/g_bank[15].g_shallow.u_bank/g_byte[1].u_sram/D[4]
                                0.14           0.05 r        -0.09  (VIOLATED)
   u_tile_cache/u_k0/g_bank[15].g_shallow.u_bank/g_byte[1].u_sram/D[5]
                                0.14           0.05 r        -0.09  (VIOLATED)
   u_tile_cache/u_k0/g_bank[15].g_shallow.u_bank/g_byte[1].u_sram/D[6]
                                0.14           0.05 r        -0.09  (VIOLATED)
   u_tile_cache/u_k0/g_bank[15].g_shallow.u_bank/g_byte[1].u_sram/D[7]
                                0.14           0.05 r        -0.09  (VIOLATED)
   u_tile_cache/u_k1/g_bank[0].g_shallow.u_bank/g_byte[0].u_sram/D[0]
                                0.14           0.05 r        -0.09  (VIOLATED)
   u_tile_cache/u_k1/g_bank[0].g_shallow.u_bank/g_byte[0].u_sram/D[1]
                                0.14           0.05 r        -0.09  (VIOLATED)
   u_tile_cache/u_k1/g_bank[0].g_shallow.u_bank/g_byte[0].u_sram/D[2]
                                0.14           0.05 r        -0.09  (VIOLATED)
   u_tile_cache/u_k1/g_bank[0].g_shallow.u_bank/g_byte[0].u_sram/D[3]
                                0.14           0.05 r        -0.09  (VIOLATED)
   u_tile_cache/u_k1/g_bank[0].g_shallow.u_bank/g_byte[0].u_sram/D[4]
                                0.14           0.05 r        -0.09  (VIOLATED)
   u_tile_cache/u_k1/g_bank[0].g_shallow.u_bank/g_byte[0].u_sram/D[5]
                                0.14           0.05 r        -0.09  (VIOLATED)
   u_tile_cache/u_k1/g_bank[0].g_shallow.u_bank/g_byte[0].u_sram/D[6]
                                0.14           0.05 r        -0.09  (VIOLATED)
   u_tile_cache/u_k1/g_bank[0].g_shallow.u_bank/g_byte[0].u_sram/D[7]
                                0.14           0.05 r        -0.09  (VIOLATED)
   u_tile_cache/u_k1/g_bank[0].g_shallow.u_bank/g_byte[1].u_sram/D[0]
                                0.14           0.05 r        -0.09  (VIOLATED)
   u_tile_cache/u_k1/g_bank[0].g_shallow.u_bank/g_byte[1].u_sram/D[1]
                                0.14           0.05 r        -0.09  (VIOLATED)
   u_tile_cache/u_k1/g_bank[0].g_shallow.u_bank/g_byte[1].u_sram/D[2]
                                0.14           0.05 r        -0.09  (VIOLATED)
   u_tile_cache/u_k1/g_bank[0].g_shallow.u_bank/g_byte[1].u_sram/D[3]
                                0.14           0.05 r        -0.09  (VIOLATED)
   u_tile_cache/u_k1/g_bank[0].g_shallow.u_bank/g_byte[1].u_sram/D[4]
                                0.14           0.05 r        -0.09  (VIOLATED)
   u_tile_cache/u_k1/g_bank[0].g_shallow.u_bank/g_byte[1].u_sram/D[5]
                                0.14           0.05 r        -0.09  (VIOLATED)
   u_tile_cache/u_k1/g_bank[0].g_shallow.u_bank/g_byte[1].u_sram/D[6]
                                0.14           0.05 r        -0.09  (VIOLATED)
   u_tile_cache/u_k1/g_bank[0].g_shallow.u_bank/g_byte[1].u_sram/D[7]
                                0.14           0.05 r        -0.09  (VIOLATED)
   u_tile_cache/u_k1/g_bank[1].g_shallow.u_bank/g_byte[0].u_sram/D[0]
                                0.14           0.05 r        -0.09  (VIOLATED)
   u_tile_cache/u_k1/g_bank[1].g_shallow.u_bank/g_byte[0].u_sram/D[1]
                                0.14           0.05 r        -0.09  (VIOLATED)
   u_tile_cache/u_k1/g_bank[1].g_shallow.u_bank/g_byte[0].u_sram/D[2]
                                0.14           0.05 r        -0.09  (VIOLATED)
   u_tile_cache/u_k1/g_bank[1].g_shallow.u_bank/g_byte[0].u_sram/D[3]
                                0.14           0.05 r        -0.09  (VIOLATED)
   u_tile_cache/u_k1/g_bank[1].g_shallow.u_bank/g_byte[0].u_sram/D[4]
                                0.14           0.05 r        -0.09  (VIOLATED)
   u_tile_cache/u_k1/g_bank[1].g_shallow.u_bank/g_byte[0].u_sram/D[5]
                                0.14           0.05 r        -0.09  (VIOLATED)
   u_tile_cache/u_k1/g_bank[1].g_shallow.u_bank/g_byte[0].u_sram/D[6]
                                0.14           0.05 r        -0.09  (VIOLATED)
   u_tile_cache/u_k1/g_bank[1].g_shallow.u_bank/g_byte[0].u_sram/D[7]
                                0.14           0.05 r        -0.09  (VIOLATED)
   u_tile_cache/u_k1/g_bank[1].g_shallow.u_bank/g_byte[1].u_sram/D[0]
                                0.14           0.05 r        -0.09  (VIOLATED)
   u_tile_cache/u_k1/g_bank[1].g_shallow.u_bank/g_byte[1].u_sram/D[1]
                                0.14           0.05 r        -0.09  (VIOLATED)
   u_tile_cache/u_k1/g_bank[1].g_shallow.u_bank/g_byte[1].u_sram/D[2]
                                0.14           0.05 r        -0.09  (VIOLATED)
   u_tile_cache/u_k1/g_bank[1].g_shallow.u_bank/g_byte[1].u_sram/D[3]
                                0.14           0.05 r        -0.09  (VIOLATED)
   u_tile_cache/u_k1/g_bank[1].g_shallow.u_bank/g_byte[1].u_sram/D[4]
                                0.14           0.05 r        -0.09  (VIOLATED)
   u_tile_cache/u_k1/g_bank[1].g_shallow.u_bank/g_byte[1].u_sram/D[5]
                                0.14           0.05 r        -0.09  (VIOLATED)
   u_tile_cache/u_k1/g_bank[1].g_shallow.u_bank/g_byte[1].u_sram/D[6]
                                0.14           0.05 r        -0.09  (VIOLATED)
   u_tile_cache/u_k1/g_bank[1].g_shallow.u_bank/g_byte[1].u_sram/D[7]
                                0.14           0.05 r        -0.09  (VIOLATED)
   u_tile_cache/u_k1/g_bank[2].g_shallow.u_bank/g_byte[0].u_sram/D[0]
                                0.14           0.05 r        -0.09  (VIOLATED)
   u_tile_cache/u_k1/g_bank[2].g_shallow.u_bank/g_byte[0].u_sram/D[1]
                                0.14           0.05 r        -0.09  (VIOLATED)
   u_tile_cache/u_k1/g_bank[2].g_shallow.u_bank/g_byte[0].u_sram/D[2]
                                0.14           0.05 r        -0.09  (VIOLATED)
   u_tile_cache/u_k1/g_bank[2].g_shallow.u_bank/g_byte[0].u_sram/D[3]
                                0.14           0.05 r        -0.09  (VIOLATED)
   u_tile_cache/u_k1/g_bank[2].g_shallow.u_bank/g_byte[0].u_sram/D[4]
                                0.14           0.05 r        -0.09  (VIOLATED)
   u_tile_cache/u_k1/g_bank[2].g_shallow.u_bank/g_byte[0].u_sram/D[5]
                                0.14           0.05 r        -0.09  (VIOLATED)
   u_tile_cache/u_k1/g_bank[2].g_shallow.u_bank/g_byte[0].u_sram/D[6]
                                0.14           0.05 r        -0.09  (VIOLATED)
   u_tile_cache/u_k1/g_bank[2].g_shallow.u_bank/g_byte[0].u_sram/D[7]
                                0.14           0.05 r        -0.09  (VIOLATED)
   u_tile_cache/u_k1/g_bank[2].g_shallow.u_bank/g_byte[1].u_sram/D[0]
                                0.14           0.05 r        -0.09  (VIOLATED)
   u_tile_cache/u_k1/g_bank[2].g_shallow.u_bank/g_byte[1].u_sram/D[1]
                                0.14           0.05 r        -0.09  (VIOLATED)
   u_tile_cache/u_k1/g_bank[2].g_shallow.u_bank/g_byte[1].u_sram/D[2]
                                0.14           0.05 r        -0.09  (VIOLATED)
   u_tile_cache/u_k1/g_bank[2].g_shallow.u_bank/g_byte[1].u_sram/D[3]
                                0.14           0.05 r        -0.09  (VIOLATED)
   u_tile_cache/u_k1/g_bank[2].g_shallow.u_bank/g_byte[1].u_sram/D[4]
                                0.14           0.05 r        -0.09  (VIOLATED)
   u_tile_cache/u_k1/g_bank[2].g_shallow.u_bank/g_byte[1].u_sram/D[5]
                                0.14           0.05 r        -0.09  (VIOLATED)
   u_tile_cache/u_k1/g_bank[2].g_shallow.u_bank/g_byte[1].u_sram/D[6]
                                0.14           0.05 r        -0.09  (VIOLATED)
   u_tile_cache/u_k1/g_bank[2].g_shallow.u_bank/g_byte[1].u_sram/D[7]
                                0.14           0.05 r        -0.09  (VIOLATED)
   u_tile_cache/u_k1/g_bank[3].g_shallow.u_bank/g_byte[0].u_sram/D[0]
                                0.14           0.05 r        -0.09  (VIOLATED)
   u_tile_cache/u_k1/g_bank[3].g_shallow.u_bank/g_byte[0].u_sram/D[1]
                                0.14           0.05 r        -0.09  (VIOLATED)
   u_tile_cache/u_k1/g_bank[3].g_shallow.u_bank/g_byte[0].u_sram/D[2]
                                0.14           0.05 r        -0.09  (VIOLATED)
   u_tile_cache/u_k1/g_bank[3].g_shallow.u_bank/g_byte[0].u_sram/D[3]
                                0.14           0.05 r        -0.09  (VIOLATED)
   u_tile_cache/u_k1/g_bank[3].g_shallow.u_bank/g_byte[0].u_sram/D[4]
                                0.14           0.05 r        -0.09  (VIOLATED)
   u_tile_cache/u_k1/g_bank[3].g_shallow.u_bank/g_byte[0].u_sram/D[5]
                                0.14           0.05 r        -0.09  (VIOLATED)
   u_tile_cache/u_k1/g_bank[3].g_shallow.u_bank/g_byte[0].u_sram/D[6]
                                0.14           0.05 r        -0.09  (VIOLATED)
   u_tile_cache/u_k1/g_bank[3].g_shallow.u_bank/g_byte[0].u_sram/D[7]
                                0.14           0.05 r        -0.09  (VIOLATED)
   u_tile_cache/u_k1/g_bank[3].g_shallow.u_bank/g_byte[1].u_sram/D[0]
                                0.14           0.05 r        -0.09  (VIOLATED)
   u_tile_cache/u_k1/g_bank[3].g_shallow.u_bank/g_byte[1].u_sram/D[1]
                                0.14           0.05 r        -0.09  (VIOLATED)
   u_tile_cache/u_k1/g_bank[3].g_shallow.u_bank/g_byte[1].u_sram/D[2]
                                0.14           0.05 r        -0.09  (VIOLATED)
   u_tile_cache/u_k1/g_bank[3].g_shallow.u_bank/g_byte[1].u_sram/D[3]
                                0.14           0.05 r        -0.09  (VIOLATED)
   u_tile_cache/u_k1/g_bank[3].g_shallow.u_bank/g_byte[1].u_sram/D[4]
                                0.14           0.05 r        -0.09  (VIOLATED)
   u_tile_cache/u_k1/g_bank[3].g_shallow.u_bank/g_byte[1].u_sram/D[5]
                                0.14           0.05 r        -0.09  (VIOLATED)
   u_tile_cache/u_k1/g_bank[3].g_shallow.u_bank/g_byte[1].u_sram/D[6]
                                0.14           0.05 r        -0.09  (VIOLATED)
   u_tile_cache/u_k1/g_bank[3].g_shallow.u_bank/g_byte[1].u_sram/D[7]
                                0.14           0.05 r        -0.09  (VIOLATED)
   u_tile_cache/u_k1/g_bank[4].g_shallow.u_bank/g_byte[0].u_sram/D[0]
                                0.14           0.05 r        -0.09  (VIOLATED)
   u_tile_cache/u_k1/g_bank[4].g_shallow.u_bank/g_byte[0].u_sram/D[1]
                                0.14           0.05 r        -0.09  (VIOLATED)
   u_tile_cache/u_k1/g_bank[4].g_shallow.u_bank/g_byte[0].u_sram/D[2]
                                0.14           0.05 r        -0.09  (VIOLATED)
   u_tile_cache/u_k1/g_bank[4].g_shallow.u_bank/g_byte[0].u_sram/D[3]
                                0.14           0.05 r        -0.09  (VIOLATED)
   u_tile_cache/u_k1/g_bank[4].g_shallow.u_bank/g_byte[0].u_sram/D[4]
                                0.14           0.05 r        -0.09  (VIOLATED)
   u_tile_cache/u_k1/g_bank[4].g_shallow.u_bank/g_byte[0].u_sram/D[5]
                                0.14           0.05 r        -0.09  (VIOLATED)
   u_tile_cache/u_k1/g_bank[4].g_shallow.u_bank/g_byte[0].u_sram/D[6]
                                0.14           0.05 r        -0.09  (VIOLATED)
   u_tile_cache/u_k1/g_bank[4].g_shallow.u_bank/g_byte[0].u_sram/D[7]
                                0.14           0.05 r        -0.09  (VIOLATED)
   u_tile_cache/u_k1/g_bank[4].g_shallow.u_bank/g_byte[1].u_sram/D[0]
                                0.14           0.05 r        -0.09  (VIOLATED)
   u_tile_cache/u_k1/g_bank[4].g_shallow.u_bank/g_byte[1].u_sram/D[1]
                                0.14           0.05 r        -0.09  (VIOLATED)
   u_tile_cache/u_k1/g_bank[4].g_shallow.u_bank/g_byte[1].u_sram/D[2]
                                0.14           0.05 r        -0.09  (VIOLATED)
   u_tile_cache/u_k1/g_bank[4].g_shallow.u_bank/g_byte[1].u_sram/D[3]
                                0.14           0.05 r        -0.09  (VIOLATED)
   u_tile_cache/u_k1/g_bank[4].g_shallow.u_bank/g_byte[1].u_sram/D[4]
                                0.14           0.05 r        -0.09  (VIOLATED)
   u_tile_cache/u_k1/g_bank[4].g_shallow.u_bank/g_byte[1].u_sram/D[5]
                                0.14           0.05 r        -0.09  (VIOLATED)
   u_tile_cache/u_k1/g_bank[4].g_shallow.u_bank/g_byte[1].u_sram/D[6]
                                0.14           0.05 r        -0.09  (VIOLATED)
   u_tile_cache/u_k1/g_bank[4].g_shallow.u_bank/g_byte[1].u_sram/D[7]
                                0.14           0.05 r        -0.09  (VIOLATED)
   u_tile_cache/u_k1/g_bank[5].g_shallow.u_bank/g_byte[0].u_sram/D[0]
                                0.14           0.05 r        -0.09  (VIOLATED)
   u_tile_cache/u_k1/g_bank[5].g_shallow.u_bank/g_byte[0].u_sram/D[1]
                                0.14           0.05 r        -0.09  (VIOLATED)
   u_tile_cache/u_k1/g_bank[5].g_shallow.u_bank/g_byte[0].u_sram/D[2]
                                0.14           0.05 r        -0.09  (VIOLATED)
   u_tile_cache/u_k1/g_bank[5].g_shallow.u_bank/g_byte[0].u_sram/D[3]
                                0.14           0.05 r        -0.09  (VIOLATED)
   u_tile_cache/u_k1/g_bank[5].g_shallow.u_bank/g_byte[0].u_sram/D[4]
                                0.14           0.05 r        -0.09  (VIOLATED)
   u_tile_cache/u_k1/g_bank[5].g_shallow.u_bank/g_byte[0].u_sram/D[5]
                                0.14           0.05 r        -0.09  (VIOLATED)
   u_tile_cache/u_k1/g_bank[5].g_shallow.u_bank/g_byte[0].u_sram/D[6]
                                0.14           0.05 r        -0.09  (VIOLATED)
   u_tile_cache/u_k1/g_bank[5].g_shallow.u_bank/g_byte[0].u_sram/D[7]
                                0.14           0.05 r        -0.09  (VIOLATED)
   u_tile_cache/u_k1/g_bank[5].g_shallow.u_bank/g_byte[1].u_sram/D[0]
                                0.14           0.05 r        -0.09  (VIOLATED)
   u_tile_cache/u_k1/g_bank[5].g_shallow.u_bank/g_byte[1].u_sram/D[1]
                                0.14           0.05 r        -0.09  (VIOLATED)
   u_tile_cache/u_k1/g_bank[5].g_shallow.u_bank/g_byte[1].u_sram/D[2]
                                0.14           0.05 r        -0.09  (VIOLATED)
   u_tile_cache/u_k1/g_bank[5].g_shallow.u_bank/g_byte[1].u_sram/D[3]
                                0.14           0.05 r        -0.09  (VIOLATED)
   u_tile_cache/u_k1/g_bank[5].g_shallow.u_bank/g_byte[1].u_sram/D[4]
                                0.14           0.05 r        -0.09  (VIOLATED)
   u_tile_cache/u_k1/g_bank[5].g_shallow.u_bank/g_byte[1].u_sram/D[5]
                                0.14           0.05 r        -0.09  (VIOLATED)
   u_tile_cache/u_k1/g_bank[5].g_shallow.u_bank/g_byte[1].u_sram/D[6]
                                0.14           0.05 r        -0.09  (VIOLATED)
   u_tile_cache/u_k1/g_bank[5].g_shallow.u_bank/g_byte[1].u_sram/D[7]
                                0.14           0.05 r        -0.09  (VIOLATED)
   u_tile_cache/u_k1/g_bank[6].g_shallow.u_bank/g_byte[0].u_sram/D[0]
                                0.14           0.05 r        -0.09  (VIOLATED)
   u_tile_cache/u_k1/g_bank[6].g_shallow.u_bank/g_byte[0].u_sram/D[1]
                                0.14           0.05 r        -0.09  (VIOLATED)
   u_tile_cache/u_k1/g_bank[6].g_shallow.u_bank/g_byte[0].u_sram/D[2]
                                0.14           0.05 r        -0.09  (VIOLATED)
   u_tile_cache/u_k1/g_bank[6].g_shallow.u_bank/g_byte[0].u_sram/D[3]
                                0.14           0.05 r        -0.09  (VIOLATED)
   u_tile_cache/u_k1/g_bank[6].g_shallow.u_bank/g_byte[0].u_sram/D[4]
                                0.14           0.05 r        -0.09  (VIOLATED)
   u_tile_cache/u_k1/g_bank[6].g_shallow.u_bank/g_byte[0].u_sram/D[5]
                                0.14           0.05 r        -0.09  (VIOLATED)
   u_tile_cache/u_k1/g_bank[6].g_shallow.u_bank/g_byte[0].u_sram/D[6]
                                0.14           0.05 r        -0.09  (VIOLATED)
   u_tile_cache/u_k1/g_bank[6].g_shallow.u_bank/g_byte[0].u_sram/D[7]
                                0.14           0.05 r        -0.09  (VIOLATED)
   u_tile_cache/u_k1/g_bank[6].g_shallow.u_bank/g_byte[1].u_sram/D[0]
                                0.14           0.05 r        -0.09  (VIOLATED)
   u_tile_cache/u_k1/g_bank[6].g_shallow.u_bank/g_byte[1].u_sram/D[1]
                                0.14           0.05 r        -0.09  (VIOLATED)
   u_tile_cache/u_k1/g_bank[6].g_shallow.u_bank/g_byte[1].u_sram/D[2]
                                0.14           0.05 r        -0.09  (VIOLATED)
   u_tile_cache/u_k1/g_bank[6].g_shallow.u_bank/g_byte[1].u_sram/D[3]
                                0.14           0.05 r        -0.09  (VIOLATED)
   u_tile_cache/u_k1/g_bank[6].g_shallow.u_bank/g_byte[1].u_sram/D[4]
                                0.14           0.05 r        -0.09  (VIOLATED)
   u_tile_cache/u_k1/g_bank[6].g_shallow.u_bank/g_byte[1].u_sram/D[5]
                                0.14           0.05 r        -0.09  (VIOLATED)
   u_tile_cache/u_k1/g_bank[6].g_shallow.u_bank/g_byte[1].u_sram/D[6]
                                0.14           0.05 r        -0.09  (VIOLATED)
   u_tile_cache/u_k1/g_bank[6].g_shallow.u_bank/g_byte[1].u_sram/D[7]
                                0.14           0.05 r        -0.09  (VIOLATED)
   u_tile_cache/u_k1/g_bank[7].g_shallow.u_bank/g_byte[0].u_sram/D[0]
                                0.14           0.05 r        -0.09  (VIOLATED)
   u_tile_cache/u_k1/g_bank[7].g_shallow.u_bank/g_byte[0].u_sram/D[1]
                                0.14           0.05 r        -0.09  (VIOLATED)
   u_tile_cache/u_k1/g_bank[7].g_shallow.u_bank/g_byte[0].u_sram/D[2]
                                0.14           0.05 r        -0.09  (VIOLATED)
   u_tile_cache/u_k1/g_bank[7].g_shallow.u_bank/g_byte[0].u_sram/D[3]
                                0.14           0.05 r        -0.09  (VIOLATED)
   u_tile_cache/u_k1/g_bank[7].g_shallow.u_bank/g_byte[0].u_sram/D[4]
                                0.14           0.05 r        -0.09  (VIOLATED)
   u_tile_cache/u_k1/g_bank[7].g_shallow.u_bank/g_byte[0].u_sram/D[5]
                                0.14           0.05 r        -0.09  (VIOLATED)
   u_tile_cache/u_k1/g_bank[7].g_shallow.u_bank/g_byte[0].u_sram/D[6]
                                0.14           0.05 r        -0.09  (VIOLATED)
   u_tile_cache/u_k1/g_bank[7].g_shallow.u_bank/g_byte[0].u_sram/D[7]
                                0.14           0.05 r        -0.09  (VIOLATED)
   u_tile_cache/u_k1/g_bank[7].g_shallow.u_bank/g_byte[1].u_sram/D[0]
                                0.14           0.05 r        -0.09  (VIOLATED)
   u_tile_cache/u_k1/g_bank[7].g_shallow.u_bank/g_byte[1].u_sram/D[1]
                                0.14           0.05 r        -0.09  (VIOLATED)
   u_tile_cache/u_k1/g_bank[7].g_shallow.u_bank/g_byte[1].u_sram/D[2]
                                0.14           0.05 r        -0.09  (VIOLATED)
   u_tile_cache/u_k1/g_bank[7].g_shallow.u_bank/g_byte[1].u_sram/D[3]
                                0.14           0.05 r        -0.09  (VIOLATED)
   u_tile_cache/u_k1/g_bank[7].g_shallow.u_bank/g_byte[1].u_sram/D[4]
                                0.14           0.05 r        -0.09  (VIOLATED)
   u_tile_cache/u_k1/g_bank[7].g_shallow.u_bank/g_byte[1].u_sram/D[5]
                                0.14           0.05 r        -0.09  (VIOLATED)
   u_tile_cache/u_k1/g_bank[7].g_shallow.u_bank/g_byte[1].u_sram/D[6]
                                0.14           0.05 r        -0.09  (VIOLATED)
   u_tile_cache/u_k1/g_bank[7].g_shallow.u_bank/g_byte[1].u_sram/D[7]
                                0.14           0.05 r        -0.09  (VIOLATED)
   u_tile_cache/u_k1/g_bank[8].g_shallow.u_bank/g_byte[0].u_sram/D[0]
                                0.14           0.05 r        -0.09  (VIOLATED)
   u_tile_cache/u_k1/g_bank[8].g_shallow.u_bank/g_byte[0].u_sram/D[1]
                                0.14           0.05 r        -0.09  (VIOLATED)
   u_tile_cache/u_k1/g_bank[8].g_shallow.u_bank/g_byte[0].u_sram/D[2]
                                0.14           0.05 r        -0.09  (VIOLATED)
   u_tile_cache/u_k1/g_bank[8].g_shallow.u_bank/g_byte[0].u_sram/D[3]
                                0.14           0.05 r        -0.09  (VIOLATED)
   u_tile_cache/u_k1/g_bank[8].g_shallow.u_bank/g_byte[0].u_sram/D[4]
                                0.14           0.05 r        -0.09  (VIOLATED)
   u_tile_cache/u_k1/g_bank[8].g_shallow.u_bank/g_byte[0].u_sram/D[5]
                                0.14           0.05 r        -0.09  (VIOLATED)
   u_tile_cache/u_k1/g_bank[8].g_shallow.u_bank/g_byte[0].u_sram/D[6]
                                0.14           0.05 r        -0.09  (VIOLATED)
   u_tile_cache/u_k1/g_bank[8].g_shallow.u_bank/g_byte[0].u_sram/D[7]
                                0.14           0.05 r        -0.09  (VIOLATED)
   u_tile_cache/u_k1/g_bank[8].g_shallow.u_bank/g_byte[1].u_sram/D[0]
                                0.14           0.05 r        -0.09  (VIOLATED)
   u_tile_cache/u_k1/g_bank[8].g_shallow.u_bank/g_byte[1].u_sram/D[1]
                                0.14           0.05 r        -0.09  (VIOLATED)
   u_tile_cache/u_k1/g_bank[8].g_shallow.u_bank/g_byte[1].u_sram/D[2]
                                0.14           0.05 r        -0.09  (VIOLATED)
   u_tile_cache/u_k1/g_bank[8].g_shallow.u_bank/g_byte[1].u_sram/D[3]
                                0.14           0.05 r        -0.09  (VIOLATED)
   u_tile_cache/u_k1/g_bank[8].g_shallow.u_bank/g_byte[1].u_sram/D[4]
                                0.14           0.05 r        -0.09  (VIOLATED)
   u_tile_cache/u_k1/g_bank[8].g_shallow.u_bank/g_byte[1].u_sram/D[5]
                                0.14           0.05 r        -0.09  (VIOLATED)
   u_tile_cache/u_k1/g_bank[8].g_shallow.u_bank/g_byte[1].u_sram/D[6]
                                0.14           0.05 r        -0.09  (VIOLATED)
   u_tile_cache/u_k1/g_bank[8].g_shallow.u_bank/g_byte[1].u_sram/D[7]
                                0.14           0.05 r        -0.09  (VIOLATED)
   u_tile_cache/u_k1/g_bank[9].g_shallow.u_bank/g_byte[0].u_sram/D[0]
                                0.14           0.05 r        -0.09  (VIOLATED)
   u_tile_cache/u_k1/g_bank[9].g_shallow.u_bank/g_byte[0].u_sram/D[1]
                                0.14           0.05 r        -0.09  (VIOLATED)
   u_tile_cache/u_k1/g_bank[9].g_shallow.u_bank/g_byte[0].u_sram/D[2]
                                0.14           0.05 r        -0.09  (VIOLATED)
   u_tile_cache/u_k1/g_bank[9].g_shallow.u_bank/g_byte[0].u_sram/D[3]
                                0.14           0.05 r        -0.09  (VIOLATED)
   u_tile_cache/u_k1/g_bank[9].g_shallow.u_bank/g_byte[0].u_sram/D[4]
                                0.14           0.05 r        -0.09  (VIOLATED)
   u_tile_cache/u_k1/g_bank[9].g_shallow.u_bank/g_byte[0].u_sram/D[5]
                                0.14           0.05 r        -0.09  (VIOLATED)
   u_tile_cache/u_k1/g_bank[9].g_shallow.u_bank/g_byte[0].u_sram/D[6]
                                0.14           0.05 r        -0.09  (VIOLATED)
   u_tile_cache/u_k1/g_bank[9].g_shallow.u_bank/g_byte[0].u_sram/D[7]
                                0.14           0.05 r        -0.09  (VIOLATED)
   u_tile_cache/u_k1/g_bank[9].g_shallow.u_bank/g_byte[1].u_sram/D[0]
                                0.14           0.05 r        -0.09  (VIOLATED)
   u_tile_cache/u_k1/g_bank[9].g_shallow.u_bank/g_byte[1].u_sram/D[1]
                                0.14           0.05 r        -0.09  (VIOLATED)
   u_tile_cache/u_k1/g_bank[9].g_shallow.u_bank/g_byte[1].u_sram/D[2]
                                0.14           0.05 r        -0.09  (VIOLATED)
   u_tile_cache/u_k1/g_bank[9].g_shallow.u_bank/g_byte[1].u_sram/D[3]
                                0.14           0.05 r        -0.09  (VIOLATED)
   u_tile_cache/u_k1/g_bank[9].g_shallow.u_bank/g_byte[1].u_sram/D[4]
                                0.14           0.05 r        -0.09  (VIOLATED)
   u_tile_cache/u_k1/g_bank[9].g_shallow.u_bank/g_byte[1].u_sram/D[5]
                                0.14           0.05 r        -0.09  (VIOLATED)
   u_tile_cache/u_k1/g_bank[9].g_shallow.u_bank/g_byte[1].u_sram/D[6]
                                0.14           0.05 r        -0.09  (VIOLATED)
   u_tile_cache/u_k1/g_bank[9].g_shallow.u_bank/g_byte[1].u_sram/D[7]
                                0.14           0.05 r        -0.09  (VIOLATED)
   u_tile_cache/u_k1/g_bank[10].g_shallow.u_bank/g_byte[0].u_sram/D[0]
                                0.14           0.05 r        -0.09  (VIOLATED)
   u_tile_cache/u_k1/g_bank[10].g_shallow.u_bank/g_byte[0].u_sram/D[1]
                                0.14           0.05 r        -0.09  (VIOLATED)
   u_tile_cache/u_k1/g_bank[10].g_shallow.u_bank/g_byte[0].u_sram/D[2]
                                0.14           0.05 r        -0.09  (VIOLATED)
   u_tile_cache/u_k1/g_bank[10].g_shallow.u_bank/g_byte[0].u_sram/D[3]
                                0.14           0.05 r        -0.09  (VIOLATED)
   u_tile_cache/u_k1/g_bank[10].g_shallow.u_bank/g_byte[0].u_sram/D[4]
                                0.14           0.05 r        -0.09  (VIOLATED)
   u_tile_cache/u_k1/g_bank[10].g_shallow.u_bank/g_byte[0].u_sram/D[5]
                                0.14           0.05 r        -0.09  (VIOLATED)
   u_tile_cache/u_k1/g_bank[10].g_shallow.u_bank/g_byte[0].u_sram/D[6]
                                0.14           0.05 r        -0.09  (VIOLATED)
   u_tile_cache/u_k1/g_bank[10].g_shallow.u_bank/g_byte[0].u_sram/D[7]
                                0.14           0.05 r        -0.09  (VIOLATED)
   u_tile_cache/u_k1/g_bank[10].g_shallow.u_bank/g_byte[1].u_sram/D[0]
                                0.14           0.05 r        -0.09  (VIOLATED)
   u_tile_cache/u_k1/g_bank[10].g_shallow.u_bank/g_byte[1].u_sram/D[1]
                                0.14           0.05 r        -0.09  (VIOLATED)
   u_tile_cache/u_k1/g_bank[10].g_shallow.u_bank/g_byte[1].u_sram/D[2]
                                0.14           0.05 r        -0.09  (VIOLATED)
   u_tile_cache/u_k1/g_bank[10].g_shallow.u_bank/g_byte[1].u_sram/D[3]
                                0.14           0.05 r        -0.09  (VIOLATED)
   u_tile_cache/u_k1/g_bank[10].g_shallow.u_bank/g_byte[1].u_sram/D[4]
                                0.14           0.05 r        -0.09  (VIOLATED)
   u_tile_cache/u_k1/g_bank[10].g_shallow.u_bank/g_byte[1].u_sram/D[5]
                                0.14           0.05 r        -0.09  (VIOLATED)
   u_tile_cache/u_k1/g_bank[10].g_shallow.u_bank/g_byte[1].u_sram/D[6]
                                0.14           0.05 r        -0.09  (VIOLATED)
   u_tile_cache/u_k1/g_bank[10].g_shallow.u_bank/g_byte[1].u_sram/D[7]
                                0.14           0.05 r        -0.09  (VIOLATED)
   u_tile_cache/u_k1/g_bank[11].g_shallow.u_bank/g_byte[0].u_sram/D[0]
                                0.14           0.05 r        -0.09  (VIOLATED)
   u_tile_cache/u_k1/g_bank[11].g_shallow.u_bank/g_byte[0].u_sram/D[1]
                                0.14           0.05 r        -0.09  (VIOLATED)
   u_tile_cache/u_k1/g_bank[11].g_shallow.u_bank/g_byte[0].u_sram/D[2]
                                0.14           0.05 r        -0.09  (VIOLATED)
   u_tile_cache/u_k1/g_bank[11].g_shallow.u_bank/g_byte[0].u_sram/D[3]
                                0.14           0.05 r        -0.09  (VIOLATED)
   u_tile_cache/u_k1/g_bank[11].g_shallow.u_bank/g_byte[0].u_sram/D[4]
                                0.14           0.05 r        -0.09  (VIOLATED)
   u_tile_cache/u_k1/g_bank[11].g_shallow.u_bank/g_byte[0].u_sram/D[5]
                                0.14           0.05 r        -0.09  (VIOLATED)
   u_tile_cache/u_k1/g_bank[11].g_shallow.u_bank/g_byte[0].u_sram/D[6]
                                0.14           0.05 r        -0.09  (VIOLATED)
   u_tile_cache/u_k1/g_bank[11].g_shallow.u_bank/g_byte[0].u_sram/D[7]
                                0.14           0.05 r        -0.09  (VIOLATED)
   u_tile_cache/u_k1/g_bank[11].g_shallow.u_bank/g_byte[1].u_sram/D[0]
                                0.14           0.05 r        -0.09  (VIOLATED)
   u_tile_cache/u_k1/g_bank[11].g_shallow.u_bank/g_byte[1].u_sram/D[1]
                                0.14           0.05 r        -0.09  (VIOLATED)
   u_tile_cache/u_k1/g_bank[11].g_shallow.u_bank/g_byte[1].u_sram/D[2]
                                0.14           0.05 r        -0.09  (VIOLATED)
   u_tile_cache/u_k1/g_bank[11].g_shallow.u_bank/g_byte[1].u_sram/D[3]
                                0.14           0.05 r        -0.09  (VIOLATED)
   u_tile_cache/u_k1/g_bank[11].g_shallow.u_bank/g_byte[1].u_sram/D[4]
                                0.14           0.05 r        -0.09  (VIOLATED)
   u_tile_cache/u_k1/g_bank[11].g_shallow.u_bank/g_byte[1].u_sram/D[5]
                                0.14           0.05 r        -0.09  (VIOLATED)
   u_tile_cache/u_k1/g_bank[11].g_shallow.u_bank/g_byte[1].u_sram/D[6]
                                0.14           0.05 r        -0.09  (VIOLATED)
   u_tile_cache/u_k1/g_bank[11].g_shallow.u_bank/g_byte[1].u_sram/D[7]
                                0.14           0.05 r        -0.09  (VIOLATED)
   u_tile_cache/u_k1/g_bank[12].g_shallow.u_bank/g_byte[0].u_sram/D[0]
                                0.14           0.05 r        -0.09  (VIOLATED)
   u_tile_cache/u_k1/g_bank[12].g_shallow.u_bank/g_byte[0].u_sram/D[1]
                                0.14           0.05 r        -0.09  (VIOLATED)
   u_tile_cache/u_k1/g_bank[12].g_shallow.u_bank/g_byte[0].u_sram/D[2]
                                0.14           0.05 r        -0.09  (VIOLATED)
   u_tile_cache/u_k1/g_bank[12].g_shallow.u_bank/g_byte[0].u_sram/D[3]
                                0.14           0.05 r        -0.09  (VIOLATED)
   u_tile_cache/u_k1/g_bank[12].g_shallow.u_bank/g_byte[0].u_sram/D[4]
                                0.14           0.05 r        -0.09  (VIOLATED)
   u_tile_cache/u_k1/g_bank[12].g_shallow.u_bank/g_byte[0].u_sram/D[5]
                                0.14           0.05 r        -0.09  (VIOLATED)
   u_tile_cache/u_k1/g_bank[12].g_shallow.u_bank/g_byte[0].u_sram/D[6]
                                0.14           0.05 r        -0.09  (VIOLATED)
   u_tile_cache/u_k1/g_bank[12].g_shallow.u_bank/g_byte[0].u_sram/D[7]
                                0.14           0.05 r        -0.09  (VIOLATED)
   u_tile_cache/u_k1/g_bank[12].g_shallow.u_bank/g_byte[1].u_sram/D[0]
                                0.14           0.05 r        -0.09  (VIOLATED)
   u_tile_cache/u_k1/g_bank[12].g_shallow.u_bank/g_byte[1].u_sram/D[1]
                                0.14           0.05 r        -0.09  (VIOLATED)
   u_tile_cache/u_k1/g_bank[12].g_shallow.u_bank/g_byte[1].u_sram/D[2]
                                0.14           0.05 r        -0.09  (VIOLATED)
   u_tile_cache/u_k1/g_bank[12].g_shallow.u_bank/g_byte[1].u_sram/D[3]
                                0.14           0.05 r        -0.09  (VIOLATED)
   u_tile_cache/u_k1/g_bank[12].g_shallow.u_bank/g_byte[1].u_sram/D[4]
                                0.14           0.05 r        -0.09  (VIOLATED)
   u_tile_cache/u_k1/g_bank[12].g_shallow.u_bank/g_byte[1].u_sram/D[5]
                                0.14           0.05 r        -0.09  (VIOLATED)
   u_tile_cache/u_k1/g_bank[12].g_shallow.u_bank/g_byte[1].u_sram/D[6]
                                0.14           0.05 r        -0.09  (VIOLATED)
   u_tile_cache/u_k1/g_bank[12].g_shallow.u_bank/g_byte[1].u_sram/D[7]
                                0.14           0.05 r        -0.09  (VIOLATED)
   u_tile_cache/u_k1/g_bank[13].g_shallow.u_bank/g_byte[0].u_sram/D[0]
                                0.14           0.05 r        -0.09  (VIOLATED)
   u_tile_cache/u_k1/g_bank[13].g_shallow.u_bank/g_byte[0].u_sram/D[1]
                                0.14           0.05 r        -0.09  (VIOLATED)
   u_tile_cache/u_k1/g_bank[13].g_shallow.u_bank/g_byte[0].u_sram/D[2]
                                0.14           0.05 r        -0.09  (VIOLATED)
   u_tile_cache/u_k1/g_bank[13].g_shallow.u_bank/g_byte[0].u_sram/D[3]
                                0.14           0.05 r        -0.09  (VIOLATED)
   u_tile_cache/u_k1/g_bank[13].g_shallow.u_bank/g_byte[0].u_sram/D[4]
                                0.14           0.05 r        -0.09  (VIOLATED)
   u_tile_cache/u_k1/g_bank[13].g_shallow.u_bank/g_byte[0].u_sram/D[5]
                                0.14           0.05 r        -0.09  (VIOLATED)
   u_tile_cache/u_k1/g_bank[13].g_shallow.u_bank/g_byte[0].u_sram/D[6]
                                0.14           0.05 r        -0.09  (VIOLATED)
   u_tile_cache/u_k1/g_bank[13].g_shallow.u_bank/g_byte[0].u_sram/D[7]
                                0.14           0.05 r        -0.09  (VIOLATED)
   u_tile_cache/u_k1/g_bank[13].g_shallow.u_bank/g_byte[1].u_sram/D[0]
                                0.14           0.05 r        -0.09  (VIOLATED)
   u_tile_cache/u_k1/g_bank[13].g_shallow.u_bank/g_byte[1].u_sram/D[1]
                                0.14           0.05 r        -0.09  (VIOLATED)
   u_tile_cache/u_k1/g_bank[13].g_shallow.u_bank/g_byte[1].u_sram/D[2]
                                0.14           0.05 r        -0.09  (VIOLATED)
   u_tile_cache/u_k1/g_bank[13].g_shallow.u_bank/g_byte[1].u_sram/D[3]
                                0.14           0.05 r        -0.09  (VIOLATED)
   u_tile_cache/u_k1/g_bank[13].g_shallow.u_bank/g_byte[1].u_sram/D[4]
                                0.14           0.05 r        -0.09  (VIOLATED)
   u_tile_cache/u_k1/g_bank[13].g_shallow.u_bank/g_byte[1].u_sram/D[5]
                                0.14           0.05 r        -0.09  (VIOLATED)
   u_tile_cache/u_k1/g_bank[13].g_shallow.u_bank/g_byte[1].u_sram/D[6]
                                0.14           0.05 r        -0.09  (VIOLATED)
   u_tile_cache/u_k1/g_bank[13].g_shallow.u_bank/g_byte[1].u_sram/D[7]
                                0.14           0.05 r        -0.09  (VIOLATED)
   u_tile_cache/u_k1/g_bank[14].g_shallow.u_bank/g_byte[0].u_sram/D[0]
                                0.14           0.05 r        -0.09  (VIOLATED)
   u_tile_cache/u_k1/g_bank[14].g_shallow.u_bank/g_byte[0].u_sram/D[1]
                                0.14           0.05 r        -0.09  (VIOLATED)
   u_tile_cache/u_k1/g_bank[14].g_shallow.u_bank/g_byte[0].u_sram/D[2]
                                0.14           0.05 r        -0.09  (VIOLATED)
   u_tile_cache/u_k1/g_bank[14].g_shallow.u_bank/g_byte[0].u_sram/D[3]
                                0.14           0.05 r        -0.09  (VIOLATED)
   u_tile_cache/u_k1/g_bank[14].g_shallow.u_bank/g_byte[0].u_sram/D[4]
                                0.14           0.05 r        -0.09  (VIOLATED)
   u_tile_cache/u_k1/g_bank[14].g_shallow.u_bank/g_byte[0].u_sram/D[5]
                                0.14           0.05 r        -0.09  (VIOLATED)
   u_tile_cache/u_k1/g_bank[14].g_shallow.u_bank/g_byte[0].u_sram/D[6]
                                0.14           0.05 r        -0.09  (VIOLATED)
   u_tile_cache/u_k1/g_bank[14].g_shallow.u_bank/g_byte[0].u_sram/D[7]
                                0.14           0.05 r        -0.09  (VIOLATED)
   u_tile_cache/u_k1/g_bank[14].g_shallow.u_bank/g_byte[1].u_sram/D[0]
                                0.14           0.05 r        -0.09  (VIOLATED)
   u_tile_cache/u_k1/g_bank[14].g_shallow.u_bank/g_byte[1].u_sram/D[1]
                                0.14           0.05 r        -0.09  (VIOLATED)
   u_tile_cache/u_k1/g_bank[14].g_shallow.u_bank/g_byte[1].u_sram/D[2]
                                0.14           0.05 r        -0.09  (VIOLATED)
   u_tile_cache/u_k1/g_bank[14].g_shallow.u_bank/g_byte[1].u_sram/D[3]
                                0.14           0.05 r        -0.09  (VIOLATED)
   u_tile_cache/u_k1/g_bank[14].g_shallow.u_bank/g_byte[1].u_sram/D[4]
                                0.14           0.05 r        -0.09  (VIOLATED)
   u_tile_cache/u_k1/g_bank[14].g_shallow.u_bank/g_byte[1].u_sram/D[5]
                                0.14           0.05 r        -0.09  (VIOLATED)
   u_tile_cache/u_k1/g_bank[14].g_shallow.u_bank/g_byte[1].u_sram/D[6]
                                0.14           0.05 r        -0.09  (VIOLATED)
   u_tile_cache/u_k1/g_bank[14].g_shallow.u_bank/g_byte[1].u_sram/D[7]
                                0.14           0.05 r        -0.09  (VIOLATED)
   u_tile_cache/u_k1/g_bank[15].g_shallow.u_bank/g_byte[0].u_sram/D[0]
                                0.14           0.05 r        -0.09  (VIOLATED)
   u_tile_cache/u_k1/g_bank[15].g_shallow.u_bank/g_byte[0].u_sram/D[1]
                                0.14           0.05 r        -0.09  (VIOLATED)
   u_tile_cache/u_k1/g_bank[15].g_shallow.u_bank/g_byte[0].u_sram/D[2]
                                0.14           0.05 r        -0.09  (VIOLATED)
   u_tile_cache/u_k1/g_bank[15].g_shallow.u_bank/g_byte[0].u_sram/D[3]
                                0.14           0.05 r        -0.09  (VIOLATED)
   u_tile_cache/u_k1/g_bank[15].g_shallow.u_bank/g_byte[0].u_sram/D[4]
                                0.14           0.05 r        -0.09  (VIOLATED)
   u_tile_cache/u_k1/g_bank[15].g_shallow.u_bank/g_byte[0].u_sram/D[5]
                                0.14           0.05 r        -0.09  (VIOLATED)
   u_tile_cache/u_k1/g_bank[15].g_shallow.u_bank/g_byte[0].u_sram/D[6]
                                0.14           0.05 r        -0.09  (VIOLATED)
   u_tile_cache/u_k1/g_bank[15].g_shallow.u_bank/g_byte[0].u_sram/D[7]
                                0.14           0.05 r        -0.09  (VIOLATED)
   u_tile_cache/u_k1/g_bank[15].g_shallow.u_bank/g_byte[1].u_sram/D[0]
                                0.14           0.05 r        -0.09  (VIOLATED)
   u_tile_cache/u_k1/g_bank[15].g_shallow.u_bank/g_byte[1].u_sram/D[1]
                                0.14           0.05 r        -0.09  (VIOLATED)
   u_tile_cache/u_k1/g_bank[15].g_shallow.u_bank/g_byte[1].u_sram/D[2]
                                0.14           0.05 r        -0.09  (VIOLATED)
   u_tile_cache/u_k1/g_bank[15].g_shallow.u_bank/g_byte[1].u_sram/D[3]
                                0.14           0.05 r        -0.09  (VIOLATED)
   u_tile_cache/u_k1/g_bank[15].g_shallow.u_bank/g_byte[1].u_sram/D[4]
                                0.14           0.05 r        -0.09  (VIOLATED)
   u_tile_cache/u_k1/g_bank[15].g_shallow.u_bank/g_byte[1].u_sram/D[5]
                                0.14           0.05 r        -0.09  (VIOLATED)
   u_tile_cache/u_k1/g_bank[15].g_shallow.u_bank/g_byte[1].u_sram/D[6]
                                0.14           0.05 r        -0.09  (VIOLATED)
   u_tile_cache/u_k1/g_bank[15].g_shallow.u_bank/g_byte[1].u_sram/D[7]
                                0.14           0.05 r        -0.09  (VIOLATED)
   u_tile_cache/u_q0/g_bank[0].g_shallow.u_bank/g_byte[0].u_sram/D[0]
                                0.14           0.05 r        -0.09  (VIOLATED)
   u_tile_cache/u_q0/g_bank[0].g_shallow.u_bank/g_byte[0].u_sram/D[1]
                                0.14           0.05 r        -0.09  (VIOLATED)
   u_tile_cache/u_q0/g_bank[0].g_shallow.u_bank/g_byte[0].u_sram/D[2]
                                0.14           0.05 r        -0.09  (VIOLATED)
   u_tile_cache/u_q0/g_bank[0].g_shallow.u_bank/g_byte[0].u_sram/D[3]
                                0.14           0.05 r        -0.09  (VIOLATED)
   u_tile_cache/u_q0/g_bank[0].g_shallow.u_bank/g_byte[0].u_sram/D[4]
                                0.14           0.05 r        -0.09  (VIOLATED)
   u_tile_cache/u_q0/g_bank[0].g_shallow.u_bank/g_byte[0].u_sram/D[5]
                                0.14           0.05 r        -0.09  (VIOLATED)
   u_tile_cache/u_q0/g_bank[0].g_shallow.u_bank/g_byte[0].u_sram/D[6]
                                0.14           0.05 r        -0.09  (VIOLATED)
   u_tile_cache/u_q0/g_bank[0].g_shallow.u_bank/g_byte[0].u_sram/D[7]
                                0.14           0.05 r        -0.09  (VIOLATED)
   u_tile_cache/u_q0/g_bank[0].g_shallow.u_bank/g_byte[1].u_sram/D[0]
                                0.14           0.05 r        -0.09  (VIOLATED)
   u_tile_cache/u_q0/g_bank[0].g_shallow.u_bank/g_byte[1].u_sram/D[1]
                                0.14           0.05 r        -0.09  (VIOLATED)
   u_tile_cache/u_q0/g_bank[0].g_shallow.u_bank/g_byte[1].u_sram/D[2]
                                0.14           0.05 r        -0.09  (VIOLATED)
   u_tile_cache/u_q0/g_bank[0].g_shallow.u_bank/g_byte[1].u_sram/D[3]
                                0.14           0.05 r        -0.09  (VIOLATED)
   u_tile_cache/u_q0/g_bank[0].g_shallow.u_bank/g_byte[1].u_sram/D[4]
                                0.14           0.05 r        -0.09  (VIOLATED)
   u_tile_cache/u_q0/g_bank[0].g_shallow.u_bank/g_byte[1].u_sram/D[5]
                                0.14           0.05 r        -0.09  (VIOLATED)
   u_tile_cache/u_q0/g_bank[0].g_shallow.u_bank/g_byte[1].u_sram/D[6]
                                0.14           0.05 r        -0.09  (VIOLATED)
   u_tile_cache/u_q0/g_bank[0].g_shallow.u_bank/g_byte[1].u_sram/D[7]
                                0.14           0.05 r        -0.09  (VIOLATED)
   u_tile_cache/u_q0/g_bank[1].g_shallow.u_bank/g_byte[0].u_sram/D[0]
                                0.14           0.05 r        -0.09  (VIOLATED)
   u_tile_cache/u_q0/g_bank[1].g_shallow.u_bank/g_byte[0].u_sram/D[1]
                                0.14           0.05 r        -0.09  (VIOLATED)
   u_tile_cache/u_q0/g_bank[1].g_shallow.u_bank/g_byte[0].u_sram/D[2]
                                0.14           0.05 r        -0.09  (VIOLATED)
   u_tile_cache/u_q0/g_bank[1].g_shallow.u_bank/g_byte[0].u_sram/D[3]
                                0.14           0.05 r        -0.09  (VIOLATED)
   u_tile_cache/u_q0/g_bank[1].g_shallow.u_bank/g_byte[0].u_sram/D[4]
                                0.14           0.05 r        -0.09  (VIOLATED)
   u_tile_cache/u_q0/g_bank[1].g_shallow.u_bank/g_byte[0].u_sram/D[5]
                                0.14           0.05 r        -0.09  (VIOLATED)
   u_tile_cache/u_q0/g_bank[1].g_shallow.u_bank/g_byte[0].u_sram/D[6]
                                0.14           0.05 r        -0.09  (VIOLATED)
   u_tile_cache/u_q0/g_bank[1].g_shallow.u_bank/g_byte[0].u_sram/D[7]
                                0.14           0.05 r        -0.09  (VIOLATED)
   u_tile_cache/u_q0/g_bank[1].g_shallow.u_bank/g_byte[1].u_sram/D[0]
                                0.14           0.05 r        -0.09  (VIOLATED)
   u_tile_cache/u_q0/g_bank[1].g_shallow.u_bank/g_byte[1].u_sram/D[1]
                                0.14           0.05 r        -0.09  (VIOLATED)
   u_tile_cache/u_q0/g_bank[1].g_shallow.u_bank/g_byte[1].u_sram/D[2]
                                0.14           0.05 r        -0.09  (VIOLATED)
   u_tile_cache/u_q0/g_bank[1].g_shallow.u_bank/g_byte[1].u_sram/D[3]
                                0.14           0.05 r        -0.09  (VIOLATED)
   u_tile_cache/u_q0/g_bank[1].g_shallow.u_bank/g_byte[1].u_sram/D[4]
                                0.14           0.05 r        -0.09  (VIOLATED)
   u_tile_cache/u_q0/g_bank[1].g_shallow.u_bank/g_byte[1].u_sram/D[5]
                                0.14           0.05 r        -0.09  (VIOLATED)
   u_tile_cache/u_q0/g_bank[1].g_shallow.u_bank/g_byte[1].u_sram/D[6]
                                0.14           0.05 r        -0.09  (VIOLATED)
   u_tile_cache/u_q0/g_bank[1].g_shallow.u_bank/g_byte[1].u_sram/D[7]
                                0.14           0.05 r        -0.09  (VIOLATED)
   u_tile_cache/u_q0/g_bank[2].g_shallow.u_bank/g_byte[0].u_sram/D[0]
                                0.14           0.05 r        -0.09  (VIOLATED)
   u_tile_cache/u_q0/g_bank[2].g_shallow.u_bank/g_byte[0].u_sram/D[1]
                                0.14           0.05 r        -0.09  (VIOLATED)
   u_tile_cache/u_q0/g_bank[2].g_shallow.u_bank/g_byte[0].u_sram/D[2]
                                0.14           0.05 r        -0.09  (VIOLATED)
   u_tile_cache/u_q0/g_bank[2].g_shallow.u_bank/g_byte[0].u_sram/D[3]
                                0.14           0.05 r        -0.09  (VIOLATED)
   u_tile_cache/u_q0/g_bank[2].g_shallow.u_bank/g_byte[0].u_sram/D[4]
                                0.14           0.05 r        -0.09  (VIOLATED)
   u_tile_cache/u_q0/g_bank[2].g_shallow.u_bank/g_byte[0].u_sram/D[5]
                                0.14           0.05 r        -0.09  (VIOLATED)
   u_tile_cache/u_q0/g_bank[2].g_shallow.u_bank/g_byte[0].u_sram/D[6]
                                0.14           0.05 r        -0.09  (VIOLATED)
   u_tile_cache/u_q0/g_bank[2].g_shallow.u_bank/g_byte[0].u_sram/D[7]
                                0.14           0.05 r        -0.09  (VIOLATED)
   u_tile_cache/u_q0/g_bank[2].g_shallow.u_bank/g_byte[1].u_sram/D[0]
                                0.14           0.05 r        -0.09  (VIOLATED)
   u_tile_cache/u_q0/g_bank[2].g_shallow.u_bank/g_byte[1].u_sram/D[1]
                                0.14           0.05 r        -0.09  (VIOLATED)
   u_tile_cache/u_q0/g_bank[2].g_shallow.u_bank/g_byte[1].u_sram/D[2]
                                0.14           0.05 r        -0.09  (VIOLATED)
   u_tile_cache/u_q0/g_bank[2].g_shallow.u_bank/g_byte[1].u_sram/D[3]
                                0.14           0.05 r        -0.09  (VIOLATED)
   u_tile_cache/u_q0/g_bank[2].g_shallow.u_bank/g_byte[1].u_sram/D[4]
                                0.14           0.05 r        -0.09  (VIOLATED)
   u_tile_cache/u_q0/g_bank[2].g_shallow.u_bank/g_byte[1].u_sram/D[5]
                                0.14           0.05 r        -0.09  (VIOLATED)
   u_tile_cache/u_q0/g_bank[2].g_shallow.u_bank/g_byte[1].u_sram/D[6]
                                0.14           0.05 r        -0.09  (VIOLATED)
   u_tile_cache/u_q0/g_bank[2].g_shallow.u_bank/g_byte[1].u_sram/D[7]
                                0.14           0.05 r        -0.09  (VIOLATED)
   u_tile_cache/u_q0/g_bank[3].g_shallow.u_bank/g_byte[0].u_sram/D[0]
                                0.14           0.05 r        -0.09  (VIOLATED)
   u_tile_cache/u_q0/g_bank[3].g_shallow.u_bank/g_byte[0].u_sram/D[1]
                                0.14           0.05 r        -0.09  (VIOLATED)
   u_tile_cache/u_q0/g_bank[3].g_shallow.u_bank/g_byte[0].u_sram/D[2]
                                0.14           0.05 r        -0.09  (VIOLATED)
   u_tile_cache/u_q0/g_bank[3].g_shallow.u_bank/g_byte[0].u_sram/D[3]
                                0.14           0.05 r        -0.09  (VIOLATED)
   u_tile_cache/u_q0/g_bank[3].g_shallow.u_bank/g_byte[0].u_sram/D[4]
                                0.14           0.05 r        -0.09  (VIOLATED)
   u_tile_cache/u_q0/g_bank[3].g_shallow.u_bank/g_byte[0].u_sram/D[5]
                                0.14           0.05 r        -0.09  (VIOLATED)
   u_tile_cache/u_q0/g_bank[3].g_shallow.u_bank/g_byte[0].u_sram/D[6]
                                0.14           0.05 r        -0.09  (VIOLATED)
   u_tile_cache/u_q0/g_bank[3].g_shallow.u_bank/g_byte[0].u_sram/D[7]
                                0.14           0.05 r        -0.09  (VIOLATED)
   u_tile_cache/u_q0/g_bank[3].g_shallow.u_bank/g_byte[1].u_sram/D[0]
                                0.14           0.05 r        -0.09  (VIOLATED)
   u_tile_cache/u_q0/g_bank[3].g_shallow.u_bank/g_byte[1].u_sram/D[1]
                                0.14           0.05 r        -0.09  (VIOLATED)
   u_tile_cache/u_q0/g_bank[3].g_shallow.u_bank/g_byte[1].u_sram/D[2]
                                0.14           0.05 r        -0.09  (VIOLATED)
   u_tile_cache/u_q0/g_bank[3].g_shallow.u_bank/g_byte[1].u_sram/D[3]
                                0.14           0.05 r        -0.09  (VIOLATED)
   u_tile_cache/u_q0/g_bank[3].g_shallow.u_bank/g_byte[1].u_sram/D[4]
                                0.14           0.05 r        -0.09  (VIOLATED)
   u_tile_cache/u_q0/g_bank[3].g_shallow.u_bank/g_byte[1].u_sram/D[5]
                                0.14           0.05 r        -0.09  (VIOLATED)
   u_tile_cache/u_q0/g_bank[3].g_shallow.u_bank/g_byte[1].u_sram/D[6]
                                0.14           0.05 r        -0.09  (VIOLATED)
   u_tile_cache/u_q0/g_bank[3].g_shallow.u_bank/g_byte[1].u_sram/D[7]
                                0.14           0.05 r        -0.09  (VIOLATED)
   u_tile_cache/u_q0/g_bank[4].g_shallow.u_bank/g_byte[0].u_sram/D[0]
                                0.14           0.05 r        -0.09  (VIOLATED)
   u_tile_cache/u_q0/g_bank[4].g_shallow.u_bank/g_byte[0].u_sram/D[1]
                                0.14           0.05 r        -0.09  (VIOLATED)
   u_tile_cache/u_q0/g_bank[4].g_shallow.u_bank/g_byte[0].u_sram/D[2]
                                0.14           0.05 r        -0.09  (VIOLATED)
   u_tile_cache/u_q0/g_bank[4].g_shallow.u_bank/g_byte[0].u_sram/D[3]
                                0.14           0.05 r        -0.09  (VIOLATED)
   u_tile_cache/u_q0/g_bank[4].g_shallow.u_bank/g_byte[0].u_sram/D[4]
                                0.14           0.05 r        -0.09  (VIOLATED)
   u_tile_cache/u_q0/g_bank[4].g_shallow.u_bank/g_byte[0].u_sram/D[5]
                                0.14           0.05 r        -0.09  (VIOLATED)
   u_tile_cache/u_q0/g_bank[4].g_shallow.u_bank/g_byte[0].u_sram/D[6]
                                0.14           0.05 r        -0.09  (VIOLATED)
   u_tile_cache/u_q0/g_bank[4].g_shallow.u_bank/g_byte[0].u_sram/D[7]
                                0.14           0.05 r        -0.09  (VIOLATED)
   u_tile_cache/u_q0/g_bank[4].g_shallow.u_bank/g_byte[1].u_sram/D[0]
                                0.14           0.05 r        -0.09  (VIOLATED)
   u_tile_cache/u_q0/g_bank[4].g_shallow.u_bank/g_byte[1].u_sram/D[1]
                                0.14           0.05 r        -0.09  (VIOLATED)
   u_tile_cache/u_q0/g_bank[4].g_shallow.u_bank/g_byte[1].u_sram/D[2]
                                0.14           0.05 r        -0.09  (VIOLATED)
   u_tile_cache/u_q0/g_bank[4].g_shallow.u_bank/g_byte[1].u_sram/D[3]
                                0.14           0.05 r        -0.09  (VIOLATED)
   u_tile_cache/u_q0/g_bank[4].g_shallow.u_bank/g_byte[1].u_sram/D[4]
                                0.14           0.05 r        -0.09  (VIOLATED)
   u_tile_cache/u_q0/g_bank[4].g_shallow.u_bank/g_byte[1].u_sram/D[5]
                                0.14           0.05 r        -0.09  (VIOLATED)
   u_tile_cache/u_q0/g_bank[4].g_shallow.u_bank/g_byte[1].u_sram/D[6]
                                0.14           0.05 r        -0.09  (VIOLATED)
   u_tile_cache/u_q0/g_bank[4].g_shallow.u_bank/g_byte[1].u_sram/D[7]
                                0.14           0.05 r        -0.09  (VIOLATED)
   u_tile_cache/u_q0/g_bank[5].g_shallow.u_bank/g_byte[0].u_sram/D[0]
                                0.14           0.05 r        -0.09  (VIOLATED)
   u_tile_cache/u_q0/g_bank[5].g_shallow.u_bank/g_byte[0].u_sram/D[1]
                                0.14           0.05 r        -0.09  (VIOLATED)
   u_tile_cache/u_q0/g_bank[5].g_shallow.u_bank/g_byte[0].u_sram/D[2]
                                0.14           0.05 r        -0.09  (VIOLATED)
   u_tile_cache/u_q0/g_bank[5].g_shallow.u_bank/g_byte[0].u_sram/D[3]
                                0.14           0.05 r        -0.09  (VIOLATED)
   u_tile_cache/u_q0/g_bank[5].g_shallow.u_bank/g_byte[0].u_sram/D[4]
                                0.14           0.05 r        -0.09  (VIOLATED)
   u_tile_cache/u_q0/g_bank[5].g_shallow.u_bank/g_byte[0].u_sram/D[5]
                                0.14           0.05 r        -0.09  (VIOLATED)
   u_tile_cache/u_q0/g_bank[5].g_shallow.u_bank/g_byte[0].u_sram/D[6]
                                0.14           0.05 r        -0.09  (VIOLATED)
   u_tile_cache/u_q0/g_bank[5].g_shallow.u_bank/g_byte[0].u_sram/D[7]
                                0.14           0.05 r        -0.09  (VIOLATED)
   u_tile_cache/u_q0/g_bank[5].g_shallow.u_bank/g_byte[1].u_sram/D[0]
                                0.14           0.05 r        -0.09  (VIOLATED)
   u_tile_cache/u_q0/g_bank[5].g_shallow.u_bank/g_byte[1].u_sram/D[1]
                                0.14           0.05 r        -0.09  (VIOLATED)
   u_tile_cache/u_q0/g_bank[5].g_shallow.u_bank/g_byte[1].u_sram/D[2]
                                0.14           0.05 r        -0.09  (VIOLATED)
   u_tile_cache/u_q0/g_bank[5].g_shallow.u_bank/g_byte[1].u_sram/D[3]
                                0.14           0.05 r        -0.09  (VIOLATED)
   u_tile_cache/u_q0/g_bank[5].g_shallow.u_bank/g_byte[1].u_sram/D[4]
                                0.14           0.05 r        -0.09  (VIOLATED)
   u_tile_cache/u_q0/g_bank[5].g_shallow.u_bank/g_byte[1].u_sram/D[5]
                                0.14           0.05 r        -0.09  (VIOLATED)
   u_tile_cache/u_q0/g_bank[5].g_shallow.u_bank/g_byte[1].u_sram/D[6]
                                0.14           0.05 r        -0.09  (VIOLATED)
   u_tile_cache/u_q0/g_bank[5].g_shallow.u_bank/g_byte[1].u_sram/D[7]
                                0.14           0.05 r        -0.09  (VIOLATED)
   u_tile_cache/u_q0/g_bank[6].g_shallow.u_bank/g_byte[0].u_sram/D[0]
                                0.14           0.05 r        -0.09  (VIOLATED)
   u_tile_cache/u_q0/g_bank[6].g_shallow.u_bank/g_byte[0].u_sram/D[1]
                                0.14           0.05 r        -0.09  (VIOLATED)
   u_tile_cache/u_q0/g_bank[6].g_shallow.u_bank/g_byte[0].u_sram/D[2]
                                0.14           0.05 r        -0.09  (VIOLATED)
   u_tile_cache/u_q0/g_bank[6].g_shallow.u_bank/g_byte[0].u_sram/D[3]
                                0.14           0.05 r        -0.09  (VIOLATED)
   u_tile_cache/u_q0/g_bank[6].g_shallow.u_bank/g_byte[0].u_sram/D[4]
                                0.14           0.05 r        -0.09  (VIOLATED)
   u_tile_cache/u_q0/g_bank[6].g_shallow.u_bank/g_byte[0].u_sram/D[5]
                                0.14           0.05 r        -0.09  (VIOLATED)
   u_tile_cache/u_q0/g_bank[6].g_shallow.u_bank/g_byte[0].u_sram/D[6]
                                0.14           0.05 r        -0.09  (VIOLATED)
   u_tile_cache/u_q0/g_bank[6].g_shallow.u_bank/g_byte[0].u_sram/D[7]
                                0.14           0.05 r        -0.09  (VIOLATED)
   u_tile_cache/u_q0/g_bank[6].g_shallow.u_bank/g_byte[1].u_sram/D[0]
                                0.14           0.05 r        -0.09  (VIOLATED)
   u_tile_cache/u_q0/g_bank[6].g_shallow.u_bank/g_byte[1].u_sram/D[1]
                                0.14           0.05 r        -0.09  (VIOLATED)
   u_tile_cache/u_q0/g_bank[6].g_shallow.u_bank/g_byte[1].u_sram/D[2]
                                0.14           0.05 r        -0.09  (VIOLATED)
   u_tile_cache/u_q0/g_bank[6].g_shallow.u_bank/g_byte[1].u_sram/D[3]
                                0.14           0.05 r        -0.09  (VIOLATED)
   u_tile_cache/u_q0/g_bank[6].g_shallow.u_bank/g_byte[1].u_sram/D[4]
                                0.14           0.05 r        -0.09  (VIOLATED)
   u_tile_cache/u_q0/g_bank[6].g_shallow.u_bank/g_byte[1].u_sram/D[5]
                                0.14           0.05 r        -0.09  (VIOLATED)
   u_tile_cache/u_q0/g_bank[6].g_shallow.u_bank/g_byte[1].u_sram/D[6]
                                0.14           0.05 r        -0.09  (VIOLATED)
   u_tile_cache/u_q0/g_bank[6].g_shallow.u_bank/g_byte[1].u_sram/D[7]
                                0.14           0.05 r        -0.09  (VIOLATED)
   u_tile_cache/u_q0/g_bank[7].g_shallow.u_bank/g_byte[0].u_sram/D[0]
                                0.14           0.05 r        -0.09  (VIOLATED)
   u_tile_cache/u_q0/g_bank[7].g_shallow.u_bank/g_byte[0].u_sram/D[1]
                                0.14           0.05 r        -0.09  (VIOLATED)
   u_tile_cache/u_q0/g_bank[7].g_shallow.u_bank/g_byte[0].u_sram/D[2]
                                0.14           0.05 r        -0.09  (VIOLATED)
   u_tile_cache/u_q0/g_bank[7].g_shallow.u_bank/g_byte[0].u_sram/D[3]
                                0.14           0.05 r        -0.09  (VIOLATED)
   u_tile_cache/u_q0/g_bank[7].g_shallow.u_bank/g_byte[0].u_sram/D[4]
                                0.14           0.05 r        -0.09  (VIOLATED)
   u_tile_cache/u_q0/g_bank[7].g_shallow.u_bank/g_byte[0].u_sram/D[5]
                                0.14           0.05 r        -0.09  (VIOLATED)
   u_tile_cache/u_q0/g_bank[7].g_shallow.u_bank/g_byte[0].u_sram/D[6]
                                0.14           0.05 r        -0.09  (VIOLATED)
   u_tile_cache/u_q0/g_bank[7].g_shallow.u_bank/g_byte[0].u_sram/D[7]
                                0.14           0.05 r        -0.09  (VIOLATED)
   u_tile_cache/u_q0/g_bank[7].g_shallow.u_bank/g_byte[1].u_sram/D[0]
                                0.14           0.05 r        -0.09  (VIOLATED)
   u_tile_cache/u_q0/g_bank[7].g_shallow.u_bank/g_byte[1].u_sram/D[1]
                                0.14           0.05 r        -0.09  (VIOLATED)
   u_tile_cache/u_q0/g_bank[7].g_shallow.u_bank/g_byte[1].u_sram/D[2]
                                0.14           0.05 r        -0.09  (VIOLATED)
   u_tile_cache/u_q0/g_bank[7].g_shallow.u_bank/g_byte[1].u_sram/D[3]
                                0.14           0.05 r        -0.09  (VIOLATED)
   u_tile_cache/u_q0/g_bank[7].g_shallow.u_bank/g_byte[1].u_sram/D[4]
                                0.14           0.05 r        -0.09  (VIOLATED)
   u_tile_cache/u_q0/g_bank[7].g_shallow.u_bank/g_byte[1].u_sram/D[5]
                                0.14           0.05 r        -0.09  (VIOLATED)
   u_tile_cache/u_q0/g_bank[7].g_shallow.u_bank/g_byte[1].u_sram/D[6]
                                0.14           0.05 r        -0.09  (VIOLATED)
   u_tile_cache/u_q0/g_bank[7].g_shallow.u_bank/g_byte[1].u_sram/D[7]
                                0.14           0.05 r        -0.09  (VIOLATED)
   u_tile_cache/u_q0/g_bank[8].g_shallow.u_bank/g_byte[0].u_sram/D[0]
                                0.14           0.05 r        -0.09  (VIOLATED)
   u_tile_cache/u_q0/g_bank[8].g_shallow.u_bank/g_byte[0].u_sram/D[1]
                                0.14           0.05 r        -0.09  (VIOLATED)
   u_tile_cache/u_q0/g_bank[8].g_shallow.u_bank/g_byte[0].u_sram/D[2]
                                0.14           0.05 r        -0.09  (VIOLATED)
   u_tile_cache/u_q0/g_bank[8].g_shallow.u_bank/g_byte[0].u_sram/D[3]
                                0.14           0.05 r        -0.09  (VIOLATED)
   u_tile_cache/u_q0/g_bank[8].g_shallow.u_bank/g_byte[0].u_sram/D[4]
                                0.14           0.05 r        -0.09  (VIOLATED)
   u_tile_cache/u_q0/g_bank[8].g_shallow.u_bank/g_byte[0].u_sram/D[5]
                                0.14           0.05 r        -0.09  (VIOLATED)
   u_tile_cache/u_q0/g_bank[8].g_shallow.u_bank/g_byte[0].u_sram/D[6]
                                0.14           0.05 r        -0.09  (VIOLATED)
   u_tile_cache/u_q0/g_bank[8].g_shallow.u_bank/g_byte[0].u_sram/D[7]
                                0.14           0.05 r        -0.09  (VIOLATED)
   u_tile_cache/u_q0/g_bank[8].g_shallow.u_bank/g_byte[1].u_sram/D[0]
                                0.14           0.05 r        -0.09  (VIOLATED)
   u_tile_cache/u_q0/g_bank[8].g_shallow.u_bank/g_byte[1].u_sram/D[1]
                                0.14           0.05 r        -0.09  (VIOLATED)
   u_tile_cache/u_q0/g_bank[8].g_shallow.u_bank/g_byte[1].u_sram/D[2]
                                0.14           0.05 r        -0.09  (VIOLATED)
   u_tile_cache/u_q0/g_bank[8].g_shallow.u_bank/g_byte[1].u_sram/D[3]
                                0.14           0.05 r        -0.09  (VIOLATED)
   u_tile_cache/u_q0/g_bank[8].g_shallow.u_bank/g_byte[1].u_sram/D[4]
                                0.14           0.05 r        -0.09  (VIOLATED)
   u_tile_cache/u_q0/g_bank[8].g_shallow.u_bank/g_byte[1].u_sram/D[5]
                                0.14           0.05 r        -0.09  (VIOLATED)
   u_tile_cache/u_q0/g_bank[8].g_shallow.u_bank/g_byte[1].u_sram/D[6]
                                0.14           0.05 r        -0.09  (VIOLATED)
   u_tile_cache/u_q0/g_bank[8].g_shallow.u_bank/g_byte[1].u_sram/D[7]
                                0.14           0.05 r        -0.09  (VIOLATED)
   u_tile_cache/u_q0/g_bank[9].g_shallow.u_bank/g_byte[0].u_sram/D[0]
                                0.14           0.05 r        -0.09  (VIOLATED)
   u_tile_cache/u_q0/g_bank[9].g_shallow.u_bank/g_byte[0].u_sram/D[1]
                                0.14           0.05 r        -0.09  (VIOLATED)
   u_tile_cache/u_q0/g_bank[9].g_shallow.u_bank/g_byte[0].u_sram/D[2]
                                0.14           0.05 r        -0.09  (VIOLATED)
   u_tile_cache/u_q0/g_bank[9].g_shallow.u_bank/g_byte[0].u_sram/D[3]
                                0.14           0.05 r        -0.09  (VIOLATED)
   u_tile_cache/u_q0/g_bank[9].g_shallow.u_bank/g_byte[0].u_sram/D[4]
                                0.14           0.05 r        -0.09  (VIOLATED)
   u_tile_cache/u_q0/g_bank[9].g_shallow.u_bank/g_byte[0].u_sram/D[5]
                                0.14           0.05 r        -0.09  (VIOLATED)
   u_tile_cache/u_q0/g_bank[9].g_shallow.u_bank/g_byte[0].u_sram/D[6]
                                0.14           0.05 r        -0.09  (VIOLATED)
   u_tile_cache/u_q0/g_bank[9].g_shallow.u_bank/g_byte[0].u_sram/D[7]
                                0.14           0.05 r        -0.09  (VIOLATED)
   u_tile_cache/u_q0/g_bank[9].g_shallow.u_bank/g_byte[1].u_sram/D[0]
                                0.14           0.05 r        -0.09  (VIOLATED)
   u_tile_cache/u_q0/g_bank[9].g_shallow.u_bank/g_byte[1].u_sram/D[1]
                                0.14           0.05 r        -0.09  (VIOLATED)
   u_tile_cache/u_q0/g_bank[9].g_shallow.u_bank/g_byte[1].u_sram/D[2]
                                0.14           0.05 r        -0.09  (VIOLATED)
   u_tile_cache/u_q0/g_bank[9].g_shallow.u_bank/g_byte[1].u_sram/D[3]
                                0.14           0.05 r        -0.09  (VIOLATED)
   u_tile_cache/u_q0/g_bank[9].g_shallow.u_bank/g_byte[1].u_sram/D[4]
                                0.14           0.05 r        -0.09  (VIOLATED)
   u_tile_cache/u_q0/g_bank[9].g_shallow.u_bank/g_byte[1].u_sram/D[5]
                                0.14           0.05 r        -0.09  (VIOLATED)
   u_tile_cache/u_q0/g_bank[9].g_shallow.u_bank/g_byte[1].u_sram/D[6]
                                0.14           0.05 r        -0.09  (VIOLATED)
   u_tile_cache/u_q0/g_bank[9].g_shallow.u_bank/g_byte[1].u_sram/D[7]
                                0.14           0.05 r        -0.09  (VIOLATED)
   u_tile_cache/u_q0/g_bank[10].g_shallow.u_bank/g_byte[0].u_sram/D[0]
                                0.14           0.05 r        -0.09  (VIOLATED)
   u_tile_cache/u_q0/g_bank[10].g_shallow.u_bank/g_byte[0].u_sram/D[1]
                                0.14           0.05 r        -0.09  (VIOLATED)
   u_tile_cache/u_q0/g_bank[10].g_shallow.u_bank/g_byte[0].u_sram/D[2]
                                0.14           0.05 r        -0.09  (VIOLATED)
   u_tile_cache/u_q0/g_bank[10].g_shallow.u_bank/g_byte[0].u_sram/D[3]
                                0.14           0.05 r        -0.09  (VIOLATED)
   u_tile_cache/u_q0/g_bank[10].g_shallow.u_bank/g_byte[0].u_sram/D[4]
                                0.14           0.05 r        -0.09  (VIOLATED)
   u_tile_cache/u_q0/g_bank[10].g_shallow.u_bank/g_byte[0].u_sram/D[5]
                                0.14           0.05 r        -0.09  (VIOLATED)
   u_tile_cache/u_q0/g_bank[10].g_shallow.u_bank/g_byte[0].u_sram/D[6]
                                0.14           0.05 r        -0.09  (VIOLATED)
   u_tile_cache/u_q0/g_bank[10].g_shallow.u_bank/g_byte[0].u_sram/D[7]
                                0.14           0.05 r        -0.09  (VIOLATED)
   u_tile_cache/u_q0/g_bank[10].g_shallow.u_bank/g_byte[1].u_sram/D[0]
                                0.14           0.05 r        -0.09  (VIOLATED)
   u_tile_cache/u_q0/g_bank[10].g_shallow.u_bank/g_byte[1].u_sram/D[1]
                                0.14           0.05 r        -0.09  (VIOLATED)
   u_tile_cache/u_q0/g_bank[10].g_shallow.u_bank/g_byte[1].u_sram/D[2]
                                0.14           0.05 r        -0.09  (VIOLATED)
   u_tile_cache/u_q0/g_bank[10].g_shallow.u_bank/g_byte[1].u_sram/D[3]
                                0.14           0.05 r        -0.09  (VIOLATED)
   u_tile_cache/u_q0/g_bank[10].g_shallow.u_bank/g_byte[1].u_sram/D[4]
                                0.14           0.05 r        -0.09  (VIOLATED)
   u_tile_cache/u_q0/g_bank[10].g_shallow.u_bank/g_byte[1].u_sram/D[5]
                                0.14           0.05 r        -0.09  (VIOLATED)
   u_tile_cache/u_q0/g_bank[10].g_shallow.u_bank/g_byte[1].u_sram/D[6]
                                0.14           0.05 r        -0.09  (VIOLATED)
   u_tile_cache/u_q0/g_bank[10].g_shallow.u_bank/g_byte[1].u_sram/D[7]
                                0.14           0.05 r        -0.09  (VIOLATED)
   u_tile_cache/u_q0/g_bank[11].g_shallow.u_bank/g_byte[0].u_sram/D[0]
                                0.14           0.05 r        -0.09  (VIOLATED)
   u_tile_cache/u_q0/g_bank[11].g_shallow.u_bank/g_byte[0].u_sram/D[1]
                                0.14           0.05 r        -0.09  (VIOLATED)
   u_tile_cache/u_q0/g_bank[11].g_shallow.u_bank/g_byte[0].u_sram/D[2]
                                0.14           0.05 r        -0.09  (VIOLATED)
   u_tile_cache/u_q0/g_bank[11].g_shallow.u_bank/g_byte[0].u_sram/D[3]
                                0.14           0.05 r        -0.09  (VIOLATED)
   u_tile_cache/u_q0/g_bank[11].g_shallow.u_bank/g_byte[0].u_sram/D[4]
                                0.14           0.05 r        -0.09  (VIOLATED)
   u_tile_cache/u_q0/g_bank[11].g_shallow.u_bank/g_byte[0].u_sram/D[5]
                                0.14           0.05 r        -0.09  (VIOLATED)
   u_tile_cache/u_q0/g_bank[11].g_shallow.u_bank/g_byte[0].u_sram/D[6]
                                0.14           0.05 r        -0.09  (VIOLATED)
   u_tile_cache/u_q0/g_bank[11].g_shallow.u_bank/g_byte[0].u_sram/D[7]
                                0.14           0.05 r        -0.09  (VIOLATED)
   u_tile_cache/u_q0/g_bank[11].g_shallow.u_bank/g_byte[1].u_sram/D[0]
                                0.14           0.05 r        -0.09  (VIOLATED)
   u_tile_cache/u_q0/g_bank[11].g_shallow.u_bank/g_byte[1].u_sram/D[1]
                                0.14           0.05 r        -0.09  (VIOLATED)
   u_tile_cache/u_q0/g_bank[11].g_shallow.u_bank/g_byte[1].u_sram/D[2]
                                0.14           0.05 r        -0.09  (VIOLATED)
   u_tile_cache/u_q0/g_bank[11].g_shallow.u_bank/g_byte[1].u_sram/D[3]
                                0.14           0.05 r        -0.09  (VIOLATED)
   u_tile_cache/u_q0/g_bank[11].g_shallow.u_bank/g_byte[1].u_sram/D[4]
                                0.14           0.05 r        -0.09  (VIOLATED)
   u_tile_cache/u_q0/g_bank[11].g_shallow.u_bank/g_byte[1].u_sram/D[5]
                                0.14           0.05 r        -0.09  (VIOLATED)
   u_tile_cache/u_q0/g_bank[11].g_shallow.u_bank/g_byte[1].u_sram/D[6]
                                0.14           0.05 r        -0.09  (VIOLATED)
   u_tile_cache/u_q0/g_bank[11].g_shallow.u_bank/g_byte[1].u_sram/D[7]
                                0.14           0.05 r        -0.09  (VIOLATED)
   u_tile_cache/u_q0/g_bank[12].g_shallow.u_bank/g_byte[0].u_sram/D[0]
                                0.14           0.05 r        -0.09  (VIOLATED)
   u_tile_cache/u_q0/g_bank[12].g_shallow.u_bank/g_byte[0].u_sram/D[1]
                                0.14           0.05 r        -0.09  (VIOLATED)
   u_tile_cache/u_q0/g_bank[12].g_shallow.u_bank/g_byte[0].u_sram/D[2]
                                0.14           0.05 r        -0.09  (VIOLATED)
   u_tile_cache/u_q0/g_bank[12].g_shallow.u_bank/g_byte[0].u_sram/D[3]
                                0.14           0.05 r        -0.09  (VIOLATED)
   u_tile_cache/u_q0/g_bank[12].g_shallow.u_bank/g_byte[0].u_sram/D[4]
                                0.14           0.05 r        -0.09  (VIOLATED)
   u_tile_cache/u_q0/g_bank[12].g_shallow.u_bank/g_byte[0].u_sram/D[5]
                                0.14           0.05 r        -0.09  (VIOLATED)
   u_tile_cache/u_q0/g_bank[12].g_shallow.u_bank/g_byte[0].u_sram/D[6]
                                0.14           0.05 r        -0.09  (VIOLATED)
   u_tile_cache/u_q0/g_bank[12].g_shallow.u_bank/g_byte[0].u_sram/D[7]
                                0.14           0.05 r        -0.09  (VIOLATED)
   u_tile_cache/u_q0/g_bank[12].g_shallow.u_bank/g_byte[1].u_sram/D[0]
                                0.14           0.05 r        -0.09  (VIOLATED)
   u_tile_cache/u_q0/g_bank[12].g_shallow.u_bank/g_byte[1].u_sram/D[1]
                                0.14           0.05 r        -0.09  (VIOLATED)
   u_tile_cache/u_q0/g_bank[12].g_shallow.u_bank/g_byte[1].u_sram/D[2]
                                0.14           0.05 r        -0.09  (VIOLATED)
   u_tile_cache/u_q0/g_bank[12].g_shallow.u_bank/g_byte[1].u_sram/D[3]
                                0.14           0.05 r        -0.09  (VIOLATED)
   u_tile_cache/u_q0/g_bank[12].g_shallow.u_bank/g_byte[1].u_sram/D[4]
                                0.14           0.05 r        -0.09  (VIOLATED)
   u_tile_cache/u_q0/g_bank[12].g_shallow.u_bank/g_byte[1].u_sram/D[5]
                                0.14           0.05 r        -0.09  (VIOLATED)
   u_tile_cache/u_q0/g_bank[12].g_shallow.u_bank/g_byte[1].u_sram/D[6]
                                0.14           0.05 r        -0.09  (VIOLATED)
   u_tile_cache/u_q0/g_bank[12].g_shallow.u_bank/g_byte[1].u_sram/D[7]
                                0.14           0.05 r        -0.09  (VIOLATED)
   u_tile_cache/u_q0/g_bank[13].g_shallow.u_bank/g_byte[0].u_sram/D[0]
                                0.14           0.05 r        -0.09  (VIOLATED)
   u_tile_cache/u_q0/g_bank[13].g_shallow.u_bank/g_byte[0].u_sram/D[1]
                                0.14           0.05 r        -0.09  (VIOLATED)
   u_tile_cache/u_q0/g_bank[13].g_shallow.u_bank/g_byte[0].u_sram/D[2]
                                0.14           0.05 r        -0.09  (VIOLATED)
   u_tile_cache/u_q0/g_bank[13].g_shallow.u_bank/g_byte[0].u_sram/D[3]
                                0.14           0.05 r        -0.09  (VIOLATED)
   u_tile_cache/u_q0/g_bank[13].g_shallow.u_bank/g_byte[0].u_sram/D[4]
                                0.14           0.05 r        -0.09  (VIOLATED)
   u_tile_cache/u_q0/g_bank[13].g_shallow.u_bank/g_byte[0].u_sram/D[5]
                                0.14           0.05 r        -0.09  (VIOLATED)
   u_tile_cache/u_q0/g_bank[13].g_shallow.u_bank/g_byte[0].u_sram/D[6]
                                0.14           0.05 r        -0.09  (VIOLATED)
   u_tile_cache/u_q0/g_bank[13].g_shallow.u_bank/g_byte[0].u_sram/D[7]
                                0.14           0.05 r        -0.09  (VIOLATED)
   u_tile_cache/u_q0/g_bank[13].g_shallow.u_bank/g_byte[1].u_sram/D[0]
                                0.14           0.05 r        -0.09  (VIOLATED)
   u_tile_cache/u_q0/g_bank[13].g_shallow.u_bank/g_byte[1].u_sram/D[1]
                                0.14           0.05 r        -0.09  (VIOLATED)
   u_tile_cache/u_q0/g_bank[13].g_shallow.u_bank/g_byte[1].u_sram/D[2]
                                0.14           0.05 r        -0.09  (VIOLATED)
   u_tile_cache/u_q0/g_bank[13].g_shallow.u_bank/g_byte[1].u_sram/D[3]
                                0.14           0.05 r        -0.09  (VIOLATED)
   u_tile_cache/u_q0/g_bank[13].g_shallow.u_bank/g_byte[1].u_sram/D[4]
                                0.14           0.05 r        -0.09  (VIOLATED)
   u_tile_cache/u_q0/g_bank[13].g_shallow.u_bank/g_byte[1].u_sram/D[5]
                                0.14           0.05 r        -0.09  (VIOLATED)
   u_tile_cache/u_q0/g_bank[13].g_shallow.u_bank/g_byte[1].u_sram/D[6]
                                0.14           0.05 r        -0.09  (VIOLATED)
   u_tile_cache/u_q0/g_bank[13].g_shallow.u_bank/g_byte[1].u_sram/D[7]
                                0.14           0.05 r        -0.09  (VIOLATED)
   u_tile_cache/u_q0/g_bank[14].g_shallow.u_bank/g_byte[0].u_sram/D[0]
                                0.14           0.05 r        -0.09  (VIOLATED)
   u_tile_cache/u_q0/g_bank[14].g_shallow.u_bank/g_byte[0].u_sram/D[1]
                                0.14           0.05 r        -0.09  (VIOLATED)
   u_tile_cache/u_q0/g_bank[14].g_shallow.u_bank/g_byte[0].u_sram/D[2]
                                0.14           0.05 r        -0.09  (VIOLATED)
   u_tile_cache/u_q0/g_bank[14].g_shallow.u_bank/g_byte[0].u_sram/D[3]
                                0.14           0.05 r        -0.09  (VIOLATED)
   u_tile_cache/u_q0/g_bank[14].g_shallow.u_bank/g_byte[0].u_sram/D[4]
                                0.14           0.05 r        -0.09  (VIOLATED)
   u_tile_cache/u_q0/g_bank[14].g_shallow.u_bank/g_byte[0].u_sram/D[5]
                                0.14           0.05 r        -0.09  (VIOLATED)
   u_tile_cache/u_q0/g_bank[14].g_shallow.u_bank/g_byte[0].u_sram/D[6]
                                0.14           0.05 r        -0.09  (VIOLATED)
   u_tile_cache/u_q0/g_bank[14].g_shallow.u_bank/g_byte[0].u_sram/D[7]
                                0.14           0.05 r        -0.09  (VIOLATED)
   u_tile_cache/u_q0/g_bank[14].g_shallow.u_bank/g_byte[1].u_sram/D[0]
                                0.14           0.05 r        -0.09  (VIOLATED)
   u_tile_cache/u_q0/g_bank[14].g_shallow.u_bank/g_byte[1].u_sram/D[1]
                                0.14           0.05 r        -0.09  (VIOLATED)
   u_tile_cache/u_q0/g_bank[14].g_shallow.u_bank/g_byte[1].u_sram/D[2]
                                0.14           0.05 r        -0.09  (VIOLATED)
   u_tile_cache/u_q0/g_bank[14].g_shallow.u_bank/g_byte[1].u_sram/D[3]
                                0.14           0.05 r        -0.09  (VIOLATED)
   u_tile_cache/u_q0/g_bank[14].g_shallow.u_bank/g_byte[1].u_sram/D[4]
                                0.14           0.05 r        -0.09  (VIOLATED)
   u_tile_cache/u_q0/g_bank[14].g_shallow.u_bank/g_byte[1].u_sram/D[5]
                                0.14           0.05 r        -0.09  (VIOLATED)
   u_tile_cache/u_q0/g_bank[14].g_shallow.u_bank/g_byte[1].u_sram/D[6]
                                0.14           0.05 r        -0.09  (VIOLATED)
   u_tile_cache/u_q0/g_bank[14].g_shallow.u_bank/g_byte[1].u_sram/D[7]
                                0.14           0.05 r        -0.09  (VIOLATED)
   u_tile_cache/u_q0/g_bank[15].g_shallow.u_bank/g_byte[0].u_sram/D[0]
                                0.14           0.05 r        -0.09  (VIOLATED)
   u_tile_cache/u_q0/g_bank[15].g_shallow.u_bank/g_byte[0].u_sram/D[1]
                                0.14           0.05 r        -0.09  (VIOLATED)
   u_tile_cache/u_q0/g_bank[15].g_shallow.u_bank/g_byte[0].u_sram/D[2]
                                0.14           0.05 r        -0.09  (VIOLATED)
   u_tile_cache/u_q0/g_bank[15].g_shallow.u_bank/g_byte[0].u_sram/D[3]
                                0.14           0.05 r        -0.09  (VIOLATED)
   u_tile_cache/u_q0/g_bank[15].g_shallow.u_bank/g_byte[0].u_sram/D[4]
                                0.14           0.05 r        -0.09  (VIOLATED)
   u_tile_cache/u_q0/g_bank[15].g_shallow.u_bank/g_byte[0].u_sram/D[5]
                                0.14           0.05 r        -0.09  (VIOLATED)
   u_tile_cache/u_q0/g_bank[15].g_shallow.u_bank/g_byte[0].u_sram/D[6]
                                0.14           0.05 r        -0.09  (VIOLATED)
   u_tile_cache/u_q0/g_bank[15].g_shallow.u_bank/g_byte[0].u_sram/D[7]
                                0.14           0.05 r        -0.09  (VIOLATED)
   u_tile_cache/u_q0/g_bank[15].g_shallow.u_bank/g_byte[1].u_sram/D[0]
                                0.14           0.05 r        -0.09  (VIOLATED)
   u_tile_cache/u_q0/g_bank[15].g_shallow.u_bank/g_byte[1].u_sram/D[1]
                                0.14           0.05 r        -0.09  (VIOLATED)
   u_tile_cache/u_q0/g_bank[15].g_shallow.u_bank/g_byte[1].u_sram/D[2]
                                0.14           0.05 r        -0.09  (VIOLATED)
   u_tile_cache/u_q0/g_bank[15].g_shallow.u_bank/g_byte[1].u_sram/D[3]
                                0.14           0.05 r        -0.09  (VIOLATED)
   u_tile_cache/u_q0/g_bank[15].g_shallow.u_bank/g_byte[1].u_sram/D[4]
                                0.14           0.05 r        -0.09  (VIOLATED)
   u_tile_cache/u_q0/g_bank[15].g_shallow.u_bank/g_byte[1].u_sram/D[5]
                                0.14           0.05 r        -0.09  (VIOLATED)
   u_tile_cache/u_q0/g_bank[15].g_shallow.u_bank/g_byte[1].u_sram/D[6]
                                0.14           0.05 r        -0.09  (VIOLATED)
   u_tile_cache/u_q0/g_bank[15].g_shallow.u_bank/g_byte[1].u_sram/D[7]
                                0.14           0.05 r        -0.09  (VIOLATED)
   u_tile_cache/u_q1/g_bank[0].g_shallow.u_bank/g_byte[0].u_sram/D[0]
                                0.14           0.05 r        -0.09  (VIOLATED)
   u_tile_cache/u_q1/g_bank[0].g_shallow.u_bank/g_byte[0].u_sram/D[1]
                                0.14           0.05 r        -0.09  (VIOLATED)
   u_tile_cache/u_q1/g_bank[0].g_shallow.u_bank/g_byte[0].u_sram/D[2]
                                0.14           0.05 r        -0.09  (VIOLATED)
   u_tile_cache/u_q1/g_bank[0].g_shallow.u_bank/g_byte[0].u_sram/D[3]
                                0.14           0.05 r        -0.09  (VIOLATED)
   u_tile_cache/u_q1/g_bank[0].g_shallow.u_bank/g_byte[0].u_sram/D[4]
                                0.14           0.05 r        -0.09  (VIOLATED)
   u_tile_cache/u_q1/g_bank[0].g_shallow.u_bank/g_byte[0].u_sram/D[5]
                                0.14           0.05 r        -0.09  (VIOLATED)
   u_tile_cache/u_q1/g_bank[0].g_shallow.u_bank/g_byte[0].u_sram/D[6]
                                0.14           0.05 r        -0.09  (VIOLATED)
   u_tile_cache/u_q1/g_bank[0].g_shallow.u_bank/g_byte[0].u_sram/D[7]
                                0.14           0.05 r        -0.09  (VIOLATED)
   u_tile_cache/u_q1/g_bank[0].g_shallow.u_bank/g_byte[1].u_sram/D[0]
                                0.14           0.05 r        -0.09  (VIOLATED)
   u_tile_cache/u_q1/g_bank[0].g_shallow.u_bank/g_byte[1].u_sram/D[1]
                                0.14           0.05 r        -0.09  (VIOLATED)
   u_tile_cache/u_q1/g_bank[0].g_shallow.u_bank/g_byte[1].u_sram/D[2]
                                0.14           0.05 r        -0.09  (VIOLATED)
   u_tile_cache/u_q1/g_bank[0].g_shallow.u_bank/g_byte[1].u_sram/D[3]
                                0.14           0.05 r        -0.09  (VIOLATED)
   u_tile_cache/u_q1/g_bank[0].g_shallow.u_bank/g_byte[1].u_sram/D[4]
                                0.14           0.05 r        -0.09  (VIOLATED)
   u_tile_cache/u_q1/g_bank[0].g_shallow.u_bank/g_byte[1].u_sram/D[5]
                                0.14           0.05 r        -0.09  (VIOLATED)
   u_tile_cache/u_q1/g_bank[0].g_shallow.u_bank/g_byte[1].u_sram/D[6]
                                0.14           0.05 r        -0.09  (VIOLATED)
   u_tile_cache/u_q1/g_bank[0].g_shallow.u_bank/g_byte[1].u_sram/D[7]
                                0.14           0.05 r        -0.09  (VIOLATED)
   u_tile_cache/u_q1/g_bank[1].g_shallow.u_bank/g_byte[0].u_sram/D[0]
                                0.14           0.05 r        -0.09  (VIOLATED)
   u_tile_cache/u_q1/g_bank[1].g_shallow.u_bank/g_byte[0].u_sram/D[1]
                                0.14           0.05 r        -0.09  (VIOLATED)
   u_tile_cache/u_q1/g_bank[1].g_shallow.u_bank/g_byte[0].u_sram/D[2]
                                0.14           0.05 r        -0.09  (VIOLATED)
   u_tile_cache/u_q1/g_bank[1].g_shallow.u_bank/g_byte[0].u_sram/D[3]
                                0.14           0.05 r        -0.09  (VIOLATED)
   u_tile_cache/u_q1/g_bank[1].g_shallow.u_bank/g_byte[0].u_sram/D[4]
                                0.14           0.05 r        -0.09  (VIOLATED)
   u_tile_cache/u_q1/g_bank[1].g_shallow.u_bank/g_byte[0].u_sram/D[5]
                                0.14           0.05 r        -0.09  (VIOLATED)
   u_tile_cache/u_q1/g_bank[1].g_shallow.u_bank/g_byte[0].u_sram/D[6]
                                0.14           0.05 r        -0.09  (VIOLATED)
   u_tile_cache/u_q1/g_bank[1].g_shallow.u_bank/g_byte[0].u_sram/D[7]
                                0.14           0.05 r        -0.09  (VIOLATED)
   u_tile_cache/u_q1/g_bank[1].g_shallow.u_bank/g_byte[1].u_sram/D[0]
                                0.14           0.05 r        -0.09  (VIOLATED)
   u_tile_cache/u_q1/g_bank[1].g_shallow.u_bank/g_byte[1].u_sram/D[1]
                                0.14           0.05 r        -0.09  (VIOLATED)
   u_tile_cache/u_q1/g_bank[1].g_shallow.u_bank/g_byte[1].u_sram/D[2]
                                0.14           0.05 r        -0.09  (VIOLATED)
   u_tile_cache/u_q1/g_bank[1].g_shallow.u_bank/g_byte[1].u_sram/D[3]
                                0.14           0.05 r        -0.09  (VIOLATED)
   u_tile_cache/u_q1/g_bank[1].g_shallow.u_bank/g_byte[1].u_sram/D[4]
                                0.14           0.05 r        -0.09  (VIOLATED)
   u_tile_cache/u_q1/g_bank[1].g_shallow.u_bank/g_byte[1].u_sram/D[5]
                                0.14           0.05 r        -0.09  (VIOLATED)
   u_tile_cache/u_q1/g_bank[1].g_shallow.u_bank/g_byte[1].u_sram/D[6]
                                0.14           0.05 r        -0.09  (VIOLATED)
   u_tile_cache/u_q1/g_bank[1].g_shallow.u_bank/g_byte[1].u_sram/D[7]
                                0.14           0.05 r        -0.09  (VIOLATED)
   u_tile_cache/u_q1/g_bank[2].g_shallow.u_bank/g_byte[0].u_sram/D[0]
                                0.14           0.05 r        -0.09  (VIOLATED)
   u_tile_cache/u_q1/g_bank[2].g_shallow.u_bank/g_byte[0].u_sram/D[1]
                                0.14           0.05 r        -0.09  (VIOLATED)
   u_tile_cache/u_q1/g_bank[2].g_shallow.u_bank/g_byte[0].u_sram/D[2]
                                0.14           0.05 r        -0.09  (VIOLATED)
   u_tile_cache/u_q1/g_bank[2].g_shallow.u_bank/g_byte[0].u_sram/D[3]
                                0.14           0.05 r        -0.09  (VIOLATED)
   u_tile_cache/u_q1/g_bank[2].g_shallow.u_bank/g_byte[0].u_sram/D[4]
                                0.14           0.05 r        -0.09  (VIOLATED)
   u_tile_cache/u_q1/g_bank[2].g_shallow.u_bank/g_byte[0].u_sram/D[5]
                                0.14           0.05 r        -0.09  (VIOLATED)
   u_tile_cache/u_q1/g_bank[2].g_shallow.u_bank/g_byte[0].u_sram/D[6]
                                0.14           0.05 r        -0.09  (VIOLATED)
   u_tile_cache/u_q1/g_bank[2].g_shallow.u_bank/g_byte[0].u_sram/D[7]
                                0.14           0.05 r        -0.09  (VIOLATED)
   u_tile_cache/u_q1/g_bank[2].g_shallow.u_bank/g_byte[1].u_sram/D[0]
                                0.14           0.05 r        -0.09  (VIOLATED)
   u_tile_cache/u_q1/g_bank[2].g_shallow.u_bank/g_byte[1].u_sram/D[1]
                                0.14           0.05 r        -0.09  (VIOLATED)
   u_tile_cache/u_q1/g_bank[2].g_shallow.u_bank/g_byte[1].u_sram/D[2]
                                0.14           0.05 r        -0.09  (VIOLATED)
   u_tile_cache/u_q1/g_bank[2].g_shallow.u_bank/g_byte[1].u_sram/D[3]
                                0.14           0.05 r        -0.09  (VIOLATED)
   u_tile_cache/u_q1/g_bank[2].g_shallow.u_bank/g_byte[1].u_sram/D[4]
                                0.14           0.05 r        -0.09  (VIOLATED)
   u_tile_cache/u_q1/g_bank[2].g_shallow.u_bank/g_byte[1].u_sram/D[5]
                                0.14           0.05 r        -0.09  (VIOLATED)
   u_tile_cache/u_q1/g_bank[2].g_shallow.u_bank/g_byte[1].u_sram/D[6]
                                0.14           0.05 r        -0.09  (VIOLATED)
   u_tile_cache/u_q1/g_bank[2].g_shallow.u_bank/g_byte[1].u_sram/D[7]
                                0.14           0.05 r        -0.09  (VIOLATED)
   u_tile_cache/u_q1/g_bank[3].g_shallow.u_bank/g_byte[0].u_sram/D[0]
                                0.14           0.05 r        -0.09  (VIOLATED)
   u_tile_cache/u_q1/g_bank[3].g_shallow.u_bank/g_byte[0].u_sram/D[1]
                                0.14           0.05 r        -0.09  (VIOLATED)
   u_tile_cache/u_q1/g_bank[3].g_shallow.u_bank/g_byte[0].u_sram/D[2]
                                0.14           0.05 r        -0.09  (VIOLATED)
   u_tile_cache/u_q1/g_bank[3].g_shallow.u_bank/g_byte[0].u_sram/D[3]
                                0.14           0.05 r        -0.09  (VIOLATED)
   u_tile_cache/u_q1/g_bank[3].g_shallow.u_bank/g_byte[0].u_sram/D[4]
                                0.14           0.05 r        -0.09  (VIOLATED)
   u_tile_cache/u_q1/g_bank[3].g_shallow.u_bank/g_byte[0].u_sram/D[5]
                                0.14           0.05 r        -0.09  (VIOLATED)
   u_tile_cache/u_q1/g_bank[3].g_shallow.u_bank/g_byte[0].u_sram/D[6]
                                0.14           0.05 r        -0.09  (VIOLATED)
   u_tile_cache/u_q1/g_bank[3].g_shallow.u_bank/g_byte[0].u_sram/D[7]
                                0.14           0.05 r        -0.09  (VIOLATED)
   u_tile_cache/u_q1/g_bank[3].g_shallow.u_bank/g_byte[1].u_sram/D[0]
                                0.14           0.05 r        -0.09  (VIOLATED)
   u_tile_cache/u_q1/g_bank[3].g_shallow.u_bank/g_byte[1].u_sram/D[1]
                                0.14           0.05 r        -0.09  (VIOLATED)
   u_tile_cache/u_q1/g_bank[3].g_shallow.u_bank/g_byte[1].u_sram/D[2]
                                0.14           0.05 r        -0.09  (VIOLATED)
   u_tile_cache/u_q1/g_bank[3].g_shallow.u_bank/g_byte[1].u_sram/D[3]
                                0.14           0.05 r        -0.09  (VIOLATED)
   u_tile_cache/u_q1/g_bank[3].g_shallow.u_bank/g_byte[1].u_sram/D[4]
                                0.14           0.05 r        -0.09  (VIOLATED)
   u_tile_cache/u_q1/g_bank[3].g_shallow.u_bank/g_byte[1].u_sram/D[5]
                                0.14           0.05 r        -0.09  (VIOLATED)
   u_tile_cache/u_q1/g_bank[3].g_shallow.u_bank/g_byte[1].u_sram/D[6]
                                0.14           0.05 r        -0.09  (VIOLATED)
   u_tile_cache/u_q1/g_bank[3].g_shallow.u_bank/g_byte[1].u_sram/D[7]
                                0.14           0.05 r        -0.09  (VIOLATED)
   u_tile_cache/u_q1/g_bank[4].g_shallow.u_bank/g_byte[0].u_sram/D[0]
                                0.14           0.05 r        -0.09  (VIOLATED)
   u_tile_cache/u_q1/g_bank[4].g_shallow.u_bank/g_byte[0].u_sram/D[1]
                                0.14           0.05 r        -0.09  (VIOLATED)
   u_tile_cache/u_q1/g_bank[4].g_shallow.u_bank/g_byte[0].u_sram/D[2]
                                0.14           0.05 r        -0.09  (VIOLATED)
   u_tile_cache/u_q1/g_bank[4].g_shallow.u_bank/g_byte[0].u_sram/D[3]
                                0.14           0.05 r        -0.09  (VIOLATED)
   u_tile_cache/u_q1/g_bank[4].g_shallow.u_bank/g_byte[0].u_sram/D[4]
                                0.14           0.05 r        -0.09  (VIOLATED)
   u_tile_cache/u_q1/g_bank[4].g_shallow.u_bank/g_byte[0].u_sram/D[5]
                                0.14           0.05 r        -0.09  (VIOLATED)
   u_tile_cache/u_q1/g_bank[4].g_shallow.u_bank/g_byte[0].u_sram/D[6]
                                0.14           0.05 r        -0.09  (VIOLATED)
   u_tile_cache/u_q1/g_bank[4].g_shallow.u_bank/g_byte[0].u_sram/D[7]
                                0.14           0.05 r        -0.09  (VIOLATED)
   u_tile_cache/u_q1/g_bank[4].g_shallow.u_bank/g_byte[1].u_sram/D[0]
                                0.14           0.05 r        -0.09  (VIOLATED)
   u_tile_cache/u_q1/g_bank[4].g_shallow.u_bank/g_byte[1].u_sram/D[1]
                                0.14           0.05 r        -0.09  (VIOLATED)
   u_tile_cache/u_q1/g_bank[4].g_shallow.u_bank/g_byte[1].u_sram/D[2]
                                0.14           0.05 r        -0.09  (VIOLATED)
   u_tile_cache/u_q1/g_bank[4].g_shallow.u_bank/g_byte[1].u_sram/D[3]
                                0.14           0.05 r        -0.09  (VIOLATED)
   u_tile_cache/u_q1/g_bank[4].g_shallow.u_bank/g_byte[1].u_sram/D[4]
                                0.14           0.05 r        -0.09  (VIOLATED)
   u_tile_cache/u_q1/g_bank[4].g_shallow.u_bank/g_byte[1].u_sram/D[5]
                                0.14           0.05 r        -0.09  (VIOLATED)
   u_tile_cache/u_q1/g_bank[4].g_shallow.u_bank/g_byte[1].u_sram/D[6]
                                0.14           0.05 r        -0.09  (VIOLATED)
   u_tile_cache/u_q1/g_bank[4].g_shallow.u_bank/g_byte[1].u_sram/D[7]
                                0.14           0.05 r        -0.09  (VIOLATED)
   u_tile_cache/u_q1/g_bank[5].g_shallow.u_bank/g_byte[0].u_sram/D[0]
                                0.14           0.05 r        -0.09  (VIOLATED)
   u_tile_cache/u_q1/g_bank[5].g_shallow.u_bank/g_byte[0].u_sram/D[1]
                                0.14           0.05 r        -0.09  (VIOLATED)
   u_tile_cache/u_q1/g_bank[5].g_shallow.u_bank/g_byte[0].u_sram/D[2]
                                0.14           0.05 r        -0.09  (VIOLATED)
   u_tile_cache/u_q1/g_bank[5].g_shallow.u_bank/g_byte[0].u_sram/D[3]
                                0.14           0.05 r        -0.09  (VIOLATED)
   u_tile_cache/u_q1/g_bank[5].g_shallow.u_bank/g_byte[0].u_sram/D[4]
                                0.14           0.05 r        -0.09  (VIOLATED)
   u_tile_cache/u_q1/g_bank[5].g_shallow.u_bank/g_byte[0].u_sram/D[5]
                                0.14           0.05 r        -0.09  (VIOLATED)
   u_tile_cache/u_q1/g_bank[5].g_shallow.u_bank/g_byte[0].u_sram/D[6]
                                0.14           0.05 r        -0.09  (VIOLATED)
   u_tile_cache/u_q1/g_bank[5].g_shallow.u_bank/g_byte[0].u_sram/D[7]
                                0.14           0.05 r        -0.09  (VIOLATED)
   u_tile_cache/u_q1/g_bank[5].g_shallow.u_bank/g_byte[1].u_sram/D[0]
                                0.14           0.05 r        -0.09  (VIOLATED)
   u_tile_cache/u_q1/g_bank[5].g_shallow.u_bank/g_byte[1].u_sram/D[1]
                                0.14           0.05 r        -0.09  (VIOLATED)
   u_tile_cache/u_q1/g_bank[5].g_shallow.u_bank/g_byte[1].u_sram/D[2]
                                0.14           0.05 r        -0.09  (VIOLATED)
   u_tile_cache/u_q1/g_bank[5].g_shallow.u_bank/g_byte[1].u_sram/D[3]
                                0.14           0.05 r        -0.09  (VIOLATED)
   u_tile_cache/u_q1/g_bank[5].g_shallow.u_bank/g_byte[1].u_sram/D[4]
                                0.14           0.05 r        -0.09  (VIOLATED)
   u_tile_cache/u_q1/g_bank[5].g_shallow.u_bank/g_byte[1].u_sram/D[5]
                                0.14           0.05 r        -0.09  (VIOLATED)
   u_tile_cache/u_q1/g_bank[5].g_shallow.u_bank/g_byte[1].u_sram/D[6]
                                0.14           0.05 r        -0.09  (VIOLATED)
   u_tile_cache/u_q1/g_bank[5].g_shallow.u_bank/g_byte[1].u_sram/D[7]
                                0.14           0.05 r        -0.09  (VIOLATED)
   u_tile_cache/u_q1/g_bank[6].g_shallow.u_bank/g_byte[0].u_sram/D[0]
                                0.14           0.05 r        -0.09  (VIOLATED)
   u_tile_cache/u_q1/g_bank[6].g_shallow.u_bank/g_byte[0].u_sram/D[1]
                                0.14           0.05 r        -0.09  (VIOLATED)
   u_tile_cache/u_q1/g_bank[6].g_shallow.u_bank/g_byte[0].u_sram/D[2]
                                0.14           0.05 r        -0.09  (VIOLATED)
   u_tile_cache/u_q1/g_bank[6].g_shallow.u_bank/g_byte[0].u_sram/D[3]
                                0.14           0.05 r        -0.09  (VIOLATED)
   u_tile_cache/u_q1/g_bank[6].g_shallow.u_bank/g_byte[0].u_sram/D[4]
                                0.14           0.05 r        -0.09  (VIOLATED)
   u_tile_cache/u_q1/g_bank[6].g_shallow.u_bank/g_byte[0].u_sram/D[5]
                                0.14           0.05 r        -0.09  (VIOLATED)
   u_tile_cache/u_q1/g_bank[6].g_shallow.u_bank/g_byte[0].u_sram/D[6]
                                0.14           0.05 r        -0.09  (VIOLATED)
   u_tile_cache/u_q1/g_bank[6].g_shallow.u_bank/g_byte[0].u_sram/D[7]
                                0.14           0.05 r        -0.09  (VIOLATED)
   u_tile_cache/u_q1/g_bank[6].g_shallow.u_bank/g_byte[1].u_sram/D[0]
                                0.14           0.05 r        -0.09  (VIOLATED)
   u_tile_cache/u_q1/g_bank[6].g_shallow.u_bank/g_byte[1].u_sram/D[1]
                                0.14           0.05 r        -0.09  (VIOLATED)
   u_tile_cache/u_q1/g_bank[6].g_shallow.u_bank/g_byte[1].u_sram/D[2]
                                0.14           0.05 r        -0.09  (VIOLATED)
   u_tile_cache/u_q1/g_bank[6].g_shallow.u_bank/g_byte[1].u_sram/D[3]
                                0.14           0.05 r        -0.09  (VIOLATED)
   u_tile_cache/u_q1/g_bank[6].g_shallow.u_bank/g_byte[1].u_sram/D[4]
                                0.14           0.05 r        -0.09  (VIOLATED)
   u_tile_cache/u_q1/g_bank[6].g_shallow.u_bank/g_byte[1].u_sram/D[5]
                                0.14           0.05 r        -0.09  (VIOLATED)
   u_tile_cache/u_q1/g_bank[6].g_shallow.u_bank/g_byte[1].u_sram/D[6]
                                0.14           0.05 r        -0.09  (VIOLATED)
   u_tile_cache/u_q1/g_bank[6].g_shallow.u_bank/g_byte[1].u_sram/D[7]
                                0.14           0.05 r        -0.09  (VIOLATED)
   u_tile_cache/u_q1/g_bank[7].g_shallow.u_bank/g_byte[0].u_sram/D[0]
                                0.14           0.05 r        -0.09  (VIOLATED)
   u_tile_cache/u_q1/g_bank[7].g_shallow.u_bank/g_byte[0].u_sram/D[1]
                                0.14           0.05 r        -0.09  (VIOLATED)
   u_tile_cache/u_q1/g_bank[7].g_shallow.u_bank/g_byte[0].u_sram/D[2]
                                0.14           0.05 r        -0.09  (VIOLATED)
   u_tile_cache/u_q1/g_bank[7].g_shallow.u_bank/g_byte[0].u_sram/D[3]
                                0.14           0.05 r        -0.09  (VIOLATED)
   u_tile_cache/u_q1/g_bank[7].g_shallow.u_bank/g_byte[0].u_sram/D[4]
                                0.14           0.05 r        -0.09  (VIOLATED)
   u_tile_cache/u_q1/g_bank[7].g_shallow.u_bank/g_byte[0].u_sram/D[5]
                                0.14           0.05 r        -0.09  (VIOLATED)
   u_tile_cache/u_q1/g_bank[7].g_shallow.u_bank/g_byte[0].u_sram/D[6]
                                0.14           0.05 r        -0.09  (VIOLATED)
   u_tile_cache/u_q1/g_bank[7].g_shallow.u_bank/g_byte[0].u_sram/D[7]
                                0.14           0.05 r        -0.09  (VIOLATED)
   u_tile_cache/u_q1/g_bank[7].g_shallow.u_bank/g_byte[1].u_sram/D[0]
                                0.14           0.05 r        -0.09  (VIOLATED)
   u_tile_cache/u_q1/g_bank[7].g_shallow.u_bank/g_byte[1].u_sram/D[1]
                                0.14           0.05 r        -0.09  (VIOLATED)
   u_tile_cache/u_q1/g_bank[7].g_shallow.u_bank/g_byte[1].u_sram/D[2]
                                0.14           0.05 r        -0.09  (VIOLATED)
   u_tile_cache/u_q1/g_bank[7].g_shallow.u_bank/g_byte[1].u_sram/D[3]
                                0.14           0.05 r        -0.09  (VIOLATED)
   u_tile_cache/u_q1/g_bank[7].g_shallow.u_bank/g_byte[1].u_sram/D[4]
                                0.14           0.05 r        -0.09  (VIOLATED)
   u_tile_cache/u_q1/g_bank[7].g_shallow.u_bank/g_byte[1].u_sram/D[5]
                                0.14           0.05 r        -0.09  (VIOLATED)
   u_tile_cache/u_q1/g_bank[7].g_shallow.u_bank/g_byte[1].u_sram/D[6]
                                0.14           0.05 r        -0.09  (VIOLATED)
   u_tile_cache/u_q1/g_bank[7].g_shallow.u_bank/g_byte[1].u_sram/D[7]
                                0.14           0.05 r        -0.09  (VIOLATED)
   u_tile_cache/u_q1/g_bank[8].g_shallow.u_bank/g_byte[0].u_sram/D[0]
                                0.14           0.05 r        -0.09  (VIOLATED)
   u_tile_cache/u_q1/g_bank[8].g_shallow.u_bank/g_byte[0].u_sram/D[1]
                                0.14           0.05 r        -0.09  (VIOLATED)
   u_tile_cache/u_q1/g_bank[8].g_shallow.u_bank/g_byte[0].u_sram/D[2]
                                0.14           0.05 r        -0.09  (VIOLATED)
   u_tile_cache/u_q1/g_bank[8].g_shallow.u_bank/g_byte[0].u_sram/D[3]
                                0.14           0.05 r        -0.09  (VIOLATED)
   u_tile_cache/u_q1/g_bank[8].g_shallow.u_bank/g_byte[0].u_sram/D[4]
                                0.14           0.05 r        -0.09  (VIOLATED)
   u_tile_cache/u_q1/g_bank[8].g_shallow.u_bank/g_byte[0].u_sram/D[5]
                                0.14           0.05 r        -0.09  (VIOLATED)
   u_tile_cache/u_q1/g_bank[8].g_shallow.u_bank/g_byte[0].u_sram/D[6]
                                0.14           0.05 r        -0.09  (VIOLATED)
   u_tile_cache/u_q1/g_bank[8].g_shallow.u_bank/g_byte[0].u_sram/D[7]
                                0.14           0.05 r        -0.09  (VIOLATED)
   u_tile_cache/u_q1/g_bank[8].g_shallow.u_bank/g_byte[1].u_sram/D[0]
                                0.14           0.05 r        -0.09  (VIOLATED)
   u_tile_cache/u_q1/g_bank[8].g_shallow.u_bank/g_byte[1].u_sram/D[1]
                                0.14           0.05 r        -0.09  (VIOLATED)
   u_tile_cache/u_q1/g_bank[8].g_shallow.u_bank/g_byte[1].u_sram/D[2]
                                0.14           0.05 r        -0.09  (VIOLATED)
   u_tile_cache/u_q1/g_bank[8].g_shallow.u_bank/g_byte[1].u_sram/D[3]
                                0.14           0.05 r        -0.09  (VIOLATED)
   u_tile_cache/u_q1/g_bank[8].g_shallow.u_bank/g_byte[1].u_sram/D[4]
                                0.14           0.05 r        -0.09  (VIOLATED)
   u_tile_cache/u_q1/g_bank[8].g_shallow.u_bank/g_byte[1].u_sram/D[5]
                                0.14           0.05 r        -0.09  (VIOLATED)
   u_tile_cache/u_q1/g_bank[8].g_shallow.u_bank/g_byte[1].u_sram/D[6]
                                0.14           0.05 r        -0.09  (VIOLATED)
   u_tile_cache/u_q1/g_bank[8].g_shallow.u_bank/g_byte[1].u_sram/D[7]
                                0.14           0.05 r        -0.09  (VIOLATED)
   u_tile_cache/u_q1/g_bank[9].g_shallow.u_bank/g_byte[0].u_sram/D[0]
                                0.14           0.05 r        -0.09  (VIOLATED)
   u_tile_cache/u_q1/g_bank[9].g_shallow.u_bank/g_byte[0].u_sram/D[1]
                                0.14           0.05 r        -0.09  (VIOLATED)
   u_tile_cache/u_q1/g_bank[9].g_shallow.u_bank/g_byte[0].u_sram/D[2]
                                0.14           0.05 r        -0.09  (VIOLATED)
   u_tile_cache/u_q1/g_bank[9].g_shallow.u_bank/g_byte[0].u_sram/D[3]
                                0.14           0.05 r        -0.09  (VIOLATED)
   u_tile_cache/u_q1/g_bank[9].g_shallow.u_bank/g_byte[0].u_sram/D[4]
                                0.14           0.05 r        -0.09  (VIOLATED)
   u_tile_cache/u_q1/g_bank[9].g_shallow.u_bank/g_byte[0].u_sram/D[5]
                                0.14           0.05 r        -0.09  (VIOLATED)
   u_tile_cache/u_q1/g_bank[9].g_shallow.u_bank/g_byte[0].u_sram/D[6]
                                0.14           0.05 r        -0.09  (VIOLATED)
   u_tile_cache/u_q1/g_bank[9].g_shallow.u_bank/g_byte[0].u_sram/D[7]
                                0.14           0.05 r        -0.09  (VIOLATED)
   u_tile_cache/u_q1/g_bank[9].g_shallow.u_bank/g_byte[1].u_sram/D[0]
                                0.14           0.05 r        -0.09  (VIOLATED)
   u_tile_cache/u_q1/g_bank[9].g_shallow.u_bank/g_byte[1].u_sram/D[1]
                                0.14           0.05 r        -0.09  (VIOLATED)
   u_tile_cache/u_q1/g_bank[9].g_shallow.u_bank/g_byte[1].u_sram/D[2]
                                0.14           0.05 r        -0.09  (VIOLATED)
   u_tile_cache/u_q1/g_bank[9].g_shallow.u_bank/g_byte[1].u_sram/D[3]
                                0.14           0.05 r        -0.09  (VIOLATED)
   u_tile_cache/u_q1/g_bank[9].g_shallow.u_bank/g_byte[1].u_sram/D[4]
                                0.14           0.05 r        -0.09  (VIOLATED)
   u_tile_cache/u_q1/g_bank[9].g_shallow.u_bank/g_byte[1].u_sram/D[5]
                                0.14           0.05 r        -0.09  (VIOLATED)
   u_tile_cache/u_q1/g_bank[9].g_shallow.u_bank/g_byte[1].u_sram/D[6]
                                0.14           0.05 r        -0.09  (VIOLATED)
   u_tile_cache/u_q1/g_bank[9].g_shallow.u_bank/g_byte[1].u_sram/D[7]
                                0.14           0.05 r        -0.09  (VIOLATED)
   u_tile_cache/u_q1/g_bank[10].g_shallow.u_bank/g_byte[0].u_sram/D[0]
                                0.14           0.05 r        -0.09  (VIOLATED)
   u_tile_cache/u_q1/g_bank[10].g_shallow.u_bank/g_byte[0].u_sram/D[1]
                                0.14           0.05 r        -0.09  (VIOLATED)
   u_tile_cache/u_q1/g_bank[10].g_shallow.u_bank/g_byte[0].u_sram/D[2]
                                0.14           0.05 r        -0.09  (VIOLATED)
   u_tile_cache/u_q1/g_bank[10].g_shallow.u_bank/g_byte[0].u_sram/D[3]
                                0.14           0.05 r        -0.09  (VIOLATED)
   u_tile_cache/u_q1/g_bank[10].g_shallow.u_bank/g_byte[0].u_sram/D[4]
                                0.14           0.05 r        -0.09  (VIOLATED)
   u_tile_cache/u_q1/g_bank[10].g_shallow.u_bank/g_byte[0].u_sram/D[5]
                                0.14           0.05 r        -0.09  (VIOLATED)
   u_tile_cache/u_q1/g_bank[10].g_shallow.u_bank/g_byte[0].u_sram/D[6]
                                0.14           0.05 r        -0.09  (VIOLATED)
   u_tile_cache/u_q1/g_bank[10].g_shallow.u_bank/g_byte[0].u_sram/D[7]
                                0.14           0.05 r        -0.09  (VIOLATED)
   u_tile_cache/u_q1/g_bank[10].g_shallow.u_bank/g_byte[1].u_sram/D[0]
                                0.14           0.05 r        -0.09  (VIOLATED)
   u_tile_cache/u_q1/g_bank[10].g_shallow.u_bank/g_byte[1].u_sram/D[1]
                                0.14           0.05 r        -0.09  (VIOLATED)
   u_tile_cache/u_q1/g_bank[10].g_shallow.u_bank/g_byte[1].u_sram/D[2]
                                0.14           0.05 r        -0.09  (VIOLATED)
   u_tile_cache/u_q1/g_bank[10].g_shallow.u_bank/g_byte[1].u_sram/D[3]
                                0.14           0.05 r        -0.09  (VIOLATED)
   u_tile_cache/u_q1/g_bank[10].g_shallow.u_bank/g_byte[1].u_sram/D[4]
                                0.14           0.05 r        -0.09  (VIOLATED)
   u_tile_cache/u_q1/g_bank[10].g_shallow.u_bank/g_byte[1].u_sram/D[5]
                                0.14           0.05 r        -0.09  (VIOLATED)
   u_tile_cache/u_q1/g_bank[10].g_shallow.u_bank/g_byte[1].u_sram/D[6]
                                0.14           0.05 r        -0.09  (VIOLATED)
   u_tile_cache/u_q1/g_bank[10].g_shallow.u_bank/g_byte[1].u_sram/D[7]
                                0.14           0.05 r        -0.09  (VIOLATED)
   u_tile_cache/u_q1/g_bank[11].g_shallow.u_bank/g_byte[0].u_sram/D[0]
                                0.14           0.05 r        -0.09  (VIOLATED)
   u_tile_cache/u_q1/g_bank[11].g_shallow.u_bank/g_byte[0].u_sram/D[1]
                                0.14           0.05 r        -0.09  (VIOLATED)
   u_tile_cache/u_q1/g_bank[11].g_shallow.u_bank/g_byte[0].u_sram/D[2]
                                0.14           0.05 r        -0.09  (VIOLATED)
   u_tile_cache/u_q1/g_bank[11].g_shallow.u_bank/g_byte[0].u_sram/D[3]
                                0.14           0.05 r        -0.09  (VIOLATED)
   u_tile_cache/u_q1/g_bank[11].g_shallow.u_bank/g_byte[0].u_sram/D[4]
                                0.14           0.05 r        -0.09  (VIOLATED)
   u_tile_cache/u_q1/g_bank[11].g_shallow.u_bank/g_byte[0].u_sram/D[5]
                                0.14           0.05 r        -0.09  (VIOLATED)
   u_tile_cache/u_q1/g_bank[11].g_shallow.u_bank/g_byte[0].u_sram/D[6]
                                0.14           0.05 r        -0.09  (VIOLATED)
   u_tile_cache/u_q1/g_bank[11].g_shallow.u_bank/g_byte[0].u_sram/D[7]
                                0.14           0.05 r        -0.09  (VIOLATED)
   u_tile_cache/u_q1/g_bank[11].g_shallow.u_bank/g_byte[1].u_sram/D[0]
                                0.14           0.05 r        -0.09  (VIOLATED)
   u_tile_cache/u_q1/g_bank[11].g_shallow.u_bank/g_byte[1].u_sram/D[1]
                                0.14           0.05 r        -0.09  (VIOLATED)
   u_tile_cache/u_q1/g_bank[11].g_shallow.u_bank/g_byte[1].u_sram/D[2]
                                0.14           0.05 r        -0.09  (VIOLATED)
   u_tile_cache/u_q1/g_bank[11].g_shallow.u_bank/g_byte[1].u_sram/D[3]
                                0.14           0.05 r        -0.09  (VIOLATED)
   u_tile_cache/u_q1/g_bank[11].g_shallow.u_bank/g_byte[1].u_sram/D[4]
                                0.14           0.05 r        -0.09  (VIOLATED)
   u_tile_cache/u_q1/g_bank[11].g_shallow.u_bank/g_byte[1].u_sram/D[5]
                                0.14           0.05 r        -0.09  (VIOLATED)
   u_tile_cache/u_q1/g_bank[11].g_shallow.u_bank/g_byte[1].u_sram/D[6]
                                0.14           0.05 r        -0.09  (VIOLATED)
   u_tile_cache/u_q1/g_bank[11].g_shallow.u_bank/g_byte[1].u_sram/D[7]
                                0.14           0.05 r        -0.09  (VIOLATED)
   u_tile_cache/u_q1/g_bank[12].g_shallow.u_bank/g_byte[0].u_sram/D[0]
                                0.14           0.05 r        -0.09  (VIOLATED)
   u_tile_cache/u_q1/g_bank[12].g_shallow.u_bank/g_byte[0].u_sram/D[1]
                                0.14           0.05 r        -0.09  (VIOLATED)
   u_tile_cache/u_q1/g_bank[12].g_shallow.u_bank/g_byte[0].u_sram/D[2]
                                0.14           0.05 r        -0.09  (VIOLATED)
   u_tile_cache/u_q1/g_bank[12].g_shallow.u_bank/g_byte[0].u_sram/D[3]
                                0.14           0.05 r        -0.09  (VIOLATED)
   u_tile_cache/u_q1/g_bank[12].g_shallow.u_bank/g_byte[0].u_sram/D[4]
                                0.14           0.05 r        -0.09  (VIOLATED)
   u_tile_cache/u_q1/g_bank[12].g_shallow.u_bank/g_byte[0].u_sram/D[5]
                                0.14           0.05 r        -0.09  (VIOLATED)
   u_tile_cache/u_q1/g_bank[12].g_shallow.u_bank/g_byte[0].u_sram/D[6]
                                0.14           0.05 r        -0.09  (VIOLATED)
   u_tile_cache/u_q1/g_bank[12].g_shallow.u_bank/g_byte[0].u_sram/D[7]
                                0.14           0.05 r        -0.09  (VIOLATED)
   u_tile_cache/u_q1/g_bank[12].g_shallow.u_bank/g_byte[1].u_sram/D[0]
                                0.14           0.05 r        -0.09  (VIOLATED)
   u_tile_cache/u_q1/g_bank[12].g_shallow.u_bank/g_byte[1].u_sram/D[1]
                                0.14           0.05 r        -0.09  (VIOLATED)
   u_tile_cache/u_q1/g_bank[12].g_shallow.u_bank/g_byte[1].u_sram/D[2]
                                0.14           0.05 r        -0.09  (VIOLATED)
   u_tile_cache/u_q1/g_bank[12].g_shallow.u_bank/g_byte[1].u_sram/D[3]
                                0.14           0.05 r        -0.09  (VIOLATED)
   u_tile_cache/u_q1/g_bank[12].g_shallow.u_bank/g_byte[1].u_sram/D[4]
                                0.14           0.05 r        -0.09  (VIOLATED)
   u_tile_cache/u_q1/g_bank[12].g_shallow.u_bank/g_byte[1].u_sram/D[5]
                                0.14           0.05 r        -0.09  (VIOLATED)
   u_tile_cache/u_q1/g_bank[12].g_shallow.u_bank/g_byte[1].u_sram/D[6]
                                0.14           0.05 r        -0.09  (VIOLATED)
   u_tile_cache/u_q1/g_bank[12].g_shallow.u_bank/g_byte[1].u_sram/D[7]
                                0.14           0.05 r        -0.09  (VIOLATED)
   u_tile_cache/u_q1/g_bank[13].g_shallow.u_bank/g_byte[0].u_sram/D[0]
                                0.14           0.05 r        -0.09  (VIOLATED)
   u_tile_cache/u_q1/g_bank[13].g_shallow.u_bank/g_byte[0].u_sram/D[1]
                                0.14           0.05 r        -0.09  (VIOLATED)
   u_tile_cache/u_q1/g_bank[13].g_shallow.u_bank/g_byte[0].u_sram/D[2]
                                0.14           0.05 r        -0.09  (VIOLATED)
   u_tile_cache/u_q1/g_bank[13].g_shallow.u_bank/g_byte[0].u_sram/D[3]
                                0.14           0.05 r        -0.09  (VIOLATED)
   u_tile_cache/u_q1/g_bank[13].g_shallow.u_bank/g_byte[0].u_sram/D[4]
                                0.14           0.05 r        -0.09  (VIOLATED)
   u_tile_cache/u_q1/g_bank[13].g_shallow.u_bank/g_byte[0].u_sram/D[5]
                                0.14           0.05 r        -0.09  (VIOLATED)
   u_tile_cache/u_q1/g_bank[13].g_shallow.u_bank/g_byte[0].u_sram/D[6]
                                0.14           0.05 r        -0.09  (VIOLATED)
   u_tile_cache/u_q1/g_bank[13].g_shallow.u_bank/g_byte[0].u_sram/D[7]
                                0.14           0.05 r        -0.09  (VIOLATED)
   u_tile_cache/u_q1/g_bank[13].g_shallow.u_bank/g_byte[1].u_sram/D[0]
                                0.14           0.05 r        -0.09  (VIOLATED)
   u_tile_cache/u_q1/g_bank[13].g_shallow.u_bank/g_byte[1].u_sram/D[1]
                                0.14           0.05 r        -0.09  (VIOLATED)
   u_tile_cache/u_q1/g_bank[13].g_shallow.u_bank/g_byte[1].u_sram/D[2]
                                0.14           0.05 r        -0.09  (VIOLATED)
   u_tile_cache/u_q1/g_bank[13].g_shallow.u_bank/g_byte[1].u_sram/D[3]
                                0.14           0.05 r        -0.09  (VIOLATED)
   u_tile_cache/u_q1/g_bank[13].g_shallow.u_bank/g_byte[1].u_sram/D[4]
                                0.14           0.05 r        -0.09  (VIOLATED)
   u_tile_cache/u_q1/g_bank[13].g_shallow.u_bank/g_byte[1].u_sram/D[5]
                                0.14           0.05 r        -0.09  (VIOLATED)
   u_tile_cache/u_q1/g_bank[13].g_shallow.u_bank/g_byte[1].u_sram/D[6]
                                0.14           0.05 r        -0.09  (VIOLATED)
   u_tile_cache/u_q1/g_bank[13].g_shallow.u_bank/g_byte[1].u_sram/D[7]
                                0.14           0.05 r        -0.09  (VIOLATED)
   u_tile_cache/u_q1/g_bank[14].g_shallow.u_bank/g_byte[0].u_sram/D[0]
                                0.14           0.05 r        -0.09  (VIOLATED)
   u_tile_cache/u_q1/g_bank[14].g_shallow.u_bank/g_byte[0].u_sram/D[1]
                                0.14           0.05 r        -0.09  (VIOLATED)
   u_tile_cache/u_q1/g_bank[14].g_shallow.u_bank/g_byte[0].u_sram/D[2]
                                0.14           0.05 r        -0.09  (VIOLATED)
   u_tile_cache/u_q1/g_bank[14].g_shallow.u_bank/g_byte[0].u_sram/D[3]
                                0.14           0.05 r        -0.09  (VIOLATED)
   u_tile_cache/u_q1/g_bank[14].g_shallow.u_bank/g_byte[0].u_sram/D[4]
                                0.14           0.05 r        -0.09  (VIOLATED)
   u_tile_cache/u_q1/g_bank[14].g_shallow.u_bank/g_byte[0].u_sram/D[5]
                                0.14           0.05 r        -0.09  (VIOLATED)
   u_tile_cache/u_q1/g_bank[14].g_shallow.u_bank/g_byte[0].u_sram/D[6]
                                0.14           0.05 r        -0.09  (VIOLATED)
   u_tile_cache/u_q1/g_bank[14].g_shallow.u_bank/g_byte[0].u_sram/D[7]
                                0.14           0.05 r        -0.09  (VIOLATED)
   u_tile_cache/u_q1/g_bank[14].g_shallow.u_bank/g_byte[1].u_sram/D[0]
                                0.14           0.05 r        -0.09  (VIOLATED)
   u_tile_cache/u_q1/g_bank[14].g_shallow.u_bank/g_byte[1].u_sram/D[1]
                                0.14           0.05 r        -0.09  (VIOLATED)
   u_tile_cache/u_q1/g_bank[14].g_shallow.u_bank/g_byte[1].u_sram/D[2]
                                0.14           0.05 r        -0.09  (VIOLATED)
   u_tile_cache/u_q1/g_bank[14].g_shallow.u_bank/g_byte[1].u_sram/D[3]
                                0.14           0.05 r        -0.09  (VIOLATED)
   u_tile_cache/u_q1/g_bank[14].g_shallow.u_bank/g_byte[1].u_sram/D[4]
                                0.14           0.05 r        -0.09  (VIOLATED)
   u_tile_cache/u_q1/g_bank[14].g_shallow.u_bank/g_byte[1].u_sram/D[5]
                                0.14           0.05 r        -0.09  (VIOLATED)
   u_tile_cache/u_q1/g_bank[14].g_shallow.u_bank/g_byte[1].u_sram/D[6]
                                0.14           0.05 r        -0.09  (VIOLATED)
   u_tile_cache/u_q1/g_bank[14].g_shallow.u_bank/g_byte[1].u_sram/D[7]
                                0.14           0.05 r        -0.09  (VIOLATED)
   u_tile_cache/u_q1/g_bank[15].g_shallow.u_bank/g_byte[0].u_sram/D[0]
                                0.14           0.05 r        -0.09  (VIOLATED)
   u_tile_cache/u_q1/g_bank[15].g_shallow.u_bank/g_byte[0].u_sram/D[1]
                                0.14           0.05 r        -0.09  (VIOLATED)
   u_tile_cache/u_q1/g_bank[15].g_shallow.u_bank/g_byte[0].u_sram/D[2]
                                0.14           0.05 r        -0.09  (VIOLATED)
   u_tile_cache/u_q1/g_bank[15].g_shallow.u_bank/g_byte[0].u_sram/D[3]
                                0.14           0.05 r        -0.09  (VIOLATED)
   u_tile_cache/u_q1/g_bank[15].g_shallow.u_bank/g_byte[0].u_sram/D[4]
                                0.14           0.05 r        -0.09  (VIOLATED)
   u_tile_cache/u_q1/g_bank[15].g_shallow.u_bank/g_byte[0].u_sram/D[5]
                                0.14           0.05 r        -0.09  (VIOLATED)
   u_tile_cache/u_q1/g_bank[15].g_shallow.u_bank/g_byte[0].u_sram/D[6]
                                0.14           0.05 r        -0.09  (VIOLATED)
   u_tile_cache/u_q1/g_bank[15].g_shallow.u_bank/g_byte[0].u_sram/D[7]
                                0.14           0.05 r        -0.09  (VIOLATED)
   u_tile_cache/u_q1/g_bank[15].g_shallow.u_bank/g_byte[1].u_sram/D[0]
                                0.14           0.05 r        -0.09  (VIOLATED)
   u_tile_cache/u_q1/g_bank[15].g_shallow.u_bank/g_byte[1].u_sram/D[1]
                                0.14           0.05 r        -0.09  (VIOLATED)
   u_tile_cache/u_q1/g_bank[15].g_shallow.u_bank/g_byte[1].u_sram/D[2]
                                0.14           0.05 r        -0.09  (VIOLATED)
   u_tile_cache/u_q1/g_bank[15].g_shallow.u_bank/g_byte[1].u_sram/D[3]
                                0.14           0.05 r        -0.09  (VIOLATED)
   u_tile_cache/u_q1/g_bank[15].g_shallow.u_bank/g_byte[1].u_sram/D[4]
                                0.14           0.05 r        -0.09  (VIOLATED)
   u_tile_cache/u_q1/g_bank[15].g_shallow.u_bank/g_byte[1].u_sram/D[5]
                                0.14           0.05 r        -0.09  (VIOLATED)
   u_tile_cache/u_q1/g_bank[15].g_shallow.u_bank/g_byte[1].u_sram/D[6]
                                0.14           0.05 r        -0.09  (VIOLATED)
   u_tile_cache/u_q1/g_bank[15].g_shallow.u_bank/g_byte[1].u_sram/D[7]
                                0.14           0.05 r        -0.09  (VIOLATED)
   u_tile_cache/u_v0/g_bank[0].g_shallow.u_bank/g_byte[0].u_sram/D[0]
                                0.14           0.05 r        -0.09  (VIOLATED)
   u_tile_cache/u_v0/g_bank[0].g_shallow.u_bank/g_byte[0].u_sram/D[1]
                                0.14           0.05 r        -0.09  (VIOLATED)
   u_tile_cache/u_v0/g_bank[0].g_shallow.u_bank/g_byte[0].u_sram/D[2]
                                0.14           0.05 r        -0.09  (VIOLATED)
   u_tile_cache/u_v0/g_bank[0].g_shallow.u_bank/g_byte[0].u_sram/D[3]
                                0.14           0.05 r        -0.09  (VIOLATED)
   u_tile_cache/u_v0/g_bank[0].g_shallow.u_bank/g_byte[0].u_sram/D[4]
                                0.14           0.05 r        -0.09  (VIOLATED)
   u_tile_cache/u_v0/g_bank[0].g_shallow.u_bank/g_byte[0].u_sram/D[5]
                                0.14           0.05 r        -0.09  (VIOLATED)
   u_tile_cache/u_v0/g_bank[0].g_shallow.u_bank/g_byte[0].u_sram/D[6]
                                0.14           0.05 r        -0.09  (VIOLATED)
   u_tile_cache/u_v0/g_bank[0].g_shallow.u_bank/g_byte[0].u_sram/D[7]
                                0.14           0.05 r        -0.09  (VIOLATED)
   u_tile_cache/u_v0/g_bank[0].g_shallow.u_bank/g_byte[1].u_sram/D[0]
                                0.14           0.05 r        -0.09  (VIOLATED)
   u_tile_cache/u_v0/g_bank[0].g_shallow.u_bank/g_byte[1].u_sram/D[1]
                                0.14           0.05 r        -0.09  (VIOLATED)
   u_tile_cache/u_v0/g_bank[0].g_shallow.u_bank/g_byte[1].u_sram/D[2]
                                0.14           0.05 r        -0.09  (VIOLATED)
   u_tile_cache/u_v0/g_bank[0].g_shallow.u_bank/g_byte[1].u_sram/D[3]
                                0.14           0.05 r        -0.09  (VIOLATED)
   u_tile_cache/u_v0/g_bank[0].g_shallow.u_bank/g_byte[1].u_sram/D[4]
                                0.14           0.05 r        -0.09  (VIOLATED)
   u_tile_cache/u_v0/g_bank[0].g_shallow.u_bank/g_byte[1].u_sram/D[5]
                                0.14           0.05 r        -0.09  (VIOLATED)
   u_tile_cache/u_v0/g_bank[0].g_shallow.u_bank/g_byte[1].u_sram/D[6]
                                0.14           0.05 r        -0.09  (VIOLATED)
   u_tile_cache/u_v0/g_bank[0].g_shallow.u_bank/g_byte[1].u_sram/D[7]
                                0.14           0.05 r        -0.09  (VIOLATED)
   u_tile_cache/u_v0/g_bank[1].g_shallow.u_bank/g_byte[0].u_sram/D[0]
                                0.14           0.05 r        -0.09  (VIOLATED)
   u_tile_cache/u_v0/g_bank[1].g_shallow.u_bank/g_byte[0].u_sram/D[1]
                                0.14           0.05 r        -0.09  (VIOLATED)
   u_tile_cache/u_v0/g_bank[1].g_shallow.u_bank/g_byte[0].u_sram/D[2]
                                0.14           0.05 r        -0.09  (VIOLATED)
   u_tile_cache/u_v0/g_bank[1].g_shallow.u_bank/g_byte[0].u_sram/D[3]
                                0.14           0.05 r        -0.09  (VIOLATED)
   u_tile_cache/u_v0/g_bank[1].g_shallow.u_bank/g_byte[0].u_sram/D[4]
                                0.14           0.05 r        -0.09  (VIOLATED)
   u_tile_cache/u_v0/g_bank[1].g_shallow.u_bank/g_byte[0].u_sram/D[5]
                                0.14           0.05 r        -0.09  (VIOLATED)
   u_tile_cache/u_v0/g_bank[1].g_shallow.u_bank/g_byte[0].u_sram/D[6]
                                0.14           0.05 r        -0.09  (VIOLATED)
   u_tile_cache/u_v0/g_bank[1].g_shallow.u_bank/g_byte[0].u_sram/D[7]
                                0.14           0.05 r        -0.09  (VIOLATED)
   u_tile_cache/u_v0/g_bank[1].g_shallow.u_bank/g_byte[1].u_sram/D[0]
                                0.14           0.05 r        -0.09  (VIOLATED)
   u_tile_cache/u_v0/g_bank[1].g_shallow.u_bank/g_byte[1].u_sram/D[1]
                                0.14           0.05 r        -0.09  (VIOLATED)
   u_tile_cache/u_v0/g_bank[1].g_shallow.u_bank/g_byte[1].u_sram/D[2]
                                0.14           0.05 r        -0.09  (VIOLATED)
   u_tile_cache/u_v0/g_bank[1].g_shallow.u_bank/g_byte[1].u_sram/D[3]
                                0.14           0.05 r        -0.09  (VIOLATED)
   u_tile_cache/u_v0/g_bank[1].g_shallow.u_bank/g_byte[1].u_sram/D[4]
                                0.14           0.05 r        -0.09  (VIOLATED)
   u_tile_cache/u_v0/g_bank[1].g_shallow.u_bank/g_byte[1].u_sram/D[5]
                                0.14           0.05 r        -0.09  (VIOLATED)
   u_tile_cache/u_v0/g_bank[1].g_shallow.u_bank/g_byte[1].u_sram/D[6]
                                0.14           0.05 r        -0.09  (VIOLATED)
   u_tile_cache/u_v0/g_bank[1].g_shallow.u_bank/g_byte[1].u_sram/D[7]
                                0.14           0.05 r        -0.09  (VIOLATED)
   u_tile_cache/u_v0/g_bank[2].g_shallow.u_bank/g_byte[0].u_sram/D[0]
                                0.14           0.05 r        -0.09  (VIOLATED)
   u_tile_cache/u_v0/g_bank[2].g_shallow.u_bank/g_byte[0].u_sram/D[1]
                                0.14           0.05 r        -0.09  (VIOLATED)
   u_tile_cache/u_v0/g_bank[2].g_shallow.u_bank/g_byte[0].u_sram/D[2]
                                0.14           0.05 r        -0.09  (VIOLATED)
   u_tile_cache/u_v0/g_bank[2].g_shallow.u_bank/g_byte[0].u_sram/D[3]
                                0.14           0.05 r        -0.09  (VIOLATED)
   u_tile_cache/u_v0/g_bank[2].g_shallow.u_bank/g_byte[0].u_sram/D[4]
                                0.14           0.05 r        -0.09  (VIOLATED)
   u_tile_cache/u_v0/g_bank[2].g_shallow.u_bank/g_byte[0].u_sram/D[5]
                                0.14           0.05 r        -0.09  (VIOLATED)
   u_tile_cache/u_v0/g_bank[2].g_shallow.u_bank/g_byte[0].u_sram/D[6]
                                0.14           0.05 r        -0.09  (VIOLATED)
   u_tile_cache/u_v0/g_bank[2].g_shallow.u_bank/g_byte[0].u_sram/D[7]
                                0.14           0.05 r        -0.09  (VIOLATED)
   u_tile_cache/u_v0/g_bank[2].g_shallow.u_bank/g_byte[1].u_sram/D[0]
                                0.14           0.05 r        -0.09  (VIOLATED)
   u_tile_cache/u_v0/g_bank[2].g_shallow.u_bank/g_byte[1].u_sram/D[1]
                                0.14           0.05 r        -0.09  (VIOLATED)
   u_tile_cache/u_v0/g_bank[2].g_shallow.u_bank/g_byte[1].u_sram/D[2]
                                0.14           0.05 r        -0.09  (VIOLATED)
   u_tile_cache/u_v0/g_bank[2].g_shallow.u_bank/g_byte[1].u_sram/D[3]
                                0.14           0.05 r        -0.09  (VIOLATED)
   u_tile_cache/u_v0/g_bank[2].g_shallow.u_bank/g_byte[1].u_sram/D[4]
                                0.14           0.05 r        -0.09  (VIOLATED)
   u_tile_cache/u_v0/g_bank[2].g_shallow.u_bank/g_byte[1].u_sram/D[5]
                                0.14           0.05 r        -0.09  (VIOLATED)
   u_tile_cache/u_v0/g_bank[2].g_shallow.u_bank/g_byte[1].u_sram/D[6]
                                0.14           0.05 r        -0.09  (VIOLATED)
   u_tile_cache/u_v0/g_bank[2].g_shallow.u_bank/g_byte[1].u_sram/D[7]
                                0.14           0.05 r        -0.09  (VIOLATED)
   u_tile_cache/u_v0/g_bank[3].g_shallow.u_bank/g_byte[0].u_sram/D[0]
                                0.14           0.05 r        -0.09  (VIOLATED)
   u_tile_cache/u_v0/g_bank[3].g_shallow.u_bank/g_byte[0].u_sram/D[1]
                                0.14           0.05 r        -0.09  (VIOLATED)
   u_tile_cache/u_v0/g_bank[3].g_shallow.u_bank/g_byte[0].u_sram/D[2]
                                0.14           0.05 r        -0.09  (VIOLATED)
   u_tile_cache/u_v0/g_bank[3].g_shallow.u_bank/g_byte[0].u_sram/D[3]
                                0.14           0.05 r        -0.09  (VIOLATED)
   u_tile_cache/u_v0/g_bank[3].g_shallow.u_bank/g_byte[0].u_sram/D[4]
                                0.14           0.05 r        -0.09  (VIOLATED)
   u_tile_cache/u_v0/g_bank[3].g_shallow.u_bank/g_byte[0].u_sram/D[5]
                                0.14           0.05 r        -0.09  (VIOLATED)
   u_tile_cache/u_v0/g_bank[3].g_shallow.u_bank/g_byte[0].u_sram/D[6]
                                0.14           0.05 r        -0.09  (VIOLATED)
   u_tile_cache/u_v0/g_bank[3].g_shallow.u_bank/g_byte[0].u_sram/D[7]
                                0.14           0.05 r        -0.09  (VIOLATED)
   u_tile_cache/u_v0/g_bank[3].g_shallow.u_bank/g_byte[1].u_sram/D[0]
                                0.14           0.05 r        -0.09  (VIOLATED)
   u_tile_cache/u_v0/g_bank[3].g_shallow.u_bank/g_byte[1].u_sram/D[1]
                                0.14           0.05 r        -0.09  (VIOLATED)
   u_tile_cache/u_v0/g_bank[3].g_shallow.u_bank/g_byte[1].u_sram/D[2]
                                0.14           0.05 r        -0.09  (VIOLATED)
   u_tile_cache/u_v0/g_bank[3].g_shallow.u_bank/g_byte[1].u_sram/D[3]
                                0.14           0.05 r        -0.09  (VIOLATED)
   u_tile_cache/u_v0/g_bank[3].g_shallow.u_bank/g_byte[1].u_sram/D[4]
                                0.14           0.05 r        -0.09  (VIOLATED)
   u_tile_cache/u_v0/g_bank[3].g_shallow.u_bank/g_byte[1].u_sram/D[5]
                                0.14           0.05 r        -0.09  (VIOLATED)
   u_tile_cache/u_v0/g_bank[3].g_shallow.u_bank/g_byte[1].u_sram/D[6]
                                0.14           0.05 r        -0.09  (VIOLATED)
   u_tile_cache/u_v0/g_bank[3].g_shallow.u_bank/g_byte[1].u_sram/D[7]
                                0.14           0.05 r        -0.09  (VIOLATED)
   u_tile_cache/u_v0/g_bank[4].g_shallow.u_bank/g_byte[0].u_sram/D[0]
                                0.14           0.05 r        -0.09  (VIOLATED)
   u_tile_cache/u_v0/g_bank[4].g_shallow.u_bank/g_byte[0].u_sram/D[1]
                                0.14           0.05 r        -0.09  (VIOLATED)
   u_tile_cache/u_v0/g_bank[4].g_shallow.u_bank/g_byte[0].u_sram/D[2]
                                0.14           0.05 r        -0.09  (VIOLATED)
   u_tile_cache/u_v0/g_bank[4].g_shallow.u_bank/g_byte[0].u_sram/D[3]
                                0.14           0.05 r        -0.09  (VIOLATED)
   u_tile_cache/u_v0/g_bank[4].g_shallow.u_bank/g_byte[0].u_sram/D[4]
                                0.14           0.05 r        -0.09  (VIOLATED)
   u_tile_cache/u_v0/g_bank[4].g_shallow.u_bank/g_byte[0].u_sram/D[5]
                                0.14           0.05 r        -0.09  (VIOLATED)
   u_tile_cache/u_v0/g_bank[4].g_shallow.u_bank/g_byte[0].u_sram/D[6]
                                0.14           0.05 r        -0.09  (VIOLATED)
   u_tile_cache/u_v0/g_bank[4].g_shallow.u_bank/g_byte[0].u_sram/D[7]
                                0.14           0.05 r        -0.09  (VIOLATED)
   u_tile_cache/u_v0/g_bank[4].g_shallow.u_bank/g_byte[1].u_sram/D[0]
                                0.14           0.05 r        -0.09  (VIOLATED)
   u_tile_cache/u_v0/g_bank[4].g_shallow.u_bank/g_byte[1].u_sram/D[1]
                                0.14           0.05 r        -0.09  (VIOLATED)
   u_tile_cache/u_v0/g_bank[4].g_shallow.u_bank/g_byte[1].u_sram/D[2]
                                0.14           0.05 r        -0.09  (VIOLATED)
   u_tile_cache/u_v0/g_bank[4].g_shallow.u_bank/g_byte[1].u_sram/D[3]
                                0.14           0.05 r        -0.09  (VIOLATED)
   u_tile_cache/u_v0/g_bank[4].g_shallow.u_bank/g_byte[1].u_sram/D[4]
                                0.14           0.05 r        -0.09  (VIOLATED)
   u_tile_cache/u_v0/g_bank[4].g_shallow.u_bank/g_byte[1].u_sram/D[5]
                                0.14           0.05 r        -0.09  (VIOLATED)
   u_tile_cache/u_v0/g_bank[4].g_shallow.u_bank/g_byte[1].u_sram/D[6]
                                0.14           0.05 r        -0.09  (VIOLATED)
   u_tile_cache/u_v0/g_bank[4].g_shallow.u_bank/g_byte[1].u_sram/D[7]
                                0.14           0.05 r        -0.09  (VIOLATED)
   u_tile_cache/u_v0/g_bank[5].g_shallow.u_bank/g_byte[0].u_sram/D[0]
                                0.14           0.05 r        -0.09  (VIOLATED)
   u_tile_cache/u_v0/g_bank[5].g_shallow.u_bank/g_byte[0].u_sram/D[1]
                                0.14           0.05 r        -0.09  (VIOLATED)
   u_tile_cache/u_v0/g_bank[5].g_shallow.u_bank/g_byte[0].u_sram/D[2]
                                0.14           0.05 r        -0.09  (VIOLATED)
   u_tile_cache/u_v0/g_bank[5].g_shallow.u_bank/g_byte[0].u_sram/D[3]
                                0.14           0.05 r        -0.09  (VIOLATED)
   u_tile_cache/u_v0/g_bank[5].g_shallow.u_bank/g_byte[0].u_sram/D[4]
                                0.14           0.05 r        -0.09  (VIOLATED)
   u_tile_cache/u_v0/g_bank[5].g_shallow.u_bank/g_byte[0].u_sram/D[5]
                                0.14           0.05 r        -0.09  (VIOLATED)
   u_tile_cache/u_v0/g_bank[5].g_shallow.u_bank/g_byte[0].u_sram/D[6]
                                0.14           0.05 r        -0.09  (VIOLATED)
   u_tile_cache/u_v0/g_bank[5].g_shallow.u_bank/g_byte[0].u_sram/D[7]
                                0.14           0.05 r        -0.09  (VIOLATED)
   u_tile_cache/u_v0/g_bank[5].g_shallow.u_bank/g_byte[1].u_sram/D[0]
                                0.14           0.05 r        -0.09  (VIOLATED)
   u_tile_cache/u_v0/g_bank[5].g_shallow.u_bank/g_byte[1].u_sram/D[1]
                                0.14           0.05 r        -0.09  (VIOLATED)
   u_tile_cache/u_v0/g_bank[5].g_shallow.u_bank/g_byte[1].u_sram/D[2]
                                0.14           0.05 r        -0.09  (VIOLATED)
   u_tile_cache/u_v0/g_bank[5].g_shallow.u_bank/g_byte[1].u_sram/D[3]
                                0.14           0.05 r        -0.09  (VIOLATED)
   u_tile_cache/u_v0/g_bank[5].g_shallow.u_bank/g_byte[1].u_sram/D[4]
                                0.14           0.05 r        -0.09  (VIOLATED)
   u_tile_cache/u_v0/g_bank[5].g_shallow.u_bank/g_byte[1].u_sram/D[5]
                                0.14           0.05 r        -0.09  (VIOLATED)
   u_tile_cache/u_v0/g_bank[5].g_shallow.u_bank/g_byte[1].u_sram/D[6]
                                0.14           0.05 r        -0.09  (VIOLATED)
   u_tile_cache/u_v0/g_bank[5].g_shallow.u_bank/g_byte[1].u_sram/D[7]
                                0.14           0.05 r        -0.09  (VIOLATED)
   u_tile_cache/u_v0/g_bank[6].g_shallow.u_bank/g_byte[0].u_sram/D[0]
                                0.14           0.05 r        -0.09  (VIOLATED)
   u_tile_cache/u_v0/g_bank[6].g_shallow.u_bank/g_byte[0].u_sram/D[1]
                                0.14           0.05 r        -0.09  (VIOLATED)
   u_tile_cache/u_v0/g_bank[6].g_shallow.u_bank/g_byte[0].u_sram/D[2]
                                0.14           0.05 r        -0.09  (VIOLATED)
   u_tile_cache/u_v0/g_bank[6].g_shallow.u_bank/g_byte[0].u_sram/D[3]
                                0.14           0.05 r        -0.09  (VIOLATED)
   u_tile_cache/u_v0/g_bank[6].g_shallow.u_bank/g_byte[0].u_sram/D[4]
                                0.14           0.05 r        -0.09  (VIOLATED)
   u_tile_cache/u_v0/g_bank[6].g_shallow.u_bank/g_byte[0].u_sram/D[5]
                                0.14           0.05 r        -0.09  (VIOLATED)
   u_tile_cache/u_v0/g_bank[6].g_shallow.u_bank/g_byte[0].u_sram/D[6]
                                0.14           0.05 r        -0.09  (VIOLATED)
   u_tile_cache/u_v0/g_bank[6].g_shallow.u_bank/g_byte[0].u_sram/D[7]
                                0.14           0.05 r        -0.09  (VIOLATED)
   u_tile_cache/u_v0/g_bank[6].g_shallow.u_bank/g_byte[1].u_sram/D[0]
                                0.14           0.05 r        -0.09  (VIOLATED)
   u_tile_cache/u_v0/g_bank[6].g_shallow.u_bank/g_byte[1].u_sram/D[1]
                                0.14           0.05 r        -0.09  (VIOLATED)
   u_tile_cache/u_v0/g_bank[6].g_shallow.u_bank/g_byte[1].u_sram/D[2]
                                0.14           0.05 r        -0.09  (VIOLATED)
   u_tile_cache/u_v0/g_bank[6].g_shallow.u_bank/g_byte[1].u_sram/D[3]
                                0.14           0.05 r        -0.09  (VIOLATED)
   u_tile_cache/u_v0/g_bank[6].g_shallow.u_bank/g_byte[1].u_sram/D[4]
                                0.14           0.05 r        -0.09  (VIOLATED)
   u_tile_cache/u_v0/g_bank[6].g_shallow.u_bank/g_byte[1].u_sram/D[5]
                                0.14           0.05 r        -0.09  (VIOLATED)
   u_tile_cache/u_v0/g_bank[6].g_shallow.u_bank/g_byte[1].u_sram/D[6]
                                0.14           0.05 r        -0.09  (VIOLATED)
   u_tile_cache/u_v0/g_bank[6].g_shallow.u_bank/g_byte[1].u_sram/D[7]
                                0.14           0.05 r        -0.09  (VIOLATED)
   u_tile_cache/u_v0/g_bank[7].g_shallow.u_bank/g_byte[0].u_sram/D[0]
                                0.14           0.05 r        -0.09  (VIOLATED)
   u_tile_cache/u_v0/g_bank[7].g_shallow.u_bank/g_byte[0].u_sram/D[1]
                                0.14           0.05 r        -0.09  (VIOLATED)
   u_tile_cache/u_v0/g_bank[7].g_shallow.u_bank/g_byte[0].u_sram/D[2]
                                0.14           0.05 r        -0.09  (VIOLATED)
   u_tile_cache/u_v0/g_bank[7].g_shallow.u_bank/g_byte[0].u_sram/D[3]
                                0.14           0.05 r        -0.09  (VIOLATED)
   u_tile_cache/u_v0/g_bank[7].g_shallow.u_bank/g_byte[0].u_sram/D[4]
                                0.14           0.05 r        -0.09  (VIOLATED)
   u_tile_cache/u_v0/g_bank[7].g_shallow.u_bank/g_byte[0].u_sram/D[5]
                                0.14           0.05 r        -0.09  (VIOLATED)
   u_tile_cache/u_v0/g_bank[7].g_shallow.u_bank/g_byte[0].u_sram/D[6]
                                0.14           0.05 r        -0.09  (VIOLATED)
   u_tile_cache/u_v0/g_bank[7].g_shallow.u_bank/g_byte[0].u_sram/D[7]
                                0.14           0.05 r        -0.09  (VIOLATED)
   u_tile_cache/u_v0/g_bank[7].g_shallow.u_bank/g_byte[1].u_sram/D[0]
                                0.14           0.05 r        -0.09  (VIOLATED)
   u_tile_cache/u_v0/g_bank[7].g_shallow.u_bank/g_byte[1].u_sram/D[1]
                                0.14           0.05 r        -0.09  (VIOLATED)
   u_tile_cache/u_v0/g_bank[7].g_shallow.u_bank/g_byte[1].u_sram/D[2]
                                0.14           0.05 r        -0.09  (VIOLATED)
   u_tile_cache/u_v0/g_bank[7].g_shallow.u_bank/g_byte[1].u_sram/D[3]
                                0.14           0.05 r        -0.09  (VIOLATED)
   u_tile_cache/u_v0/g_bank[7].g_shallow.u_bank/g_byte[1].u_sram/D[4]
                                0.14           0.05 r        -0.09  (VIOLATED)
   u_tile_cache/u_v0/g_bank[7].g_shallow.u_bank/g_byte[1].u_sram/D[5]
                                0.14           0.05 r        -0.09  (VIOLATED)
   u_tile_cache/u_v0/g_bank[7].g_shallow.u_bank/g_byte[1].u_sram/D[6]
                                0.14           0.05 r        -0.09  (VIOLATED)
   u_tile_cache/u_v0/g_bank[7].g_shallow.u_bank/g_byte[1].u_sram/D[7]
                                0.14           0.05 r        -0.09  (VIOLATED)
   u_tile_cache/u_v0/g_bank[8].g_shallow.u_bank/g_byte[0].u_sram/D[0]
                                0.14           0.05 r        -0.09  (VIOLATED)
   u_tile_cache/u_v0/g_bank[8].g_shallow.u_bank/g_byte[0].u_sram/D[1]
                                0.14           0.05 r        -0.09  (VIOLATED)
   u_tile_cache/u_v0/g_bank[8].g_shallow.u_bank/g_byte[0].u_sram/D[2]
                                0.14           0.05 r        -0.09  (VIOLATED)
   u_tile_cache/u_v0/g_bank[8].g_shallow.u_bank/g_byte[0].u_sram/D[3]
                                0.14           0.05 r        -0.09  (VIOLATED)
   u_tile_cache/u_v0/g_bank[8].g_shallow.u_bank/g_byte[0].u_sram/D[4]
                                0.14           0.05 r        -0.09  (VIOLATED)
   u_tile_cache/u_v0/g_bank[8].g_shallow.u_bank/g_byte[0].u_sram/D[5]
                                0.14           0.05 r        -0.09  (VIOLATED)
   u_tile_cache/u_v0/g_bank[8].g_shallow.u_bank/g_byte[0].u_sram/D[6]
                                0.14           0.05 r        -0.09  (VIOLATED)
   u_tile_cache/u_v0/g_bank[8].g_shallow.u_bank/g_byte[0].u_sram/D[7]
                                0.14           0.05 r        -0.09  (VIOLATED)
   u_tile_cache/u_v0/g_bank[8].g_shallow.u_bank/g_byte[1].u_sram/D[0]
                                0.14           0.05 r        -0.09  (VIOLATED)
   u_tile_cache/u_v0/g_bank[8].g_shallow.u_bank/g_byte[1].u_sram/D[1]
                                0.14           0.05 r        -0.09  (VIOLATED)
   u_tile_cache/u_v0/g_bank[8].g_shallow.u_bank/g_byte[1].u_sram/D[2]
                                0.14           0.05 r        -0.09  (VIOLATED)
   u_tile_cache/u_v0/g_bank[8].g_shallow.u_bank/g_byte[1].u_sram/D[3]
                                0.14           0.05 r        -0.09  (VIOLATED)
   u_tile_cache/u_v0/g_bank[8].g_shallow.u_bank/g_byte[1].u_sram/D[4]
                                0.14           0.05 r        -0.09  (VIOLATED)
   u_tile_cache/u_v0/g_bank[8].g_shallow.u_bank/g_byte[1].u_sram/D[5]
                                0.14           0.05 r        -0.09  (VIOLATED)
   u_tile_cache/u_v0/g_bank[8].g_shallow.u_bank/g_byte[1].u_sram/D[6]
                                0.14           0.05 r        -0.09  (VIOLATED)
   u_tile_cache/u_v0/g_bank[8].g_shallow.u_bank/g_byte[1].u_sram/D[7]
                                0.14           0.05 r        -0.09  (VIOLATED)
   u_tile_cache/u_v0/g_bank[9].g_shallow.u_bank/g_byte[0].u_sram/D[0]
                                0.14           0.05 r        -0.09  (VIOLATED)
   u_tile_cache/u_v0/g_bank[9].g_shallow.u_bank/g_byte[0].u_sram/D[1]
                                0.14           0.05 r        -0.09  (VIOLATED)
   u_tile_cache/u_v0/g_bank[9].g_shallow.u_bank/g_byte[0].u_sram/D[2]
                                0.14           0.05 r        -0.09  (VIOLATED)
   u_tile_cache/u_v0/g_bank[9].g_shallow.u_bank/g_byte[0].u_sram/D[3]
                                0.14           0.05 r        -0.09  (VIOLATED)
   u_tile_cache/u_v0/g_bank[9].g_shallow.u_bank/g_byte[0].u_sram/D[4]
                                0.14           0.05 r        -0.09  (VIOLATED)
   u_tile_cache/u_v0/g_bank[9].g_shallow.u_bank/g_byte[0].u_sram/D[5]
                                0.14           0.05 r        -0.09  (VIOLATED)
   u_tile_cache/u_v0/g_bank[9].g_shallow.u_bank/g_byte[0].u_sram/D[6]
                                0.14           0.05 r        -0.09  (VIOLATED)
   u_tile_cache/u_v0/g_bank[9].g_shallow.u_bank/g_byte[0].u_sram/D[7]
                                0.14           0.05 r        -0.09  (VIOLATED)
   u_tile_cache/u_v0/g_bank[9].g_shallow.u_bank/g_byte[1].u_sram/D[0]
                                0.14           0.05 r        -0.09  (VIOLATED)
   u_tile_cache/u_v0/g_bank[9].g_shallow.u_bank/g_byte[1].u_sram/D[1]
                                0.14           0.05 r        -0.09  (VIOLATED)
   u_tile_cache/u_v0/g_bank[9].g_shallow.u_bank/g_byte[1].u_sram/D[2]
                                0.14           0.05 r        -0.09  (VIOLATED)
   u_tile_cache/u_v0/g_bank[9].g_shallow.u_bank/g_byte[1].u_sram/D[3]
                                0.14           0.05 r        -0.09  (VIOLATED)
   u_tile_cache/u_v0/g_bank[9].g_shallow.u_bank/g_byte[1].u_sram/D[4]
                                0.14           0.05 r        -0.09  (VIOLATED)
   u_tile_cache/u_v0/g_bank[9].g_shallow.u_bank/g_byte[1].u_sram/D[5]
                                0.14           0.05 r        -0.09  (VIOLATED)
   u_tile_cache/u_v0/g_bank[9].g_shallow.u_bank/g_byte[1].u_sram/D[6]
                                0.14           0.05 r        -0.09  (VIOLATED)
   u_tile_cache/u_v0/g_bank[9].g_shallow.u_bank/g_byte[1].u_sram/D[7]
                                0.14           0.05 r        -0.09  (VIOLATED)
   u_tile_cache/u_v0/g_bank[10].g_shallow.u_bank/g_byte[0].u_sram/D[0]
                                0.14           0.05 r        -0.09  (VIOLATED)
   u_tile_cache/u_v0/g_bank[10].g_shallow.u_bank/g_byte[0].u_sram/D[1]
                                0.14           0.05 r        -0.09  (VIOLATED)
   u_tile_cache/u_v0/g_bank[10].g_shallow.u_bank/g_byte[0].u_sram/D[2]
                                0.14           0.05 r        -0.09  (VIOLATED)
   u_tile_cache/u_v0/g_bank[10].g_shallow.u_bank/g_byte[0].u_sram/D[3]
                                0.14           0.05 r        -0.09  (VIOLATED)
   u_tile_cache/u_v0/g_bank[10].g_shallow.u_bank/g_byte[0].u_sram/D[4]
                                0.14           0.05 r        -0.09  (VIOLATED)
   u_tile_cache/u_v0/g_bank[10].g_shallow.u_bank/g_byte[0].u_sram/D[5]
                                0.14           0.05 r        -0.09  (VIOLATED)
   u_tile_cache/u_v0/g_bank[10].g_shallow.u_bank/g_byte[0].u_sram/D[6]
                                0.14           0.05 r        -0.09  (VIOLATED)
   u_tile_cache/u_v0/g_bank[10].g_shallow.u_bank/g_byte[0].u_sram/D[7]
                                0.14           0.05 r        -0.09  (VIOLATED)
   u_tile_cache/u_v0/g_bank[10].g_shallow.u_bank/g_byte[1].u_sram/D[0]
                                0.14           0.05 r        -0.09  (VIOLATED)
   u_tile_cache/u_v0/g_bank[10].g_shallow.u_bank/g_byte[1].u_sram/D[1]
                                0.14           0.05 r        -0.09  (VIOLATED)
   u_tile_cache/u_v0/g_bank[10].g_shallow.u_bank/g_byte[1].u_sram/D[2]
                                0.14           0.05 r        -0.09  (VIOLATED)
   u_tile_cache/u_v0/g_bank[10].g_shallow.u_bank/g_byte[1].u_sram/D[3]
                                0.14           0.05 r        -0.09  (VIOLATED)
   u_tile_cache/u_v0/g_bank[10].g_shallow.u_bank/g_byte[1].u_sram/D[4]
                                0.14           0.05 r        -0.09  (VIOLATED)
   u_tile_cache/u_v0/g_bank[10].g_shallow.u_bank/g_byte[1].u_sram/D[5]
                                0.14           0.05 r        -0.09  (VIOLATED)
   u_tile_cache/u_v0/g_bank[10].g_shallow.u_bank/g_byte[1].u_sram/D[6]
                                0.14           0.05 r        -0.09  (VIOLATED)
   u_tile_cache/u_v0/g_bank[10].g_shallow.u_bank/g_byte[1].u_sram/D[7]
                                0.14           0.05 r        -0.09  (VIOLATED)
   u_tile_cache/u_v0/g_bank[11].g_shallow.u_bank/g_byte[0].u_sram/D[0]
                                0.14           0.05 r        -0.09  (VIOLATED)
   u_tile_cache/u_v0/g_bank[11].g_shallow.u_bank/g_byte[0].u_sram/D[1]
                                0.14           0.05 r        -0.09  (VIOLATED)
   u_tile_cache/u_v0/g_bank[11].g_shallow.u_bank/g_byte[0].u_sram/D[2]
                                0.14           0.05 r        -0.09  (VIOLATED)
   u_tile_cache/u_v0/g_bank[11].g_shallow.u_bank/g_byte[0].u_sram/D[3]
                                0.14           0.05 r        -0.09  (VIOLATED)
   u_tile_cache/u_v0/g_bank[11].g_shallow.u_bank/g_byte[0].u_sram/D[4]
                                0.14           0.05 r        -0.09  (VIOLATED)
   u_tile_cache/u_v0/g_bank[11].g_shallow.u_bank/g_byte[0].u_sram/D[5]
                                0.14           0.05 r        -0.09  (VIOLATED)
   u_tile_cache/u_v0/g_bank[11].g_shallow.u_bank/g_byte[0].u_sram/D[6]
                                0.14           0.05 r        -0.09  (VIOLATED)
   u_tile_cache/u_v0/g_bank[11].g_shallow.u_bank/g_byte[0].u_sram/D[7]
                                0.14           0.05 r        -0.09  (VIOLATED)
   u_tile_cache/u_v0/g_bank[11].g_shallow.u_bank/g_byte[1].u_sram/D[0]
                                0.14           0.05 r        -0.09  (VIOLATED)
   u_tile_cache/u_v0/g_bank[11].g_shallow.u_bank/g_byte[1].u_sram/D[1]
                                0.14           0.05 r        -0.09  (VIOLATED)
   u_tile_cache/u_v0/g_bank[11].g_shallow.u_bank/g_byte[1].u_sram/D[2]
                                0.14           0.05 r        -0.09  (VIOLATED)
   u_tile_cache/u_v0/g_bank[11].g_shallow.u_bank/g_byte[1].u_sram/D[3]
                                0.14           0.05 r        -0.09  (VIOLATED)
   u_tile_cache/u_v0/g_bank[11].g_shallow.u_bank/g_byte[1].u_sram/D[4]
                                0.14           0.05 r        -0.09  (VIOLATED)
   u_tile_cache/u_v0/g_bank[11].g_shallow.u_bank/g_byte[1].u_sram/D[5]
                                0.14           0.05 r        -0.09  (VIOLATED)
   u_tile_cache/u_v0/g_bank[11].g_shallow.u_bank/g_byte[1].u_sram/D[6]
                                0.14           0.05 r        -0.09  (VIOLATED)
   u_tile_cache/u_v0/g_bank[11].g_shallow.u_bank/g_byte[1].u_sram/D[7]
                                0.14           0.05 r        -0.09  (VIOLATED)
   u_tile_cache/u_v0/g_bank[12].g_shallow.u_bank/g_byte[0].u_sram/D[0]
                                0.14           0.05 r        -0.09  (VIOLATED)
   u_tile_cache/u_v0/g_bank[12].g_shallow.u_bank/g_byte[0].u_sram/D[1]
                                0.14           0.05 r        -0.09  (VIOLATED)
   u_tile_cache/u_v0/g_bank[12].g_shallow.u_bank/g_byte[0].u_sram/D[2]
                                0.14           0.05 r        -0.09  (VIOLATED)
   u_tile_cache/u_v0/g_bank[12].g_shallow.u_bank/g_byte[0].u_sram/D[3]
                                0.14           0.05 r        -0.09  (VIOLATED)
   u_tile_cache/u_v0/g_bank[12].g_shallow.u_bank/g_byte[0].u_sram/D[4]
                                0.14           0.05 r        -0.09  (VIOLATED)
   u_tile_cache/u_v0/g_bank[12].g_shallow.u_bank/g_byte[0].u_sram/D[5]
                                0.14           0.05 r        -0.09  (VIOLATED)
   u_tile_cache/u_v0/g_bank[12].g_shallow.u_bank/g_byte[0].u_sram/D[6]
                                0.14           0.05 r        -0.09  (VIOLATED)
   u_tile_cache/u_v0/g_bank[12].g_shallow.u_bank/g_byte[0].u_sram/D[7]
                                0.14           0.05 r        -0.09  (VIOLATED)
   u_tile_cache/u_v0/g_bank[12].g_shallow.u_bank/g_byte[1].u_sram/D[0]
                                0.14           0.05 r        -0.09  (VIOLATED)
   u_tile_cache/u_v0/g_bank[12].g_shallow.u_bank/g_byte[1].u_sram/D[1]
                                0.14           0.05 r        -0.09  (VIOLATED)
   u_tile_cache/u_v0/g_bank[12].g_shallow.u_bank/g_byte[1].u_sram/D[2]
                                0.14           0.05 r        -0.09  (VIOLATED)
   u_tile_cache/u_v0/g_bank[12].g_shallow.u_bank/g_byte[1].u_sram/D[3]
                                0.14           0.05 r        -0.09  (VIOLATED)
   u_tile_cache/u_v0/g_bank[12].g_shallow.u_bank/g_byte[1].u_sram/D[4]
                                0.14           0.05 r        -0.09  (VIOLATED)
   u_tile_cache/u_v0/g_bank[12].g_shallow.u_bank/g_byte[1].u_sram/D[5]
                                0.14           0.05 r        -0.09  (VIOLATED)
   u_tile_cache/u_v0/g_bank[12].g_shallow.u_bank/g_byte[1].u_sram/D[6]
                                0.14           0.05 r        -0.09  (VIOLATED)
   u_tile_cache/u_v0/g_bank[12].g_shallow.u_bank/g_byte[1].u_sram/D[7]
                                0.14           0.05 r        -0.09  (VIOLATED)
   u_tile_cache/u_v0/g_bank[13].g_shallow.u_bank/g_byte[0].u_sram/D[0]
                                0.14           0.05 r        -0.09  (VIOLATED)
   u_tile_cache/u_v0/g_bank[13].g_shallow.u_bank/g_byte[0].u_sram/D[1]
                                0.14           0.05 r        -0.09  (VIOLATED)
   u_tile_cache/u_v0/g_bank[13].g_shallow.u_bank/g_byte[0].u_sram/D[2]
                                0.14           0.05 r        -0.09  (VIOLATED)
   u_tile_cache/u_v0/g_bank[13].g_shallow.u_bank/g_byte[0].u_sram/D[3]
                                0.14           0.05 r        -0.09  (VIOLATED)
   u_tile_cache/u_v0/g_bank[13].g_shallow.u_bank/g_byte[0].u_sram/D[4]
                                0.14           0.05 r        -0.09  (VIOLATED)
   u_tile_cache/u_v0/g_bank[13].g_shallow.u_bank/g_byte[0].u_sram/D[5]
                                0.14           0.05 r        -0.09  (VIOLATED)
   u_tile_cache/u_v0/g_bank[13].g_shallow.u_bank/g_byte[0].u_sram/D[6]
                                0.14           0.05 r        -0.09  (VIOLATED)
   u_tile_cache/u_v0/g_bank[13].g_shallow.u_bank/g_byte[0].u_sram/D[7]
                                0.14           0.05 r        -0.09  (VIOLATED)
   u_tile_cache/u_v0/g_bank[13].g_shallow.u_bank/g_byte[1].u_sram/D[0]
                                0.14           0.05 r        -0.09  (VIOLATED)
   u_tile_cache/u_v0/g_bank[13].g_shallow.u_bank/g_byte[1].u_sram/D[1]
                                0.14           0.05 r        -0.09  (VIOLATED)
   u_tile_cache/u_v0/g_bank[13].g_shallow.u_bank/g_byte[1].u_sram/D[2]
                                0.14           0.05 r        -0.09  (VIOLATED)
   u_tile_cache/u_v0/g_bank[13].g_shallow.u_bank/g_byte[1].u_sram/D[3]
                                0.14           0.05 r        -0.09  (VIOLATED)
   u_tile_cache/u_v0/g_bank[13].g_shallow.u_bank/g_byte[1].u_sram/D[4]
                                0.14           0.05 r        -0.09  (VIOLATED)
   u_tile_cache/u_v0/g_bank[13].g_shallow.u_bank/g_byte[1].u_sram/D[5]
                                0.14           0.05 r        -0.09  (VIOLATED)
   u_tile_cache/u_v0/g_bank[13].g_shallow.u_bank/g_byte[1].u_sram/D[6]
                                0.14           0.05 r        -0.09  (VIOLATED)
   u_tile_cache/u_v0/g_bank[13].g_shallow.u_bank/g_byte[1].u_sram/D[7]
                                0.14           0.05 r        -0.09  (VIOLATED)
   u_tile_cache/u_v0/g_bank[14].g_shallow.u_bank/g_byte[0].u_sram/D[0]
                                0.14           0.05 r        -0.09  (VIOLATED)
   u_tile_cache/u_v0/g_bank[14].g_shallow.u_bank/g_byte[0].u_sram/D[1]
                                0.14           0.05 r        -0.09  (VIOLATED)
   u_tile_cache/u_v0/g_bank[14].g_shallow.u_bank/g_byte[0].u_sram/D[2]
                                0.14           0.05 r        -0.09  (VIOLATED)
   u_tile_cache/u_v0/g_bank[14].g_shallow.u_bank/g_byte[0].u_sram/D[3]
                                0.14           0.05 r        -0.09  (VIOLATED)
   u_tile_cache/u_v0/g_bank[14].g_shallow.u_bank/g_byte[0].u_sram/D[4]
                                0.14           0.05 r        -0.09  (VIOLATED)
   u_tile_cache/u_v0/g_bank[14].g_shallow.u_bank/g_byte[0].u_sram/D[5]
                                0.14           0.05 r        -0.09  (VIOLATED)
   u_tile_cache/u_v0/g_bank[14].g_shallow.u_bank/g_byte[0].u_sram/D[6]
                                0.14           0.05 r        -0.09  (VIOLATED)
   u_tile_cache/u_v0/g_bank[14].g_shallow.u_bank/g_byte[0].u_sram/D[7]
                                0.14           0.05 r        -0.09  (VIOLATED)
   u_tile_cache/u_v0/g_bank[14].g_shallow.u_bank/g_byte[1].u_sram/D[0]
                                0.14           0.05 r        -0.09  (VIOLATED)
   u_tile_cache/u_v0/g_bank[14].g_shallow.u_bank/g_byte[1].u_sram/D[1]
                                0.14           0.05 r        -0.09  (VIOLATED)
   u_tile_cache/u_v0/g_bank[14].g_shallow.u_bank/g_byte[1].u_sram/D[2]
                                0.14           0.05 r        -0.09  (VIOLATED)
   u_tile_cache/u_v0/g_bank[14].g_shallow.u_bank/g_byte[1].u_sram/D[3]
                                0.14           0.05 r        -0.09  (VIOLATED)
   u_tile_cache/u_v0/g_bank[14].g_shallow.u_bank/g_byte[1].u_sram/D[4]
                                0.14           0.05 r        -0.09  (VIOLATED)
   u_tile_cache/u_v0/g_bank[14].g_shallow.u_bank/g_byte[1].u_sram/D[5]
                                0.14           0.05 r        -0.09  (VIOLATED)
   u_tile_cache/u_v0/g_bank[14].g_shallow.u_bank/g_byte[1].u_sram/D[6]
                                0.14           0.05 r        -0.09  (VIOLATED)
   u_tile_cache/u_v0/g_bank[14].g_shallow.u_bank/g_byte[1].u_sram/D[7]
                                0.14           0.05 r        -0.09  (VIOLATED)
   u_tile_cache/u_v0/g_bank[15].g_shallow.u_bank/g_byte[0].u_sram/D[0]
                                0.14           0.05 r        -0.09  (VIOLATED)
   u_tile_cache/u_v0/g_bank[15].g_shallow.u_bank/g_byte[0].u_sram/D[1]
                                0.14           0.05 r        -0.09  (VIOLATED)
   u_tile_cache/u_v0/g_bank[15].g_shallow.u_bank/g_byte[0].u_sram/D[2]
                                0.14           0.05 r        -0.09  (VIOLATED)
   u_tile_cache/u_v0/g_bank[15].g_shallow.u_bank/g_byte[0].u_sram/D[3]
                                0.14           0.05 r        -0.09  (VIOLATED)
   u_tile_cache/u_v0/g_bank[15].g_shallow.u_bank/g_byte[0].u_sram/D[4]
                                0.14           0.05 r        -0.09  (VIOLATED)
   u_tile_cache/u_v0/g_bank[15].g_shallow.u_bank/g_byte[0].u_sram/D[5]
                                0.14           0.05 r        -0.09  (VIOLATED)
   u_tile_cache/u_v0/g_bank[15].g_shallow.u_bank/g_byte[0].u_sram/D[6]
                                0.14           0.05 r        -0.09  (VIOLATED)
   u_tile_cache/u_v0/g_bank[15].g_shallow.u_bank/g_byte[0].u_sram/D[7]
                                0.14           0.05 r        -0.09  (VIOLATED)
   u_tile_cache/u_v0/g_bank[15].g_shallow.u_bank/g_byte[1].u_sram/D[0]
                                0.14           0.05 r        -0.09  (VIOLATED)
   u_tile_cache/u_v0/g_bank[15].g_shallow.u_bank/g_byte[1].u_sram/D[1]
                                0.14           0.05 r        -0.09  (VIOLATED)
   u_tile_cache/u_v0/g_bank[15].g_shallow.u_bank/g_byte[1].u_sram/D[2]
                                0.14           0.05 r        -0.09  (VIOLATED)
   u_tile_cache/u_v0/g_bank[15].g_shallow.u_bank/g_byte[1].u_sram/D[3]
                                0.14           0.05 r        -0.09  (VIOLATED)
   u_tile_cache/u_v0/g_bank[15].g_shallow.u_bank/g_byte[1].u_sram/D[4]
                                0.14           0.05 r        -0.09  (VIOLATED)
   u_tile_cache/u_v0/g_bank[15].g_shallow.u_bank/g_byte[1].u_sram/D[5]
                                0.14           0.05 r        -0.09  (VIOLATED)
   u_tile_cache/u_v0/g_bank[15].g_shallow.u_bank/g_byte[1].u_sram/D[6]
                                0.14           0.05 r        -0.09  (VIOLATED)
   u_tile_cache/u_v0/g_bank[15].g_shallow.u_bank/g_byte[1].u_sram/D[7]
                                0.14           0.05 r        -0.09  (VIOLATED)
   u_tile_cache/u_v1/g_bank[0].g_shallow.u_bank/g_byte[0].u_sram/D[0]
                                0.14           0.05 r        -0.09  (VIOLATED)
   u_tile_cache/u_v1/g_bank[0].g_shallow.u_bank/g_byte[0].u_sram/D[1]
                                0.14           0.05 r        -0.09  (VIOLATED)
   u_tile_cache/u_v1/g_bank[0].g_shallow.u_bank/g_byte[0].u_sram/D[2]
                                0.14           0.05 r        -0.09  (VIOLATED)
   u_tile_cache/u_v1/g_bank[0].g_shallow.u_bank/g_byte[0].u_sram/D[3]
                                0.14           0.05 r        -0.09  (VIOLATED)
   u_tile_cache/u_v1/g_bank[0].g_shallow.u_bank/g_byte[0].u_sram/D[4]
                                0.14           0.05 r        -0.09  (VIOLATED)
   u_tile_cache/u_v1/g_bank[0].g_shallow.u_bank/g_byte[0].u_sram/D[5]
                                0.14           0.05 r        -0.09  (VIOLATED)
   u_tile_cache/u_v1/g_bank[0].g_shallow.u_bank/g_byte[0].u_sram/D[6]
                                0.14           0.05 r        -0.09  (VIOLATED)
   u_tile_cache/u_v1/g_bank[0].g_shallow.u_bank/g_byte[0].u_sram/D[7]
                                0.14           0.05 r        -0.09  (VIOLATED)
   u_tile_cache/u_v1/g_bank[0].g_shallow.u_bank/g_byte[1].u_sram/D[0]
                                0.14           0.05 r        -0.09  (VIOLATED)
   u_tile_cache/u_v1/g_bank[0].g_shallow.u_bank/g_byte[1].u_sram/D[1]
                                0.14           0.05 r        -0.09  (VIOLATED)
   u_tile_cache/u_v1/g_bank[0].g_shallow.u_bank/g_byte[1].u_sram/D[2]
                                0.14           0.05 r        -0.09  (VIOLATED)
   u_tile_cache/u_v1/g_bank[0].g_shallow.u_bank/g_byte[1].u_sram/D[3]
                                0.14           0.05 r        -0.09  (VIOLATED)
   u_tile_cache/u_v1/g_bank[0].g_shallow.u_bank/g_byte[1].u_sram/D[4]
                                0.14           0.05 r        -0.09  (VIOLATED)
   u_tile_cache/u_v1/g_bank[0].g_shallow.u_bank/g_byte[1].u_sram/D[5]
                                0.14           0.05 r        -0.09  (VIOLATED)
   u_tile_cache/u_v1/g_bank[0].g_shallow.u_bank/g_byte[1].u_sram/D[6]
                                0.14           0.05 r        -0.09  (VIOLATED)
   u_tile_cache/u_v1/g_bank[0].g_shallow.u_bank/g_byte[1].u_sram/D[7]
                                0.14           0.05 r        -0.09  (VIOLATED)
   u_tile_cache/u_v1/g_bank[1].g_shallow.u_bank/g_byte[0].u_sram/D[0]
                                0.14           0.05 r        -0.09  (VIOLATED)
   u_tile_cache/u_v1/g_bank[1].g_shallow.u_bank/g_byte[0].u_sram/D[1]
                                0.14           0.05 r        -0.09  (VIOLATED)
   u_tile_cache/u_v1/g_bank[1].g_shallow.u_bank/g_byte[0].u_sram/D[2]
                                0.14           0.05 r        -0.09  (VIOLATED)
   u_tile_cache/u_v1/g_bank[1].g_shallow.u_bank/g_byte[0].u_sram/D[3]
                                0.14           0.05 r        -0.09  (VIOLATED)
   u_tile_cache/u_v1/g_bank[1].g_shallow.u_bank/g_byte[0].u_sram/D[4]
                                0.14           0.05 r        -0.09  (VIOLATED)
   u_tile_cache/u_v1/g_bank[1].g_shallow.u_bank/g_byte[0].u_sram/D[5]
                                0.14           0.05 r        -0.09  (VIOLATED)
   u_tile_cache/u_v1/g_bank[1].g_shallow.u_bank/g_byte[0].u_sram/D[6]
                                0.14           0.05 r        -0.09  (VIOLATED)
   u_tile_cache/u_v1/g_bank[1].g_shallow.u_bank/g_byte[0].u_sram/D[7]
                                0.14           0.05 r        -0.09  (VIOLATED)
   u_tile_cache/u_v1/g_bank[1].g_shallow.u_bank/g_byte[1].u_sram/D[0]
                                0.14           0.05 r        -0.09  (VIOLATED)
   u_tile_cache/u_v1/g_bank[1].g_shallow.u_bank/g_byte[1].u_sram/D[1]
                                0.14           0.05 r        -0.09  (VIOLATED)
   u_tile_cache/u_v1/g_bank[1].g_shallow.u_bank/g_byte[1].u_sram/D[2]
                                0.14           0.05 r        -0.09  (VIOLATED)
   u_tile_cache/u_v1/g_bank[1].g_shallow.u_bank/g_byte[1].u_sram/D[3]
                                0.14           0.05 r        -0.09  (VIOLATED)
   u_tile_cache/u_v1/g_bank[1].g_shallow.u_bank/g_byte[1].u_sram/D[4]
                                0.14           0.05 r        -0.09  (VIOLATED)
   u_tile_cache/u_v1/g_bank[1].g_shallow.u_bank/g_byte[1].u_sram/D[5]
                                0.14           0.05 r        -0.09  (VIOLATED)
   u_tile_cache/u_v1/g_bank[1].g_shallow.u_bank/g_byte[1].u_sram/D[6]
                                0.14           0.05 r        -0.09  (VIOLATED)
   u_tile_cache/u_v1/g_bank[1].g_shallow.u_bank/g_byte[1].u_sram/D[7]
                                0.14           0.05 r        -0.09  (VIOLATED)
   u_tile_cache/u_v1/g_bank[2].g_shallow.u_bank/g_byte[0].u_sram/D[0]
                                0.14           0.05 r        -0.09  (VIOLATED)
   u_tile_cache/u_v1/g_bank[2].g_shallow.u_bank/g_byte[0].u_sram/D[1]
                                0.14           0.05 r        -0.09  (VIOLATED)
   u_tile_cache/u_v1/g_bank[2].g_shallow.u_bank/g_byte[0].u_sram/D[2]
                                0.14           0.05 r        -0.09  (VIOLATED)
   u_tile_cache/u_v1/g_bank[2].g_shallow.u_bank/g_byte[0].u_sram/D[3]
                                0.14           0.05 r        -0.09  (VIOLATED)
   u_tile_cache/u_v1/g_bank[2].g_shallow.u_bank/g_byte[0].u_sram/D[4]
                                0.14           0.05 r        -0.09  (VIOLATED)
   u_tile_cache/u_v1/g_bank[2].g_shallow.u_bank/g_byte[0].u_sram/D[5]
                                0.14           0.05 r        -0.09  (VIOLATED)
   u_tile_cache/u_v1/g_bank[2].g_shallow.u_bank/g_byte[0].u_sram/D[6]
                                0.14           0.05 r        -0.09  (VIOLATED)
   u_tile_cache/u_v1/g_bank[2].g_shallow.u_bank/g_byte[0].u_sram/D[7]
                                0.14           0.05 r        -0.09  (VIOLATED)
   u_tile_cache/u_v1/g_bank[2].g_shallow.u_bank/g_byte[1].u_sram/D[0]
                                0.14           0.05 r        -0.09  (VIOLATED)
   u_tile_cache/u_v1/g_bank[2].g_shallow.u_bank/g_byte[1].u_sram/D[1]
                                0.14           0.05 r        -0.09  (VIOLATED)
   u_tile_cache/u_v1/g_bank[2].g_shallow.u_bank/g_byte[1].u_sram/D[2]
                                0.14           0.05 r        -0.09  (VIOLATED)
   u_tile_cache/u_v1/g_bank[2].g_shallow.u_bank/g_byte[1].u_sram/D[3]
                                0.14           0.05 r        -0.09  (VIOLATED)
   u_tile_cache/u_v1/g_bank[2].g_shallow.u_bank/g_byte[1].u_sram/D[4]
                                0.14           0.05 r        -0.09  (VIOLATED)
   u_tile_cache/u_v1/g_bank[2].g_shallow.u_bank/g_byte[1].u_sram/D[5]
                                0.14           0.05 r        -0.09  (VIOLATED)
   u_tile_cache/u_v1/g_bank[2].g_shallow.u_bank/g_byte[1].u_sram/D[6]
                                0.14           0.05 r        -0.09  (VIOLATED)
   u_tile_cache/u_v1/g_bank[2].g_shallow.u_bank/g_byte[1].u_sram/D[7]
                                0.14           0.05 r        -0.09  (VIOLATED)
   u_tile_cache/u_v1/g_bank[3].g_shallow.u_bank/g_byte[0].u_sram/D[0]
                                0.14           0.05 r        -0.09  (VIOLATED)
   u_tile_cache/u_v1/g_bank[3].g_shallow.u_bank/g_byte[0].u_sram/D[1]
                                0.14           0.05 r        -0.09  (VIOLATED)
   u_tile_cache/u_v1/g_bank[3].g_shallow.u_bank/g_byte[0].u_sram/D[2]
                                0.14           0.05 r        -0.09  (VIOLATED)
   u_tile_cache/u_v1/g_bank[3].g_shallow.u_bank/g_byte[0].u_sram/D[3]
                                0.14           0.05 r        -0.09  (VIOLATED)
   u_tile_cache/u_v1/g_bank[3].g_shallow.u_bank/g_byte[0].u_sram/D[4]
                                0.14           0.05 r        -0.09  (VIOLATED)
   u_tile_cache/u_v1/g_bank[3].g_shallow.u_bank/g_byte[0].u_sram/D[5]
                                0.14           0.05 r        -0.09  (VIOLATED)
   u_tile_cache/u_v1/g_bank[3].g_shallow.u_bank/g_byte[0].u_sram/D[6]
                                0.14           0.05 r        -0.09  (VIOLATED)
   u_tile_cache/u_v1/g_bank[3].g_shallow.u_bank/g_byte[0].u_sram/D[7]
                                0.14           0.05 r        -0.09  (VIOLATED)
   u_tile_cache/u_v1/g_bank[3].g_shallow.u_bank/g_byte[1].u_sram/D[0]
                                0.14           0.05 r        -0.09  (VIOLATED)
   u_tile_cache/u_v1/g_bank[3].g_shallow.u_bank/g_byte[1].u_sram/D[1]
                                0.14           0.05 r        -0.09  (VIOLATED)
   u_tile_cache/u_v1/g_bank[3].g_shallow.u_bank/g_byte[1].u_sram/D[2]
                                0.14           0.05 r        -0.09  (VIOLATED)
   u_tile_cache/u_v1/g_bank[3].g_shallow.u_bank/g_byte[1].u_sram/D[3]
                                0.14           0.05 r        -0.09  (VIOLATED)
   u_tile_cache/u_v1/g_bank[3].g_shallow.u_bank/g_byte[1].u_sram/D[4]
                                0.14           0.05 r        -0.09  (VIOLATED)
   u_tile_cache/u_v1/g_bank[3].g_shallow.u_bank/g_byte[1].u_sram/D[5]
                                0.14           0.05 r        -0.09  (VIOLATED)
   u_tile_cache/u_v1/g_bank[3].g_shallow.u_bank/g_byte[1].u_sram/D[6]
                                0.14           0.05 r        -0.09  (VIOLATED)
   u_tile_cache/u_v1/g_bank[3].g_shallow.u_bank/g_byte[1].u_sram/D[7]
                                0.14           0.05 r        -0.09  (VIOLATED)
   u_tile_cache/u_v1/g_bank[4].g_shallow.u_bank/g_byte[0].u_sram/D[0]
                                0.14           0.05 r        -0.09  (VIOLATED)
   u_tile_cache/u_v1/g_bank[4].g_shallow.u_bank/g_byte[0].u_sram/D[1]
                                0.14           0.05 r        -0.09  (VIOLATED)
   u_tile_cache/u_v1/g_bank[4].g_shallow.u_bank/g_byte[0].u_sram/D[2]
                                0.14           0.05 r        -0.09  (VIOLATED)
   u_tile_cache/u_v1/g_bank[4].g_shallow.u_bank/g_byte[0].u_sram/D[3]
                                0.14           0.05 r        -0.09  (VIOLATED)
   u_tile_cache/u_v1/g_bank[4].g_shallow.u_bank/g_byte[0].u_sram/D[4]
                                0.14           0.05 r        -0.09  (VIOLATED)
   u_tile_cache/u_v1/g_bank[4].g_shallow.u_bank/g_byte[0].u_sram/D[5]
                                0.14           0.05 r        -0.09  (VIOLATED)
   u_tile_cache/u_v1/g_bank[4].g_shallow.u_bank/g_byte[0].u_sram/D[6]
                                0.14           0.05 r        -0.09  (VIOLATED)
   u_tile_cache/u_v1/g_bank[4].g_shallow.u_bank/g_byte[0].u_sram/D[7]
                                0.14           0.05 r        -0.09  (VIOLATED)
   u_tile_cache/u_v1/g_bank[4].g_shallow.u_bank/g_byte[1].u_sram/D[0]
                                0.14           0.05 r        -0.09  (VIOLATED)
   u_tile_cache/u_v1/g_bank[4].g_shallow.u_bank/g_byte[1].u_sram/D[1]
                                0.14           0.05 r        -0.09  (VIOLATED)
   u_tile_cache/u_v1/g_bank[4].g_shallow.u_bank/g_byte[1].u_sram/D[2]
                                0.14           0.05 r        -0.09  (VIOLATED)
   u_tile_cache/u_v1/g_bank[4].g_shallow.u_bank/g_byte[1].u_sram/D[3]
                                0.14           0.05 r        -0.09  (VIOLATED)
   u_tile_cache/u_v1/g_bank[4].g_shallow.u_bank/g_byte[1].u_sram/D[4]
                                0.14           0.05 r        -0.09  (VIOLATED)
   u_tile_cache/u_v1/g_bank[4].g_shallow.u_bank/g_byte[1].u_sram/D[5]
                                0.14           0.05 r        -0.09  (VIOLATED)
   u_tile_cache/u_v1/g_bank[4].g_shallow.u_bank/g_byte[1].u_sram/D[6]
                                0.14           0.05 r        -0.09  (VIOLATED)
   u_tile_cache/u_v1/g_bank[4].g_shallow.u_bank/g_byte[1].u_sram/D[7]
                                0.14           0.05 r        -0.09  (VIOLATED)
   u_tile_cache/u_v1/g_bank[5].g_shallow.u_bank/g_byte[0].u_sram/D[0]
                                0.14           0.05 r        -0.09  (VIOLATED)
   u_tile_cache/u_v1/g_bank[5].g_shallow.u_bank/g_byte[0].u_sram/D[1]
                                0.14           0.05 r        -0.09  (VIOLATED)
   u_tile_cache/u_v1/g_bank[5].g_shallow.u_bank/g_byte[0].u_sram/D[2]
                                0.14           0.05 r        -0.09  (VIOLATED)
   u_tile_cache/u_v1/g_bank[5].g_shallow.u_bank/g_byte[0].u_sram/D[3]
                                0.14           0.05 r        -0.09  (VIOLATED)
   u_tile_cache/u_v1/g_bank[5].g_shallow.u_bank/g_byte[0].u_sram/D[4]
                                0.14           0.05 r        -0.09  (VIOLATED)
   u_tile_cache/u_v1/g_bank[5].g_shallow.u_bank/g_byte[0].u_sram/D[5]
                                0.14           0.05 r        -0.09  (VIOLATED)
   u_tile_cache/u_v1/g_bank[5].g_shallow.u_bank/g_byte[0].u_sram/D[6]
                                0.14           0.05 r        -0.09  (VIOLATED)
   u_tile_cache/u_v1/g_bank[5].g_shallow.u_bank/g_byte[0].u_sram/D[7]
                                0.14           0.05 r        -0.09  (VIOLATED)
   u_tile_cache/u_v1/g_bank[5].g_shallow.u_bank/g_byte[1].u_sram/D[0]
                                0.14           0.05 r        -0.09  (VIOLATED)
   u_tile_cache/u_v1/g_bank[5].g_shallow.u_bank/g_byte[1].u_sram/D[1]
                                0.14           0.05 r        -0.09  (VIOLATED)
   u_tile_cache/u_v1/g_bank[5].g_shallow.u_bank/g_byte[1].u_sram/D[2]
                                0.14           0.05 r        -0.09  (VIOLATED)
   u_tile_cache/u_v1/g_bank[5].g_shallow.u_bank/g_byte[1].u_sram/D[3]
                                0.14           0.05 r        -0.09  (VIOLATED)
   u_tile_cache/u_v1/g_bank[5].g_shallow.u_bank/g_byte[1].u_sram/D[4]
                                0.14           0.05 r        -0.09  (VIOLATED)
   u_tile_cache/u_v1/g_bank[5].g_shallow.u_bank/g_byte[1].u_sram/D[5]
                                0.14           0.05 r        -0.09  (VIOLATED)
   u_tile_cache/u_v1/g_bank[5].g_shallow.u_bank/g_byte[1].u_sram/D[6]
                                0.14           0.05 r        -0.09  (VIOLATED)
   u_tile_cache/u_v1/g_bank[5].g_shallow.u_bank/g_byte[1].u_sram/D[7]
                                0.14           0.05 r        -0.09  (VIOLATED)
   u_tile_cache/u_v1/g_bank[6].g_shallow.u_bank/g_byte[0].u_sram/D[0]
                                0.14           0.05 r        -0.09  (VIOLATED)
   u_tile_cache/u_v1/g_bank[6].g_shallow.u_bank/g_byte[0].u_sram/D[1]
                                0.14           0.05 r        -0.09  (VIOLATED)
   u_tile_cache/u_v1/g_bank[6].g_shallow.u_bank/g_byte[0].u_sram/D[2]
                                0.14           0.05 r        -0.09  (VIOLATED)
   u_tile_cache/u_v1/g_bank[6].g_shallow.u_bank/g_byte[0].u_sram/D[3]
                                0.14           0.05 r        -0.09  (VIOLATED)
   u_tile_cache/u_v1/g_bank[6].g_shallow.u_bank/g_byte[0].u_sram/D[4]
                                0.14           0.05 r        -0.09  (VIOLATED)
   u_tile_cache/u_v1/g_bank[6].g_shallow.u_bank/g_byte[0].u_sram/D[5]
                                0.14           0.05 r        -0.09  (VIOLATED)
   u_tile_cache/u_v1/g_bank[6].g_shallow.u_bank/g_byte[0].u_sram/D[6]
                                0.14           0.05 r        -0.09  (VIOLATED)
   u_tile_cache/u_v1/g_bank[6].g_shallow.u_bank/g_byte[0].u_sram/D[7]
                                0.14           0.05 r        -0.09  (VIOLATED)
   u_tile_cache/u_v1/g_bank[6].g_shallow.u_bank/g_byte[1].u_sram/D[0]
                                0.14           0.05 r        -0.09  (VIOLATED)
   u_tile_cache/u_v1/g_bank[6].g_shallow.u_bank/g_byte[1].u_sram/D[1]
                                0.14           0.05 r        -0.09  (VIOLATED)
   u_tile_cache/u_v1/g_bank[6].g_shallow.u_bank/g_byte[1].u_sram/D[2]
                                0.14           0.05 r        -0.09  (VIOLATED)
   u_tile_cache/u_v1/g_bank[6].g_shallow.u_bank/g_byte[1].u_sram/D[3]
                                0.14           0.05 r        -0.09  (VIOLATED)
   u_tile_cache/u_v1/g_bank[6].g_shallow.u_bank/g_byte[1].u_sram/D[4]
                                0.14           0.05 r        -0.09  (VIOLATED)
   u_tile_cache/u_v1/g_bank[6].g_shallow.u_bank/g_byte[1].u_sram/D[5]
                                0.14           0.05 r        -0.09  (VIOLATED)
   u_tile_cache/u_v1/g_bank[6].g_shallow.u_bank/g_byte[1].u_sram/D[6]
                                0.14           0.05 r        -0.09  (VIOLATED)
   u_tile_cache/u_v1/g_bank[6].g_shallow.u_bank/g_byte[1].u_sram/D[7]
                                0.14           0.05 r        -0.09  (VIOLATED)
   u_tile_cache/u_v1/g_bank[7].g_shallow.u_bank/g_byte[0].u_sram/D[0]
                                0.14           0.05 r        -0.09  (VIOLATED)
   u_tile_cache/u_v1/g_bank[7].g_shallow.u_bank/g_byte[0].u_sram/D[1]
                                0.14           0.05 r        -0.09  (VIOLATED)
   u_tile_cache/u_v1/g_bank[7].g_shallow.u_bank/g_byte[0].u_sram/D[2]
                                0.14           0.05 r        -0.09  (VIOLATED)
   u_tile_cache/u_v1/g_bank[7].g_shallow.u_bank/g_byte[0].u_sram/D[3]
                                0.14           0.05 r        -0.09  (VIOLATED)
   u_tile_cache/u_v1/g_bank[7].g_shallow.u_bank/g_byte[0].u_sram/D[4]
                                0.14           0.05 r        -0.09  (VIOLATED)
   u_tile_cache/u_v1/g_bank[7].g_shallow.u_bank/g_byte[0].u_sram/D[5]
                                0.14           0.05 r        -0.09  (VIOLATED)
   u_tile_cache/u_v1/g_bank[7].g_shallow.u_bank/g_byte[0].u_sram/D[6]
                                0.14           0.05 r        -0.09  (VIOLATED)
   u_tile_cache/u_v1/g_bank[7].g_shallow.u_bank/g_byte[0].u_sram/D[7]
                                0.14           0.05 r        -0.09  (VIOLATED)
   u_tile_cache/u_v1/g_bank[7].g_shallow.u_bank/g_byte[1].u_sram/D[0]
                                0.14           0.05 r        -0.09  (VIOLATED)
   u_tile_cache/u_v1/g_bank[7].g_shallow.u_bank/g_byte[1].u_sram/D[1]
                                0.14           0.05 r        -0.09  (VIOLATED)
   u_tile_cache/u_v1/g_bank[7].g_shallow.u_bank/g_byte[1].u_sram/D[2]
                                0.14           0.05 r        -0.09  (VIOLATED)
   u_tile_cache/u_v1/g_bank[7].g_shallow.u_bank/g_byte[1].u_sram/D[3]
                                0.14           0.05 r        -0.09  (VIOLATED)
   u_tile_cache/u_v1/g_bank[7].g_shallow.u_bank/g_byte[1].u_sram/D[4]
                                0.14           0.05 r        -0.09  (VIOLATED)
   u_tile_cache/u_v1/g_bank[7].g_shallow.u_bank/g_byte[1].u_sram/D[5]
                                0.14           0.05 r        -0.09  (VIOLATED)
   u_tile_cache/u_v1/g_bank[7].g_shallow.u_bank/g_byte[1].u_sram/D[6]
                                0.14           0.05 r        -0.09  (VIOLATED)
   u_tile_cache/u_v1/g_bank[7].g_shallow.u_bank/g_byte[1].u_sram/D[7]
                                0.14           0.05 r        -0.09  (VIOLATED)
   u_tile_cache/u_v1/g_bank[8].g_shallow.u_bank/g_byte[0].u_sram/D[0]
                                0.14           0.05 r        -0.09  (VIOLATED)
   u_tile_cache/u_v1/g_bank[8].g_shallow.u_bank/g_byte[0].u_sram/D[1]
                                0.14           0.05 r        -0.09  (VIOLATED)
   u_tile_cache/u_v1/g_bank[8].g_shallow.u_bank/g_byte[0].u_sram/D[2]
                                0.14           0.05 r        -0.09  (VIOLATED)
   u_tile_cache/u_v1/g_bank[8].g_shallow.u_bank/g_byte[0].u_sram/D[3]
                                0.14           0.05 r        -0.09  (VIOLATED)
   u_tile_cache/u_v1/g_bank[8].g_shallow.u_bank/g_byte[0].u_sram/D[4]
                                0.14           0.05 r        -0.09  (VIOLATED)
   u_tile_cache/u_v1/g_bank[8].g_shallow.u_bank/g_byte[0].u_sram/D[5]
                                0.14           0.05 r        -0.09  (VIOLATED)
   u_tile_cache/u_v1/g_bank[8].g_shallow.u_bank/g_byte[0].u_sram/D[6]
                                0.14           0.05 r        -0.09  (VIOLATED)
   u_tile_cache/u_v1/g_bank[8].g_shallow.u_bank/g_byte[0].u_sram/D[7]
                                0.14           0.05 r        -0.09  (VIOLATED)
   u_tile_cache/u_v1/g_bank[8].g_shallow.u_bank/g_byte[1].u_sram/D[0]
                                0.14           0.05 r        -0.09  (VIOLATED)
   u_tile_cache/u_v1/g_bank[8].g_shallow.u_bank/g_byte[1].u_sram/D[1]
                                0.14           0.05 r        -0.09  (VIOLATED)
   u_tile_cache/u_v1/g_bank[8].g_shallow.u_bank/g_byte[1].u_sram/D[2]
                                0.14           0.05 r        -0.09  (VIOLATED)
   u_tile_cache/u_v1/g_bank[8].g_shallow.u_bank/g_byte[1].u_sram/D[3]
                                0.14           0.05 r        -0.09  (VIOLATED)
   u_tile_cache/u_v1/g_bank[8].g_shallow.u_bank/g_byte[1].u_sram/D[4]
                                0.14           0.05 r        -0.09  (VIOLATED)
   u_tile_cache/u_v1/g_bank[8].g_shallow.u_bank/g_byte[1].u_sram/D[5]
                                0.14           0.05 r        -0.09  (VIOLATED)
   u_tile_cache/u_v1/g_bank[8].g_shallow.u_bank/g_byte[1].u_sram/D[6]
                                0.14           0.05 r        -0.09  (VIOLATED)
   u_tile_cache/u_v1/g_bank[8].g_shallow.u_bank/g_byte[1].u_sram/D[7]
                                0.14           0.05 r        -0.09  (VIOLATED)
   u_tile_cache/u_v1/g_bank[9].g_shallow.u_bank/g_byte[0].u_sram/D[0]
                                0.14           0.05 r        -0.09  (VIOLATED)
   u_tile_cache/u_v1/g_bank[9].g_shallow.u_bank/g_byte[0].u_sram/D[1]
                                0.14           0.05 r        -0.09  (VIOLATED)
   u_tile_cache/u_v1/g_bank[9].g_shallow.u_bank/g_byte[0].u_sram/D[2]
                                0.14           0.05 r        -0.09  (VIOLATED)
   u_tile_cache/u_v1/g_bank[9].g_shallow.u_bank/g_byte[0].u_sram/D[3]
                                0.14           0.05 r        -0.09  (VIOLATED)
   u_tile_cache/u_v1/g_bank[9].g_shallow.u_bank/g_byte[0].u_sram/D[4]
                                0.14           0.05 r        -0.09  (VIOLATED)
   u_tile_cache/u_v1/g_bank[9].g_shallow.u_bank/g_byte[0].u_sram/D[5]
                                0.14           0.05 r        -0.09  (VIOLATED)
   u_tile_cache/u_v1/g_bank[9].g_shallow.u_bank/g_byte[0].u_sram/D[6]
                                0.14           0.05 r        -0.09  (VIOLATED)
   u_tile_cache/u_v1/g_bank[9].g_shallow.u_bank/g_byte[0].u_sram/D[7]
                                0.14           0.05 r        -0.09  (VIOLATED)
   u_tile_cache/u_v1/g_bank[9].g_shallow.u_bank/g_byte[1].u_sram/D[0]
                                0.14           0.05 r        -0.09  (VIOLATED)
   u_tile_cache/u_v1/g_bank[9].g_shallow.u_bank/g_byte[1].u_sram/D[1]
                                0.14           0.05 r        -0.09  (VIOLATED)
   u_tile_cache/u_v1/g_bank[9].g_shallow.u_bank/g_byte[1].u_sram/D[2]
                                0.14           0.05 r        -0.09  (VIOLATED)
   u_tile_cache/u_v1/g_bank[9].g_shallow.u_bank/g_byte[1].u_sram/D[3]
                                0.14           0.05 r        -0.09  (VIOLATED)
   u_tile_cache/u_v1/g_bank[9].g_shallow.u_bank/g_byte[1].u_sram/D[4]
                                0.14           0.05 r        -0.09  (VIOLATED)
   u_tile_cache/u_v1/g_bank[9].g_shallow.u_bank/g_byte[1].u_sram/D[5]
                                0.14           0.05 r        -0.09  (VIOLATED)
   u_tile_cache/u_v1/g_bank[9].g_shallow.u_bank/g_byte[1].u_sram/D[6]
                                0.14           0.05 r        -0.09  (VIOLATED)
   u_tile_cache/u_v1/g_bank[9].g_shallow.u_bank/g_byte[1].u_sram/D[7]
                                0.14           0.05 r        -0.09  (VIOLATED)
   u_tile_cache/u_v1/g_bank[10].g_shallow.u_bank/g_byte[0].u_sram/D[0]
                                0.14           0.05 r        -0.09  (VIOLATED)
   u_tile_cache/u_v1/g_bank[10].g_shallow.u_bank/g_byte[0].u_sram/D[1]
                                0.14           0.05 r        -0.09  (VIOLATED)
   u_tile_cache/u_v1/g_bank[10].g_shallow.u_bank/g_byte[0].u_sram/D[2]
                                0.14           0.05 r        -0.09  (VIOLATED)
   u_tile_cache/u_v1/g_bank[10].g_shallow.u_bank/g_byte[0].u_sram/D[3]
                                0.14           0.05 r        -0.09  (VIOLATED)
   u_tile_cache/u_v1/g_bank[10].g_shallow.u_bank/g_byte[0].u_sram/D[4]
                                0.14           0.05 r        -0.09  (VIOLATED)
   u_tile_cache/u_v1/g_bank[10].g_shallow.u_bank/g_byte[0].u_sram/D[5]
                                0.14           0.05 r        -0.09  (VIOLATED)
   u_tile_cache/u_v1/g_bank[10].g_shallow.u_bank/g_byte[0].u_sram/D[6]
                                0.14           0.05 r        -0.09  (VIOLATED)
   u_tile_cache/u_v1/g_bank[10].g_shallow.u_bank/g_byte[0].u_sram/D[7]
                                0.14           0.05 r        -0.09  (VIOLATED)
   u_tile_cache/u_v1/g_bank[10].g_shallow.u_bank/g_byte[1].u_sram/D[0]
                                0.14           0.05 r        -0.09  (VIOLATED)
   u_tile_cache/u_v1/g_bank[10].g_shallow.u_bank/g_byte[1].u_sram/D[1]
                                0.14           0.05 r        -0.09  (VIOLATED)
   u_tile_cache/u_v1/g_bank[10].g_shallow.u_bank/g_byte[1].u_sram/D[2]
                                0.14           0.05 r        -0.09  (VIOLATED)
   u_tile_cache/u_v1/g_bank[10].g_shallow.u_bank/g_byte[1].u_sram/D[3]
                                0.14           0.05 r        -0.09  (VIOLATED)
   u_tile_cache/u_v1/g_bank[10].g_shallow.u_bank/g_byte[1].u_sram/D[4]
                                0.14           0.05 r        -0.09  (VIOLATED)
   u_tile_cache/u_v1/g_bank[10].g_shallow.u_bank/g_byte[1].u_sram/D[5]
                                0.14           0.05 r        -0.09  (VIOLATED)
   u_tile_cache/u_v1/g_bank[10].g_shallow.u_bank/g_byte[1].u_sram/D[6]
                                0.14           0.05 r        -0.09  (VIOLATED)
   u_tile_cache/u_v1/g_bank[10].g_shallow.u_bank/g_byte[1].u_sram/D[7]
                                0.14           0.05 r        -0.09  (VIOLATED)
   u_tile_cache/u_v1/g_bank[11].g_shallow.u_bank/g_byte[0].u_sram/D[0]
                                0.14           0.05 r        -0.09  (VIOLATED)
   u_tile_cache/u_v1/g_bank[11].g_shallow.u_bank/g_byte[0].u_sram/D[1]
                                0.14           0.05 r        -0.09  (VIOLATED)
   u_tile_cache/u_v1/g_bank[11].g_shallow.u_bank/g_byte[0].u_sram/D[2]
                                0.14           0.05 r        -0.09  (VIOLATED)
   u_tile_cache/u_v1/g_bank[11].g_shallow.u_bank/g_byte[0].u_sram/D[3]
                                0.14           0.05 r        -0.09  (VIOLATED)
   u_tile_cache/u_v1/g_bank[11].g_shallow.u_bank/g_byte[0].u_sram/D[4]
                                0.14           0.05 r        -0.09  (VIOLATED)
   u_tile_cache/u_v1/g_bank[11].g_shallow.u_bank/g_byte[0].u_sram/D[5]
                                0.14           0.05 r        -0.09  (VIOLATED)
   u_tile_cache/u_v1/g_bank[11].g_shallow.u_bank/g_byte[0].u_sram/D[6]
                                0.14           0.05 r        -0.09  (VIOLATED)
   u_tile_cache/u_v1/g_bank[11].g_shallow.u_bank/g_byte[0].u_sram/D[7]
                                0.14           0.05 r        -0.09  (VIOLATED)
   u_tile_cache/u_v1/g_bank[11].g_shallow.u_bank/g_byte[1].u_sram/D[0]
                                0.14           0.05 r        -0.09  (VIOLATED)
   u_tile_cache/u_v1/g_bank[11].g_shallow.u_bank/g_byte[1].u_sram/D[1]
                                0.14           0.05 r        -0.09  (VIOLATED)
   u_tile_cache/u_v1/g_bank[11].g_shallow.u_bank/g_byte[1].u_sram/D[2]
                                0.14           0.05 r        -0.09  (VIOLATED)
   u_tile_cache/u_v1/g_bank[11].g_shallow.u_bank/g_byte[1].u_sram/D[3]
                                0.14           0.05 r        -0.09  (VIOLATED)
   u_tile_cache/u_v1/g_bank[11].g_shallow.u_bank/g_byte[1].u_sram/D[4]
                                0.14           0.05 r        -0.09  (VIOLATED)
   u_tile_cache/u_v1/g_bank[11].g_shallow.u_bank/g_byte[1].u_sram/D[5]
                                0.14           0.05 r        -0.09  (VIOLATED)
   u_tile_cache/u_v1/g_bank[11].g_shallow.u_bank/g_byte[1].u_sram/D[6]
                                0.14           0.05 r        -0.09  (VIOLATED)
   u_tile_cache/u_v1/g_bank[11].g_shallow.u_bank/g_byte[1].u_sram/D[7]
                                0.14           0.05 r        -0.09  (VIOLATED)
   u_tile_cache/u_v1/g_bank[12].g_shallow.u_bank/g_byte[0].u_sram/D[0]
                                0.14           0.05 r        -0.09  (VIOLATED)
   u_tile_cache/u_v1/g_bank[12].g_shallow.u_bank/g_byte[0].u_sram/D[1]
                                0.14           0.05 r        -0.09  (VIOLATED)
   u_tile_cache/u_v1/g_bank[12].g_shallow.u_bank/g_byte[0].u_sram/D[2]
                                0.14           0.05 r        -0.09  (VIOLATED)
   u_tile_cache/u_v1/g_bank[12].g_shallow.u_bank/g_byte[0].u_sram/D[3]
                                0.14           0.05 r        -0.09  (VIOLATED)
   u_tile_cache/u_v1/g_bank[12].g_shallow.u_bank/g_byte[0].u_sram/D[4]
                                0.14           0.05 r        -0.09  (VIOLATED)
   u_tile_cache/u_v1/g_bank[12].g_shallow.u_bank/g_byte[0].u_sram/D[5]
                                0.14           0.05 r        -0.09  (VIOLATED)
   u_tile_cache/u_v1/g_bank[12].g_shallow.u_bank/g_byte[0].u_sram/D[6]
                                0.14           0.05 r        -0.09  (VIOLATED)
   u_tile_cache/u_v1/g_bank[12].g_shallow.u_bank/g_byte[0].u_sram/D[7]
                                0.14           0.05 r        -0.09  (VIOLATED)
   u_tile_cache/u_v1/g_bank[12].g_shallow.u_bank/g_byte[1].u_sram/D[0]
                                0.14           0.05 r        -0.09  (VIOLATED)
   u_tile_cache/u_v1/g_bank[12].g_shallow.u_bank/g_byte[1].u_sram/D[1]
                                0.14           0.05 r        -0.09  (VIOLATED)
   u_tile_cache/u_v1/g_bank[12].g_shallow.u_bank/g_byte[1].u_sram/D[2]
                                0.14           0.05 r        -0.09  (VIOLATED)
   u_tile_cache/u_v1/g_bank[12].g_shallow.u_bank/g_byte[1].u_sram/D[3]
                                0.14           0.05 r        -0.09  (VIOLATED)
   u_tile_cache/u_v1/g_bank[12].g_shallow.u_bank/g_byte[1].u_sram/D[4]
                                0.14           0.05 r        -0.09  (VIOLATED)
   u_tile_cache/u_v1/g_bank[12].g_shallow.u_bank/g_byte[1].u_sram/D[5]
                                0.14           0.05 r        -0.09  (VIOLATED)
   u_tile_cache/u_v1/g_bank[12].g_shallow.u_bank/g_byte[1].u_sram/D[6]
                                0.14           0.05 r        -0.09  (VIOLATED)
   u_tile_cache/u_v1/g_bank[12].g_shallow.u_bank/g_byte[1].u_sram/D[7]
                                0.14           0.05 r        -0.09  (VIOLATED)
   u_tile_cache/u_v1/g_bank[13].g_shallow.u_bank/g_byte[0].u_sram/D[0]
                                0.14           0.05 r        -0.09  (VIOLATED)
   u_tile_cache/u_v1/g_bank[13].g_shallow.u_bank/g_byte[0].u_sram/D[1]
                                0.14           0.05 r        -0.09  (VIOLATED)
   u_tile_cache/u_v1/g_bank[13].g_shallow.u_bank/g_byte[0].u_sram/D[2]
                                0.14           0.05 r        -0.09  (VIOLATED)
   u_tile_cache/u_v1/g_bank[13].g_shallow.u_bank/g_byte[0].u_sram/D[3]
                                0.14           0.05 r        -0.09  (VIOLATED)
   u_tile_cache/u_v1/g_bank[13].g_shallow.u_bank/g_byte[0].u_sram/D[4]
                                0.14           0.05 r        -0.09  (VIOLATED)
   u_tile_cache/u_v1/g_bank[13].g_shallow.u_bank/g_byte[0].u_sram/D[5]
                                0.14           0.05 r        -0.09  (VIOLATED)
   u_tile_cache/u_v1/g_bank[13].g_shallow.u_bank/g_byte[0].u_sram/D[6]
                                0.14           0.05 r        -0.09  (VIOLATED)
   u_tile_cache/u_v1/g_bank[13].g_shallow.u_bank/g_byte[0].u_sram/D[7]
                                0.14           0.05 r        -0.09  (VIOLATED)
   u_tile_cache/u_v1/g_bank[13].g_shallow.u_bank/g_byte[1].u_sram/D[0]
                                0.14           0.05 r        -0.09  (VIOLATED)
   u_tile_cache/u_v1/g_bank[13].g_shallow.u_bank/g_byte[1].u_sram/D[1]
                                0.14           0.05 r        -0.09  (VIOLATED)
   u_tile_cache/u_v1/g_bank[13].g_shallow.u_bank/g_byte[1].u_sram/D[2]
                                0.14           0.05 r        -0.09  (VIOLATED)
   u_tile_cache/u_v1/g_bank[13].g_shallow.u_bank/g_byte[1].u_sram/D[3]
                                0.14           0.05 r        -0.09  (VIOLATED)
   u_tile_cache/u_v1/g_bank[13].g_shallow.u_bank/g_byte[1].u_sram/D[4]
                                0.14           0.05 r        -0.09  (VIOLATED)
   u_tile_cache/u_v1/g_bank[13].g_shallow.u_bank/g_byte[1].u_sram/D[5]
                                0.14           0.05 r        -0.09  (VIOLATED)
   u_tile_cache/u_v1/g_bank[13].g_shallow.u_bank/g_byte[1].u_sram/D[6]
                                0.14           0.05 r        -0.09  (VIOLATED)
   u_tile_cache/u_v1/g_bank[13].g_shallow.u_bank/g_byte[1].u_sram/D[7]
                                0.14           0.05 r        -0.09  (VIOLATED)
   u_tile_cache/u_v1/g_bank[14].g_shallow.u_bank/g_byte[0].u_sram/D[0]
                                0.14           0.05 r        -0.09  (VIOLATED)
   u_tile_cache/u_v1/g_bank[14].g_shallow.u_bank/g_byte[0].u_sram/D[1]
                                0.14           0.05 r        -0.09  (VIOLATED)
   u_tile_cache/u_v1/g_bank[14].g_shallow.u_bank/g_byte[0].u_sram/D[2]
                                0.14           0.05 r        -0.09  (VIOLATED)
   u_tile_cache/u_v1/g_bank[14].g_shallow.u_bank/g_byte[0].u_sram/D[3]
                                0.14           0.05 r        -0.09  (VIOLATED)
   u_tile_cache/u_v1/g_bank[14].g_shallow.u_bank/g_byte[0].u_sram/D[4]
                                0.14           0.05 r        -0.09  (VIOLATED)
   u_tile_cache/u_v1/g_bank[14].g_shallow.u_bank/g_byte[0].u_sram/D[5]
                                0.14           0.05 r        -0.09  (VIOLATED)
   u_tile_cache/u_v1/g_bank[14].g_shallow.u_bank/g_byte[0].u_sram/D[6]
                                0.14           0.05 r        -0.09  (VIOLATED)
   u_tile_cache/u_v1/g_bank[14].g_shallow.u_bank/g_byte[0].u_sram/D[7]
                                0.14           0.05 r        -0.09  (VIOLATED)
   u_tile_cache/u_v1/g_bank[14].g_shallow.u_bank/g_byte[1].u_sram/D[0]
                                0.14           0.05 r        -0.09  (VIOLATED)
   u_tile_cache/u_v1/g_bank[14].g_shallow.u_bank/g_byte[1].u_sram/D[1]
                                0.14           0.05 r        -0.09  (VIOLATED)
   u_tile_cache/u_v1/g_bank[14].g_shallow.u_bank/g_byte[1].u_sram/D[2]
                                0.14           0.05 r        -0.09  (VIOLATED)
   u_tile_cache/u_v1/g_bank[14].g_shallow.u_bank/g_byte[1].u_sram/D[3]
                                0.14           0.05 r        -0.09  (VIOLATED)
   u_tile_cache/u_v1/g_bank[14].g_shallow.u_bank/g_byte[1].u_sram/D[4]
                                0.14           0.05 r        -0.09  (VIOLATED)
   u_tile_cache/u_v1/g_bank[14].g_shallow.u_bank/g_byte[1].u_sram/D[5]
                                0.14           0.05 r        -0.09  (VIOLATED)
   u_tile_cache/u_v1/g_bank[14].g_shallow.u_bank/g_byte[1].u_sram/D[6]
                                0.14           0.05 r        -0.09  (VIOLATED)
   u_tile_cache/u_v1/g_bank[14].g_shallow.u_bank/g_byte[1].u_sram/D[7]
                                0.14           0.05 r        -0.09  (VIOLATED)
   u_tile_cache/u_v1/g_bank[15].g_shallow.u_bank/g_byte[0].u_sram/D[0]
                                0.14           0.05 r        -0.09  (VIOLATED)
   u_tile_cache/u_v1/g_bank[15].g_shallow.u_bank/g_byte[0].u_sram/D[1]
                                0.14           0.05 r        -0.09  (VIOLATED)
   u_tile_cache/u_v1/g_bank[15].g_shallow.u_bank/g_byte[0].u_sram/D[2]
                                0.14           0.05 r        -0.09  (VIOLATED)
   u_tile_cache/u_v1/g_bank[15].g_shallow.u_bank/g_byte[0].u_sram/D[3]
                                0.14           0.05 r        -0.09  (VIOLATED)
   u_tile_cache/u_v1/g_bank[15].g_shallow.u_bank/g_byte[0].u_sram/D[4]
                                0.14           0.05 r        -0.09  (VIOLATED)
   u_tile_cache/u_v1/g_bank[15].g_shallow.u_bank/g_byte[0].u_sram/D[5]
                                0.14           0.05 r        -0.09  (VIOLATED)
   u_tile_cache/u_v1/g_bank[15].g_shallow.u_bank/g_byte[0].u_sram/D[6]
                                0.14           0.05 r        -0.09  (VIOLATED)
   u_tile_cache/u_v1/g_bank[15].g_shallow.u_bank/g_byte[0].u_sram/D[7]
                                0.14           0.05 r        -0.09  (VIOLATED)
   u_tile_cache/u_v1/g_bank[15].g_shallow.u_bank/g_byte[1].u_sram/D[0]
                                0.14           0.05 r        -0.09  (VIOLATED)
   u_tile_cache/u_v1/g_bank[15].g_shallow.u_bank/g_byte[1].u_sram/D[1]
                                0.14           0.05 r        -0.09  (VIOLATED)
   u_tile_cache/u_v1/g_bank[15].g_shallow.u_bank/g_byte[1].u_sram/D[2]
                                0.14           0.05 r        -0.09  (VIOLATED)
   u_tile_cache/u_v1/g_bank[15].g_shallow.u_bank/g_byte[1].u_sram/D[3]
                                0.14           0.05 r        -0.09  (VIOLATED)
   u_tile_cache/u_v1/g_bank[15].g_shallow.u_bank/g_byte[1].u_sram/D[4]
                                0.14           0.05 r        -0.09  (VIOLATED)
   u_tile_cache/u_v1/g_bank[15].g_shallow.u_bank/g_byte[1].u_sram/D[5]
                                0.14           0.05 r        -0.09  (VIOLATED)
   u_tile_cache/u_v1/g_bank[15].g_shallow.u_bank/g_byte[1].u_sram/D[6]
                                0.14           0.05 r        -0.09  (VIOLATED)
   u_tile_cache/u_v1/g_bank[15].g_shallow.u_bank/g_byte[1].u_sram/D[7]
                                0.14           0.05 r        -0.09  (VIOLATED)
   u_fused_array/g_stripe[0].u_stripe/u_o_bank/g_row[2].g_group[0].u_mem/g_byte[3].u_sram/D[7]
                                0.14           0.05 r        -0.09  (VIOLATED)
   u_fused_array/g_stripe[0].u_stripe/u_o_bank/g_row[2].g_group[1].u_mem/g_byte[3].u_sram/D[7]
                                0.14           0.05 r        -0.09  (VIOLATED)
   u_fused_array/g_stripe[1].u_stripe/u_o_bank/g_row[2].g_group[0].u_mem/g_byte[3].u_sram/D[7]
                                0.14           0.05 r        -0.09  (VIOLATED)
   u_fused_array/g_stripe[1].u_stripe/u_o_bank/g_row[2].g_group[1].u_mem/g_byte[3].u_sram/D[7]
                                0.14           0.05 r        -0.09  (VIOLATED)
   u_fused_array/g_stripe[2].u_stripe/u_o_bank/g_row[2].g_group[0].u_mem/g_byte[3].u_sram/D[7]
                                0.14           0.05 r        -0.09  (VIOLATED)
   u_fused_array/g_stripe[2].u_stripe/u_o_bank/g_row[2].g_group[1].u_mem/g_byte[3].u_sram/D[7]
                                0.14           0.05 r        -0.09  (VIOLATED)
   u_fused_array/g_stripe[3].u_stripe/u_o_bank/g_row[2].g_group[0].u_mem/g_byte[3].u_sram/D[7]
                                0.14           0.05 r        -0.09  (VIOLATED)
   u_fused_array/g_stripe[3].u_stripe/u_o_bank/g_row[2].g_group[1].u_mem/g_byte[3].u_sram/D[7]
                                0.14           0.05 r        -0.09  (VIOLATED)
   u_fused_array/g_stripe[0].u_stripe/u_o_bank/g_row[0].g_group[0].u_mem/g_byte[0].u_sram/D[1]
                                0.14           0.05 r        -0.09  (VIOLATED)
   u_fused_array/g_stripe[0].u_stripe/u_o_bank/g_row[0].g_group[0].u_mem/g_byte[0].u_sram/D[2]
                                0.14           0.05 r        -0.09  (VIOLATED)
   u_fused_array/g_stripe[0].u_stripe/u_o_bank/g_row[0].g_group[0].u_mem/g_byte[0].u_sram/D[3]
                                0.14           0.05 r        -0.09  (VIOLATED)
   u_fused_array/g_stripe[0].u_stripe/u_o_bank/g_row[0].g_group[0].u_mem/g_byte[0].u_sram/D[4]
                                0.14           0.05 r        -0.09  (VIOLATED)
   u_fused_array/g_stripe[0].u_stripe/u_o_bank/g_row[0].g_group[0].u_mem/g_byte[0].u_sram/D[5]
                                0.14           0.05 r        -0.09  (VIOLATED)
   u_fused_array/g_stripe[0].u_stripe/u_o_bank/g_row[0].g_group[0].u_mem/g_byte[0].u_sram/D[6]
                                0.14           0.05 r        -0.09  (VIOLATED)
   u_fused_array/g_stripe[0].u_stripe/u_o_bank/g_row[0].g_group[0].u_mem/g_byte[0].u_sram/D[7]
                                0.14           0.05 r        -0.09  (VIOLATED)
   u_fused_array/g_stripe[0].u_stripe/u_o_bank/g_row[0].g_group[0].u_mem/g_byte[1].u_sram/D[0]
                                0.14           0.05 r        -0.09  (VIOLATED)
   u_fused_array/g_stripe[0].u_stripe/u_o_bank/g_row[0].g_group[0].u_mem/g_byte[1].u_sram/D[1]
                                0.14           0.05 r        -0.09  (VIOLATED)
   u_fused_array/g_stripe[0].u_stripe/u_o_bank/g_row[0].g_group[0].u_mem/g_byte[1].u_sram/D[2]
                                0.14           0.05 r        -0.09  (VIOLATED)
   u_fused_array/g_stripe[0].u_stripe/u_o_bank/g_row[0].g_group[0].u_mem/g_byte[1].u_sram/D[3]
                                0.14           0.05 r        -0.09  (VIOLATED)
   u_fused_array/g_stripe[0].u_stripe/u_o_bank/g_row[0].g_group[0].u_mem/g_byte[1].u_sram/D[4]
                                0.14           0.05 r        -0.09  (VIOLATED)
   u_fused_array/g_stripe[0].u_stripe/u_o_bank/g_row[0].g_group[0].u_mem/g_byte[1].u_sram/D[5]
                                0.14           0.05 r        -0.09  (VIOLATED)
   u_fused_array/g_stripe[0].u_stripe/u_o_bank/g_row[0].g_group[0].u_mem/g_byte[1].u_sram/D[6]
                                0.14           0.05 r        -0.09  (VIOLATED)
   u_fused_array/g_stripe[0].u_stripe/u_o_bank/g_row[0].g_group[0].u_mem/g_byte[1].u_sram/D[7]
                                0.14           0.05 r        -0.09  (VIOLATED)
   u_fused_array/g_stripe[0].u_stripe/u_o_bank/g_row[0].g_group[0].u_mem/g_byte[2].u_sram/D[0]
                                0.14           0.05 r        -0.09  (VIOLATED)
   u_fused_array/g_stripe[0].u_stripe/u_o_bank/g_row[0].g_group[0].u_mem/g_byte[2].u_sram/D[1]
                                0.14           0.05 r        -0.09  (VIOLATED)
   u_fused_array/g_stripe[0].u_stripe/u_o_bank/g_row[0].g_group[0].u_mem/g_byte[2].u_sram/D[2]
                                0.14           0.05 r        -0.09  (VIOLATED)
   u_fused_array/g_stripe[0].u_stripe/u_o_bank/g_row[0].g_group[0].u_mem/g_byte[2].u_sram/D[3]
                                0.14           0.05 r        -0.09  (VIOLATED)
   u_fused_array/g_stripe[0].u_stripe/u_o_bank/g_row[0].g_group[0].u_mem/g_byte[2].u_sram/D[4]
                                0.14           0.05 r        -0.09  (VIOLATED)
   u_fused_array/g_stripe[0].u_stripe/u_o_bank/g_row[0].g_group[0].u_mem/g_byte[2].u_sram/D[5]
                                0.14           0.05 r        -0.09  (VIOLATED)
   u_fused_array/g_stripe[0].u_stripe/u_o_bank/g_row[0].g_group[0].u_mem/g_byte[2].u_sram/D[6]
                                0.14           0.05 r        -0.09  (VIOLATED)
   u_fused_array/g_stripe[0].u_stripe/u_o_bank/g_row[0].g_group[0].u_mem/g_byte[2].u_sram/D[7]
                                0.14           0.05 r        -0.09  (VIOLATED)
   u_fused_array/g_stripe[0].u_stripe/u_o_bank/g_row[0].g_group[0].u_mem/g_byte[3].u_sram/D[0]
                                0.14           0.05 r        -0.09  (VIOLATED)
   u_fused_array/g_stripe[0].u_stripe/u_o_bank/g_row[0].g_group[0].u_mem/g_byte[3].u_sram/D[1]
                                0.14           0.05 r        -0.09  (VIOLATED)
   u_fused_array/g_stripe[0].u_stripe/u_o_bank/g_row[0].g_group[0].u_mem/g_byte[3].u_sram/D[2]
                                0.14           0.05 r        -0.09  (VIOLATED)
   u_fused_array/g_stripe[0].u_stripe/u_o_bank/g_row[0].g_group[0].u_mem/g_byte[3].u_sram/D[3]
                                0.14           0.05 r        -0.09  (VIOLATED)
   u_fused_array/g_stripe[0].u_stripe/u_o_bank/g_row[0].g_group[0].u_mem/g_byte[3].u_sram/D[4]
                                0.14           0.05 r        -0.09  (VIOLATED)
   u_fused_array/g_stripe[0].u_stripe/u_o_bank/g_row[0].g_group[0].u_mem/g_byte[3].u_sram/D[5]
                                0.14           0.05 r        -0.09  (VIOLATED)
   u_fused_array/g_stripe[0].u_stripe/u_o_bank/g_row[0].g_group[0].u_mem/g_byte[3].u_sram/D[6]
                                0.14           0.05 r        -0.09  (VIOLATED)
   u_fused_array/g_stripe[0].u_stripe/u_o_bank/g_row[0].g_group[0].u_mem/g_byte[3].u_sram/D[7]
                                0.14           0.05 r        -0.09  (VIOLATED)
   u_fused_array/g_stripe[0].u_stripe/u_o_bank/g_row[0].g_group[1].u_mem/g_byte[0].u_sram/D[1]
                                0.14           0.05 r        -0.09  (VIOLATED)
   u_fused_array/g_stripe[0].u_stripe/u_o_bank/g_row[0].g_group[1].u_mem/g_byte[0].u_sram/D[2]
                                0.14           0.05 r        -0.09  (VIOLATED)
   u_fused_array/g_stripe[0].u_stripe/u_o_bank/g_row[0].g_group[1].u_mem/g_byte[0].u_sram/D[3]
                                0.14           0.05 r        -0.09  (VIOLATED)
   u_fused_array/g_stripe[0].u_stripe/u_o_bank/g_row[0].g_group[1].u_mem/g_byte[0].u_sram/D[4]
                                0.14           0.05 r        -0.09  (VIOLATED)
   u_fused_array/g_stripe[0].u_stripe/u_o_bank/g_row[0].g_group[1].u_mem/g_byte[0].u_sram/D[5]
                                0.14           0.05 r        -0.09  (VIOLATED)
   u_fused_array/g_stripe[0].u_stripe/u_o_bank/g_row[0].g_group[1].u_mem/g_byte[0].u_sram/D[6]
                                0.14           0.05 r        -0.09  (VIOLATED)
   u_fused_array/g_stripe[0].u_stripe/u_o_bank/g_row[0].g_group[1].u_mem/g_byte[0].u_sram/D[7]
                                0.14           0.05 r        -0.09  (VIOLATED)
   u_fused_array/g_stripe[0].u_stripe/u_o_bank/g_row[0].g_group[1].u_mem/g_byte[1].u_sram/D[0]
                                0.14           0.05 r        -0.09  (VIOLATED)
   u_fused_array/g_stripe[0].u_stripe/u_o_bank/g_row[0].g_group[1].u_mem/g_byte[1].u_sram/D[1]
                                0.14           0.05 r        -0.09  (VIOLATED)
   u_fused_array/g_stripe[0].u_stripe/u_o_bank/g_row[0].g_group[1].u_mem/g_byte[1].u_sram/D[2]
                                0.14           0.05 r        -0.09  (VIOLATED)
   u_fused_array/g_stripe[0].u_stripe/u_o_bank/g_row[0].g_group[1].u_mem/g_byte[1].u_sram/D[3]
                                0.14           0.05 r        -0.09  (VIOLATED)
   u_fused_array/g_stripe[0].u_stripe/u_o_bank/g_row[0].g_group[1].u_mem/g_byte[1].u_sram/D[4]
                                0.14           0.05 r        -0.09  (VIOLATED)
   u_fused_array/g_stripe[0].u_stripe/u_o_bank/g_row[0].g_group[1].u_mem/g_byte[1].u_sram/D[5]
                                0.14           0.05 r        -0.09  (VIOLATED)
   u_fused_array/g_stripe[0].u_stripe/u_o_bank/g_row[0].g_group[1].u_mem/g_byte[1].u_sram/D[6]
                                0.14           0.05 r        -0.09  (VIOLATED)
   u_fused_array/g_stripe[0].u_stripe/u_o_bank/g_row[0].g_group[1].u_mem/g_byte[1].u_sram/D[7]
                                0.14           0.05 r        -0.09  (VIOLATED)
   u_fused_array/g_stripe[0].u_stripe/u_o_bank/g_row[0].g_group[1].u_mem/g_byte[2].u_sram/D[0]
                                0.14           0.05 r        -0.09  (VIOLATED)
   u_fused_array/g_stripe[0].u_stripe/u_o_bank/g_row[0].g_group[1].u_mem/g_byte[2].u_sram/D[1]
                                0.14           0.05 r        -0.09  (VIOLATED)
   u_fused_array/g_stripe[0].u_stripe/u_o_bank/g_row[0].g_group[1].u_mem/g_byte[2].u_sram/D[2]
                                0.14           0.05 r        -0.09  (VIOLATED)
   u_fused_array/g_stripe[0].u_stripe/u_o_bank/g_row[0].g_group[1].u_mem/g_byte[2].u_sram/D[3]
                                0.14           0.05 r        -0.09  (VIOLATED)
   u_fused_array/g_stripe[0].u_stripe/u_o_bank/g_row[0].g_group[1].u_mem/g_byte[2].u_sram/D[4]
                                0.14           0.05 r        -0.09  (VIOLATED)
   u_fused_array/g_stripe[0].u_stripe/u_o_bank/g_row[0].g_group[1].u_mem/g_byte[2].u_sram/D[5]
                                0.14           0.05 r        -0.09  (VIOLATED)
   u_fused_array/g_stripe[0].u_stripe/u_o_bank/g_row[0].g_group[1].u_mem/g_byte[2].u_sram/D[6]
                                0.14           0.05 r        -0.09  (VIOLATED)
   u_fused_array/g_stripe[0].u_stripe/u_o_bank/g_row[0].g_group[1].u_mem/g_byte[2].u_sram/D[7]
                                0.14           0.05 r        -0.09  (VIOLATED)
   u_fused_array/g_stripe[0].u_stripe/u_o_bank/g_row[0].g_group[1].u_mem/g_byte[3].u_sram/D[0]
                                0.14           0.05 r        -0.09  (VIOLATED)
   u_fused_array/g_stripe[0].u_stripe/u_o_bank/g_row[0].g_group[1].u_mem/g_byte[3].u_sram/D[1]
                                0.14           0.05 r        -0.09  (VIOLATED)
   u_fused_array/g_stripe[0].u_stripe/u_o_bank/g_row[0].g_group[1].u_mem/g_byte[3].u_sram/D[2]
                                0.14           0.05 r        -0.09  (VIOLATED)
   u_fused_array/g_stripe[0].u_stripe/u_o_bank/g_row[0].g_group[1].u_mem/g_byte[3].u_sram/D[3]
                                0.14           0.05 r        -0.09  (VIOLATED)
   u_fused_array/g_stripe[0].u_stripe/u_o_bank/g_row[0].g_group[1].u_mem/g_byte[3].u_sram/D[4]
                                0.14           0.05 r        -0.09  (VIOLATED)
   u_fused_array/g_stripe[0].u_stripe/u_o_bank/g_row[0].g_group[1].u_mem/g_byte[3].u_sram/D[5]
                                0.14           0.05 r        -0.09  (VIOLATED)
   u_fused_array/g_stripe[0].u_stripe/u_o_bank/g_row[0].g_group[1].u_mem/g_byte[3].u_sram/D[6]
                                0.14           0.05 r        -0.09  (VIOLATED)
   u_fused_array/g_stripe[0].u_stripe/u_o_bank/g_row[0].g_group[1].u_mem/g_byte[3].u_sram/D[7]
                                0.14           0.05 r        -0.09  (VIOLATED)
   u_fused_array/g_stripe[0].u_stripe/u_o_bank/g_row[1].g_group[0].u_mem/g_byte[0].u_sram/D[1]
                                0.14           0.05 r        -0.09  (VIOLATED)
   u_fused_array/g_stripe[0].u_stripe/u_o_bank/g_row[1].g_group[0].u_mem/g_byte[0].u_sram/D[2]
                                0.14           0.05 r        -0.09  (VIOLATED)
   u_fused_array/g_stripe[0].u_stripe/u_o_bank/g_row[1].g_group[0].u_mem/g_byte[0].u_sram/D[3]
                                0.14           0.05 r        -0.09  (VIOLATED)
   u_fused_array/g_stripe[0].u_stripe/u_o_bank/g_row[1].g_group[0].u_mem/g_byte[0].u_sram/D[4]
                                0.14           0.05 r        -0.09  (VIOLATED)
   u_fused_array/g_stripe[0].u_stripe/u_o_bank/g_row[1].g_group[0].u_mem/g_byte[0].u_sram/D[5]
                                0.14           0.05 r        -0.09  (VIOLATED)
   u_fused_array/g_stripe[0].u_stripe/u_o_bank/g_row[1].g_group[0].u_mem/g_byte[0].u_sram/D[6]
                                0.14           0.05 r        -0.09  (VIOLATED)
   u_fused_array/g_stripe[0].u_stripe/u_o_bank/g_row[1].g_group[0].u_mem/g_byte[0].u_sram/D[7]
                                0.14           0.05 r        -0.09  (VIOLATED)
   u_fused_array/g_stripe[0].u_stripe/u_o_bank/g_row[1].g_group[0].u_mem/g_byte[1].u_sram/D[0]
                                0.14           0.05 r        -0.09  (VIOLATED)
   u_fused_array/g_stripe[0].u_stripe/u_o_bank/g_row[1].g_group[0].u_mem/g_byte[1].u_sram/D[1]
                                0.14           0.05 r        -0.09  (VIOLATED)
   u_fused_array/g_stripe[0].u_stripe/u_o_bank/g_row[1].g_group[0].u_mem/g_byte[1].u_sram/D[2]
                                0.14           0.05 r        -0.09  (VIOLATED)
   u_fused_array/g_stripe[0].u_stripe/u_o_bank/g_row[1].g_group[0].u_mem/g_byte[1].u_sram/D[3]
                                0.14           0.05 r        -0.09  (VIOLATED)
   u_fused_array/g_stripe[0].u_stripe/u_o_bank/g_row[1].g_group[0].u_mem/g_byte[1].u_sram/D[4]
                                0.14           0.05 r        -0.09  (VIOLATED)
   u_fused_array/g_stripe[0].u_stripe/u_o_bank/g_row[1].g_group[0].u_mem/g_byte[1].u_sram/D[5]
                                0.14           0.05 r        -0.09  (VIOLATED)
   u_fused_array/g_stripe[0].u_stripe/u_o_bank/g_row[1].g_group[0].u_mem/g_byte[1].u_sram/D[6]
                                0.14           0.05 r        -0.09  (VIOLATED)
   u_fused_array/g_stripe[0].u_stripe/u_o_bank/g_row[1].g_group[0].u_mem/g_byte[1].u_sram/D[7]
                                0.14           0.05 r        -0.09  (VIOLATED)
   u_fused_array/g_stripe[0].u_stripe/u_o_bank/g_row[1].g_group[0].u_mem/g_byte[2].u_sram/D[0]
                                0.14           0.05 r        -0.09  (VIOLATED)
   u_fused_array/g_stripe[0].u_stripe/u_o_bank/g_row[1].g_group[0].u_mem/g_byte[2].u_sram/D[1]
                                0.14           0.05 r        -0.09  (VIOLATED)
   u_fused_array/g_stripe[0].u_stripe/u_o_bank/g_row[1].g_group[0].u_mem/g_byte[2].u_sram/D[2]
                                0.14           0.05 r        -0.09  (VIOLATED)
   u_fused_array/g_stripe[0].u_stripe/u_o_bank/g_row[1].g_group[0].u_mem/g_byte[2].u_sram/D[3]
                                0.14           0.05 r        -0.09  (VIOLATED)
   u_fused_array/g_stripe[0].u_stripe/u_o_bank/g_row[1].g_group[0].u_mem/g_byte[2].u_sram/D[4]
                                0.14           0.05 r        -0.09  (VIOLATED)
   u_fused_array/g_stripe[0].u_stripe/u_o_bank/g_row[1].g_group[0].u_mem/g_byte[2].u_sram/D[5]
                                0.14           0.05 r        -0.09  (VIOLATED)
   u_fused_array/g_stripe[0].u_stripe/u_o_bank/g_row[1].g_group[0].u_mem/g_byte[2].u_sram/D[6]
                                0.14           0.05 r        -0.09  (VIOLATED)
   u_fused_array/g_stripe[0].u_stripe/u_o_bank/g_row[1].g_group[0].u_mem/g_byte[2].u_sram/D[7]
                                0.14           0.05 r        -0.09  (VIOLATED)
   u_fused_array/g_stripe[0].u_stripe/u_o_bank/g_row[1].g_group[0].u_mem/g_byte[3].u_sram/D[0]
                                0.14           0.05 r        -0.09  (VIOLATED)
   u_fused_array/g_stripe[0].u_stripe/u_o_bank/g_row[1].g_group[0].u_mem/g_byte[3].u_sram/D[1]
                                0.14           0.05 r        -0.09  (VIOLATED)
   u_fused_array/g_stripe[0].u_stripe/u_o_bank/g_row[1].g_group[0].u_mem/g_byte[3].u_sram/D[2]
                                0.14           0.05 r        -0.09  (VIOLATED)
   u_fused_array/g_stripe[0].u_stripe/u_o_bank/g_row[1].g_group[0].u_mem/g_byte[3].u_sram/D[3]
                                0.14           0.05 r        -0.09  (VIOLATED)
   u_fused_array/g_stripe[0].u_stripe/u_o_bank/g_row[1].g_group[0].u_mem/g_byte[3].u_sram/D[4]
                                0.14           0.05 r        -0.09  (VIOLATED)
   u_fused_array/g_stripe[0].u_stripe/u_o_bank/g_row[1].g_group[0].u_mem/g_byte[3].u_sram/D[5]
                                0.14           0.05 r        -0.09  (VIOLATED)
   u_fused_array/g_stripe[0].u_stripe/u_o_bank/g_row[1].g_group[0].u_mem/g_byte[3].u_sram/D[6]
                                0.14           0.05 r        -0.09  (VIOLATED)
   u_fused_array/g_stripe[0].u_stripe/u_o_bank/g_row[1].g_group[0].u_mem/g_byte[3].u_sram/D[7]
                                0.14           0.05 r        -0.09  (VIOLATED)
   u_fused_array/g_stripe[0].u_stripe/u_o_bank/g_row[1].g_group[1].u_mem/g_byte[0].u_sram/D[1]
                                0.14           0.05 r        -0.09  (VIOLATED)
   u_fused_array/g_stripe[0].u_stripe/u_o_bank/g_row[1].g_group[1].u_mem/g_byte[0].u_sram/D[2]
                                0.14           0.05 r        -0.09  (VIOLATED)
   u_fused_array/g_stripe[0].u_stripe/u_o_bank/g_row[1].g_group[1].u_mem/g_byte[0].u_sram/D[3]
                                0.14           0.05 r        -0.09  (VIOLATED)
   u_fused_array/g_stripe[0].u_stripe/u_o_bank/g_row[1].g_group[1].u_mem/g_byte[0].u_sram/D[4]
                                0.14           0.05 r        -0.09  (VIOLATED)
   u_fused_array/g_stripe[0].u_stripe/u_o_bank/g_row[1].g_group[1].u_mem/g_byte[0].u_sram/D[5]
                                0.14           0.05 r        -0.09  (VIOLATED)
   u_fused_array/g_stripe[0].u_stripe/u_o_bank/g_row[1].g_group[1].u_mem/g_byte[0].u_sram/D[6]
                                0.14           0.05 r        -0.09  (VIOLATED)
   u_fused_array/g_stripe[0].u_stripe/u_o_bank/g_row[1].g_group[1].u_mem/g_byte[0].u_sram/D[7]
                                0.14           0.05 r        -0.09  (VIOLATED)
   u_fused_array/g_stripe[0].u_stripe/u_o_bank/g_row[1].g_group[1].u_mem/g_byte[1].u_sram/D[0]
                                0.14           0.05 r        -0.09  (VIOLATED)
   u_fused_array/g_stripe[0].u_stripe/u_o_bank/g_row[1].g_group[1].u_mem/g_byte[1].u_sram/D[1]
                                0.14           0.05 r        -0.09  (VIOLATED)
   u_fused_array/g_stripe[0].u_stripe/u_o_bank/g_row[1].g_group[1].u_mem/g_byte[1].u_sram/D[2]
                                0.14           0.05 r        -0.09  (VIOLATED)
   u_fused_array/g_stripe[0].u_stripe/u_o_bank/g_row[1].g_group[1].u_mem/g_byte[1].u_sram/D[3]
                                0.14           0.05 r        -0.09  (VIOLATED)
   u_fused_array/g_stripe[0].u_stripe/u_o_bank/g_row[1].g_group[1].u_mem/g_byte[1].u_sram/D[4]
                                0.14           0.05 r        -0.09  (VIOLATED)
   u_fused_array/g_stripe[0].u_stripe/u_o_bank/g_row[1].g_group[1].u_mem/g_byte[1].u_sram/D[5]
                                0.14           0.05 r        -0.09  (VIOLATED)
   u_fused_array/g_stripe[0].u_stripe/u_o_bank/g_row[1].g_group[1].u_mem/g_byte[1].u_sram/D[6]
                                0.14           0.05 r        -0.09  (VIOLATED)
   u_fused_array/g_stripe[0].u_stripe/u_o_bank/g_row[1].g_group[1].u_mem/g_byte[1].u_sram/D[7]
                                0.14           0.05 r        -0.09  (VIOLATED)
   u_fused_array/g_stripe[0].u_stripe/u_o_bank/g_row[1].g_group[1].u_mem/g_byte[2].u_sram/D[0]
                                0.14           0.05 r        -0.09  (VIOLATED)
   u_fused_array/g_stripe[0].u_stripe/u_o_bank/g_row[1].g_group[1].u_mem/g_byte[2].u_sram/D[1]
                                0.14           0.05 r        -0.09  (VIOLATED)
   u_fused_array/g_stripe[0].u_stripe/u_o_bank/g_row[1].g_group[1].u_mem/g_byte[2].u_sram/D[2]
                                0.14           0.05 r        -0.09  (VIOLATED)
   u_fused_array/g_stripe[0].u_stripe/u_o_bank/g_row[1].g_group[1].u_mem/g_byte[2].u_sram/D[3]
                                0.14           0.05 r        -0.09  (VIOLATED)
   u_fused_array/g_stripe[0].u_stripe/u_o_bank/g_row[1].g_group[1].u_mem/g_byte[2].u_sram/D[4]
                                0.14           0.05 r        -0.09  (VIOLATED)
   u_fused_array/g_stripe[0].u_stripe/u_o_bank/g_row[1].g_group[1].u_mem/g_byte[2].u_sram/D[5]
                                0.14           0.05 r        -0.09  (VIOLATED)
   u_fused_array/g_stripe[0].u_stripe/u_o_bank/g_row[1].g_group[1].u_mem/g_byte[2].u_sram/D[6]
                                0.14           0.05 r        -0.09  (VIOLATED)
   u_fused_array/g_stripe[0].u_stripe/u_o_bank/g_row[1].g_group[1].u_mem/g_byte[2].u_sram/D[7]
                                0.14           0.05 r        -0.09  (VIOLATED)
   u_fused_array/g_stripe[0].u_stripe/u_o_bank/g_row[1].g_group[1].u_mem/g_byte[3].u_sram/D[0]
                                0.14           0.05 r        -0.09  (VIOLATED)
   u_fused_array/g_stripe[0].u_stripe/u_o_bank/g_row[1].g_group[1].u_mem/g_byte[3].u_sram/D[1]
                                0.14           0.05 r        -0.09  (VIOLATED)
   u_fused_array/g_stripe[0].u_stripe/u_o_bank/g_row[1].g_group[1].u_mem/g_byte[3].u_sram/D[2]
                                0.14           0.05 r        -0.09  (VIOLATED)
   u_fused_array/g_stripe[0].u_stripe/u_o_bank/g_row[1].g_group[1].u_mem/g_byte[3].u_sram/D[3]
                                0.14           0.05 r        -0.09  (VIOLATED)
   u_fused_array/g_stripe[0].u_stripe/u_o_bank/g_row[1].g_group[1].u_mem/g_byte[3].u_sram/D[4]
                                0.14           0.05 r        -0.09  (VIOLATED)
   u_fused_array/g_stripe[0].u_stripe/u_o_bank/g_row[1].g_group[1].u_mem/g_byte[3].u_sram/D[5]
                                0.14           0.05 r        -0.09  (VIOLATED)
   u_fused_array/g_stripe[0].u_stripe/u_o_bank/g_row[1].g_group[1].u_mem/g_byte[3].u_sram/D[6]
                                0.14           0.05 r        -0.09  (VIOLATED)
   u_fused_array/g_stripe[0].u_stripe/u_o_bank/g_row[1].g_group[1].u_mem/g_byte[3].u_sram/D[7]
                                0.14           0.05 r        -0.09  (VIOLATED)
   u_fused_array/g_stripe[0].u_stripe/u_o_bank/g_row[3].g_group[0].u_mem/g_byte[3].u_sram/D[7]
                                0.14           0.05 r        -0.09  (VIOLATED)
   u_fused_array/g_stripe[0].u_stripe/u_o_bank/g_row[3].g_group[1].u_mem/g_byte[3].u_sram/D[7]
                                0.14           0.05 r        -0.09  (VIOLATED)
   u_fused_array/g_stripe[0].u_stripe/u_o_bank/g_row[4].g_group[0].u_mem/g_byte[3].u_sram/D[7]
                                0.14           0.05 r        -0.09  (VIOLATED)
   u_fused_array/g_stripe[0].u_stripe/u_o_bank/g_row[4].g_group[1].u_mem/g_byte[3].u_sram/D[7]
                                0.14           0.05 r        -0.09  (VIOLATED)
   u_fused_array/g_stripe[0].u_stripe/u_o_bank/g_row[5].g_group[0].u_mem/g_byte[3].u_sram/D[7]
                                0.14           0.05 r        -0.09  (VIOLATED)
   u_fused_array/g_stripe[0].u_stripe/u_o_bank/g_row[5].g_group[1].u_mem/g_byte[3].u_sram/D[7]
                                0.14           0.05 r        -0.09  (VIOLATED)
   u_fused_array/g_stripe[0].u_stripe/u_o_bank/g_row[6].g_group[0].u_mem/g_byte[3].u_sram/D[7]
                                0.14           0.05 r        -0.09  (VIOLATED)
   u_fused_array/g_stripe[0].u_stripe/u_o_bank/g_row[6].g_group[1].u_mem/g_byte[3].u_sram/D[7]
                                0.14           0.05 r        -0.09  (VIOLATED)
   u_fused_array/g_stripe[0].u_stripe/u_o_bank/g_row[7].g_group[0].u_mem/g_byte[3].u_sram/D[7]
                                0.14           0.05 r        -0.09  (VIOLATED)
   u_fused_array/g_stripe[0].u_stripe/u_o_bank/g_row[7].g_group[1].u_mem/g_byte[3].u_sram/D[7]
                                0.14           0.05 r        -0.09  (VIOLATED)
   u_fused_array/g_stripe[1].u_stripe/u_o_bank/g_row[0].g_group[0].u_mem/g_byte[0].u_sram/D[1]
                                0.14           0.05 r        -0.09  (VIOLATED)
   u_fused_array/g_stripe[1].u_stripe/u_o_bank/g_row[0].g_group[0].u_mem/g_byte[0].u_sram/D[2]
                                0.14           0.05 r        -0.09  (VIOLATED)
   u_fused_array/g_stripe[1].u_stripe/u_o_bank/g_row[0].g_group[0].u_mem/g_byte[0].u_sram/D[3]
                                0.14           0.05 r        -0.09  (VIOLATED)
   u_fused_array/g_stripe[1].u_stripe/u_o_bank/g_row[0].g_group[0].u_mem/g_byte[0].u_sram/D[4]
                                0.14           0.05 r        -0.09  (VIOLATED)
   u_fused_array/g_stripe[1].u_stripe/u_o_bank/g_row[0].g_group[0].u_mem/g_byte[0].u_sram/D[5]
                                0.14           0.05 r        -0.09  (VIOLATED)
   u_fused_array/g_stripe[1].u_stripe/u_o_bank/g_row[0].g_group[0].u_mem/g_byte[0].u_sram/D[6]
                                0.14           0.05 r        -0.09  (VIOLATED)
   u_fused_array/g_stripe[1].u_stripe/u_o_bank/g_row[0].g_group[0].u_mem/g_byte[0].u_sram/D[7]
                                0.14           0.05 r        -0.09  (VIOLATED)
   u_fused_array/g_stripe[1].u_stripe/u_o_bank/g_row[0].g_group[0].u_mem/g_byte[1].u_sram/D[0]
                                0.14           0.05 r        -0.09  (VIOLATED)
   u_fused_array/g_stripe[1].u_stripe/u_o_bank/g_row[0].g_group[0].u_mem/g_byte[1].u_sram/D[1]
                                0.14           0.05 r        -0.09  (VIOLATED)
   u_fused_array/g_stripe[1].u_stripe/u_o_bank/g_row[0].g_group[0].u_mem/g_byte[1].u_sram/D[2]
                                0.14           0.05 r        -0.09  (VIOLATED)
   u_fused_array/g_stripe[1].u_stripe/u_o_bank/g_row[0].g_group[0].u_mem/g_byte[1].u_sram/D[3]
                                0.14           0.05 r        -0.09  (VIOLATED)
   u_fused_array/g_stripe[1].u_stripe/u_o_bank/g_row[0].g_group[0].u_mem/g_byte[1].u_sram/D[4]
                                0.14           0.05 r        -0.09  (VIOLATED)
   u_fused_array/g_stripe[1].u_stripe/u_o_bank/g_row[0].g_group[0].u_mem/g_byte[1].u_sram/D[5]
                                0.14           0.05 r        -0.09  (VIOLATED)
   u_fused_array/g_stripe[1].u_stripe/u_o_bank/g_row[0].g_group[0].u_mem/g_byte[1].u_sram/D[6]
                                0.14           0.05 r        -0.09  (VIOLATED)
   u_fused_array/g_stripe[1].u_stripe/u_o_bank/g_row[0].g_group[0].u_mem/g_byte[1].u_sram/D[7]
                                0.14           0.05 r        -0.09  (VIOLATED)
   u_fused_array/g_stripe[1].u_stripe/u_o_bank/g_row[0].g_group[0].u_mem/g_byte[2].u_sram/D[0]
                                0.14           0.05 r        -0.09  (VIOLATED)
   u_fused_array/g_stripe[1].u_stripe/u_o_bank/g_row[0].g_group[0].u_mem/g_byte[2].u_sram/D[1]
                                0.14           0.05 r        -0.09  (VIOLATED)
   u_fused_array/g_stripe[1].u_stripe/u_o_bank/g_row[0].g_group[0].u_mem/g_byte[2].u_sram/D[2]
                                0.14           0.05 r        -0.09  (VIOLATED)
   u_fused_array/g_stripe[1].u_stripe/u_o_bank/g_row[0].g_group[0].u_mem/g_byte[2].u_sram/D[3]
                                0.14           0.05 r        -0.09  (VIOLATED)
   u_fused_array/g_stripe[1].u_stripe/u_o_bank/g_row[0].g_group[0].u_mem/g_byte[2].u_sram/D[4]
                                0.14           0.05 r        -0.09  (VIOLATED)
   u_fused_array/g_stripe[1].u_stripe/u_o_bank/g_row[0].g_group[0].u_mem/g_byte[2].u_sram/D[5]
                                0.14           0.05 r        -0.09  (VIOLATED)
   u_fused_array/g_stripe[1].u_stripe/u_o_bank/g_row[0].g_group[0].u_mem/g_byte[2].u_sram/D[6]
                                0.14           0.05 r        -0.09  (VIOLATED)
   u_fused_array/g_stripe[1].u_stripe/u_o_bank/g_row[0].g_group[0].u_mem/g_byte[2].u_sram/D[7]
                                0.14           0.05 r        -0.09  (VIOLATED)
   u_fused_array/g_stripe[1].u_stripe/u_o_bank/g_row[0].g_group[0].u_mem/g_byte[3].u_sram/D[0]
                                0.14           0.05 r        -0.09  (VIOLATED)
   u_fused_array/g_stripe[1].u_stripe/u_o_bank/g_row[0].g_group[0].u_mem/g_byte[3].u_sram/D[1]
                                0.14           0.05 r        -0.09  (VIOLATED)
   u_fused_array/g_stripe[1].u_stripe/u_o_bank/g_row[0].g_group[0].u_mem/g_byte[3].u_sram/D[2]
                                0.14           0.05 r        -0.09  (VIOLATED)
   u_fused_array/g_stripe[1].u_stripe/u_o_bank/g_row[0].g_group[0].u_mem/g_byte[3].u_sram/D[3]
                                0.14           0.05 r        -0.09  (VIOLATED)
   u_fused_array/g_stripe[1].u_stripe/u_o_bank/g_row[0].g_group[0].u_mem/g_byte[3].u_sram/D[4]
                                0.14           0.05 r        -0.09  (VIOLATED)
   u_fused_array/g_stripe[1].u_stripe/u_o_bank/g_row[0].g_group[0].u_mem/g_byte[3].u_sram/D[5]
                                0.14           0.05 r        -0.09  (VIOLATED)
   u_fused_array/g_stripe[1].u_stripe/u_o_bank/g_row[0].g_group[0].u_mem/g_byte[3].u_sram/D[6]
                                0.14           0.05 r        -0.09  (VIOLATED)
   u_fused_array/g_stripe[1].u_stripe/u_o_bank/g_row[0].g_group[0].u_mem/g_byte[3].u_sram/D[7]
                                0.14           0.05 r        -0.09  (VIOLATED)
   u_fused_array/g_stripe[1].u_stripe/u_o_bank/g_row[0].g_group[1].u_mem/g_byte[0].u_sram/D[1]
                                0.14           0.05 r        -0.09  (VIOLATED)
   u_fused_array/g_stripe[1].u_stripe/u_o_bank/g_row[0].g_group[1].u_mem/g_byte[0].u_sram/D[2]
                                0.14           0.05 r        -0.09  (VIOLATED)
   u_fused_array/g_stripe[1].u_stripe/u_o_bank/g_row[0].g_group[1].u_mem/g_byte[0].u_sram/D[3]
                                0.14           0.05 r        -0.09  (VIOLATED)
   u_fused_array/g_stripe[1].u_stripe/u_o_bank/g_row[0].g_group[1].u_mem/g_byte[0].u_sram/D[4]
                                0.14           0.05 r        -0.09  (VIOLATED)
   u_fused_array/g_stripe[1].u_stripe/u_o_bank/g_row[0].g_group[1].u_mem/g_byte[0].u_sram/D[5]
                                0.14           0.05 r        -0.09  (VIOLATED)
   u_fused_array/g_stripe[1].u_stripe/u_o_bank/g_row[0].g_group[1].u_mem/g_byte[0].u_sram/D[6]
                                0.14           0.05 r        -0.09  (VIOLATED)
   u_fused_array/g_stripe[1].u_stripe/u_o_bank/g_row[0].g_group[1].u_mem/g_byte[0].u_sram/D[7]
                                0.14           0.05 r        -0.09  (VIOLATED)
   u_fused_array/g_stripe[1].u_stripe/u_o_bank/g_row[0].g_group[1].u_mem/g_byte[1].u_sram/D[0]
                                0.14           0.05 r        -0.09  (VIOLATED)
   u_fused_array/g_stripe[1].u_stripe/u_o_bank/g_row[0].g_group[1].u_mem/g_byte[1].u_sram/D[1]
                                0.14           0.05 r        -0.09  (VIOLATED)
   u_fused_array/g_stripe[1].u_stripe/u_o_bank/g_row[0].g_group[1].u_mem/g_byte[1].u_sram/D[2]
                                0.14           0.05 r        -0.09  (VIOLATED)
   u_fused_array/g_stripe[1].u_stripe/u_o_bank/g_row[0].g_group[1].u_mem/g_byte[1].u_sram/D[3]
                                0.14           0.05 r        -0.09  (VIOLATED)
   u_fused_array/g_stripe[1].u_stripe/u_o_bank/g_row[0].g_group[1].u_mem/g_byte[1].u_sram/D[4]
                                0.14           0.05 r        -0.09  (VIOLATED)
   u_fused_array/g_stripe[1].u_stripe/u_o_bank/g_row[0].g_group[1].u_mem/g_byte[1].u_sram/D[5]
                                0.14           0.05 r        -0.09  (VIOLATED)
   u_fused_array/g_stripe[1].u_stripe/u_o_bank/g_row[0].g_group[1].u_mem/g_byte[1].u_sram/D[6]
                                0.14           0.05 r        -0.09  (VIOLATED)
   u_fused_array/g_stripe[1].u_stripe/u_o_bank/g_row[0].g_group[1].u_mem/g_byte[1].u_sram/D[7]
                                0.14           0.05 r        -0.09  (VIOLATED)
   u_fused_array/g_stripe[1].u_stripe/u_o_bank/g_row[0].g_group[1].u_mem/g_byte[2].u_sram/D[0]
                                0.14           0.05 r        -0.09  (VIOLATED)
   u_fused_array/g_stripe[1].u_stripe/u_o_bank/g_row[0].g_group[1].u_mem/g_byte[2].u_sram/D[1]
                                0.14           0.05 r        -0.09  (VIOLATED)
   u_fused_array/g_stripe[1].u_stripe/u_o_bank/g_row[0].g_group[1].u_mem/g_byte[2].u_sram/D[2]
                                0.14           0.05 r        -0.09  (VIOLATED)
   u_fused_array/g_stripe[1].u_stripe/u_o_bank/g_row[0].g_group[1].u_mem/g_byte[2].u_sram/D[3]
                                0.14           0.05 r        -0.09  (VIOLATED)
   u_fused_array/g_stripe[1].u_stripe/u_o_bank/g_row[0].g_group[1].u_mem/g_byte[2].u_sram/D[4]
                                0.14           0.05 r        -0.09  (VIOLATED)
   u_fused_array/g_stripe[1].u_stripe/u_o_bank/g_row[0].g_group[1].u_mem/g_byte[2].u_sram/D[5]
                                0.14           0.05 r        -0.09  (VIOLATED)
   u_fused_array/g_stripe[1].u_stripe/u_o_bank/g_row[0].g_group[1].u_mem/g_byte[2].u_sram/D[6]
                                0.14           0.05 r        -0.09  (VIOLATED)
   u_fused_array/g_stripe[1].u_stripe/u_o_bank/g_row[0].g_group[1].u_mem/g_byte[2].u_sram/D[7]
                                0.14           0.05 r        -0.09  (VIOLATED)
   u_fused_array/g_stripe[1].u_stripe/u_o_bank/g_row[0].g_group[1].u_mem/g_byte[3].u_sram/D[0]
                                0.14           0.05 r        -0.09  (VIOLATED)
   u_fused_array/g_stripe[1].u_stripe/u_o_bank/g_row[0].g_group[1].u_mem/g_byte[3].u_sram/D[1]
                                0.14           0.05 r        -0.09  (VIOLATED)
   u_fused_array/g_stripe[1].u_stripe/u_o_bank/g_row[0].g_group[1].u_mem/g_byte[3].u_sram/D[2]
                                0.14           0.05 r        -0.09  (VIOLATED)
   u_fused_array/g_stripe[1].u_stripe/u_o_bank/g_row[0].g_group[1].u_mem/g_byte[3].u_sram/D[3]
                                0.14           0.05 r        -0.09  (VIOLATED)
   u_fused_array/g_stripe[1].u_stripe/u_o_bank/g_row[0].g_group[1].u_mem/g_byte[3].u_sram/D[4]
                                0.14           0.05 r        -0.09  (VIOLATED)
   u_fused_array/g_stripe[1].u_stripe/u_o_bank/g_row[0].g_group[1].u_mem/g_byte[3].u_sram/D[5]
                                0.14           0.05 r        -0.09  (VIOLATED)
   u_fused_array/g_stripe[1].u_stripe/u_o_bank/g_row[0].g_group[1].u_mem/g_byte[3].u_sram/D[6]
                                0.14           0.05 r        -0.09  (VIOLATED)
   u_fused_array/g_stripe[1].u_stripe/u_o_bank/g_row[0].g_group[1].u_mem/g_byte[3].u_sram/D[7]
                                0.14           0.05 r        -0.09  (VIOLATED)
   u_fused_array/g_stripe[1].u_stripe/u_o_bank/g_row[1].g_group[0].u_mem/g_byte[0].u_sram/D[1]
                                0.14           0.05 r        -0.09  (VIOLATED)
   u_fused_array/g_stripe[1].u_stripe/u_o_bank/g_row[1].g_group[0].u_mem/g_byte[0].u_sram/D[2]
                                0.14           0.05 r        -0.09  (VIOLATED)
   u_fused_array/g_stripe[1].u_stripe/u_o_bank/g_row[1].g_group[0].u_mem/g_byte[0].u_sram/D[3]
                                0.14           0.05 r        -0.09  (VIOLATED)
   u_fused_array/g_stripe[1].u_stripe/u_o_bank/g_row[1].g_group[0].u_mem/g_byte[0].u_sram/D[4]
                                0.14           0.05 r        -0.09  (VIOLATED)
   u_fused_array/g_stripe[1].u_stripe/u_o_bank/g_row[1].g_group[0].u_mem/g_byte[0].u_sram/D[5]
                                0.14           0.05 r        -0.09  (VIOLATED)
   u_fused_array/g_stripe[1].u_stripe/u_o_bank/g_row[1].g_group[0].u_mem/g_byte[0].u_sram/D[6]
                                0.14           0.05 r        -0.09  (VIOLATED)
   u_fused_array/g_stripe[1].u_stripe/u_o_bank/g_row[1].g_group[0].u_mem/g_byte[0].u_sram/D[7]
                                0.14           0.05 r        -0.09  (VIOLATED)
   u_fused_array/g_stripe[1].u_stripe/u_o_bank/g_row[1].g_group[0].u_mem/g_byte[1].u_sram/D[0]
                                0.14           0.05 r        -0.09  (VIOLATED)
   u_fused_array/g_stripe[1].u_stripe/u_o_bank/g_row[1].g_group[0].u_mem/g_byte[1].u_sram/D[1]
                                0.14           0.05 r        -0.09  (VIOLATED)
   u_fused_array/g_stripe[1].u_stripe/u_o_bank/g_row[1].g_group[0].u_mem/g_byte[1].u_sram/D[2]
                                0.14           0.05 r        -0.09  (VIOLATED)
   u_fused_array/g_stripe[1].u_stripe/u_o_bank/g_row[1].g_group[0].u_mem/g_byte[1].u_sram/D[3]
                                0.14           0.05 r        -0.09  (VIOLATED)
   u_fused_array/g_stripe[1].u_stripe/u_o_bank/g_row[1].g_group[0].u_mem/g_byte[1].u_sram/D[4]
                                0.14           0.05 r        -0.09  (VIOLATED)
   u_fused_array/g_stripe[1].u_stripe/u_o_bank/g_row[1].g_group[0].u_mem/g_byte[1].u_sram/D[5]
                                0.14           0.05 r        -0.09  (VIOLATED)
   u_fused_array/g_stripe[1].u_stripe/u_o_bank/g_row[1].g_group[0].u_mem/g_byte[1].u_sram/D[6]
                                0.14           0.05 r        -0.09  (VIOLATED)
   u_fused_array/g_stripe[1].u_stripe/u_o_bank/g_row[1].g_group[0].u_mem/g_byte[1].u_sram/D[7]
                                0.14           0.05 r        -0.09  (VIOLATED)
   u_fused_array/g_stripe[1].u_stripe/u_o_bank/g_row[1].g_group[0].u_mem/g_byte[2].u_sram/D[0]
                                0.14           0.05 r        -0.09  (VIOLATED)
   u_fused_array/g_stripe[1].u_stripe/u_o_bank/g_row[1].g_group[0].u_mem/g_byte[2].u_sram/D[1]
                                0.14           0.05 r        -0.09  (VIOLATED)
   u_fused_array/g_stripe[1].u_stripe/u_o_bank/g_row[1].g_group[0].u_mem/g_byte[2].u_sram/D[2]
                                0.14           0.05 r        -0.09  (VIOLATED)
   u_fused_array/g_stripe[1].u_stripe/u_o_bank/g_row[1].g_group[0].u_mem/g_byte[2].u_sram/D[3]
                                0.14           0.05 r        -0.09  (VIOLATED)
   u_fused_array/g_stripe[1].u_stripe/u_o_bank/g_row[1].g_group[0].u_mem/g_byte[2].u_sram/D[4]
                                0.14           0.05 r        -0.09  (VIOLATED)
   u_fused_array/g_stripe[1].u_stripe/u_o_bank/g_row[1].g_group[0].u_mem/g_byte[2].u_sram/D[5]
                                0.14           0.05 r        -0.09  (VIOLATED)
   u_fused_array/g_stripe[1].u_stripe/u_o_bank/g_row[1].g_group[0].u_mem/g_byte[2].u_sram/D[6]
                                0.14           0.05 r        -0.09  (VIOLATED)
   u_fused_array/g_stripe[1].u_stripe/u_o_bank/g_row[1].g_group[0].u_mem/g_byte[2].u_sram/D[7]
                                0.14           0.05 r        -0.09  (VIOLATED)
   u_fused_array/g_stripe[1].u_stripe/u_o_bank/g_row[1].g_group[0].u_mem/g_byte[3].u_sram/D[0]
                                0.14           0.05 r        -0.09  (VIOLATED)
   u_fused_array/g_stripe[1].u_stripe/u_o_bank/g_row[1].g_group[0].u_mem/g_byte[3].u_sram/D[1]
                                0.14           0.05 r        -0.09  (VIOLATED)
   u_fused_array/g_stripe[1].u_stripe/u_o_bank/g_row[1].g_group[0].u_mem/g_byte[3].u_sram/D[2]
                                0.14           0.05 r        -0.09  (VIOLATED)
   u_fused_array/g_stripe[1].u_stripe/u_o_bank/g_row[1].g_group[0].u_mem/g_byte[3].u_sram/D[3]
                                0.14           0.05 r        -0.09  (VIOLATED)
   u_fused_array/g_stripe[1].u_stripe/u_o_bank/g_row[1].g_group[0].u_mem/g_byte[3].u_sram/D[4]
                                0.14           0.05 r        -0.09  (VIOLATED)
   u_fused_array/g_stripe[1].u_stripe/u_o_bank/g_row[1].g_group[0].u_mem/g_byte[3].u_sram/D[5]
                                0.14           0.05 r        -0.09  (VIOLATED)
   u_fused_array/g_stripe[1].u_stripe/u_o_bank/g_row[1].g_group[0].u_mem/g_byte[3].u_sram/D[6]
                                0.14           0.05 r        -0.09  (VIOLATED)
   u_fused_array/g_stripe[1].u_stripe/u_o_bank/g_row[1].g_group[0].u_mem/g_byte[3].u_sram/D[7]
                                0.14           0.05 r        -0.09  (VIOLATED)
   u_fused_array/g_stripe[1].u_stripe/u_o_bank/g_row[1].g_group[1].u_mem/g_byte[0].u_sram/D[1]
                                0.14           0.05 r        -0.09  (VIOLATED)
   u_fused_array/g_stripe[1].u_stripe/u_o_bank/g_row[1].g_group[1].u_mem/g_byte[0].u_sram/D[2]
                                0.14           0.05 r        -0.09  (VIOLATED)
   u_fused_array/g_stripe[1].u_stripe/u_o_bank/g_row[1].g_group[1].u_mem/g_byte[0].u_sram/D[3]
                                0.14           0.05 r        -0.09  (VIOLATED)
   u_fused_array/g_stripe[1].u_stripe/u_o_bank/g_row[1].g_group[1].u_mem/g_byte[0].u_sram/D[4]
                                0.14           0.05 r        -0.09  (VIOLATED)
   u_fused_array/g_stripe[1].u_stripe/u_o_bank/g_row[1].g_group[1].u_mem/g_byte[0].u_sram/D[5]
                                0.14           0.05 r        -0.09  (VIOLATED)
   u_fused_array/g_stripe[1].u_stripe/u_o_bank/g_row[1].g_group[1].u_mem/g_byte[0].u_sram/D[6]
                                0.14           0.05 r        -0.09  (VIOLATED)
   u_fused_array/g_stripe[1].u_stripe/u_o_bank/g_row[1].g_group[1].u_mem/g_byte[0].u_sram/D[7]
                                0.14           0.05 r        -0.09  (VIOLATED)
   u_fused_array/g_stripe[1].u_stripe/u_o_bank/g_row[1].g_group[1].u_mem/g_byte[1].u_sram/D[0]
                                0.14           0.05 r        -0.09  (VIOLATED)
   u_fused_array/g_stripe[1].u_stripe/u_o_bank/g_row[1].g_group[1].u_mem/g_byte[1].u_sram/D[1]
                                0.14           0.05 r        -0.09  (VIOLATED)
   u_fused_array/g_stripe[1].u_stripe/u_o_bank/g_row[1].g_group[1].u_mem/g_byte[1].u_sram/D[2]
                                0.14           0.05 r        -0.09  (VIOLATED)
   u_fused_array/g_stripe[1].u_stripe/u_o_bank/g_row[1].g_group[1].u_mem/g_byte[1].u_sram/D[3]
                                0.14           0.05 r        -0.09  (VIOLATED)
   u_fused_array/g_stripe[1].u_stripe/u_o_bank/g_row[1].g_group[1].u_mem/g_byte[1].u_sram/D[4]
                                0.14           0.05 r        -0.09  (VIOLATED)
   u_fused_array/g_stripe[1].u_stripe/u_o_bank/g_row[1].g_group[1].u_mem/g_byte[1].u_sram/D[5]
                                0.14           0.05 r        -0.09  (VIOLATED)
   u_fused_array/g_stripe[1].u_stripe/u_o_bank/g_row[1].g_group[1].u_mem/g_byte[1].u_sram/D[6]
                                0.14           0.05 r        -0.09  (VIOLATED)
   u_fused_array/g_stripe[1].u_stripe/u_o_bank/g_row[1].g_group[1].u_mem/g_byte[1].u_sram/D[7]
                                0.14           0.05 r        -0.09  (VIOLATED)
   u_fused_array/g_stripe[1].u_stripe/u_o_bank/g_row[1].g_group[1].u_mem/g_byte[2].u_sram/D[0]
                                0.14           0.05 r        -0.09  (VIOLATED)
   u_fused_array/g_stripe[1].u_stripe/u_o_bank/g_row[1].g_group[1].u_mem/g_byte[2].u_sram/D[1]
                                0.14           0.05 r        -0.09  (VIOLATED)
   u_fused_array/g_stripe[1].u_stripe/u_o_bank/g_row[1].g_group[1].u_mem/g_byte[2].u_sram/D[2]
                                0.14           0.05 r        -0.09  (VIOLATED)
   u_fused_array/g_stripe[1].u_stripe/u_o_bank/g_row[1].g_group[1].u_mem/g_byte[2].u_sram/D[3]
                                0.14           0.05 r        -0.09  (VIOLATED)
   u_fused_array/g_stripe[1].u_stripe/u_o_bank/g_row[1].g_group[1].u_mem/g_byte[2].u_sram/D[4]
                                0.14           0.05 r        -0.09  (VIOLATED)
   u_fused_array/g_stripe[1].u_stripe/u_o_bank/g_row[1].g_group[1].u_mem/g_byte[2].u_sram/D[5]
                                0.14           0.05 r        -0.09  (VIOLATED)
   u_fused_array/g_stripe[1].u_stripe/u_o_bank/g_row[1].g_group[1].u_mem/g_byte[2].u_sram/D[6]
                                0.14           0.05 r        -0.09  (VIOLATED)
   u_fused_array/g_stripe[1].u_stripe/u_o_bank/g_row[1].g_group[1].u_mem/g_byte[2].u_sram/D[7]
                                0.14           0.05 r        -0.09  (VIOLATED)
   u_fused_array/g_stripe[1].u_stripe/u_o_bank/g_row[1].g_group[1].u_mem/g_byte[3].u_sram/D[0]
                                0.14           0.05 r        -0.09  (VIOLATED)
   u_fused_array/g_stripe[1].u_stripe/u_o_bank/g_row[1].g_group[1].u_mem/g_byte[3].u_sram/D[1]
                                0.14           0.05 r        -0.09  (VIOLATED)
   u_fused_array/g_stripe[1].u_stripe/u_o_bank/g_row[1].g_group[1].u_mem/g_byte[3].u_sram/D[2]
                                0.14           0.05 r        -0.09  (VIOLATED)
   u_fused_array/g_stripe[1].u_stripe/u_o_bank/g_row[1].g_group[1].u_mem/g_byte[3].u_sram/D[3]
                                0.14           0.05 r        -0.09  (VIOLATED)
   u_fused_array/g_stripe[1].u_stripe/u_o_bank/g_row[1].g_group[1].u_mem/g_byte[3].u_sram/D[4]
                                0.14           0.05 r        -0.09  (VIOLATED)
   u_fused_array/g_stripe[1].u_stripe/u_o_bank/g_row[1].g_group[1].u_mem/g_byte[3].u_sram/D[5]
                                0.14           0.05 r        -0.09  (VIOLATED)
   u_fused_array/g_stripe[1].u_stripe/u_o_bank/g_row[1].g_group[1].u_mem/g_byte[3].u_sram/D[6]
                                0.14           0.05 r        -0.09  (VIOLATED)
   u_fused_array/g_stripe[1].u_stripe/u_o_bank/g_row[1].g_group[1].u_mem/g_byte[3].u_sram/D[7]
                                0.14           0.05 r        -0.09  (VIOLATED)
   u_fused_array/g_stripe[1].u_stripe/u_o_bank/g_row[3].g_group[0].u_mem/g_byte[3].u_sram/D[7]
                                0.14           0.05 r        -0.09  (VIOLATED)
   u_fused_array/g_stripe[1].u_stripe/u_o_bank/g_row[3].g_group[1].u_mem/g_byte[3].u_sram/D[7]
                                0.14           0.05 r        -0.09  (VIOLATED)
   u_fused_array/g_stripe[1].u_stripe/u_o_bank/g_row[4].g_group[0].u_mem/g_byte[3].u_sram/D[7]
                                0.14           0.05 r        -0.09  (VIOLATED)
   u_fused_array/g_stripe[1].u_stripe/u_o_bank/g_row[4].g_group[1].u_mem/g_byte[3].u_sram/D[7]
                                0.14           0.05 r        -0.09  (VIOLATED)
   u_fused_array/g_stripe[1].u_stripe/u_o_bank/g_row[5].g_group[0].u_mem/g_byte[3].u_sram/D[7]
                                0.14           0.05 r        -0.09  (VIOLATED)
   u_fused_array/g_stripe[1].u_stripe/u_o_bank/g_row[5].g_group[1].u_mem/g_byte[3].u_sram/D[7]
                                0.14           0.05 r        -0.09  (VIOLATED)
   u_fused_array/g_stripe[1].u_stripe/u_o_bank/g_row[6].g_group[0].u_mem/g_byte[3].u_sram/D[7]
                                0.14           0.05 r        -0.09  (VIOLATED)
   u_fused_array/g_stripe[1].u_stripe/u_o_bank/g_row[6].g_group[1].u_mem/g_byte[3].u_sram/D[7]
                                0.14           0.05 r        -0.09  (VIOLATED)
   u_fused_array/g_stripe[1].u_stripe/u_o_bank/g_row[7].g_group[0].u_mem/g_byte[3].u_sram/D[7]
                                0.14           0.05 r        -0.09  (VIOLATED)
   u_fused_array/g_stripe[1].u_stripe/u_o_bank/g_row[7].g_group[1].u_mem/g_byte[3].u_sram/D[7]
                                0.14           0.05 r        -0.09  (VIOLATED)
   u_fused_array/g_stripe[2].u_stripe/u_o_bank/g_row[0].g_group[0].u_mem/g_byte[0].u_sram/D[1]
                                0.14           0.05 r        -0.09  (VIOLATED)
   u_fused_array/g_stripe[2].u_stripe/u_o_bank/g_row[0].g_group[0].u_mem/g_byte[0].u_sram/D[2]
                                0.14           0.05 r        -0.09  (VIOLATED)
   u_fused_array/g_stripe[2].u_stripe/u_o_bank/g_row[0].g_group[0].u_mem/g_byte[0].u_sram/D[3]
                                0.14           0.05 r        -0.09  (VIOLATED)
   u_fused_array/g_stripe[2].u_stripe/u_o_bank/g_row[0].g_group[0].u_mem/g_byte[0].u_sram/D[4]
                                0.14           0.05 r        -0.09  (VIOLATED)
   u_fused_array/g_stripe[2].u_stripe/u_o_bank/g_row[0].g_group[0].u_mem/g_byte[0].u_sram/D[5]
                                0.14           0.05 r        -0.09  (VIOLATED)
   u_fused_array/g_stripe[2].u_stripe/u_o_bank/g_row[0].g_group[0].u_mem/g_byte[0].u_sram/D[6]
                                0.14           0.05 r        -0.09  (VIOLATED)
   u_fused_array/g_stripe[2].u_stripe/u_o_bank/g_row[0].g_group[0].u_mem/g_byte[0].u_sram/D[7]
                                0.14           0.05 r        -0.09  (VIOLATED)
   u_fused_array/g_stripe[2].u_stripe/u_o_bank/g_row[0].g_group[0].u_mem/g_byte[1].u_sram/D[0]
                                0.14           0.05 r        -0.09  (VIOLATED)
   u_fused_array/g_stripe[2].u_stripe/u_o_bank/g_row[0].g_group[0].u_mem/g_byte[1].u_sram/D[1]
                                0.14           0.05 r        -0.09  (VIOLATED)
   u_fused_array/g_stripe[2].u_stripe/u_o_bank/g_row[0].g_group[0].u_mem/g_byte[1].u_sram/D[2]
                                0.14           0.05 r        -0.09  (VIOLATED)
   u_fused_array/g_stripe[2].u_stripe/u_o_bank/g_row[0].g_group[0].u_mem/g_byte[1].u_sram/D[3]
                                0.14           0.05 r        -0.09  (VIOLATED)
   u_fused_array/g_stripe[2].u_stripe/u_o_bank/g_row[0].g_group[0].u_mem/g_byte[1].u_sram/D[4]
                                0.14           0.05 r        -0.09  (VIOLATED)
   u_fused_array/g_stripe[2].u_stripe/u_o_bank/g_row[0].g_group[0].u_mem/g_byte[1].u_sram/D[5]
                                0.14           0.05 r        -0.09  (VIOLATED)
   u_fused_array/g_stripe[2].u_stripe/u_o_bank/g_row[0].g_group[0].u_mem/g_byte[1].u_sram/D[6]
                                0.14           0.05 r        -0.09  (VIOLATED)
   u_fused_array/g_stripe[2].u_stripe/u_o_bank/g_row[0].g_group[0].u_mem/g_byte[1].u_sram/D[7]
                                0.14           0.05 r        -0.09  (VIOLATED)
   u_fused_array/g_stripe[2].u_stripe/u_o_bank/g_row[0].g_group[0].u_mem/g_byte[2].u_sram/D[0]
                                0.14           0.05 r        -0.09  (VIOLATED)
   u_fused_array/g_stripe[2].u_stripe/u_o_bank/g_row[0].g_group[0].u_mem/g_byte[2].u_sram/D[1]
                                0.14           0.05 r        -0.09  (VIOLATED)
   u_fused_array/g_stripe[2].u_stripe/u_o_bank/g_row[0].g_group[0].u_mem/g_byte[2].u_sram/D[2]
                                0.14           0.05 r        -0.09  (VIOLATED)
   u_fused_array/g_stripe[2].u_stripe/u_o_bank/g_row[0].g_group[0].u_mem/g_byte[2].u_sram/D[3]
                                0.14           0.05 r        -0.09  (VIOLATED)
   u_fused_array/g_stripe[2].u_stripe/u_o_bank/g_row[0].g_group[0].u_mem/g_byte[2].u_sram/D[4]
                                0.14           0.05 r        -0.09  (VIOLATED)
   u_fused_array/g_stripe[2].u_stripe/u_o_bank/g_row[0].g_group[0].u_mem/g_byte[2].u_sram/D[5]
                                0.14           0.05 r        -0.09  (VIOLATED)
   u_fused_array/g_stripe[2].u_stripe/u_o_bank/g_row[0].g_group[0].u_mem/g_byte[2].u_sram/D[6]
                                0.14           0.05 r        -0.09  (VIOLATED)
   u_fused_array/g_stripe[2].u_stripe/u_o_bank/g_row[0].g_group[0].u_mem/g_byte[2].u_sram/D[7]
                                0.14           0.05 r        -0.09  (VIOLATED)
   u_fused_array/g_stripe[2].u_stripe/u_o_bank/g_row[0].g_group[0].u_mem/g_byte[3].u_sram/D[0]
                                0.14           0.05 r        -0.09  (VIOLATED)
   u_fused_array/g_stripe[2].u_stripe/u_o_bank/g_row[0].g_group[0].u_mem/g_byte[3].u_sram/D[1]
                                0.14           0.05 r        -0.09  (VIOLATED)
   u_fused_array/g_stripe[2].u_stripe/u_o_bank/g_row[0].g_group[0].u_mem/g_byte[3].u_sram/D[2]
                                0.14           0.05 r        -0.09  (VIOLATED)
   u_fused_array/g_stripe[2].u_stripe/u_o_bank/g_row[0].g_group[0].u_mem/g_byte[3].u_sram/D[3]
                                0.14           0.05 r        -0.09  (VIOLATED)
   u_fused_array/g_stripe[2].u_stripe/u_o_bank/g_row[0].g_group[0].u_mem/g_byte[3].u_sram/D[4]
                                0.14           0.05 r        -0.09  (VIOLATED)
   u_fused_array/g_stripe[2].u_stripe/u_o_bank/g_row[0].g_group[0].u_mem/g_byte[3].u_sram/D[5]
                                0.14           0.05 r        -0.09  (VIOLATED)
   u_fused_array/g_stripe[2].u_stripe/u_o_bank/g_row[0].g_group[0].u_mem/g_byte[3].u_sram/D[6]
                                0.14           0.05 r        -0.09  (VIOLATED)
   u_fused_array/g_stripe[2].u_stripe/u_o_bank/g_row[0].g_group[0].u_mem/g_byte[3].u_sram/D[7]
                                0.14           0.05 r        -0.09  (VIOLATED)
   u_fused_array/g_stripe[2].u_stripe/u_o_bank/g_row[0].g_group[1].u_mem/g_byte[0].u_sram/D[1]
                                0.14           0.05 r        -0.09  (VIOLATED)
   u_fused_array/g_stripe[2].u_stripe/u_o_bank/g_row[0].g_group[1].u_mem/g_byte[0].u_sram/D[2]
                                0.14           0.05 r        -0.09  (VIOLATED)
   u_fused_array/g_stripe[2].u_stripe/u_o_bank/g_row[0].g_group[1].u_mem/g_byte[0].u_sram/D[3]
                                0.14           0.05 r        -0.09  (VIOLATED)
   u_fused_array/g_stripe[2].u_stripe/u_o_bank/g_row[0].g_group[1].u_mem/g_byte[0].u_sram/D[4]
                                0.14           0.05 r        -0.09  (VIOLATED)
   u_fused_array/g_stripe[2].u_stripe/u_o_bank/g_row[0].g_group[1].u_mem/g_byte[0].u_sram/D[5]
                                0.14           0.05 r        -0.09  (VIOLATED)
   u_fused_array/g_stripe[2].u_stripe/u_o_bank/g_row[0].g_group[1].u_mem/g_byte[0].u_sram/D[6]
                                0.14           0.05 r        -0.09  (VIOLATED)
   u_fused_array/g_stripe[2].u_stripe/u_o_bank/g_row[0].g_group[1].u_mem/g_byte[0].u_sram/D[7]
                                0.14           0.05 r        -0.09  (VIOLATED)
   u_fused_array/g_stripe[2].u_stripe/u_o_bank/g_row[0].g_group[1].u_mem/g_byte[1].u_sram/D[0]
                                0.14           0.05 r        -0.09  (VIOLATED)
   u_fused_array/g_stripe[2].u_stripe/u_o_bank/g_row[0].g_group[1].u_mem/g_byte[1].u_sram/D[1]
                                0.14           0.05 r        -0.09  (VIOLATED)
   u_fused_array/g_stripe[2].u_stripe/u_o_bank/g_row[0].g_group[1].u_mem/g_byte[1].u_sram/D[2]
                                0.14           0.05 r        -0.09  (VIOLATED)
   u_fused_array/g_stripe[2].u_stripe/u_o_bank/g_row[0].g_group[1].u_mem/g_byte[1].u_sram/D[3]
                                0.14           0.05 r        -0.09  (VIOLATED)
   u_fused_array/g_stripe[2].u_stripe/u_o_bank/g_row[0].g_group[1].u_mem/g_byte[1].u_sram/D[4]
                                0.14           0.05 r        -0.09  (VIOLATED)
   u_fused_array/g_stripe[2].u_stripe/u_o_bank/g_row[0].g_group[1].u_mem/g_byte[1].u_sram/D[5]
                                0.14           0.05 r        -0.09  (VIOLATED)
   u_fused_array/g_stripe[2].u_stripe/u_o_bank/g_row[0].g_group[1].u_mem/g_byte[1].u_sram/D[6]
                                0.14           0.05 r        -0.09  (VIOLATED)
   u_fused_array/g_stripe[2].u_stripe/u_o_bank/g_row[0].g_group[1].u_mem/g_byte[1].u_sram/D[7]
                                0.14           0.05 r        -0.09  (VIOLATED)
   u_fused_array/g_stripe[2].u_stripe/u_o_bank/g_row[0].g_group[1].u_mem/g_byte[2].u_sram/D[0]
                                0.14           0.05 r        -0.09  (VIOLATED)
   u_fused_array/g_stripe[2].u_stripe/u_o_bank/g_row[0].g_group[1].u_mem/g_byte[2].u_sram/D[1]
                                0.14           0.05 r        -0.09  (VIOLATED)
   u_fused_array/g_stripe[2].u_stripe/u_o_bank/g_row[0].g_group[1].u_mem/g_byte[2].u_sram/D[2]
                                0.14           0.05 r        -0.09  (VIOLATED)
   u_fused_array/g_stripe[2].u_stripe/u_o_bank/g_row[0].g_group[1].u_mem/g_byte[2].u_sram/D[3]
                                0.14           0.05 r        -0.09  (VIOLATED)
   u_fused_array/g_stripe[2].u_stripe/u_o_bank/g_row[0].g_group[1].u_mem/g_byte[2].u_sram/D[4]
                                0.14           0.05 r        -0.09  (VIOLATED)
   u_fused_array/g_stripe[2].u_stripe/u_o_bank/g_row[0].g_group[1].u_mem/g_byte[2].u_sram/D[5]
                                0.14           0.05 r        -0.09  (VIOLATED)
   u_fused_array/g_stripe[2].u_stripe/u_o_bank/g_row[0].g_group[1].u_mem/g_byte[2].u_sram/D[6]
                                0.14           0.05 r        -0.09  (VIOLATED)
   u_fused_array/g_stripe[2].u_stripe/u_o_bank/g_row[0].g_group[1].u_mem/g_byte[2].u_sram/D[7]
                                0.14           0.05 r        -0.09  (VIOLATED)
   u_fused_array/g_stripe[2].u_stripe/u_o_bank/g_row[0].g_group[1].u_mem/g_byte[3].u_sram/D[0]
                                0.14           0.05 r        -0.09  (VIOLATED)
   u_fused_array/g_stripe[2].u_stripe/u_o_bank/g_row[0].g_group[1].u_mem/g_byte[3].u_sram/D[1]
                                0.14           0.05 r        -0.09  (VIOLATED)
   u_fused_array/g_stripe[2].u_stripe/u_o_bank/g_row[0].g_group[1].u_mem/g_byte[3].u_sram/D[2]
                                0.14           0.05 r        -0.09  (VIOLATED)
   u_fused_array/g_stripe[2].u_stripe/u_o_bank/g_row[0].g_group[1].u_mem/g_byte[3].u_sram/D[3]
                                0.14           0.05 r        -0.09  (VIOLATED)
   u_fused_array/g_stripe[2].u_stripe/u_o_bank/g_row[0].g_group[1].u_mem/g_byte[3].u_sram/D[4]
                                0.14           0.05 r        -0.09  (VIOLATED)
   u_fused_array/g_stripe[2].u_stripe/u_o_bank/g_row[0].g_group[1].u_mem/g_byte[3].u_sram/D[5]
                                0.14           0.05 r        -0.09  (VIOLATED)
   u_fused_array/g_stripe[2].u_stripe/u_o_bank/g_row[0].g_group[1].u_mem/g_byte[3].u_sram/D[6]
                                0.14           0.05 r        -0.09  (VIOLATED)
   u_fused_array/g_stripe[2].u_stripe/u_o_bank/g_row[0].g_group[1].u_mem/g_byte[3].u_sram/D[7]
                                0.14           0.05 r        -0.09  (VIOLATED)
   u_fused_array/g_stripe[2].u_stripe/u_o_bank/g_row[1].g_group[0].u_mem/g_byte[0].u_sram/D[1]
                                0.14           0.05 r        -0.09  (VIOLATED)
   u_fused_array/g_stripe[2].u_stripe/u_o_bank/g_row[1].g_group[0].u_mem/g_byte[0].u_sram/D[2]
                                0.14           0.05 r        -0.09  (VIOLATED)
   u_fused_array/g_stripe[2].u_stripe/u_o_bank/g_row[1].g_group[0].u_mem/g_byte[0].u_sram/D[3]
                                0.14           0.05 r        -0.09  (VIOLATED)
   u_fused_array/g_stripe[2].u_stripe/u_o_bank/g_row[1].g_group[0].u_mem/g_byte[0].u_sram/D[4]
                                0.14           0.05 r        -0.09  (VIOLATED)
   u_fused_array/g_stripe[2].u_stripe/u_o_bank/g_row[1].g_group[0].u_mem/g_byte[0].u_sram/D[5]
                                0.14           0.05 r        -0.09  (VIOLATED)
   u_fused_array/g_stripe[2].u_stripe/u_o_bank/g_row[1].g_group[0].u_mem/g_byte[0].u_sram/D[6]
                                0.14           0.05 r        -0.09  (VIOLATED)
   u_fused_array/g_stripe[2].u_stripe/u_o_bank/g_row[1].g_group[0].u_mem/g_byte[0].u_sram/D[7]
                                0.14           0.05 r        -0.09  (VIOLATED)
   u_fused_array/g_stripe[2].u_stripe/u_o_bank/g_row[1].g_group[0].u_mem/g_byte[1].u_sram/D[0]
                                0.14           0.05 r        -0.09  (VIOLATED)
   u_fused_array/g_stripe[2].u_stripe/u_o_bank/g_row[1].g_group[0].u_mem/g_byte[1].u_sram/D[1]
                                0.14           0.05 r        -0.09  (VIOLATED)
   u_fused_array/g_stripe[2].u_stripe/u_o_bank/g_row[1].g_group[0].u_mem/g_byte[1].u_sram/D[2]
                                0.14           0.05 r        -0.09  (VIOLATED)
   u_fused_array/g_stripe[2].u_stripe/u_o_bank/g_row[1].g_group[0].u_mem/g_byte[1].u_sram/D[3]
                                0.14           0.05 r        -0.09  (VIOLATED)
   u_fused_array/g_stripe[2].u_stripe/u_o_bank/g_row[1].g_group[0].u_mem/g_byte[1].u_sram/D[4]
                                0.14           0.05 r        -0.09  (VIOLATED)
   u_fused_array/g_stripe[2].u_stripe/u_o_bank/g_row[1].g_group[0].u_mem/g_byte[1].u_sram/D[5]
                                0.14           0.05 r        -0.09  (VIOLATED)
   u_fused_array/g_stripe[2].u_stripe/u_o_bank/g_row[1].g_group[0].u_mem/g_byte[1].u_sram/D[6]
                                0.14           0.05 r        -0.09  (VIOLATED)
   u_fused_array/g_stripe[2].u_stripe/u_o_bank/g_row[1].g_group[0].u_mem/g_byte[1].u_sram/D[7]
                                0.14           0.05 r        -0.09  (VIOLATED)
   u_fused_array/g_stripe[2].u_stripe/u_o_bank/g_row[1].g_group[0].u_mem/g_byte[2].u_sram/D[0]
                                0.14           0.05 r        -0.09  (VIOLATED)
   u_fused_array/g_stripe[2].u_stripe/u_o_bank/g_row[1].g_group[0].u_mem/g_byte[2].u_sram/D[1]
                                0.14           0.05 r        -0.09  (VIOLATED)
   u_fused_array/g_stripe[2].u_stripe/u_o_bank/g_row[1].g_group[0].u_mem/g_byte[2].u_sram/D[2]
                                0.14           0.05 r        -0.09  (VIOLATED)
   u_fused_array/g_stripe[2].u_stripe/u_o_bank/g_row[1].g_group[0].u_mem/g_byte[2].u_sram/D[3]
                                0.14           0.05 r        -0.09  (VIOLATED)
   u_fused_array/g_stripe[2].u_stripe/u_o_bank/g_row[1].g_group[0].u_mem/g_byte[2].u_sram/D[4]
                                0.14           0.05 r        -0.09  (VIOLATED)
   u_fused_array/g_stripe[2].u_stripe/u_o_bank/g_row[1].g_group[0].u_mem/g_byte[2].u_sram/D[5]
                                0.14           0.05 r        -0.09  (VIOLATED)
   u_fused_array/g_stripe[2].u_stripe/u_o_bank/g_row[1].g_group[0].u_mem/g_byte[2].u_sram/D[6]
                                0.14           0.05 r        -0.09  (VIOLATED)
   u_fused_array/g_stripe[2].u_stripe/u_o_bank/g_row[1].g_group[0].u_mem/g_byte[2].u_sram/D[7]
                                0.14           0.05 r        -0.09  (VIOLATED)
   u_fused_array/g_stripe[2].u_stripe/u_o_bank/g_row[1].g_group[0].u_mem/g_byte[3].u_sram/D[0]
                                0.14           0.05 r        -0.09  (VIOLATED)
   u_fused_array/g_stripe[2].u_stripe/u_o_bank/g_row[1].g_group[0].u_mem/g_byte[3].u_sram/D[1]
                                0.14           0.05 r        -0.09  (VIOLATED)
   u_fused_array/g_stripe[2].u_stripe/u_o_bank/g_row[1].g_group[0].u_mem/g_byte[3].u_sram/D[2]
                                0.14           0.05 r        -0.09  (VIOLATED)
   u_fused_array/g_stripe[2].u_stripe/u_o_bank/g_row[1].g_group[0].u_mem/g_byte[3].u_sram/D[3]
                                0.14           0.05 r        -0.09  (VIOLATED)
   u_fused_array/g_stripe[2].u_stripe/u_o_bank/g_row[1].g_group[0].u_mem/g_byte[3].u_sram/D[4]
                                0.14           0.05 r        -0.09  (VIOLATED)
   u_fused_array/g_stripe[2].u_stripe/u_o_bank/g_row[1].g_group[0].u_mem/g_byte[3].u_sram/D[5]
                                0.14           0.05 r        -0.09  (VIOLATED)
   u_fused_array/g_stripe[2].u_stripe/u_o_bank/g_row[1].g_group[0].u_mem/g_byte[3].u_sram/D[6]
                                0.14           0.05 r        -0.09  (VIOLATED)
   u_fused_array/g_stripe[2].u_stripe/u_o_bank/g_row[1].g_group[0].u_mem/g_byte[3].u_sram/D[7]
                                0.14           0.05 r        -0.09  (VIOLATED)
   u_fused_array/g_stripe[2].u_stripe/u_o_bank/g_row[1].g_group[1].u_mem/g_byte[0].u_sram/D[1]
                                0.14           0.05 r        -0.09  (VIOLATED)
   u_fused_array/g_stripe[2].u_stripe/u_o_bank/g_row[1].g_group[1].u_mem/g_byte[0].u_sram/D[2]
                                0.14           0.05 r        -0.09  (VIOLATED)
   u_fused_array/g_stripe[2].u_stripe/u_o_bank/g_row[1].g_group[1].u_mem/g_byte[0].u_sram/D[3]
                                0.14           0.05 r        -0.09  (VIOLATED)
   u_fused_array/g_stripe[2].u_stripe/u_o_bank/g_row[1].g_group[1].u_mem/g_byte[0].u_sram/D[4]
                                0.14           0.05 r        -0.09  (VIOLATED)
   u_fused_array/g_stripe[2].u_stripe/u_o_bank/g_row[1].g_group[1].u_mem/g_byte[0].u_sram/D[5]
                                0.14           0.05 r        -0.09  (VIOLATED)
   u_fused_array/g_stripe[2].u_stripe/u_o_bank/g_row[1].g_group[1].u_mem/g_byte[0].u_sram/D[6]
                                0.14           0.05 r        -0.09  (VIOLATED)
   u_fused_array/g_stripe[2].u_stripe/u_o_bank/g_row[1].g_group[1].u_mem/g_byte[0].u_sram/D[7]
                                0.14           0.05 r        -0.09  (VIOLATED)
   u_fused_array/g_stripe[2].u_stripe/u_o_bank/g_row[1].g_group[1].u_mem/g_byte[1].u_sram/D[0]
                                0.14           0.05 r        -0.09  (VIOLATED)
   u_fused_array/g_stripe[2].u_stripe/u_o_bank/g_row[1].g_group[1].u_mem/g_byte[1].u_sram/D[1]
                                0.14           0.05 r        -0.09  (VIOLATED)
   u_fused_array/g_stripe[2].u_stripe/u_o_bank/g_row[1].g_group[1].u_mem/g_byte[1].u_sram/D[2]
                                0.14           0.05 r        -0.09  (VIOLATED)
   u_fused_array/g_stripe[2].u_stripe/u_o_bank/g_row[1].g_group[1].u_mem/g_byte[1].u_sram/D[3]
                                0.14           0.05 r        -0.09  (VIOLATED)
   u_fused_array/g_stripe[2].u_stripe/u_o_bank/g_row[1].g_group[1].u_mem/g_byte[1].u_sram/D[4]
                                0.14           0.05 r        -0.09  (VIOLATED)
   u_fused_array/g_stripe[2].u_stripe/u_o_bank/g_row[1].g_group[1].u_mem/g_byte[1].u_sram/D[5]
                                0.14           0.05 r        -0.09  (VIOLATED)
   u_fused_array/g_stripe[2].u_stripe/u_o_bank/g_row[1].g_group[1].u_mem/g_byte[1].u_sram/D[6]
                                0.14           0.05 r        -0.09  (VIOLATED)
   u_fused_array/g_stripe[2].u_stripe/u_o_bank/g_row[1].g_group[1].u_mem/g_byte[1].u_sram/D[7]
                                0.14           0.05 r        -0.09  (VIOLATED)
   u_fused_array/g_stripe[2].u_stripe/u_o_bank/g_row[1].g_group[1].u_mem/g_byte[2].u_sram/D[0]
                                0.14           0.05 r        -0.09  (VIOLATED)
   u_fused_array/g_stripe[2].u_stripe/u_o_bank/g_row[1].g_group[1].u_mem/g_byte[2].u_sram/D[1]
                                0.14           0.05 r        -0.09  (VIOLATED)
   u_fused_array/g_stripe[2].u_stripe/u_o_bank/g_row[1].g_group[1].u_mem/g_byte[2].u_sram/D[2]
                                0.14           0.05 r        -0.09  (VIOLATED)
   u_fused_array/g_stripe[2].u_stripe/u_o_bank/g_row[1].g_group[1].u_mem/g_byte[2].u_sram/D[3]
                                0.14           0.05 r        -0.09  (VIOLATED)
   u_fused_array/g_stripe[2].u_stripe/u_o_bank/g_row[1].g_group[1].u_mem/g_byte[2].u_sram/D[4]
                                0.14           0.05 r        -0.09  (VIOLATED)
   u_fused_array/g_stripe[2].u_stripe/u_o_bank/g_row[1].g_group[1].u_mem/g_byte[2].u_sram/D[5]
                                0.14           0.05 r        -0.09  (VIOLATED)
   u_fused_array/g_stripe[2].u_stripe/u_o_bank/g_row[1].g_group[1].u_mem/g_byte[2].u_sram/D[6]
                                0.14           0.05 r        -0.09  (VIOLATED)
   u_fused_array/g_stripe[2].u_stripe/u_o_bank/g_row[1].g_group[1].u_mem/g_byte[2].u_sram/D[7]
                                0.14           0.05 r        -0.09  (VIOLATED)
   u_fused_array/g_stripe[2].u_stripe/u_o_bank/g_row[1].g_group[1].u_mem/g_byte[3].u_sram/D[0]
                                0.14           0.05 r        -0.09  (VIOLATED)
   u_fused_array/g_stripe[2].u_stripe/u_o_bank/g_row[1].g_group[1].u_mem/g_byte[3].u_sram/D[1]
                                0.14           0.05 r        -0.09  (VIOLATED)
   u_fused_array/g_stripe[2].u_stripe/u_o_bank/g_row[1].g_group[1].u_mem/g_byte[3].u_sram/D[2]
                                0.14           0.05 r        -0.09  (VIOLATED)
   u_fused_array/g_stripe[2].u_stripe/u_o_bank/g_row[1].g_group[1].u_mem/g_byte[3].u_sram/D[3]
                                0.14           0.05 r        -0.09  (VIOLATED)
   u_fused_array/g_stripe[2].u_stripe/u_o_bank/g_row[1].g_group[1].u_mem/g_byte[3].u_sram/D[4]
                                0.14           0.05 r        -0.09  (VIOLATED)
   u_fused_array/g_stripe[2].u_stripe/u_o_bank/g_row[1].g_group[1].u_mem/g_byte[3].u_sram/D[5]
                                0.14           0.05 r        -0.09  (VIOLATED)
   u_fused_array/g_stripe[2].u_stripe/u_o_bank/g_row[1].g_group[1].u_mem/g_byte[3].u_sram/D[6]
                                0.14           0.05 r        -0.09  (VIOLATED)
   u_fused_array/g_stripe[2].u_stripe/u_o_bank/g_row[1].g_group[1].u_mem/g_byte[3].u_sram/D[7]
                                0.14           0.05 r        -0.09  (VIOLATED)
   u_fused_array/g_stripe[2].u_stripe/u_o_bank/g_row[3].g_group[0].u_mem/g_byte[3].u_sram/D[7]
                                0.14           0.05 r        -0.09  (VIOLATED)
   u_fused_array/g_stripe[2].u_stripe/u_o_bank/g_row[3].g_group[1].u_mem/g_byte[3].u_sram/D[7]
                                0.14           0.05 r        -0.09  (VIOLATED)
   u_fused_array/g_stripe[2].u_stripe/u_o_bank/g_row[4].g_group[0].u_mem/g_byte[3].u_sram/D[7]
                                0.14           0.05 r        -0.09  (VIOLATED)
   u_fused_array/g_stripe[2].u_stripe/u_o_bank/g_row[4].g_group[1].u_mem/g_byte[3].u_sram/D[7]
                                0.14           0.05 r        -0.09  (VIOLATED)
   u_fused_array/g_stripe[2].u_stripe/u_o_bank/g_row[5].g_group[0].u_mem/g_byte[3].u_sram/D[7]
                                0.14           0.05 r        -0.09  (VIOLATED)
   u_fused_array/g_stripe[2].u_stripe/u_o_bank/g_row[5].g_group[1].u_mem/g_byte[3].u_sram/D[7]
                                0.14           0.05 r        -0.09  (VIOLATED)
   u_fused_array/g_stripe[2].u_stripe/u_o_bank/g_row[6].g_group[0].u_mem/g_byte[3].u_sram/D[7]
                                0.14           0.05 r        -0.09  (VIOLATED)
   u_fused_array/g_stripe[2].u_stripe/u_o_bank/g_row[6].g_group[1].u_mem/g_byte[3].u_sram/D[7]
                                0.14           0.05 r        -0.09  (VIOLATED)
   u_fused_array/g_stripe[2].u_stripe/u_o_bank/g_row[7].g_group[0].u_mem/g_byte[3].u_sram/D[7]
                                0.14           0.05 r        -0.09  (VIOLATED)
   u_fused_array/g_stripe[2].u_stripe/u_o_bank/g_row[7].g_group[1].u_mem/g_byte[3].u_sram/D[7]
                                0.14           0.05 r        -0.09  (VIOLATED)
   u_fused_array/g_stripe[3].u_stripe/u_o_bank/g_row[0].g_group[0].u_mem/g_byte[0].u_sram/D[1]
                                0.14           0.05 r        -0.09  (VIOLATED)
   u_fused_array/g_stripe[3].u_stripe/u_o_bank/g_row[0].g_group[0].u_mem/g_byte[0].u_sram/D[2]
                                0.14           0.05 r        -0.09  (VIOLATED)
   u_fused_array/g_stripe[3].u_stripe/u_o_bank/g_row[0].g_group[0].u_mem/g_byte[0].u_sram/D[3]
                                0.14           0.05 r        -0.09  (VIOLATED)
   u_fused_array/g_stripe[3].u_stripe/u_o_bank/g_row[0].g_group[0].u_mem/g_byte[0].u_sram/D[4]
                                0.14           0.05 r        -0.09  (VIOLATED)
   u_fused_array/g_stripe[3].u_stripe/u_o_bank/g_row[0].g_group[0].u_mem/g_byte[0].u_sram/D[5]
                                0.14           0.05 r        -0.09  (VIOLATED)
   u_fused_array/g_stripe[3].u_stripe/u_o_bank/g_row[0].g_group[0].u_mem/g_byte[0].u_sram/D[6]
                                0.14           0.05 r        -0.09  (VIOLATED)
   u_fused_array/g_stripe[3].u_stripe/u_o_bank/g_row[0].g_group[0].u_mem/g_byte[0].u_sram/D[7]
                                0.14           0.05 r        -0.09  (VIOLATED)
   u_fused_array/g_stripe[3].u_stripe/u_o_bank/g_row[0].g_group[0].u_mem/g_byte[1].u_sram/D[0]
                                0.14           0.05 r        -0.09  (VIOLATED)
   u_fused_array/g_stripe[3].u_stripe/u_o_bank/g_row[0].g_group[0].u_mem/g_byte[1].u_sram/D[1]
                                0.14           0.05 r        -0.09  (VIOLATED)
   u_fused_array/g_stripe[3].u_stripe/u_o_bank/g_row[0].g_group[0].u_mem/g_byte[1].u_sram/D[2]
                                0.14           0.05 r        -0.09  (VIOLATED)
   u_fused_array/g_stripe[3].u_stripe/u_o_bank/g_row[0].g_group[0].u_mem/g_byte[1].u_sram/D[3]
                                0.14           0.05 r        -0.09  (VIOLATED)
   u_fused_array/g_stripe[3].u_stripe/u_o_bank/g_row[0].g_group[0].u_mem/g_byte[1].u_sram/D[4]
                                0.14           0.05 r        -0.09  (VIOLATED)
   u_fused_array/g_stripe[3].u_stripe/u_o_bank/g_row[0].g_group[0].u_mem/g_byte[1].u_sram/D[5]
                                0.14           0.05 r        -0.09  (VIOLATED)
   u_fused_array/g_stripe[3].u_stripe/u_o_bank/g_row[0].g_group[0].u_mem/g_byte[1].u_sram/D[6]
                                0.14           0.05 r        -0.09  (VIOLATED)
   u_fused_array/g_stripe[3].u_stripe/u_o_bank/g_row[0].g_group[0].u_mem/g_byte[1].u_sram/D[7]
                                0.14           0.05 r        -0.09  (VIOLATED)
   u_fused_array/g_stripe[3].u_stripe/u_o_bank/g_row[0].g_group[0].u_mem/g_byte[2].u_sram/D[0]
                                0.14           0.05 r        -0.09  (VIOLATED)
   u_fused_array/g_stripe[3].u_stripe/u_o_bank/g_row[0].g_group[0].u_mem/g_byte[2].u_sram/D[1]
                                0.14           0.05 r        -0.09  (VIOLATED)
   u_fused_array/g_stripe[3].u_stripe/u_o_bank/g_row[0].g_group[0].u_mem/g_byte[2].u_sram/D[2]
                                0.14           0.05 r        -0.09  (VIOLATED)
   u_fused_array/g_stripe[3].u_stripe/u_o_bank/g_row[0].g_group[0].u_mem/g_byte[2].u_sram/D[3]
                                0.14           0.05 r        -0.09  (VIOLATED)
   u_fused_array/g_stripe[3].u_stripe/u_o_bank/g_row[0].g_group[0].u_mem/g_byte[2].u_sram/D[4]
                                0.14           0.05 r        -0.09  (VIOLATED)
   u_fused_array/g_stripe[3].u_stripe/u_o_bank/g_row[0].g_group[0].u_mem/g_byte[2].u_sram/D[5]
                                0.14           0.05 r        -0.09  (VIOLATED)
   u_fused_array/g_stripe[3].u_stripe/u_o_bank/g_row[0].g_group[0].u_mem/g_byte[2].u_sram/D[6]
                                0.14           0.05 r        -0.09  (VIOLATED)
   u_fused_array/g_stripe[3].u_stripe/u_o_bank/g_row[0].g_group[0].u_mem/g_byte[2].u_sram/D[7]
                                0.14           0.05 r        -0.09  (VIOLATED)
   u_fused_array/g_stripe[3].u_stripe/u_o_bank/g_row[0].g_group[0].u_mem/g_byte[3].u_sram/D[0]
                                0.14           0.05 r        -0.09  (VIOLATED)
   u_fused_array/g_stripe[3].u_stripe/u_o_bank/g_row[0].g_group[0].u_mem/g_byte[3].u_sram/D[1]
                                0.14           0.05 r        -0.09  (VIOLATED)
   u_fused_array/g_stripe[3].u_stripe/u_o_bank/g_row[0].g_group[0].u_mem/g_byte[3].u_sram/D[2]
                                0.14           0.05 r        -0.09  (VIOLATED)
   u_fused_array/g_stripe[3].u_stripe/u_o_bank/g_row[0].g_group[0].u_mem/g_byte[3].u_sram/D[3]
                                0.14           0.05 r        -0.09  (VIOLATED)
   u_fused_array/g_stripe[3].u_stripe/u_o_bank/g_row[0].g_group[0].u_mem/g_byte[3].u_sram/D[4]
                                0.14           0.05 r        -0.09  (VIOLATED)
   u_fused_array/g_stripe[3].u_stripe/u_o_bank/g_row[0].g_group[0].u_mem/g_byte[3].u_sram/D[5]
                                0.14           0.05 r        -0.09  (VIOLATED)
   u_fused_array/g_stripe[3].u_stripe/u_o_bank/g_row[0].g_group[0].u_mem/g_byte[3].u_sram/D[6]
                                0.14           0.05 r        -0.09  (VIOLATED)
   u_fused_array/g_stripe[3].u_stripe/u_o_bank/g_row[0].g_group[0].u_mem/g_byte[3].u_sram/D[7]
                                0.14           0.05 r        -0.09  (VIOLATED)
   u_fused_array/g_stripe[3].u_stripe/u_o_bank/g_row[0].g_group[1].u_mem/g_byte[0].u_sram/D[1]
                                0.14           0.05 r        -0.09  (VIOLATED)
   u_fused_array/g_stripe[3].u_stripe/u_o_bank/g_row[0].g_group[1].u_mem/g_byte[0].u_sram/D[2]
                                0.14           0.05 r        -0.09  (VIOLATED)
   u_fused_array/g_stripe[3].u_stripe/u_o_bank/g_row[0].g_group[1].u_mem/g_byte[0].u_sram/D[3]
                                0.14           0.05 r        -0.09  (VIOLATED)
   u_fused_array/g_stripe[3].u_stripe/u_o_bank/g_row[0].g_group[1].u_mem/g_byte[0].u_sram/D[4]
                                0.14           0.05 r        -0.09  (VIOLATED)
   u_fused_array/g_stripe[3].u_stripe/u_o_bank/g_row[0].g_group[1].u_mem/g_byte[0].u_sram/D[5]
                                0.14           0.05 r        -0.09  (VIOLATED)
   u_fused_array/g_stripe[3].u_stripe/u_o_bank/g_row[0].g_group[1].u_mem/g_byte[0].u_sram/D[6]
                                0.14           0.05 r        -0.09  (VIOLATED)
   u_fused_array/g_stripe[3].u_stripe/u_o_bank/g_row[0].g_group[1].u_mem/g_byte[0].u_sram/D[7]
                                0.14           0.05 r        -0.09  (VIOLATED)
   u_fused_array/g_stripe[3].u_stripe/u_o_bank/g_row[0].g_group[1].u_mem/g_byte[1].u_sram/D[0]
                                0.14           0.05 r        -0.09  (VIOLATED)
   u_fused_array/g_stripe[3].u_stripe/u_o_bank/g_row[0].g_group[1].u_mem/g_byte[1].u_sram/D[1]
                                0.14           0.05 r        -0.09  (VIOLATED)
   u_fused_array/g_stripe[3].u_stripe/u_o_bank/g_row[0].g_group[1].u_mem/g_byte[1].u_sram/D[2]
                                0.14           0.05 r        -0.09  (VIOLATED)
   u_fused_array/g_stripe[3].u_stripe/u_o_bank/g_row[0].g_group[1].u_mem/g_byte[1].u_sram/D[3]
                                0.14           0.05 r        -0.09  (VIOLATED)
   u_fused_array/g_stripe[3].u_stripe/u_o_bank/g_row[0].g_group[1].u_mem/g_byte[1].u_sram/D[4]
                                0.14           0.05 r        -0.09  (VIOLATED)
   u_fused_array/g_stripe[3].u_stripe/u_o_bank/g_row[0].g_group[1].u_mem/g_byte[1].u_sram/D[5]
                                0.14           0.05 r        -0.09  (VIOLATED)
   u_fused_array/g_stripe[3].u_stripe/u_o_bank/g_row[0].g_group[1].u_mem/g_byte[1].u_sram/D[6]
                                0.14           0.05 r        -0.09  (VIOLATED)
   u_fused_array/g_stripe[3].u_stripe/u_o_bank/g_row[0].g_group[1].u_mem/g_byte[1].u_sram/D[7]
                                0.14           0.05 r        -0.09  (VIOLATED)
   u_fused_array/g_stripe[3].u_stripe/u_o_bank/g_row[0].g_group[1].u_mem/g_byte[2].u_sram/D[0]
                                0.14           0.05 r        -0.09  (VIOLATED)
   u_fused_array/g_stripe[3].u_stripe/u_o_bank/g_row[0].g_group[1].u_mem/g_byte[2].u_sram/D[1]
                                0.14           0.05 r        -0.09  (VIOLATED)
   u_fused_array/g_stripe[3].u_stripe/u_o_bank/g_row[0].g_group[1].u_mem/g_byte[2].u_sram/D[2]
                                0.14           0.05 r        -0.09  (VIOLATED)
   u_fused_array/g_stripe[3].u_stripe/u_o_bank/g_row[0].g_group[1].u_mem/g_byte[2].u_sram/D[3]
                                0.14           0.05 r        -0.09  (VIOLATED)
   u_fused_array/g_stripe[3].u_stripe/u_o_bank/g_row[0].g_group[1].u_mem/g_byte[2].u_sram/D[4]
                                0.14           0.05 r        -0.09  (VIOLATED)
   u_fused_array/g_stripe[3].u_stripe/u_o_bank/g_row[0].g_group[1].u_mem/g_byte[2].u_sram/D[5]
                                0.14           0.05 r        -0.09  (VIOLATED)
   u_fused_array/g_stripe[3].u_stripe/u_o_bank/g_row[0].g_group[1].u_mem/g_byte[2].u_sram/D[6]
                                0.14           0.05 r        -0.09  (VIOLATED)
   u_fused_array/g_stripe[3].u_stripe/u_o_bank/g_row[0].g_group[1].u_mem/g_byte[2].u_sram/D[7]
                                0.14           0.05 r        -0.09  (VIOLATED)
   u_fused_array/g_stripe[3].u_stripe/u_o_bank/g_row[0].g_group[1].u_mem/g_byte[3].u_sram/D[0]
                                0.14           0.05 r        -0.09  (VIOLATED)
   u_fused_array/g_stripe[3].u_stripe/u_o_bank/g_row[0].g_group[1].u_mem/g_byte[3].u_sram/D[1]
                                0.14           0.05 r        -0.09  (VIOLATED)
   u_fused_array/g_stripe[3].u_stripe/u_o_bank/g_row[0].g_group[1].u_mem/g_byte[3].u_sram/D[2]
                                0.14           0.05 r        -0.09  (VIOLATED)
   u_fused_array/g_stripe[3].u_stripe/u_o_bank/g_row[0].g_group[1].u_mem/g_byte[3].u_sram/D[3]
                                0.14           0.05 r        -0.09  (VIOLATED)
   u_fused_array/g_stripe[3].u_stripe/u_o_bank/g_row[0].g_group[1].u_mem/g_byte[3].u_sram/D[4]
                                0.14           0.05 r        -0.09  (VIOLATED)
   u_fused_array/g_stripe[3].u_stripe/u_o_bank/g_row[0].g_group[1].u_mem/g_byte[3].u_sram/D[5]
                                0.14           0.05 r        -0.09  (VIOLATED)
   u_fused_array/g_stripe[3].u_stripe/u_o_bank/g_row[0].g_group[1].u_mem/g_byte[3].u_sram/D[6]
                                0.14           0.05 r        -0.09  (VIOLATED)
   u_fused_array/g_stripe[3].u_stripe/u_o_bank/g_row[0].g_group[1].u_mem/g_byte[3].u_sram/D[7]
                                0.14           0.05 r        -0.09  (VIOLATED)
   u_fused_array/g_stripe[3].u_stripe/u_o_bank/g_row[1].g_group[0].u_mem/g_byte[0].u_sram/D[1]
                                0.14           0.05 r        -0.09  (VIOLATED)
   u_fused_array/g_stripe[3].u_stripe/u_o_bank/g_row[1].g_group[0].u_mem/g_byte[0].u_sram/D[2]
                                0.14           0.05 r        -0.09  (VIOLATED)
   u_fused_array/g_stripe[3].u_stripe/u_o_bank/g_row[1].g_group[0].u_mem/g_byte[0].u_sram/D[3]
                                0.14           0.05 r        -0.09  (VIOLATED)
   u_fused_array/g_stripe[3].u_stripe/u_o_bank/g_row[1].g_group[0].u_mem/g_byte[0].u_sram/D[4]
                                0.14           0.05 r        -0.09  (VIOLATED)
   u_fused_array/g_stripe[3].u_stripe/u_o_bank/g_row[1].g_group[0].u_mem/g_byte[0].u_sram/D[5]
                                0.14           0.05 r        -0.09  (VIOLATED)
   u_fused_array/g_stripe[3].u_stripe/u_o_bank/g_row[1].g_group[0].u_mem/g_byte[0].u_sram/D[6]
                                0.14           0.05 r        -0.09  (VIOLATED)
   u_fused_array/g_stripe[3].u_stripe/u_o_bank/g_row[1].g_group[0].u_mem/g_byte[0].u_sram/D[7]
                                0.14           0.05 r        -0.09  (VIOLATED)
   u_fused_array/g_stripe[3].u_stripe/u_o_bank/g_row[1].g_group[0].u_mem/g_byte[1].u_sram/D[0]
                                0.14           0.05 r        -0.09  (VIOLATED)
   u_fused_array/g_stripe[3].u_stripe/u_o_bank/g_row[1].g_group[0].u_mem/g_byte[1].u_sram/D[1]
                                0.14           0.05 r        -0.09  (VIOLATED)
   u_fused_array/g_stripe[3].u_stripe/u_o_bank/g_row[1].g_group[0].u_mem/g_byte[1].u_sram/D[2]
                                0.14           0.05 r        -0.09  (VIOLATED)
   u_fused_array/g_stripe[3].u_stripe/u_o_bank/g_row[1].g_group[0].u_mem/g_byte[1].u_sram/D[3]
                                0.14           0.05 r        -0.09  (VIOLATED)
   u_fused_array/g_stripe[3].u_stripe/u_o_bank/g_row[1].g_group[0].u_mem/g_byte[1].u_sram/D[4]
                                0.14           0.05 r        -0.09  (VIOLATED)
   u_fused_array/g_stripe[3].u_stripe/u_o_bank/g_row[1].g_group[0].u_mem/g_byte[1].u_sram/D[5]
                                0.14           0.05 r        -0.09  (VIOLATED)
   u_fused_array/g_stripe[3].u_stripe/u_o_bank/g_row[1].g_group[0].u_mem/g_byte[1].u_sram/D[6]
                                0.14           0.05 r        -0.09  (VIOLATED)
   u_fused_array/g_stripe[3].u_stripe/u_o_bank/g_row[1].g_group[0].u_mem/g_byte[1].u_sram/D[7]
                                0.14           0.05 r        -0.09  (VIOLATED)
   u_fused_array/g_stripe[3].u_stripe/u_o_bank/g_row[1].g_group[0].u_mem/g_byte[2].u_sram/D[0]
                                0.14           0.05 r        -0.09  (VIOLATED)
   u_fused_array/g_stripe[3].u_stripe/u_o_bank/g_row[1].g_group[0].u_mem/g_byte[2].u_sram/D[1]
                                0.14           0.05 r        -0.09  (VIOLATED)
   u_fused_array/g_stripe[3].u_stripe/u_o_bank/g_row[1].g_group[0].u_mem/g_byte[2].u_sram/D[2]
                                0.14           0.05 r        -0.09  (VIOLATED)
   u_fused_array/g_stripe[3].u_stripe/u_o_bank/g_row[1].g_group[0].u_mem/g_byte[2].u_sram/D[3]
                                0.14           0.05 r        -0.09  (VIOLATED)
   u_fused_array/g_stripe[3].u_stripe/u_o_bank/g_row[1].g_group[0].u_mem/g_byte[2].u_sram/D[4]
                                0.14           0.05 r        -0.09  (VIOLATED)
   u_fused_array/g_stripe[3].u_stripe/u_o_bank/g_row[1].g_group[0].u_mem/g_byte[2].u_sram/D[5]
                                0.14           0.05 r        -0.09  (VIOLATED)
   u_fused_array/g_stripe[3].u_stripe/u_o_bank/g_row[1].g_group[0].u_mem/g_byte[2].u_sram/D[6]
                                0.14           0.05 r        -0.09  (VIOLATED)
   u_fused_array/g_stripe[3].u_stripe/u_o_bank/g_row[1].g_group[0].u_mem/g_byte[2].u_sram/D[7]
                                0.14           0.05 r        -0.09  (VIOLATED)
   u_fused_array/g_stripe[3].u_stripe/u_o_bank/g_row[1].g_group[0].u_mem/g_byte[3].u_sram/D[0]
                                0.14           0.05 r        -0.09  (VIOLATED)
   u_fused_array/g_stripe[3].u_stripe/u_o_bank/g_row[1].g_group[0].u_mem/g_byte[3].u_sram/D[1]
                                0.14           0.05 r        -0.09  (VIOLATED)
   u_fused_array/g_stripe[3].u_stripe/u_o_bank/g_row[1].g_group[0].u_mem/g_byte[3].u_sram/D[2]
                                0.14           0.05 r        -0.09  (VIOLATED)
   u_fused_array/g_stripe[3].u_stripe/u_o_bank/g_row[1].g_group[0].u_mem/g_byte[3].u_sram/D[3]
                                0.14           0.05 r        -0.09  (VIOLATED)
   u_fused_array/g_stripe[3].u_stripe/u_o_bank/g_row[1].g_group[0].u_mem/g_byte[3].u_sram/D[4]
                                0.14           0.05 r        -0.09  (VIOLATED)
   u_fused_array/g_stripe[3].u_stripe/u_o_bank/g_row[1].g_group[0].u_mem/g_byte[3].u_sram/D[5]
                                0.14           0.05 r        -0.09  (VIOLATED)
   u_fused_array/g_stripe[3].u_stripe/u_o_bank/g_row[1].g_group[0].u_mem/g_byte[3].u_sram/D[6]
                                0.14           0.05 r        -0.09  (VIOLATED)
   u_fused_array/g_stripe[3].u_stripe/u_o_bank/g_row[1].g_group[0].u_mem/g_byte[3].u_sram/D[7]
                                0.14           0.05 r        -0.09  (VIOLATED)
   u_fused_array/g_stripe[3].u_stripe/u_o_bank/g_row[1].g_group[1].u_mem/g_byte[0].u_sram/D[1]
                                0.14           0.05 r        -0.09  (VIOLATED)
   u_fused_array/g_stripe[3].u_stripe/u_o_bank/g_row[1].g_group[1].u_mem/g_byte[0].u_sram/D[2]
                                0.14           0.05 r        -0.09  (VIOLATED)
   u_fused_array/g_stripe[3].u_stripe/u_o_bank/g_row[1].g_group[1].u_mem/g_byte[0].u_sram/D[3]
                                0.14           0.05 r        -0.09  (VIOLATED)
   u_fused_array/g_stripe[3].u_stripe/u_o_bank/g_row[1].g_group[1].u_mem/g_byte[0].u_sram/D[4]
                                0.14           0.05 r        -0.09  (VIOLATED)
   u_fused_array/g_stripe[3].u_stripe/u_o_bank/g_row[1].g_group[1].u_mem/g_byte[0].u_sram/D[5]
                                0.14           0.05 r        -0.09  (VIOLATED)
   u_fused_array/g_stripe[3].u_stripe/u_o_bank/g_row[1].g_group[1].u_mem/g_byte[0].u_sram/D[6]
                                0.14           0.05 r        -0.09  (VIOLATED)
   u_fused_array/g_stripe[3].u_stripe/u_o_bank/g_row[1].g_group[1].u_mem/g_byte[0].u_sram/D[7]
                                0.14           0.05 r        -0.09  (VIOLATED)
   u_fused_array/g_stripe[3].u_stripe/u_o_bank/g_row[1].g_group[1].u_mem/g_byte[1].u_sram/D[0]
                                0.14           0.05 r        -0.09  (VIOLATED)
   u_fused_array/g_stripe[3].u_stripe/u_o_bank/g_row[1].g_group[1].u_mem/g_byte[1].u_sram/D[1]
                                0.14           0.05 r        -0.09  (VIOLATED)
   u_fused_array/g_stripe[3].u_stripe/u_o_bank/g_row[1].g_group[1].u_mem/g_byte[1].u_sram/D[2]
                                0.14           0.05 r        -0.09  (VIOLATED)
   u_fused_array/g_stripe[3].u_stripe/u_o_bank/g_row[1].g_group[1].u_mem/g_byte[1].u_sram/D[3]
                                0.14           0.05 r        -0.09  (VIOLATED)
   u_fused_array/g_stripe[3].u_stripe/u_o_bank/g_row[1].g_group[1].u_mem/g_byte[1].u_sram/D[4]
                                0.14           0.05 r        -0.09  (VIOLATED)
   u_fused_array/g_stripe[3].u_stripe/u_o_bank/g_row[1].g_group[1].u_mem/g_byte[1].u_sram/D[5]
                                0.14           0.05 r        -0.09  (VIOLATED)
   u_fused_array/g_stripe[3].u_stripe/u_o_bank/g_row[1].g_group[1].u_mem/g_byte[1].u_sram/D[6]
                                0.14           0.05 r        -0.09  (VIOLATED)
   u_fused_array/g_stripe[3].u_stripe/u_o_bank/g_row[1].g_group[1].u_mem/g_byte[1].u_sram/D[7]
                                0.14           0.05 r        -0.09  (VIOLATED)
   u_fused_array/g_stripe[3].u_stripe/u_o_bank/g_row[1].g_group[1].u_mem/g_byte[2].u_sram/D[0]
                                0.14           0.05 r        -0.09  (VIOLATED)
   u_fused_array/g_stripe[3].u_stripe/u_o_bank/g_row[1].g_group[1].u_mem/g_byte[2].u_sram/D[1]
                                0.14           0.05 r        -0.09  (VIOLATED)
   u_fused_array/g_stripe[3].u_stripe/u_o_bank/g_row[1].g_group[1].u_mem/g_byte[2].u_sram/D[2]
                                0.14           0.05 r        -0.09  (VIOLATED)
   u_fused_array/g_stripe[3].u_stripe/u_o_bank/g_row[1].g_group[1].u_mem/g_byte[2].u_sram/D[3]
                                0.14           0.05 r        -0.09  (VIOLATED)
   u_fused_array/g_stripe[3].u_stripe/u_o_bank/g_row[1].g_group[1].u_mem/g_byte[2].u_sram/D[4]
                                0.14           0.05 r        -0.09  (VIOLATED)
   u_fused_array/g_stripe[3].u_stripe/u_o_bank/g_row[1].g_group[1].u_mem/g_byte[2].u_sram/D[5]
                                0.14           0.05 r        -0.09  (VIOLATED)
   u_fused_array/g_stripe[3].u_stripe/u_o_bank/g_row[1].g_group[1].u_mem/g_byte[2].u_sram/D[6]
                                0.14           0.05 r        -0.09  (VIOLATED)
   u_fused_array/g_stripe[3].u_stripe/u_o_bank/g_row[1].g_group[1].u_mem/g_byte[2].u_sram/D[7]
                                0.14           0.05 r        -0.09  (VIOLATED)
   u_fused_array/g_stripe[3].u_stripe/u_o_bank/g_row[1].g_group[1].u_mem/g_byte[3].u_sram/D[0]
                                0.14           0.05 r        -0.09  (VIOLATED)
   u_fused_array/g_stripe[3].u_stripe/u_o_bank/g_row[1].g_group[1].u_mem/g_byte[3].u_sram/D[1]
                                0.14           0.05 r        -0.09  (VIOLATED)
   u_fused_array/g_stripe[3].u_stripe/u_o_bank/g_row[1].g_group[1].u_mem/g_byte[3].u_sram/D[2]
                                0.14           0.05 r        -0.09  (VIOLATED)
   u_fused_array/g_stripe[3].u_stripe/u_o_bank/g_row[1].g_group[1].u_mem/g_byte[3].u_sram/D[3]
                                0.14           0.05 r        -0.09  (VIOLATED)
   u_fused_array/g_stripe[3].u_stripe/u_o_bank/g_row[1].g_group[1].u_mem/g_byte[3].u_sram/D[4]
                                0.14           0.05 r        -0.09  (VIOLATED)
   u_fused_array/g_stripe[3].u_stripe/u_o_bank/g_row[1].g_group[1].u_mem/g_byte[3].u_sram/D[5]
                                0.14           0.05 r        -0.09  (VIOLATED)
   u_fused_array/g_stripe[3].u_stripe/u_o_bank/g_row[1].g_group[1].u_mem/g_byte[3].u_sram/D[6]
                                0.14           0.05 r        -0.09  (VIOLATED)
   u_fused_array/g_stripe[3].u_stripe/u_o_bank/g_row[1].g_group[1].u_mem/g_byte[3].u_sram/D[7]
                                0.14           0.05 r        -0.09  (VIOLATED)
   u_fused_array/g_stripe[3].u_stripe/u_o_bank/g_row[3].g_group[0].u_mem/g_byte[3].u_sram/D[7]
                                0.14           0.05 r        -0.09  (VIOLATED)
   u_fused_array/g_stripe[3].u_stripe/u_o_bank/g_row[3].g_group[1].u_mem/g_byte[3].u_sram/D[7]
                                0.14           0.05 r        -0.09  (VIOLATED)
   u_fused_array/g_stripe[3].u_stripe/u_o_bank/g_row[4].g_group[0].u_mem/g_byte[3].u_sram/D[7]
                                0.14           0.05 r        -0.09  (VIOLATED)
   u_fused_array/g_stripe[3].u_stripe/u_o_bank/g_row[4].g_group[1].u_mem/g_byte[3].u_sram/D[7]
                                0.14           0.05 r        -0.09  (VIOLATED)
   u_fused_array/g_stripe[3].u_stripe/u_o_bank/g_row[5].g_group[0].u_mem/g_byte[3].u_sram/D[7]
                                0.14           0.05 r        -0.09  (VIOLATED)
   u_fused_array/g_stripe[3].u_stripe/u_o_bank/g_row[5].g_group[1].u_mem/g_byte[3].u_sram/D[7]
                                0.14           0.05 r        -0.09  (VIOLATED)
   u_fused_array/g_stripe[3].u_stripe/u_o_bank/g_row[6].g_group[0].u_mem/g_byte[3].u_sram/D[7]
                                0.14           0.05 r        -0.09  (VIOLATED)
   u_fused_array/g_stripe[3].u_stripe/u_o_bank/g_row[6].g_group[1].u_mem/g_byte[3].u_sram/D[7]
                                0.14           0.05 r        -0.09  (VIOLATED)
   u_fused_array/g_stripe[3].u_stripe/u_o_bank/g_row[7].g_group[0].u_mem/g_byte[3].u_sram/D[7]
                                0.14           0.05 r        -0.09  (VIOLATED)
   u_fused_array/g_stripe[3].u_stripe/u_o_bank/g_row[7].g_group[1].u_mem/g_byte[3].u_sram/D[7]
                                0.14           0.05 r        -0.09  (VIOLATED)
   u_fused_array/g_stripe[0].u_stripe/u_o_bank/g_row[2].g_group[0].u_mem/g_byte[0].u_sram/D[1]
                                0.14           0.05 r        -0.09  (VIOLATED)
   u_fused_array/g_stripe[0].u_stripe/u_o_bank/g_row[2].g_group[0].u_mem/g_byte[0].u_sram/D[2]
                                0.14           0.05 r        -0.09  (VIOLATED)
   u_fused_array/g_stripe[0].u_stripe/u_o_bank/g_row[2].g_group[0].u_mem/g_byte[0].u_sram/D[3]
                                0.14           0.05 r        -0.09  (VIOLATED)
   u_fused_array/g_stripe[0].u_stripe/u_o_bank/g_row[2].g_group[0].u_mem/g_byte[0].u_sram/D[4]
                                0.14           0.05 r        -0.09  (VIOLATED)
   u_fused_array/g_stripe[0].u_stripe/u_o_bank/g_row[2].g_group[0].u_mem/g_byte[0].u_sram/D[5]
                                0.14           0.05 r        -0.09  (VIOLATED)
   u_fused_array/g_stripe[0].u_stripe/u_o_bank/g_row[2].g_group[0].u_mem/g_byte[0].u_sram/D[6]
                                0.14           0.05 r        -0.09  (VIOLATED)
   u_fused_array/g_stripe[0].u_stripe/u_o_bank/g_row[2].g_group[0].u_mem/g_byte[0].u_sram/D[7]
                                0.14           0.05 r        -0.09  (VIOLATED)
   u_fused_array/g_stripe[0].u_stripe/u_o_bank/g_row[2].g_group[0].u_mem/g_byte[1].u_sram/D[0]
                                0.14           0.05 r        -0.09  (VIOLATED)
   u_fused_array/g_stripe[0].u_stripe/u_o_bank/g_row[2].g_group[0].u_mem/g_byte[1].u_sram/D[1]
                                0.14           0.05 r        -0.09  (VIOLATED)
   u_fused_array/g_stripe[0].u_stripe/u_o_bank/g_row[2].g_group[0].u_mem/g_byte[1].u_sram/D[2]
                                0.14           0.05 r        -0.09  (VIOLATED)
   u_fused_array/g_stripe[0].u_stripe/u_o_bank/g_row[2].g_group[0].u_mem/g_byte[1].u_sram/D[3]
                                0.14           0.05 r        -0.09  (VIOLATED)
   u_fused_array/g_stripe[0].u_stripe/u_o_bank/g_row[2].g_group[0].u_mem/g_byte[1].u_sram/D[4]
                                0.14           0.05 r        -0.09  (VIOLATED)
   u_fused_array/g_stripe[0].u_stripe/u_o_bank/g_row[2].g_group[0].u_mem/g_byte[1].u_sram/D[5]
                                0.14           0.05 r        -0.09  (VIOLATED)
   u_fused_array/g_stripe[0].u_stripe/u_o_bank/g_row[2].g_group[0].u_mem/g_byte[1].u_sram/D[6]
                                0.14           0.05 r        -0.09  (VIOLATED)
   u_fused_array/g_stripe[0].u_stripe/u_o_bank/g_row[2].g_group[0].u_mem/g_byte[1].u_sram/D[7]
                                0.14           0.05 r        -0.09  (VIOLATED)
   u_fused_array/g_stripe[0].u_stripe/u_o_bank/g_row[2].g_group[0].u_mem/g_byte[2].u_sram/D[0]
                                0.14           0.05 r        -0.09  (VIOLATED)
   u_fused_array/g_stripe[0].u_stripe/u_o_bank/g_row[2].g_group[0].u_mem/g_byte[2].u_sram/D[1]
                                0.14           0.05 r        -0.09  (VIOLATED)
   u_fused_array/g_stripe[0].u_stripe/u_o_bank/g_row[2].g_group[0].u_mem/g_byte[2].u_sram/D[2]
                                0.14           0.05 r        -0.09  (VIOLATED)
   u_fused_array/g_stripe[0].u_stripe/u_o_bank/g_row[2].g_group[0].u_mem/g_byte[2].u_sram/D[3]
                                0.14           0.05 r        -0.09  (VIOLATED)
   u_fused_array/g_stripe[0].u_stripe/u_o_bank/g_row[2].g_group[0].u_mem/g_byte[2].u_sram/D[4]
                                0.14           0.05 r        -0.09  (VIOLATED)
   u_fused_array/g_stripe[0].u_stripe/u_o_bank/g_row[2].g_group[0].u_mem/g_byte[2].u_sram/D[5]
                                0.14           0.05 r        -0.09  (VIOLATED)
   u_fused_array/g_stripe[0].u_stripe/u_o_bank/g_row[2].g_group[0].u_mem/g_byte[2].u_sram/D[6]
                                0.14           0.05 r        -0.09  (VIOLATED)
   u_fused_array/g_stripe[0].u_stripe/u_o_bank/g_row[2].g_group[0].u_mem/g_byte[2].u_sram/D[7]
                                0.14           0.05 r        -0.09  (VIOLATED)
   u_fused_array/g_stripe[0].u_stripe/u_o_bank/g_row[2].g_group[0].u_mem/g_byte[3].u_sram/D[0]
                                0.14           0.05 r        -0.09  (VIOLATED)
   u_fused_array/g_stripe[0].u_stripe/u_o_bank/g_row[2].g_group[0].u_mem/g_byte[3].u_sram/D[1]
                                0.14           0.05 r        -0.09  (VIOLATED)
   u_fused_array/g_stripe[0].u_stripe/u_o_bank/g_row[2].g_group[0].u_mem/g_byte[3].u_sram/D[2]
                                0.14           0.05 r        -0.09  (VIOLATED)
   u_fused_array/g_stripe[0].u_stripe/u_o_bank/g_row[2].g_group[0].u_mem/g_byte[3].u_sram/D[3]
                                0.14           0.05 r        -0.09  (VIOLATED)
   u_fused_array/g_stripe[0].u_stripe/u_o_bank/g_row[2].g_group[0].u_mem/g_byte[3].u_sram/D[4]
                                0.14           0.05 r        -0.09  (VIOLATED)
   u_fused_array/g_stripe[0].u_stripe/u_o_bank/g_row[2].g_group[0].u_mem/g_byte[3].u_sram/D[5]
                                0.14           0.05 r        -0.09  (VIOLATED)
   u_fused_array/g_stripe[0].u_stripe/u_o_bank/g_row[2].g_group[0].u_mem/g_byte[3].u_sram/D[6]
                                0.14           0.05 r        -0.09  (VIOLATED)
   u_fused_array/g_stripe[0].u_stripe/u_o_bank/g_row[2].g_group[1].u_mem/g_byte[0].u_sram/D[1]
                                0.14           0.05 r        -0.09  (VIOLATED)
   u_fused_array/g_stripe[0].u_stripe/u_o_bank/g_row[2].g_group[1].u_mem/g_byte[0].u_sram/D[2]
                                0.14           0.05 r        -0.09  (VIOLATED)
   u_fused_array/g_stripe[0].u_stripe/u_o_bank/g_row[2].g_group[1].u_mem/g_byte[0].u_sram/D[3]
                                0.14           0.05 r        -0.09  (VIOLATED)
   u_fused_array/g_stripe[0].u_stripe/u_o_bank/g_row[2].g_group[1].u_mem/g_byte[0].u_sram/D[4]
                                0.14           0.05 r        -0.09  (VIOLATED)
   u_fused_array/g_stripe[0].u_stripe/u_o_bank/g_row[2].g_group[1].u_mem/g_byte[0].u_sram/D[5]
                                0.14           0.05 r        -0.09  (VIOLATED)
   u_fused_array/g_stripe[0].u_stripe/u_o_bank/g_row[2].g_group[1].u_mem/g_byte[0].u_sram/D[6]
                                0.14           0.05 r        -0.09  (VIOLATED)
   u_fused_array/g_stripe[0].u_stripe/u_o_bank/g_row[2].g_group[1].u_mem/g_byte[0].u_sram/D[7]
                                0.14           0.05 r        -0.09  (VIOLATED)
   u_fused_array/g_stripe[0].u_stripe/u_o_bank/g_row[2].g_group[1].u_mem/g_byte[1].u_sram/D[0]
                                0.14           0.05 r        -0.09  (VIOLATED)
   u_fused_array/g_stripe[0].u_stripe/u_o_bank/g_row[2].g_group[1].u_mem/g_byte[1].u_sram/D[1]
                                0.14           0.05 r        -0.09  (VIOLATED)
   u_fused_array/g_stripe[0].u_stripe/u_o_bank/g_row[2].g_group[1].u_mem/g_byte[1].u_sram/D[2]
                                0.14           0.05 r        -0.09  (VIOLATED)
   u_fused_array/g_stripe[0].u_stripe/u_o_bank/g_row[2].g_group[1].u_mem/g_byte[1].u_sram/D[3]
                                0.14           0.05 r        -0.09  (VIOLATED)
   u_fused_array/g_stripe[0].u_stripe/u_o_bank/g_row[2].g_group[1].u_mem/g_byte[1].u_sram/D[4]
                                0.14           0.05 r        -0.09  (VIOLATED)
   u_fused_array/g_stripe[0].u_stripe/u_o_bank/g_row[2].g_group[1].u_mem/g_byte[1].u_sram/D[5]
                                0.14           0.05 r        -0.09  (VIOLATED)
   u_fused_array/g_stripe[0].u_stripe/u_o_bank/g_row[2].g_group[1].u_mem/g_byte[1].u_sram/D[6]
                                0.14           0.05 r        -0.09  (VIOLATED)
   u_fused_array/g_stripe[0].u_stripe/u_o_bank/g_row[2].g_group[1].u_mem/g_byte[1].u_sram/D[7]
                                0.14           0.05 r        -0.09  (VIOLATED)
   u_fused_array/g_stripe[0].u_stripe/u_o_bank/g_row[2].g_group[1].u_mem/g_byte[2].u_sram/D[0]
                                0.14           0.05 r        -0.09  (VIOLATED)
   u_fused_array/g_stripe[0].u_stripe/u_o_bank/g_row[2].g_group[1].u_mem/g_byte[2].u_sram/D[1]
                                0.14           0.05 r        -0.09  (VIOLATED)
   u_fused_array/g_stripe[0].u_stripe/u_o_bank/g_row[2].g_group[1].u_mem/g_byte[2].u_sram/D[2]
                                0.14           0.05 r        -0.09  (VIOLATED)
   u_fused_array/g_stripe[0].u_stripe/u_o_bank/g_row[2].g_group[1].u_mem/g_byte[2].u_sram/D[3]
                                0.14           0.05 r        -0.09  (VIOLATED)
   u_fused_array/g_stripe[0].u_stripe/u_o_bank/g_row[2].g_group[1].u_mem/g_byte[2].u_sram/D[4]
                                0.14           0.05 r        -0.09  (VIOLATED)
   u_fused_array/g_stripe[0].u_stripe/u_o_bank/g_row[2].g_group[1].u_mem/g_byte[2].u_sram/D[5]
                                0.14           0.05 r        -0.09  (VIOLATED)
   u_fused_array/g_stripe[0].u_stripe/u_o_bank/g_row[2].g_group[1].u_mem/g_byte[2].u_sram/D[6]
                                0.14           0.05 r        -0.09  (VIOLATED)
   u_fused_array/g_stripe[0].u_stripe/u_o_bank/g_row[2].g_group[1].u_mem/g_byte[2].u_sram/D[7]
                                0.14           0.05 r        -0.09  (VIOLATED)
   u_fused_array/g_stripe[0].u_stripe/u_o_bank/g_row[2].g_group[1].u_mem/g_byte[3].u_sram/D[0]
                                0.14           0.05 r        -0.09  (VIOLATED)
   u_fused_array/g_stripe[0].u_stripe/u_o_bank/g_row[2].g_group[1].u_mem/g_byte[3].u_sram/D[1]
                                0.14           0.05 r        -0.09  (VIOLATED)
   u_fused_array/g_stripe[0].u_stripe/u_o_bank/g_row[2].g_group[1].u_mem/g_byte[3].u_sram/D[2]
                                0.14           0.05 r        -0.09  (VIOLATED)
   u_fused_array/g_stripe[0].u_stripe/u_o_bank/g_row[2].g_group[1].u_mem/g_byte[3].u_sram/D[3]
                                0.14           0.05 r        -0.09  (VIOLATED)
   u_fused_array/g_stripe[0].u_stripe/u_o_bank/g_row[2].g_group[1].u_mem/g_byte[3].u_sram/D[4]
                                0.14           0.05 r        -0.09  (VIOLATED)
   u_fused_array/g_stripe[0].u_stripe/u_o_bank/g_row[2].g_group[1].u_mem/g_byte[3].u_sram/D[5]
                                0.14           0.05 r        -0.09  (VIOLATED)
   u_fused_array/g_stripe[0].u_stripe/u_o_bank/g_row[2].g_group[1].u_mem/g_byte[3].u_sram/D[6]
                                0.14           0.05 r        -0.09  (VIOLATED)
   u_fused_array/g_stripe[0].u_stripe/u_o_bank/g_row[3].g_group[0].u_mem/g_byte[0].u_sram/D[1]
                                0.14           0.05 r        -0.09  (VIOLATED)
   u_fused_array/g_stripe[0].u_stripe/u_o_bank/g_row[3].g_group[0].u_mem/g_byte[0].u_sram/D[2]
                                0.14           0.05 r        -0.09  (VIOLATED)
   u_fused_array/g_stripe[0].u_stripe/u_o_bank/g_row[3].g_group[0].u_mem/g_byte[0].u_sram/D[3]
                                0.14           0.05 r        -0.09  (VIOLATED)
   u_fused_array/g_stripe[0].u_stripe/u_o_bank/g_row[3].g_group[0].u_mem/g_byte[0].u_sram/D[4]
                                0.14           0.05 r        -0.09  (VIOLATED)
   u_fused_array/g_stripe[0].u_stripe/u_o_bank/g_row[3].g_group[0].u_mem/g_byte[0].u_sram/D[5]
                                0.14           0.05 r        -0.09  (VIOLATED)
   u_fused_array/g_stripe[0].u_stripe/u_o_bank/g_row[3].g_group[0].u_mem/g_byte[0].u_sram/D[6]
                                0.14           0.05 r        -0.09  (VIOLATED)
   u_fused_array/g_stripe[0].u_stripe/u_o_bank/g_row[3].g_group[0].u_mem/g_byte[0].u_sram/D[7]
                                0.14           0.05 r        -0.09  (VIOLATED)
   u_fused_array/g_stripe[0].u_stripe/u_o_bank/g_row[3].g_group[0].u_mem/g_byte[1].u_sram/D[0]
                                0.14           0.05 r        -0.09  (VIOLATED)
   u_fused_array/g_stripe[0].u_stripe/u_o_bank/g_row[3].g_group[0].u_mem/g_byte[1].u_sram/D[1]
                                0.14           0.05 r        -0.09  (VIOLATED)
   u_fused_array/g_stripe[0].u_stripe/u_o_bank/g_row[3].g_group[0].u_mem/g_byte[1].u_sram/D[2]
                                0.14           0.05 r        -0.09  (VIOLATED)
   u_fused_array/g_stripe[0].u_stripe/u_o_bank/g_row[3].g_group[0].u_mem/g_byte[1].u_sram/D[3]
                                0.14           0.05 r        -0.09  (VIOLATED)
   u_fused_array/g_stripe[0].u_stripe/u_o_bank/g_row[3].g_group[0].u_mem/g_byte[1].u_sram/D[4]
                                0.14           0.05 r        -0.09  (VIOLATED)
   u_fused_array/g_stripe[0].u_stripe/u_o_bank/g_row[3].g_group[0].u_mem/g_byte[1].u_sram/D[5]
                                0.14           0.05 r        -0.09  (VIOLATED)
   u_fused_array/g_stripe[0].u_stripe/u_o_bank/g_row[3].g_group[0].u_mem/g_byte[1].u_sram/D[6]
                                0.14           0.05 r        -0.09  (VIOLATED)
   u_fused_array/g_stripe[0].u_stripe/u_o_bank/g_row[3].g_group[0].u_mem/g_byte[1].u_sram/D[7]
                                0.14           0.05 r        -0.09  (VIOLATED)
   u_fused_array/g_stripe[0].u_stripe/u_o_bank/g_row[3].g_group[0].u_mem/g_byte[2].u_sram/D[0]
                                0.14           0.05 r        -0.09  (VIOLATED)
   u_fused_array/g_stripe[0].u_stripe/u_o_bank/g_row[3].g_group[0].u_mem/g_byte[2].u_sram/D[1]
                                0.14           0.05 r        -0.09  (VIOLATED)
   u_fused_array/g_stripe[0].u_stripe/u_o_bank/g_row[3].g_group[0].u_mem/g_byte[2].u_sram/D[2]
                                0.14           0.05 r        -0.09  (VIOLATED)
   u_fused_array/g_stripe[0].u_stripe/u_o_bank/g_row[3].g_group[0].u_mem/g_byte[2].u_sram/D[3]
                                0.14           0.05 r        -0.09  (VIOLATED)
   u_fused_array/g_stripe[0].u_stripe/u_o_bank/g_row[3].g_group[0].u_mem/g_byte[2].u_sram/D[4]
                                0.14           0.05 r        -0.09  (VIOLATED)
   u_fused_array/g_stripe[0].u_stripe/u_o_bank/g_row[3].g_group[0].u_mem/g_byte[2].u_sram/D[5]
                                0.14           0.05 r        -0.09  (VIOLATED)
   u_fused_array/g_stripe[0].u_stripe/u_o_bank/g_row[3].g_group[0].u_mem/g_byte[2].u_sram/D[6]
                                0.14           0.05 r        -0.09  (VIOLATED)
   u_fused_array/g_stripe[0].u_stripe/u_o_bank/g_row[3].g_group[0].u_mem/g_byte[2].u_sram/D[7]
                                0.14           0.05 r        -0.09  (VIOLATED)
   u_fused_array/g_stripe[0].u_stripe/u_o_bank/g_row[3].g_group[0].u_mem/g_byte[3].u_sram/D[0]
                                0.14           0.05 r        -0.09  (VIOLATED)
   u_fused_array/g_stripe[0].u_stripe/u_o_bank/g_row[3].g_group[0].u_mem/g_byte[3].u_sram/D[1]
                                0.14           0.05 r        -0.09  (VIOLATED)
   u_fused_array/g_stripe[0].u_stripe/u_o_bank/g_row[3].g_group[0].u_mem/g_byte[3].u_sram/D[2]
                                0.14           0.05 r        -0.09  (VIOLATED)
   u_fused_array/g_stripe[0].u_stripe/u_o_bank/g_row[3].g_group[0].u_mem/g_byte[3].u_sram/D[3]
                                0.14           0.05 r        -0.09  (VIOLATED)
   u_fused_array/g_stripe[0].u_stripe/u_o_bank/g_row[3].g_group[0].u_mem/g_byte[3].u_sram/D[4]
                                0.14           0.05 r        -0.09  (VIOLATED)
   u_fused_array/g_stripe[0].u_stripe/u_o_bank/g_row[3].g_group[0].u_mem/g_byte[3].u_sram/D[5]
                                0.14           0.05 r        -0.09  (VIOLATED)
   u_fused_array/g_stripe[0].u_stripe/u_o_bank/g_row[3].g_group[0].u_mem/g_byte[3].u_sram/D[6]
                                0.14           0.05 r        -0.09  (VIOLATED)
   u_fused_array/g_stripe[0].u_stripe/u_o_bank/g_row[3].g_group[1].u_mem/g_byte[0].u_sram/D[1]
                                0.14           0.05 r        -0.09  (VIOLATED)
   u_fused_array/g_stripe[0].u_stripe/u_o_bank/g_row[3].g_group[1].u_mem/g_byte[0].u_sram/D[2]
                                0.14           0.05 r        -0.09  (VIOLATED)
   u_fused_array/g_stripe[0].u_stripe/u_o_bank/g_row[3].g_group[1].u_mem/g_byte[0].u_sram/D[3]
                                0.14           0.05 r        -0.09  (VIOLATED)
   u_fused_array/g_stripe[0].u_stripe/u_o_bank/g_row[3].g_group[1].u_mem/g_byte[0].u_sram/D[4]
                                0.14           0.05 r        -0.09  (VIOLATED)
   u_fused_array/g_stripe[0].u_stripe/u_o_bank/g_row[3].g_group[1].u_mem/g_byte[0].u_sram/D[5]
                                0.14           0.05 r        -0.09  (VIOLATED)
   u_fused_array/g_stripe[0].u_stripe/u_o_bank/g_row[3].g_group[1].u_mem/g_byte[0].u_sram/D[6]
                                0.14           0.05 r        -0.09  (VIOLATED)
   u_fused_array/g_stripe[0].u_stripe/u_o_bank/g_row[3].g_group[1].u_mem/g_byte[0].u_sram/D[7]
                                0.14           0.05 r        -0.09  (VIOLATED)
   u_fused_array/g_stripe[0].u_stripe/u_o_bank/g_row[3].g_group[1].u_mem/g_byte[1].u_sram/D[0]
                                0.14           0.05 r        -0.09  (VIOLATED)
   u_fused_array/g_stripe[0].u_stripe/u_o_bank/g_row[3].g_group[1].u_mem/g_byte[1].u_sram/D[1]
                                0.14           0.05 r        -0.09  (VIOLATED)
   u_fused_array/g_stripe[0].u_stripe/u_o_bank/g_row[3].g_group[1].u_mem/g_byte[1].u_sram/D[2]
                                0.14           0.05 r        -0.09  (VIOLATED)
   u_fused_array/g_stripe[0].u_stripe/u_o_bank/g_row[3].g_group[1].u_mem/g_byte[1].u_sram/D[3]
                                0.14           0.05 r        -0.09  (VIOLATED)
   u_fused_array/g_stripe[0].u_stripe/u_o_bank/g_row[3].g_group[1].u_mem/g_byte[1].u_sram/D[4]
                                0.14           0.05 r        -0.09  (VIOLATED)
   u_fused_array/g_stripe[0].u_stripe/u_o_bank/g_row[3].g_group[1].u_mem/g_byte[1].u_sram/D[5]
                                0.14           0.05 r        -0.09  (VIOLATED)
   u_fused_array/g_stripe[0].u_stripe/u_o_bank/g_row[3].g_group[1].u_mem/g_byte[1].u_sram/D[6]
                                0.14           0.05 r        -0.09  (VIOLATED)
   u_fused_array/g_stripe[0].u_stripe/u_o_bank/g_row[3].g_group[1].u_mem/g_byte[1].u_sram/D[7]
                                0.14           0.05 r        -0.09  (VIOLATED)
   u_fused_array/g_stripe[0].u_stripe/u_o_bank/g_row[3].g_group[1].u_mem/g_byte[2].u_sram/D[0]
                                0.14           0.05 r        -0.09  (VIOLATED)
   u_fused_array/g_stripe[0].u_stripe/u_o_bank/g_row[3].g_group[1].u_mem/g_byte[2].u_sram/D[1]
                                0.14           0.05 r        -0.09  (VIOLATED)
   u_fused_array/g_stripe[0].u_stripe/u_o_bank/g_row[3].g_group[1].u_mem/g_byte[2].u_sram/D[2]
                                0.14           0.05 r        -0.09  (VIOLATED)
   u_fused_array/g_stripe[0].u_stripe/u_o_bank/g_row[3].g_group[1].u_mem/g_byte[2].u_sram/D[3]
                                0.14           0.05 r        -0.09  (VIOLATED)
   u_fused_array/g_stripe[0].u_stripe/u_o_bank/g_row[3].g_group[1].u_mem/g_byte[2].u_sram/D[4]
                                0.14           0.05 r        -0.09  (VIOLATED)
   u_fused_array/g_stripe[0].u_stripe/u_o_bank/g_row[3].g_group[1].u_mem/g_byte[2].u_sram/D[5]
                                0.14           0.05 r        -0.09  (VIOLATED)
   u_fused_array/g_stripe[0].u_stripe/u_o_bank/g_row[3].g_group[1].u_mem/g_byte[2].u_sram/D[6]
                                0.14           0.05 r        -0.09  (VIOLATED)
   u_fused_array/g_stripe[0].u_stripe/u_o_bank/g_row[3].g_group[1].u_mem/g_byte[2].u_sram/D[7]
                                0.14           0.05 r        -0.09  (VIOLATED)
   u_fused_array/g_stripe[0].u_stripe/u_o_bank/g_row[3].g_group[1].u_mem/g_byte[3].u_sram/D[0]
                                0.14           0.05 r        -0.09  (VIOLATED)
   u_fused_array/g_stripe[0].u_stripe/u_o_bank/g_row[3].g_group[1].u_mem/g_byte[3].u_sram/D[1]
                                0.14           0.05 r        -0.09  (VIOLATED)
   u_fused_array/g_stripe[0].u_stripe/u_o_bank/g_row[3].g_group[1].u_mem/g_byte[3].u_sram/D[2]
                                0.14           0.05 r        -0.09  (VIOLATED)
   u_fused_array/g_stripe[0].u_stripe/u_o_bank/g_row[3].g_group[1].u_mem/g_byte[3].u_sram/D[3]
                                0.14           0.05 r        -0.09  (VIOLATED)
   u_fused_array/g_stripe[0].u_stripe/u_o_bank/g_row[3].g_group[1].u_mem/g_byte[3].u_sram/D[4]
                                0.14           0.05 r        -0.09  (VIOLATED)
   u_fused_array/g_stripe[0].u_stripe/u_o_bank/g_row[3].g_group[1].u_mem/g_byte[3].u_sram/D[5]
                                0.14           0.05 r        -0.09  (VIOLATED)
   u_fused_array/g_stripe[0].u_stripe/u_o_bank/g_row[3].g_group[1].u_mem/g_byte[3].u_sram/D[6]
                                0.14           0.05 r        -0.09  (VIOLATED)
   u_fused_array/g_stripe[0].u_stripe/u_o_bank/g_row[4].g_group[0].u_mem/g_byte[0].u_sram/D[1]
                                0.14           0.05 r        -0.09  (VIOLATED)
   u_fused_array/g_stripe[0].u_stripe/u_o_bank/g_row[4].g_group[0].u_mem/g_byte[0].u_sram/D[2]
                                0.14           0.05 r        -0.09  (VIOLATED)
   u_fused_array/g_stripe[0].u_stripe/u_o_bank/g_row[4].g_group[0].u_mem/g_byte[0].u_sram/D[3]
                                0.14           0.05 r        -0.09  (VIOLATED)
   u_fused_array/g_stripe[0].u_stripe/u_o_bank/g_row[4].g_group[0].u_mem/g_byte[0].u_sram/D[4]
                                0.14           0.05 r        -0.09  (VIOLATED)
   u_fused_array/g_stripe[0].u_stripe/u_o_bank/g_row[4].g_group[0].u_mem/g_byte[0].u_sram/D[5]
                                0.14           0.05 r        -0.09  (VIOLATED)
   u_fused_array/g_stripe[0].u_stripe/u_o_bank/g_row[4].g_group[0].u_mem/g_byte[0].u_sram/D[6]
                                0.14           0.05 r        -0.09  (VIOLATED)
   u_fused_array/g_stripe[0].u_stripe/u_o_bank/g_row[4].g_group[0].u_mem/g_byte[0].u_sram/D[7]
                                0.14           0.05 r        -0.09  (VIOLATED)
   u_fused_array/g_stripe[0].u_stripe/u_o_bank/g_row[4].g_group[0].u_mem/g_byte[1].u_sram/D[0]
                                0.14           0.05 r        -0.09  (VIOLATED)
   u_fused_array/g_stripe[0].u_stripe/u_o_bank/g_row[4].g_group[0].u_mem/g_byte[1].u_sram/D[1]
                                0.14           0.05 r        -0.09  (VIOLATED)
   u_fused_array/g_stripe[0].u_stripe/u_o_bank/g_row[4].g_group[0].u_mem/g_byte[1].u_sram/D[2]
                                0.14           0.05 r        -0.09  (VIOLATED)
   u_fused_array/g_stripe[0].u_stripe/u_o_bank/g_row[4].g_group[0].u_mem/g_byte[1].u_sram/D[3]
                                0.14           0.05 r        -0.09  (VIOLATED)
   u_fused_array/g_stripe[0].u_stripe/u_o_bank/g_row[4].g_group[0].u_mem/g_byte[1].u_sram/D[4]
                                0.14           0.05 r        -0.09  (VIOLATED)
   u_fused_array/g_stripe[0].u_stripe/u_o_bank/g_row[4].g_group[0].u_mem/g_byte[1].u_sram/D[5]
                                0.14           0.05 r        -0.09  (VIOLATED)
   u_fused_array/g_stripe[0].u_stripe/u_o_bank/g_row[4].g_group[0].u_mem/g_byte[1].u_sram/D[6]
                                0.14           0.05 r        -0.09  (VIOLATED)
   u_fused_array/g_stripe[0].u_stripe/u_o_bank/g_row[4].g_group[0].u_mem/g_byte[1].u_sram/D[7]
                                0.14           0.05 r        -0.09  (VIOLATED)
   u_fused_array/g_stripe[0].u_stripe/u_o_bank/g_row[4].g_group[0].u_mem/g_byte[2].u_sram/D[0]
                                0.14           0.05 r        -0.09  (VIOLATED)
   u_fused_array/g_stripe[0].u_stripe/u_o_bank/g_row[4].g_group[0].u_mem/g_byte[2].u_sram/D[1]
                                0.14           0.05 r        -0.09  (VIOLATED)
   u_fused_array/g_stripe[0].u_stripe/u_o_bank/g_row[4].g_group[0].u_mem/g_byte[2].u_sram/D[2]
                                0.14           0.05 r        -0.09  (VIOLATED)
   u_fused_array/g_stripe[0].u_stripe/u_o_bank/g_row[4].g_group[0].u_mem/g_byte[2].u_sram/D[3]
                                0.14           0.05 r        -0.09  (VIOLATED)
   u_fused_array/g_stripe[0].u_stripe/u_o_bank/g_row[4].g_group[0].u_mem/g_byte[2].u_sram/D[4]
                                0.14           0.05 r        -0.09  (VIOLATED)
   u_fused_array/g_stripe[0].u_stripe/u_o_bank/g_row[4].g_group[0].u_mem/g_byte[2].u_sram/D[5]
                                0.14           0.05 r        -0.09  (VIOLATED)
   u_fused_array/g_stripe[0].u_stripe/u_o_bank/g_row[4].g_group[0].u_mem/g_byte[2].u_sram/D[6]
                                0.14           0.05 r        -0.09  (VIOLATED)
   u_fused_array/g_stripe[0].u_stripe/u_o_bank/g_row[4].g_group[0].u_mem/g_byte[2].u_sram/D[7]
                                0.14           0.05 r        -0.09  (VIOLATED)
   u_fused_array/g_stripe[0].u_stripe/u_o_bank/g_row[4].g_group[0].u_mem/g_byte[3].u_sram/D[0]
                                0.14           0.05 r        -0.09  (VIOLATED)
   u_fused_array/g_stripe[0].u_stripe/u_o_bank/g_row[4].g_group[0].u_mem/g_byte[3].u_sram/D[1]
                                0.14           0.05 r        -0.09  (VIOLATED)
   u_fused_array/g_stripe[0].u_stripe/u_o_bank/g_row[4].g_group[0].u_mem/g_byte[3].u_sram/D[2]
                                0.14           0.05 r        -0.09  (VIOLATED)
   u_fused_array/g_stripe[0].u_stripe/u_o_bank/g_row[4].g_group[0].u_mem/g_byte[3].u_sram/D[3]
                                0.14           0.05 r        -0.09  (VIOLATED)
   u_fused_array/g_stripe[0].u_stripe/u_o_bank/g_row[4].g_group[0].u_mem/g_byte[3].u_sram/D[4]
                                0.14           0.05 r        -0.09  (VIOLATED)
   u_fused_array/g_stripe[0].u_stripe/u_o_bank/g_row[4].g_group[0].u_mem/g_byte[3].u_sram/D[5]
                                0.14           0.05 r        -0.09  (VIOLATED)
   u_fused_array/g_stripe[0].u_stripe/u_o_bank/g_row[4].g_group[0].u_mem/g_byte[3].u_sram/D[6]
                                0.14           0.05 r        -0.09  (VIOLATED)
   u_fused_array/g_stripe[0].u_stripe/u_o_bank/g_row[4].g_group[1].u_mem/g_byte[0].u_sram/D[1]
                                0.14           0.05 r        -0.09  (VIOLATED)
   u_fused_array/g_stripe[0].u_stripe/u_o_bank/g_row[4].g_group[1].u_mem/g_byte[0].u_sram/D[2]
                                0.14           0.05 r        -0.09  (VIOLATED)
   u_fused_array/g_stripe[0].u_stripe/u_o_bank/g_row[4].g_group[1].u_mem/g_byte[0].u_sram/D[3]
                                0.14           0.05 r        -0.09  (VIOLATED)
   u_fused_array/g_stripe[0].u_stripe/u_o_bank/g_row[4].g_group[1].u_mem/g_byte[0].u_sram/D[4]
                                0.14           0.05 r        -0.09  (VIOLATED)
   u_fused_array/g_stripe[0].u_stripe/u_o_bank/g_row[4].g_group[1].u_mem/g_byte[0].u_sram/D[5]
                                0.14           0.05 r        -0.09  (VIOLATED)
   u_fused_array/g_stripe[0].u_stripe/u_o_bank/g_row[4].g_group[1].u_mem/g_byte[0].u_sram/D[6]
                                0.14           0.05 r        -0.09  (VIOLATED)
   u_fused_array/g_stripe[0].u_stripe/u_o_bank/g_row[4].g_group[1].u_mem/g_byte[0].u_sram/D[7]
                                0.14           0.05 r        -0.09  (VIOLATED)
   u_fused_array/g_stripe[0].u_stripe/u_o_bank/g_row[4].g_group[1].u_mem/g_byte[1].u_sram/D[0]
                                0.14           0.05 r        -0.09  (VIOLATED)
   u_fused_array/g_stripe[0].u_stripe/u_o_bank/g_row[4].g_group[1].u_mem/g_byte[1].u_sram/D[1]
                                0.14           0.05 r        -0.09  (VIOLATED)
   u_fused_array/g_stripe[0].u_stripe/u_o_bank/g_row[4].g_group[1].u_mem/g_byte[1].u_sram/D[2]
                                0.14           0.05 r        -0.09  (VIOLATED)
   u_fused_array/g_stripe[0].u_stripe/u_o_bank/g_row[4].g_group[1].u_mem/g_byte[1].u_sram/D[3]
                                0.14           0.05 r        -0.09  (VIOLATED)
   u_fused_array/g_stripe[0].u_stripe/u_o_bank/g_row[4].g_group[1].u_mem/g_byte[1].u_sram/D[4]
                                0.14           0.05 r        -0.09  (VIOLATED)
   u_fused_array/g_stripe[0].u_stripe/u_o_bank/g_row[4].g_group[1].u_mem/g_byte[1].u_sram/D[5]
                                0.14           0.05 r        -0.09  (VIOLATED)
   u_fused_array/g_stripe[0].u_stripe/u_o_bank/g_row[4].g_group[1].u_mem/g_byte[1].u_sram/D[6]
                                0.14           0.05 r        -0.09  (VIOLATED)
   u_fused_array/g_stripe[0].u_stripe/u_o_bank/g_row[4].g_group[1].u_mem/g_byte[1].u_sram/D[7]
                                0.14           0.05 r        -0.09  (VIOLATED)
   u_fused_array/g_stripe[0].u_stripe/u_o_bank/g_row[4].g_group[1].u_mem/g_byte[2].u_sram/D[0]
                                0.14           0.05 r        -0.09  (VIOLATED)
   u_fused_array/g_stripe[0].u_stripe/u_o_bank/g_row[4].g_group[1].u_mem/g_byte[2].u_sram/D[1]
                                0.14           0.05 r        -0.09  (VIOLATED)
   u_fused_array/g_stripe[0].u_stripe/u_o_bank/g_row[4].g_group[1].u_mem/g_byte[2].u_sram/D[2]
                                0.14           0.05 r        -0.09  (VIOLATED)
   u_fused_array/g_stripe[0].u_stripe/u_o_bank/g_row[4].g_group[1].u_mem/g_byte[2].u_sram/D[3]
                                0.14           0.05 r        -0.09  (VIOLATED)
   u_fused_array/g_stripe[0].u_stripe/u_o_bank/g_row[4].g_group[1].u_mem/g_byte[2].u_sram/D[4]
                                0.14           0.05 r        -0.09  (VIOLATED)
   u_fused_array/g_stripe[0].u_stripe/u_o_bank/g_row[4].g_group[1].u_mem/g_byte[2].u_sram/D[5]
                                0.14           0.05 r        -0.09  (VIOLATED)
   u_fused_array/g_stripe[0].u_stripe/u_o_bank/g_row[4].g_group[1].u_mem/g_byte[2].u_sram/D[6]
                                0.14           0.05 r        -0.09  (VIOLATED)
   u_fused_array/g_stripe[0].u_stripe/u_o_bank/g_row[4].g_group[1].u_mem/g_byte[2].u_sram/D[7]
                                0.14           0.05 r        -0.09  (VIOLATED)
   u_fused_array/g_stripe[0].u_stripe/u_o_bank/g_row[4].g_group[1].u_mem/g_byte[3].u_sram/D[0]
                                0.14           0.05 r        -0.09  (VIOLATED)
   u_fused_array/g_stripe[0].u_stripe/u_o_bank/g_row[4].g_group[1].u_mem/g_byte[3].u_sram/D[1]
                                0.14           0.05 r        -0.09  (VIOLATED)
   u_fused_array/g_stripe[0].u_stripe/u_o_bank/g_row[4].g_group[1].u_mem/g_byte[3].u_sram/D[2]
                                0.14           0.05 r        -0.09  (VIOLATED)
   u_fused_array/g_stripe[0].u_stripe/u_o_bank/g_row[4].g_group[1].u_mem/g_byte[3].u_sram/D[3]
                                0.14           0.05 r        -0.09  (VIOLATED)
   u_fused_array/g_stripe[0].u_stripe/u_o_bank/g_row[4].g_group[1].u_mem/g_byte[3].u_sram/D[4]
                                0.14           0.05 r        -0.09  (VIOLATED)
   u_fused_array/g_stripe[0].u_stripe/u_o_bank/g_row[4].g_group[1].u_mem/g_byte[3].u_sram/D[5]
                                0.14           0.05 r        -0.09  (VIOLATED)
   u_fused_array/g_stripe[0].u_stripe/u_o_bank/g_row[4].g_group[1].u_mem/g_byte[3].u_sram/D[6]
                                0.14           0.05 r        -0.09  (VIOLATED)
   u_fused_array/g_stripe[0].u_stripe/u_o_bank/g_row[5].g_group[0].u_mem/g_byte[0].u_sram/D[1]
                                0.14           0.05 r        -0.09  (VIOLATED)
   u_fused_array/g_stripe[0].u_stripe/u_o_bank/g_row[5].g_group[0].u_mem/g_byte[0].u_sram/D[2]
                                0.14           0.05 r        -0.09  (VIOLATED)
   u_fused_array/g_stripe[0].u_stripe/u_o_bank/g_row[5].g_group[0].u_mem/g_byte[0].u_sram/D[3]
                                0.14           0.05 r        -0.09  (VIOLATED)
   u_fused_array/g_stripe[0].u_stripe/u_o_bank/g_row[5].g_group[0].u_mem/g_byte[0].u_sram/D[4]
                                0.14           0.05 r        -0.09  (VIOLATED)
   u_fused_array/g_stripe[0].u_stripe/u_o_bank/g_row[5].g_group[0].u_mem/g_byte[0].u_sram/D[5]
                                0.14           0.05 r        -0.09  (VIOLATED)
   u_fused_array/g_stripe[0].u_stripe/u_o_bank/g_row[5].g_group[0].u_mem/g_byte[0].u_sram/D[6]
                                0.14           0.05 r        -0.09  (VIOLATED)
   u_fused_array/g_stripe[0].u_stripe/u_o_bank/g_row[5].g_group[0].u_mem/g_byte[0].u_sram/D[7]
                                0.14           0.05 r        -0.09  (VIOLATED)
   u_fused_array/g_stripe[0].u_stripe/u_o_bank/g_row[5].g_group[0].u_mem/g_byte[1].u_sram/D[0]
                                0.14           0.05 r        -0.09  (VIOLATED)
   u_fused_array/g_stripe[0].u_stripe/u_o_bank/g_row[5].g_group[0].u_mem/g_byte[1].u_sram/D[1]
                                0.14           0.05 r        -0.09  (VIOLATED)
   u_fused_array/g_stripe[0].u_stripe/u_o_bank/g_row[5].g_group[0].u_mem/g_byte[1].u_sram/D[2]
                                0.14           0.05 r        -0.09  (VIOLATED)
   u_fused_array/g_stripe[0].u_stripe/u_o_bank/g_row[5].g_group[0].u_mem/g_byte[1].u_sram/D[3]
                                0.14           0.05 r        -0.09  (VIOLATED)
   u_fused_array/g_stripe[0].u_stripe/u_o_bank/g_row[5].g_group[0].u_mem/g_byte[1].u_sram/D[4]
                                0.14           0.05 r        -0.09  (VIOLATED)
   u_fused_array/g_stripe[0].u_stripe/u_o_bank/g_row[5].g_group[0].u_mem/g_byte[1].u_sram/D[5]
                                0.14           0.05 r        -0.09  (VIOLATED)
   u_fused_array/g_stripe[0].u_stripe/u_o_bank/g_row[5].g_group[0].u_mem/g_byte[1].u_sram/D[6]
                                0.14           0.05 r        -0.09  (VIOLATED)
   u_fused_array/g_stripe[0].u_stripe/u_o_bank/g_row[5].g_group[0].u_mem/g_byte[1].u_sram/D[7]
                                0.14           0.05 r        -0.09  (VIOLATED)
   u_fused_array/g_stripe[0].u_stripe/u_o_bank/g_row[5].g_group[0].u_mem/g_byte[2].u_sram/D[0]
                                0.14           0.05 r        -0.09  (VIOLATED)
   u_fused_array/g_stripe[0].u_stripe/u_o_bank/g_row[5].g_group[0].u_mem/g_byte[2].u_sram/D[1]
                                0.14           0.05 r        -0.09  (VIOLATED)
   u_fused_array/g_stripe[0].u_stripe/u_o_bank/g_row[5].g_group[0].u_mem/g_byte[2].u_sram/D[2]
                                0.14           0.05 r        -0.09  (VIOLATED)
   u_fused_array/g_stripe[0].u_stripe/u_o_bank/g_row[5].g_group[0].u_mem/g_byte[2].u_sram/D[3]
                                0.14           0.05 r        -0.09  (VIOLATED)
   u_fused_array/g_stripe[0].u_stripe/u_o_bank/g_row[5].g_group[0].u_mem/g_byte[2].u_sram/D[4]
                                0.14           0.05 r        -0.09  (VIOLATED)
   u_fused_array/g_stripe[0].u_stripe/u_o_bank/g_row[5].g_group[0].u_mem/g_byte[2].u_sram/D[5]
                                0.14           0.05 r        -0.09  (VIOLATED)
   u_fused_array/g_stripe[0].u_stripe/u_o_bank/g_row[5].g_group[0].u_mem/g_byte[2].u_sram/D[6]
                                0.14           0.05 r        -0.09  (VIOLATED)
   u_fused_array/g_stripe[0].u_stripe/u_o_bank/g_row[5].g_group[0].u_mem/g_byte[2].u_sram/D[7]
                                0.14           0.05 r        -0.09  (VIOLATED)
   u_fused_array/g_stripe[0].u_stripe/u_o_bank/g_row[5].g_group[0].u_mem/g_byte[3].u_sram/D[0]
                                0.14           0.05 r        -0.09  (VIOLATED)
   u_fused_array/g_stripe[0].u_stripe/u_o_bank/g_row[5].g_group[0].u_mem/g_byte[3].u_sram/D[1]
                                0.14           0.05 r        -0.09  (VIOLATED)
   u_fused_array/g_stripe[0].u_stripe/u_o_bank/g_row[5].g_group[0].u_mem/g_byte[3].u_sram/D[2]
                                0.14           0.05 r        -0.09  (VIOLATED)
   u_fused_array/g_stripe[0].u_stripe/u_o_bank/g_row[5].g_group[0].u_mem/g_byte[3].u_sram/D[3]
                                0.14           0.05 r        -0.09  (VIOLATED)
   u_fused_array/g_stripe[0].u_stripe/u_o_bank/g_row[5].g_group[0].u_mem/g_byte[3].u_sram/D[4]
                                0.14           0.05 r        -0.09  (VIOLATED)
   u_fused_array/g_stripe[0].u_stripe/u_o_bank/g_row[5].g_group[0].u_mem/g_byte[3].u_sram/D[5]
                                0.14           0.05 r        -0.09  (VIOLATED)
   u_fused_array/g_stripe[0].u_stripe/u_o_bank/g_row[5].g_group[0].u_mem/g_byte[3].u_sram/D[6]
                                0.14           0.05 r        -0.09  (VIOLATED)
   u_fused_array/g_stripe[0].u_stripe/u_o_bank/g_row[5].g_group[1].u_mem/g_byte[0].u_sram/D[1]
                                0.14           0.05 r        -0.09  (VIOLATED)
   u_fused_array/g_stripe[0].u_stripe/u_o_bank/g_row[5].g_group[1].u_mem/g_byte[0].u_sram/D[2]
                                0.14           0.05 r        -0.09  (VIOLATED)
   u_fused_array/g_stripe[0].u_stripe/u_o_bank/g_row[5].g_group[1].u_mem/g_byte[0].u_sram/D[3]
                                0.14           0.05 r        -0.09  (VIOLATED)
   u_fused_array/g_stripe[0].u_stripe/u_o_bank/g_row[5].g_group[1].u_mem/g_byte[0].u_sram/D[4]
                                0.14           0.05 r        -0.09  (VIOLATED)
   u_fused_array/g_stripe[0].u_stripe/u_o_bank/g_row[5].g_group[1].u_mem/g_byte[0].u_sram/D[5]
                                0.14           0.05 r        -0.09  (VIOLATED)
   u_fused_array/g_stripe[0].u_stripe/u_o_bank/g_row[5].g_group[1].u_mem/g_byte[0].u_sram/D[6]
                                0.14           0.05 r        -0.09  (VIOLATED)
   u_fused_array/g_stripe[0].u_stripe/u_o_bank/g_row[5].g_group[1].u_mem/g_byte[0].u_sram/D[7]
                                0.14           0.05 r        -0.09  (VIOLATED)
   u_fused_array/g_stripe[0].u_stripe/u_o_bank/g_row[5].g_group[1].u_mem/g_byte[1].u_sram/D[0]
                                0.14           0.05 r        -0.09  (VIOLATED)
   u_fused_array/g_stripe[0].u_stripe/u_o_bank/g_row[5].g_group[1].u_mem/g_byte[1].u_sram/D[1]
                                0.14           0.05 r        -0.09  (VIOLATED)
   u_fused_array/g_stripe[0].u_stripe/u_o_bank/g_row[5].g_group[1].u_mem/g_byte[1].u_sram/D[2]
                                0.14           0.05 r        -0.09  (VIOLATED)
   u_fused_array/g_stripe[0].u_stripe/u_o_bank/g_row[5].g_group[1].u_mem/g_byte[1].u_sram/D[3]
                                0.14           0.05 r        -0.09  (VIOLATED)
   u_fused_array/g_stripe[0].u_stripe/u_o_bank/g_row[5].g_group[1].u_mem/g_byte[1].u_sram/D[4]
                                0.14           0.05 r        -0.09  (VIOLATED)
   u_fused_array/g_stripe[0].u_stripe/u_o_bank/g_row[5].g_group[1].u_mem/g_byte[1].u_sram/D[5]
                                0.14           0.05 r        -0.09  (VIOLATED)
   u_fused_array/g_stripe[0].u_stripe/u_o_bank/g_row[5].g_group[1].u_mem/g_byte[1].u_sram/D[6]
                                0.14           0.05 r        -0.09  (VIOLATED)
   u_fused_array/g_stripe[0].u_stripe/u_o_bank/g_row[5].g_group[1].u_mem/g_byte[1].u_sram/D[7]
                                0.14           0.05 r        -0.09  (VIOLATED)
   u_fused_array/g_stripe[0].u_stripe/u_o_bank/g_row[5].g_group[1].u_mem/g_byte[2].u_sram/D[0]
                                0.14           0.05 r        -0.09  (VIOLATED)
   u_fused_array/g_stripe[0].u_stripe/u_o_bank/g_row[5].g_group[1].u_mem/g_byte[2].u_sram/D[1]
                                0.14           0.05 r        -0.09  (VIOLATED)
   u_fused_array/g_stripe[0].u_stripe/u_o_bank/g_row[5].g_group[1].u_mem/g_byte[2].u_sram/D[2]
                                0.14           0.05 r        -0.09  (VIOLATED)
   u_fused_array/g_stripe[0].u_stripe/u_o_bank/g_row[5].g_group[1].u_mem/g_byte[2].u_sram/D[3]
                                0.14           0.05 r        -0.09  (VIOLATED)
   u_fused_array/g_stripe[0].u_stripe/u_o_bank/g_row[5].g_group[1].u_mem/g_byte[2].u_sram/D[4]
                                0.14           0.05 r        -0.09  (VIOLATED)
   u_fused_array/g_stripe[0].u_stripe/u_o_bank/g_row[5].g_group[1].u_mem/g_byte[2].u_sram/D[5]
                                0.14           0.05 r        -0.09  (VIOLATED)
   u_fused_array/g_stripe[0].u_stripe/u_o_bank/g_row[5].g_group[1].u_mem/g_byte[2].u_sram/D[6]
                                0.14           0.05 r        -0.09  (VIOLATED)
   u_fused_array/g_stripe[0].u_stripe/u_o_bank/g_row[5].g_group[1].u_mem/g_byte[2].u_sram/D[7]
                                0.14           0.05 r        -0.09  (VIOLATED)
   u_fused_array/g_stripe[0].u_stripe/u_o_bank/g_row[5].g_group[1].u_mem/g_byte[3].u_sram/D[0]
                                0.14           0.05 r        -0.09  (VIOLATED)
   u_fused_array/g_stripe[0].u_stripe/u_o_bank/g_row[5].g_group[1].u_mem/g_byte[3].u_sram/D[1]
                                0.14           0.05 r        -0.09  (VIOLATED)
   u_fused_array/g_stripe[0].u_stripe/u_o_bank/g_row[5].g_group[1].u_mem/g_byte[3].u_sram/D[2]
                                0.14           0.05 r        -0.09  (VIOLATED)
   u_fused_array/g_stripe[0].u_stripe/u_o_bank/g_row[5].g_group[1].u_mem/g_byte[3].u_sram/D[3]
                                0.14           0.05 r        -0.09  (VIOLATED)
   u_fused_array/g_stripe[0].u_stripe/u_o_bank/g_row[5].g_group[1].u_mem/g_byte[3].u_sram/D[4]
                                0.14           0.05 r        -0.09  (VIOLATED)
   u_fused_array/g_stripe[0].u_stripe/u_o_bank/g_row[5].g_group[1].u_mem/g_byte[3].u_sram/D[5]
                                0.14           0.05 r        -0.09  (VIOLATED)
   u_fused_array/g_stripe[0].u_stripe/u_o_bank/g_row[5].g_group[1].u_mem/g_byte[3].u_sram/D[6]
                                0.14           0.05 r        -0.09  (VIOLATED)
   u_fused_array/g_stripe[0].u_stripe/u_o_bank/g_row[6].g_group[0].u_mem/g_byte[0].u_sram/D[1]
                                0.14           0.05 r        -0.09  (VIOLATED)
   u_fused_array/g_stripe[0].u_stripe/u_o_bank/g_row[6].g_group[0].u_mem/g_byte[0].u_sram/D[2]
                                0.14           0.05 r        -0.09  (VIOLATED)
   u_fused_array/g_stripe[0].u_stripe/u_o_bank/g_row[6].g_group[0].u_mem/g_byte[0].u_sram/D[3]
                                0.14           0.05 r        -0.09  (VIOLATED)
   u_fused_array/g_stripe[0].u_stripe/u_o_bank/g_row[6].g_group[0].u_mem/g_byte[0].u_sram/D[4]
                                0.14           0.05 r        -0.09  (VIOLATED)
   u_fused_array/g_stripe[0].u_stripe/u_o_bank/g_row[6].g_group[0].u_mem/g_byte[0].u_sram/D[5]
                                0.14           0.05 r        -0.09  (VIOLATED)
   u_fused_array/g_stripe[0].u_stripe/u_o_bank/g_row[6].g_group[0].u_mem/g_byte[0].u_sram/D[6]
                                0.14           0.05 r        -0.09  (VIOLATED)
   u_fused_array/g_stripe[0].u_stripe/u_o_bank/g_row[6].g_group[0].u_mem/g_byte[0].u_sram/D[7]
                                0.14           0.05 r        -0.09  (VIOLATED)
   u_fused_array/g_stripe[0].u_stripe/u_o_bank/g_row[6].g_group[0].u_mem/g_byte[1].u_sram/D[0]
                                0.14           0.05 r        -0.09  (VIOLATED)
   u_fused_array/g_stripe[0].u_stripe/u_o_bank/g_row[6].g_group[0].u_mem/g_byte[1].u_sram/D[1]
                                0.14           0.05 r        -0.09  (VIOLATED)
   u_fused_array/g_stripe[0].u_stripe/u_o_bank/g_row[6].g_group[0].u_mem/g_byte[1].u_sram/D[2]
                                0.14           0.05 r        -0.09  (VIOLATED)
   u_fused_array/g_stripe[0].u_stripe/u_o_bank/g_row[6].g_group[0].u_mem/g_byte[1].u_sram/D[3]
                                0.14           0.05 r        -0.09  (VIOLATED)
   u_fused_array/g_stripe[0].u_stripe/u_o_bank/g_row[6].g_group[0].u_mem/g_byte[1].u_sram/D[4]
                                0.14           0.05 r        -0.09  (VIOLATED)
   u_fused_array/g_stripe[0].u_stripe/u_o_bank/g_row[6].g_group[0].u_mem/g_byte[1].u_sram/D[5]
                                0.14           0.05 r        -0.09  (VIOLATED)
   u_fused_array/g_stripe[0].u_stripe/u_o_bank/g_row[6].g_group[0].u_mem/g_byte[1].u_sram/D[6]
                                0.14           0.05 r        -0.09  (VIOLATED)
   u_fused_array/g_stripe[0].u_stripe/u_o_bank/g_row[6].g_group[0].u_mem/g_byte[1].u_sram/D[7]
                                0.14           0.05 r        -0.09  (VIOLATED)
   u_fused_array/g_stripe[0].u_stripe/u_o_bank/g_row[6].g_group[0].u_mem/g_byte[2].u_sram/D[0]
                                0.14           0.05 r        -0.09  (VIOLATED)
   u_fused_array/g_stripe[0].u_stripe/u_o_bank/g_row[6].g_group[0].u_mem/g_byte[2].u_sram/D[1]
                                0.14           0.05 r        -0.09  (VIOLATED)
   u_fused_array/g_stripe[0].u_stripe/u_o_bank/g_row[6].g_group[0].u_mem/g_byte[2].u_sram/D[2]
                                0.14           0.05 r        -0.09  (VIOLATED)
   u_fused_array/g_stripe[0].u_stripe/u_o_bank/g_row[6].g_group[0].u_mem/g_byte[2].u_sram/D[3]
                                0.14           0.05 r        -0.09  (VIOLATED)
   u_fused_array/g_stripe[0].u_stripe/u_o_bank/g_row[6].g_group[0].u_mem/g_byte[2].u_sram/D[4]
                                0.14           0.05 r        -0.09  (VIOLATED)
   u_fused_array/g_stripe[0].u_stripe/u_o_bank/g_row[6].g_group[0].u_mem/g_byte[2].u_sram/D[5]
                                0.14           0.05 r        -0.09  (VIOLATED)
   u_fused_array/g_stripe[0].u_stripe/u_o_bank/g_row[6].g_group[0].u_mem/g_byte[2].u_sram/D[6]
                                0.14           0.05 r        -0.09  (VIOLATED)
   u_fused_array/g_stripe[0].u_stripe/u_o_bank/g_row[6].g_group[0].u_mem/g_byte[2].u_sram/D[7]
                                0.14           0.05 r        -0.09  (VIOLATED)
   u_fused_array/g_stripe[0].u_stripe/u_o_bank/g_row[6].g_group[0].u_mem/g_byte[3].u_sram/D[0]
                                0.14           0.05 r        -0.09  (VIOLATED)
   u_fused_array/g_stripe[0].u_stripe/u_o_bank/g_row[6].g_group[0].u_mem/g_byte[3].u_sram/D[1]
                                0.14           0.05 r        -0.09  (VIOLATED)
   u_fused_array/g_stripe[0].u_stripe/u_o_bank/g_row[6].g_group[0].u_mem/g_byte[3].u_sram/D[2]
                                0.14           0.05 r        -0.09  (VIOLATED)
   u_fused_array/g_stripe[0].u_stripe/u_o_bank/g_row[6].g_group[0].u_mem/g_byte[3].u_sram/D[3]
                                0.14           0.05 r        -0.09  (VIOLATED)
   u_fused_array/g_stripe[0].u_stripe/u_o_bank/g_row[6].g_group[0].u_mem/g_byte[3].u_sram/D[4]
                                0.14           0.05 r        -0.09  (VIOLATED)
   u_fused_array/g_stripe[0].u_stripe/u_o_bank/g_row[6].g_group[0].u_mem/g_byte[3].u_sram/D[5]
                                0.14           0.05 r        -0.09  (VIOLATED)
   u_fused_array/g_stripe[0].u_stripe/u_o_bank/g_row[6].g_group[0].u_mem/g_byte[3].u_sram/D[6]
                                0.14           0.05 r        -0.09  (VIOLATED)
   u_fused_array/g_stripe[0].u_stripe/u_o_bank/g_row[6].g_group[1].u_mem/g_byte[0].u_sram/D[1]
                                0.14           0.05 r        -0.09  (VIOLATED)
   u_fused_array/g_stripe[0].u_stripe/u_o_bank/g_row[6].g_group[1].u_mem/g_byte[0].u_sram/D[2]
                                0.14           0.05 r        -0.09  (VIOLATED)
   u_fused_array/g_stripe[0].u_stripe/u_o_bank/g_row[6].g_group[1].u_mem/g_byte[0].u_sram/D[3]
                                0.14           0.05 r        -0.09  (VIOLATED)
   u_fused_array/g_stripe[0].u_stripe/u_o_bank/g_row[6].g_group[1].u_mem/g_byte[0].u_sram/D[4]
                                0.14           0.05 r        -0.09  (VIOLATED)
   u_fused_array/g_stripe[0].u_stripe/u_o_bank/g_row[6].g_group[1].u_mem/g_byte[0].u_sram/D[5]
                                0.14           0.05 r        -0.09  (VIOLATED)
   u_fused_array/g_stripe[0].u_stripe/u_o_bank/g_row[6].g_group[1].u_mem/g_byte[0].u_sram/D[6]
                                0.14           0.05 r        -0.09  (VIOLATED)
   u_fused_array/g_stripe[0].u_stripe/u_o_bank/g_row[6].g_group[1].u_mem/g_byte[0].u_sram/D[7]
                                0.14           0.05 r        -0.09  (VIOLATED)
   u_fused_array/g_stripe[0].u_stripe/u_o_bank/g_row[6].g_group[1].u_mem/g_byte[1].u_sram/D[0]
                                0.14           0.05 r        -0.09  (VIOLATED)
   u_fused_array/g_stripe[0].u_stripe/u_o_bank/g_row[6].g_group[1].u_mem/g_byte[1].u_sram/D[1]
                                0.14           0.05 r        -0.09  (VIOLATED)
   u_fused_array/g_stripe[0].u_stripe/u_o_bank/g_row[6].g_group[1].u_mem/g_byte[1].u_sram/D[2]
                                0.14           0.05 r        -0.09  (VIOLATED)
   u_fused_array/g_stripe[0].u_stripe/u_o_bank/g_row[6].g_group[1].u_mem/g_byte[1].u_sram/D[3]
                                0.14           0.05 r        -0.09  (VIOLATED)
   u_fused_array/g_stripe[0].u_stripe/u_o_bank/g_row[6].g_group[1].u_mem/g_byte[1].u_sram/D[4]
                                0.14           0.05 r        -0.09  (VIOLATED)
   u_fused_array/g_stripe[0].u_stripe/u_o_bank/g_row[6].g_group[1].u_mem/g_byte[1].u_sram/D[5]
                                0.14           0.05 r        -0.09  (VIOLATED)
   u_fused_array/g_stripe[0].u_stripe/u_o_bank/g_row[6].g_group[1].u_mem/g_byte[1].u_sram/D[6]
                                0.14           0.05 r        -0.09  (VIOLATED)
   u_fused_array/g_stripe[0].u_stripe/u_o_bank/g_row[6].g_group[1].u_mem/g_byte[1].u_sram/D[7]
                                0.14           0.05 r        -0.09  (VIOLATED)
   u_fused_array/g_stripe[0].u_stripe/u_o_bank/g_row[6].g_group[1].u_mem/g_byte[2].u_sram/D[0]
                                0.14           0.05 r        -0.09  (VIOLATED)
   u_fused_array/g_stripe[0].u_stripe/u_o_bank/g_row[6].g_group[1].u_mem/g_byte[2].u_sram/D[1]
                                0.14           0.05 r        -0.09  (VIOLATED)
   u_fused_array/g_stripe[0].u_stripe/u_o_bank/g_row[6].g_group[1].u_mem/g_byte[2].u_sram/D[2]
                                0.14           0.05 r        -0.09  (VIOLATED)
   u_fused_array/g_stripe[0].u_stripe/u_o_bank/g_row[6].g_group[1].u_mem/g_byte[2].u_sram/D[3]
                                0.14           0.05 r        -0.09  (VIOLATED)
   u_fused_array/g_stripe[0].u_stripe/u_o_bank/g_row[6].g_group[1].u_mem/g_byte[2].u_sram/D[4]
                                0.14           0.05 r        -0.09  (VIOLATED)
   u_fused_array/g_stripe[0].u_stripe/u_o_bank/g_row[6].g_group[1].u_mem/g_byte[2].u_sram/D[5]
                                0.14           0.05 r        -0.09  (VIOLATED)
   u_fused_array/g_stripe[0].u_stripe/u_o_bank/g_row[6].g_group[1].u_mem/g_byte[2].u_sram/D[6]
                                0.14           0.05 r        -0.09  (VIOLATED)
   u_fused_array/g_stripe[0].u_stripe/u_o_bank/g_row[6].g_group[1].u_mem/g_byte[2].u_sram/D[7]
                                0.14           0.05 r        -0.09  (VIOLATED)
   u_fused_array/g_stripe[0].u_stripe/u_o_bank/g_row[6].g_group[1].u_mem/g_byte[3].u_sram/D[0]
                                0.14           0.05 r        -0.09  (VIOLATED)
   u_fused_array/g_stripe[0].u_stripe/u_o_bank/g_row[6].g_group[1].u_mem/g_byte[3].u_sram/D[1]
                                0.14           0.05 r        -0.09  (VIOLATED)
   u_fused_array/g_stripe[0].u_stripe/u_o_bank/g_row[6].g_group[1].u_mem/g_byte[3].u_sram/D[2]
                                0.14           0.05 r        -0.09  (VIOLATED)
   u_fused_array/g_stripe[0].u_stripe/u_o_bank/g_row[6].g_group[1].u_mem/g_byte[3].u_sram/D[3]
                                0.14           0.05 r        -0.09  (VIOLATED)
   u_fused_array/g_stripe[0].u_stripe/u_o_bank/g_row[6].g_group[1].u_mem/g_byte[3].u_sram/D[4]
                                0.14           0.05 r        -0.09  (VIOLATED)
   u_fused_array/g_stripe[0].u_stripe/u_o_bank/g_row[6].g_group[1].u_mem/g_byte[3].u_sram/D[5]
                                0.14           0.05 r        -0.09  (VIOLATED)
   u_fused_array/g_stripe[0].u_stripe/u_o_bank/g_row[6].g_group[1].u_mem/g_byte[3].u_sram/D[6]
                                0.14           0.05 r        -0.09  (VIOLATED)
   u_fused_array/g_stripe[0].u_stripe/u_o_bank/g_row[7].g_group[0].u_mem/g_byte[0].u_sram/D[1]
                                0.14           0.05 r        -0.09  (VIOLATED)
   u_fused_array/g_stripe[0].u_stripe/u_o_bank/g_row[7].g_group[0].u_mem/g_byte[0].u_sram/D[2]
                                0.14           0.05 r        -0.09  (VIOLATED)
   u_fused_array/g_stripe[0].u_stripe/u_o_bank/g_row[7].g_group[0].u_mem/g_byte[0].u_sram/D[3]
                                0.14           0.05 r        -0.09  (VIOLATED)
   u_fused_array/g_stripe[0].u_stripe/u_o_bank/g_row[7].g_group[0].u_mem/g_byte[0].u_sram/D[4]
                                0.14           0.05 r        -0.09  (VIOLATED)
   u_fused_array/g_stripe[0].u_stripe/u_o_bank/g_row[7].g_group[0].u_mem/g_byte[0].u_sram/D[5]
                                0.14           0.05 r        -0.09  (VIOLATED)
   u_fused_array/g_stripe[0].u_stripe/u_o_bank/g_row[7].g_group[0].u_mem/g_byte[0].u_sram/D[6]
                                0.14           0.05 r        -0.09  (VIOLATED)
   u_fused_array/g_stripe[0].u_stripe/u_o_bank/g_row[7].g_group[0].u_mem/g_byte[0].u_sram/D[7]
                                0.14           0.05 r        -0.09  (VIOLATED)
   u_fused_array/g_stripe[0].u_stripe/u_o_bank/g_row[7].g_group[0].u_mem/g_byte[1].u_sram/D[0]
                                0.14           0.05 r        -0.09  (VIOLATED)
   u_fused_array/g_stripe[0].u_stripe/u_o_bank/g_row[7].g_group[0].u_mem/g_byte[1].u_sram/D[1]
                                0.14           0.05 r        -0.09  (VIOLATED)
   u_fused_array/g_stripe[0].u_stripe/u_o_bank/g_row[7].g_group[0].u_mem/g_byte[1].u_sram/D[2]
                                0.14           0.05 r        -0.09  (VIOLATED)
   u_fused_array/g_stripe[0].u_stripe/u_o_bank/g_row[7].g_group[0].u_mem/g_byte[1].u_sram/D[3]
                                0.14           0.05 r        -0.09  (VIOLATED)
   u_fused_array/g_stripe[0].u_stripe/u_o_bank/g_row[7].g_group[0].u_mem/g_byte[1].u_sram/D[4]
                                0.14           0.05 r        -0.09  (VIOLATED)
   u_fused_array/g_stripe[0].u_stripe/u_o_bank/g_row[7].g_group[0].u_mem/g_byte[1].u_sram/D[5]
                                0.14           0.05 r        -0.09  (VIOLATED)
   u_fused_array/g_stripe[0].u_stripe/u_o_bank/g_row[7].g_group[0].u_mem/g_byte[1].u_sram/D[6]
                                0.14           0.05 r        -0.09  (VIOLATED)
   u_fused_array/g_stripe[0].u_stripe/u_o_bank/g_row[7].g_group[0].u_mem/g_byte[1].u_sram/D[7]
                                0.14           0.05 r        -0.09  (VIOLATED)
   u_fused_array/g_stripe[0].u_stripe/u_o_bank/g_row[7].g_group[0].u_mem/g_byte[2].u_sram/D[0]
                                0.14           0.05 r        -0.09  (VIOLATED)
   u_fused_array/g_stripe[0].u_stripe/u_o_bank/g_row[7].g_group[0].u_mem/g_byte[2].u_sram/D[1]
                                0.14           0.05 r        -0.09  (VIOLATED)
   u_fused_array/g_stripe[0].u_stripe/u_o_bank/g_row[7].g_group[0].u_mem/g_byte[2].u_sram/D[2]
                                0.14           0.05 r        -0.09  (VIOLATED)
   u_fused_array/g_stripe[0].u_stripe/u_o_bank/g_row[7].g_group[0].u_mem/g_byte[2].u_sram/D[3]
                                0.14           0.05 r        -0.09  (VIOLATED)
   u_fused_array/g_stripe[0].u_stripe/u_o_bank/g_row[7].g_group[0].u_mem/g_byte[2].u_sram/D[4]
                                0.14           0.05 r        -0.09  (VIOLATED)
   u_fused_array/g_stripe[0].u_stripe/u_o_bank/g_row[7].g_group[0].u_mem/g_byte[2].u_sram/D[5]
                                0.14           0.05 r        -0.09  (VIOLATED)
   u_fused_array/g_stripe[0].u_stripe/u_o_bank/g_row[7].g_group[0].u_mem/g_byte[2].u_sram/D[6]
                                0.14           0.05 r        -0.09  (VIOLATED)
   u_fused_array/g_stripe[0].u_stripe/u_o_bank/g_row[7].g_group[0].u_mem/g_byte[2].u_sram/D[7]
                                0.14           0.05 r        -0.09  (VIOLATED)
   u_fused_array/g_stripe[0].u_stripe/u_o_bank/g_row[7].g_group[0].u_mem/g_byte[3].u_sram/D[0]
                                0.14           0.05 r        -0.09  (VIOLATED)
   u_fused_array/g_stripe[0].u_stripe/u_o_bank/g_row[7].g_group[0].u_mem/g_byte[3].u_sram/D[1]
                                0.14           0.05 r        -0.09  (VIOLATED)
   u_fused_array/g_stripe[0].u_stripe/u_o_bank/g_row[7].g_group[0].u_mem/g_byte[3].u_sram/D[2]
                                0.14           0.05 r        -0.09  (VIOLATED)
   u_fused_array/g_stripe[0].u_stripe/u_o_bank/g_row[7].g_group[0].u_mem/g_byte[3].u_sram/D[3]
                                0.14           0.05 r        -0.09  (VIOLATED)
   u_fused_array/g_stripe[0].u_stripe/u_o_bank/g_row[7].g_group[0].u_mem/g_byte[3].u_sram/D[4]
                                0.14           0.05 r        -0.09  (VIOLATED)
   u_fused_array/g_stripe[0].u_stripe/u_o_bank/g_row[7].g_group[0].u_mem/g_byte[3].u_sram/D[5]
                                0.14           0.05 r        -0.09  (VIOLATED)
   u_fused_array/g_stripe[0].u_stripe/u_o_bank/g_row[7].g_group[0].u_mem/g_byte[3].u_sram/D[6]
                                0.14           0.05 r        -0.09  (VIOLATED)
   u_fused_array/g_stripe[0].u_stripe/u_o_bank/g_row[7].g_group[1].u_mem/g_byte[0].u_sram/D[1]
                                0.14           0.05 r        -0.09  (VIOLATED)
   u_fused_array/g_stripe[0].u_stripe/u_o_bank/g_row[7].g_group[1].u_mem/g_byte[0].u_sram/D[2]
                                0.14           0.05 r        -0.09  (VIOLATED)
   u_fused_array/g_stripe[0].u_stripe/u_o_bank/g_row[7].g_group[1].u_mem/g_byte[0].u_sram/D[3]
                                0.14           0.05 r        -0.09  (VIOLATED)
   u_fused_array/g_stripe[0].u_stripe/u_o_bank/g_row[7].g_group[1].u_mem/g_byte[0].u_sram/D[4]
                                0.14           0.05 r        -0.09  (VIOLATED)
   u_fused_array/g_stripe[0].u_stripe/u_o_bank/g_row[7].g_group[1].u_mem/g_byte[0].u_sram/D[5]
                                0.14           0.05 r        -0.09  (VIOLATED)
   u_fused_array/g_stripe[0].u_stripe/u_o_bank/g_row[7].g_group[1].u_mem/g_byte[0].u_sram/D[6]
                                0.14           0.05 r        -0.09  (VIOLATED)
   u_fused_array/g_stripe[0].u_stripe/u_o_bank/g_row[7].g_group[1].u_mem/g_byte[0].u_sram/D[7]
                                0.14           0.05 r        -0.09  (VIOLATED)
   u_fused_array/g_stripe[0].u_stripe/u_o_bank/g_row[7].g_group[1].u_mem/g_byte[1].u_sram/D[0]
                                0.14           0.05 r        -0.09  (VIOLATED)
   u_fused_array/g_stripe[0].u_stripe/u_o_bank/g_row[7].g_group[1].u_mem/g_byte[1].u_sram/D[1]
                                0.14           0.05 r        -0.09  (VIOLATED)
   u_fused_array/g_stripe[0].u_stripe/u_o_bank/g_row[7].g_group[1].u_mem/g_byte[1].u_sram/D[2]
                                0.14           0.05 r        -0.09  (VIOLATED)
   u_fused_array/g_stripe[0].u_stripe/u_o_bank/g_row[7].g_group[1].u_mem/g_byte[1].u_sram/D[3]
                                0.14           0.05 r        -0.09  (VIOLATED)
   u_fused_array/g_stripe[0].u_stripe/u_o_bank/g_row[7].g_group[1].u_mem/g_byte[1].u_sram/D[4]
                                0.14           0.05 r        -0.09  (VIOLATED)
   u_fused_array/g_stripe[0].u_stripe/u_o_bank/g_row[7].g_group[1].u_mem/g_byte[1].u_sram/D[5]
                                0.14           0.05 r        -0.09  (VIOLATED)
   u_fused_array/g_stripe[0].u_stripe/u_o_bank/g_row[7].g_group[1].u_mem/g_byte[1].u_sram/D[6]
                                0.14           0.05 r        -0.09  (VIOLATED)
   u_fused_array/g_stripe[0].u_stripe/u_o_bank/g_row[7].g_group[1].u_mem/g_byte[1].u_sram/D[7]
                                0.14           0.05 r        -0.09  (VIOLATED)
   u_fused_array/g_stripe[0].u_stripe/u_o_bank/g_row[7].g_group[1].u_mem/g_byte[2].u_sram/D[0]
                                0.14           0.05 r        -0.09  (VIOLATED)
   u_fused_array/g_stripe[0].u_stripe/u_o_bank/g_row[7].g_group[1].u_mem/g_byte[2].u_sram/D[1]
                                0.14           0.05 r        -0.09  (VIOLATED)
   u_fused_array/g_stripe[0].u_stripe/u_o_bank/g_row[7].g_group[1].u_mem/g_byte[2].u_sram/D[2]
                                0.14           0.05 r        -0.09  (VIOLATED)
   u_fused_array/g_stripe[0].u_stripe/u_o_bank/g_row[7].g_group[1].u_mem/g_byte[2].u_sram/D[3]
                                0.14           0.05 r        -0.09  (VIOLATED)
   u_fused_array/g_stripe[0].u_stripe/u_o_bank/g_row[7].g_group[1].u_mem/g_byte[2].u_sram/D[4]
                                0.14           0.05 r        -0.09  (VIOLATED)
   u_fused_array/g_stripe[0].u_stripe/u_o_bank/g_row[7].g_group[1].u_mem/g_byte[2].u_sram/D[5]
                                0.14           0.05 r        -0.09  (VIOLATED)
   u_fused_array/g_stripe[0].u_stripe/u_o_bank/g_row[7].g_group[1].u_mem/g_byte[2].u_sram/D[6]
                                0.14           0.05 r        -0.09  (VIOLATED)
   u_fused_array/g_stripe[0].u_stripe/u_o_bank/g_row[7].g_group[1].u_mem/g_byte[2].u_sram/D[7]
                                0.14           0.05 r        -0.09  (VIOLATED)
   u_fused_array/g_stripe[0].u_stripe/u_o_bank/g_row[7].g_group[1].u_mem/g_byte[3].u_sram/D[0]
                                0.14           0.05 r        -0.09  (VIOLATED)
   u_fused_array/g_stripe[0].u_stripe/u_o_bank/g_row[7].g_group[1].u_mem/g_byte[3].u_sram/D[1]
                                0.14           0.05 r        -0.09  (VIOLATED)
   u_fused_array/g_stripe[0].u_stripe/u_o_bank/g_row[7].g_group[1].u_mem/g_byte[3].u_sram/D[2]
                                0.14           0.05 r        -0.09  (VIOLATED)
   u_fused_array/g_stripe[0].u_stripe/u_o_bank/g_row[7].g_group[1].u_mem/g_byte[3].u_sram/D[3]
                                0.14           0.05 r        -0.09  (VIOLATED)
   u_fused_array/g_stripe[0].u_stripe/u_o_bank/g_row[7].g_group[1].u_mem/g_byte[3].u_sram/D[4]
                                0.14           0.05 r        -0.09  (VIOLATED)
   u_fused_array/g_stripe[0].u_stripe/u_o_bank/g_row[7].g_group[1].u_mem/g_byte[3].u_sram/D[5]
                                0.14           0.05 r        -0.09  (VIOLATED)
   u_fused_array/g_stripe[0].u_stripe/u_o_bank/g_row[7].g_group[1].u_mem/g_byte[3].u_sram/D[6]
                                0.14           0.05 r        -0.09  (VIOLATED)
   u_fused_array/g_stripe[1].u_stripe/u_o_bank/g_row[2].g_group[0].u_mem/g_byte[0].u_sram/D[1]
                                0.14           0.05 r        -0.09  (VIOLATED)
   u_fused_array/g_stripe[1].u_stripe/u_o_bank/g_row[2].g_group[0].u_mem/g_byte[0].u_sram/D[2]
                                0.14           0.05 r        -0.09  (VIOLATED)
   u_fused_array/g_stripe[1].u_stripe/u_o_bank/g_row[2].g_group[0].u_mem/g_byte[0].u_sram/D[3]
                                0.14           0.05 r        -0.09  (VIOLATED)
   u_fused_array/g_stripe[1].u_stripe/u_o_bank/g_row[2].g_group[0].u_mem/g_byte[0].u_sram/D[4]
                                0.14           0.05 r        -0.09  (VIOLATED)
   u_fused_array/g_stripe[1].u_stripe/u_o_bank/g_row[2].g_group[0].u_mem/g_byte[0].u_sram/D[5]
                                0.14           0.05 r        -0.09  (VIOLATED)
   u_fused_array/g_stripe[1].u_stripe/u_o_bank/g_row[2].g_group[0].u_mem/g_byte[0].u_sram/D[6]
                                0.14           0.05 r        -0.09  (VIOLATED)
   u_fused_array/g_stripe[1].u_stripe/u_o_bank/g_row[2].g_group[0].u_mem/g_byte[0].u_sram/D[7]
                                0.14           0.05 r        -0.09  (VIOLATED)
   u_fused_array/g_stripe[1].u_stripe/u_o_bank/g_row[2].g_group[0].u_mem/g_byte[1].u_sram/D[0]
                                0.14           0.05 r        -0.09  (VIOLATED)
   u_fused_array/g_stripe[1].u_stripe/u_o_bank/g_row[2].g_group[0].u_mem/g_byte[1].u_sram/D[1]
                                0.14           0.05 r        -0.09  (VIOLATED)
   u_fused_array/g_stripe[1].u_stripe/u_o_bank/g_row[2].g_group[0].u_mem/g_byte[1].u_sram/D[2]
                                0.14           0.05 r        -0.09  (VIOLATED)
   u_fused_array/g_stripe[1].u_stripe/u_o_bank/g_row[2].g_group[0].u_mem/g_byte[1].u_sram/D[3]
                                0.14           0.05 r        -0.09  (VIOLATED)
   u_fused_array/g_stripe[1].u_stripe/u_o_bank/g_row[2].g_group[0].u_mem/g_byte[1].u_sram/D[4]
                                0.14           0.05 r        -0.09  (VIOLATED)
   u_fused_array/g_stripe[1].u_stripe/u_o_bank/g_row[2].g_group[0].u_mem/g_byte[1].u_sram/D[5]
                                0.14           0.05 r        -0.09  (VIOLATED)
   u_fused_array/g_stripe[1].u_stripe/u_o_bank/g_row[2].g_group[0].u_mem/g_byte[1].u_sram/D[6]
                                0.14           0.05 r        -0.09  (VIOLATED)
   u_fused_array/g_stripe[1].u_stripe/u_o_bank/g_row[2].g_group[0].u_mem/g_byte[1].u_sram/D[7]
                                0.14           0.05 r        -0.09  (VIOLATED)
   u_fused_array/g_stripe[1].u_stripe/u_o_bank/g_row[2].g_group[0].u_mem/g_byte[2].u_sram/D[0]
                                0.14           0.05 r        -0.09  (VIOLATED)
   u_fused_array/g_stripe[1].u_stripe/u_o_bank/g_row[2].g_group[0].u_mem/g_byte[2].u_sram/D[1]
                                0.14           0.05 r        -0.09  (VIOLATED)
   u_fused_array/g_stripe[1].u_stripe/u_o_bank/g_row[2].g_group[0].u_mem/g_byte[2].u_sram/D[2]
                                0.14           0.05 r        -0.09  (VIOLATED)
   u_fused_array/g_stripe[1].u_stripe/u_o_bank/g_row[2].g_group[0].u_mem/g_byte[2].u_sram/D[3]
                                0.14           0.05 r        -0.09  (VIOLATED)
   u_fused_array/g_stripe[1].u_stripe/u_o_bank/g_row[2].g_group[0].u_mem/g_byte[2].u_sram/D[4]
                                0.14           0.05 r        -0.09  (VIOLATED)
   u_fused_array/g_stripe[1].u_stripe/u_o_bank/g_row[2].g_group[0].u_mem/g_byte[2].u_sram/D[5]
                                0.14           0.05 r        -0.09  (VIOLATED)
   u_fused_array/g_stripe[1].u_stripe/u_o_bank/g_row[2].g_group[0].u_mem/g_byte[2].u_sram/D[6]
                                0.14           0.05 r        -0.09  (VIOLATED)
   u_fused_array/g_stripe[1].u_stripe/u_o_bank/g_row[2].g_group[0].u_mem/g_byte[2].u_sram/D[7]
                                0.14           0.05 r        -0.09  (VIOLATED)
   u_fused_array/g_stripe[1].u_stripe/u_o_bank/g_row[2].g_group[0].u_mem/g_byte[3].u_sram/D[0]
                                0.14           0.05 r        -0.09  (VIOLATED)
   u_fused_array/g_stripe[1].u_stripe/u_o_bank/g_row[2].g_group[0].u_mem/g_byte[3].u_sram/D[1]
                                0.14           0.05 r        -0.09  (VIOLATED)
   u_fused_array/g_stripe[1].u_stripe/u_o_bank/g_row[2].g_group[0].u_mem/g_byte[3].u_sram/D[2]
                                0.14           0.05 r        -0.09  (VIOLATED)
   u_fused_array/g_stripe[1].u_stripe/u_o_bank/g_row[2].g_group[0].u_mem/g_byte[3].u_sram/D[3]
                                0.14           0.05 r        -0.09  (VIOLATED)
   u_fused_array/g_stripe[1].u_stripe/u_o_bank/g_row[2].g_group[0].u_mem/g_byte[3].u_sram/D[4]
                                0.14           0.05 r        -0.09  (VIOLATED)
   u_fused_array/g_stripe[1].u_stripe/u_o_bank/g_row[2].g_group[0].u_mem/g_byte[3].u_sram/D[5]
                                0.14           0.05 r        -0.09  (VIOLATED)
   u_fused_array/g_stripe[1].u_stripe/u_o_bank/g_row[2].g_group[0].u_mem/g_byte[3].u_sram/D[6]
                                0.14           0.05 r        -0.09  (VIOLATED)
   u_fused_array/g_stripe[1].u_stripe/u_o_bank/g_row[2].g_group[1].u_mem/g_byte[0].u_sram/D[1]
                                0.14           0.05 r        -0.09  (VIOLATED)
   u_fused_array/g_stripe[1].u_stripe/u_o_bank/g_row[2].g_group[1].u_mem/g_byte[0].u_sram/D[2]
                                0.14           0.05 r        -0.09  (VIOLATED)
   u_fused_array/g_stripe[1].u_stripe/u_o_bank/g_row[2].g_group[1].u_mem/g_byte[0].u_sram/D[3]
                                0.14           0.05 r        -0.09  (VIOLATED)
   u_fused_array/g_stripe[1].u_stripe/u_o_bank/g_row[2].g_group[1].u_mem/g_byte[0].u_sram/D[4]
                                0.14           0.05 r        -0.09  (VIOLATED)
   u_fused_array/g_stripe[1].u_stripe/u_o_bank/g_row[2].g_group[1].u_mem/g_byte[0].u_sram/D[5]
                                0.14           0.05 r        -0.09  (VIOLATED)
   u_fused_array/g_stripe[1].u_stripe/u_o_bank/g_row[2].g_group[1].u_mem/g_byte[0].u_sram/D[6]
                                0.14           0.05 r        -0.09  (VIOLATED)
   u_fused_array/g_stripe[1].u_stripe/u_o_bank/g_row[2].g_group[1].u_mem/g_byte[0].u_sram/D[7]
                                0.14           0.05 r        -0.09  (VIOLATED)
   u_fused_array/g_stripe[1].u_stripe/u_o_bank/g_row[2].g_group[1].u_mem/g_byte[1].u_sram/D[0]
                                0.14           0.05 r        -0.09  (VIOLATED)
   u_fused_array/g_stripe[1].u_stripe/u_o_bank/g_row[2].g_group[1].u_mem/g_byte[1].u_sram/D[1]
                                0.14           0.05 r        -0.09  (VIOLATED)
   u_fused_array/g_stripe[1].u_stripe/u_o_bank/g_row[2].g_group[1].u_mem/g_byte[1].u_sram/D[2]
                                0.14           0.05 r        -0.09  (VIOLATED)
   u_fused_array/g_stripe[1].u_stripe/u_o_bank/g_row[2].g_group[1].u_mem/g_byte[1].u_sram/D[3]
                                0.14           0.05 r        -0.09  (VIOLATED)
   u_fused_array/g_stripe[1].u_stripe/u_o_bank/g_row[2].g_group[1].u_mem/g_byte[1].u_sram/D[4]
                                0.14           0.05 r        -0.09  (VIOLATED)
   u_fused_array/g_stripe[1].u_stripe/u_o_bank/g_row[2].g_group[1].u_mem/g_byte[1].u_sram/D[5]
                                0.14           0.05 r        -0.09  (VIOLATED)
   u_fused_array/g_stripe[1].u_stripe/u_o_bank/g_row[2].g_group[1].u_mem/g_byte[1].u_sram/D[6]
                                0.14           0.05 r        -0.09  (VIOLATED)
   u_fused_array/g_stripe[1].u_stripe/u_o_bank/g_row[2].g_group[1].u_mem/g_byte[1].u_sram/D[7]
                                0.14           0.05 r        -0.09  (VIOLATED)
   u_fused_array/g_stripe[1].u_stripe/u_o_bank/g_row[2].g_group[1].u_mem/g_byte[2].u_sram/D[0]
                                0.14           0.05 r        -0.09  (VIOLATED)
   u_fused_array/g_stripe[1].u_stripe/u_o_bank/g_row[2].g_group[1].u_mem/g_byte[2].u_sram/D[1]
                                0.14           0.05 r        -0.09  (VIOLATED)
   u_fused_array/g_stripe[1].u_stripe/u_o_bank/g_row[2].g_group[1].u_mem/g_byte[2].u_sram/D[2]
                                0.14           0.05 r        -0.09  (VIOLATED)
   u_fused_array/g_stripe[1].u_stripe/u_o_bank/g_row[2].g_group[1].u_mem/g_byte[2].u_sram/D[3]
                                0.14           0.05 r        -0.09  (VIOLATED)
   u_fused_array/g_stripe[1].u_stripe/u_o_bank/g_row[2].g_group[1].u_mem/g_byte[2].u_sram/D[4]
                                0.14           0.05 r        -0.09  (VIOLATED)
   u_fused_array/g_stripe[1].u_stripe/u_o_bank/g_row[2].g_group[1].u_mem/g_byte[2].u_sram/D[5]
                                0.14           0.05 r        -0.09  (VIOLATED)
   u_fused_array/g_stripe[1].u_stripe/u_o_bank/g_row[2].g_group[1].u_mem/g_byte[2].u_sram/D[6]
                                0.14           0.05 r        -0.09  (VIOLATED)
   u_fused_array/g_stripe[1].u_stripe/u_o_bank/g_row[2].g_group[1].u_mem/g_byte[2].u_sram/D[7]
                                0.14           0.05 r        -0.09  (VIOLATED)
   u_fused_array/g_stripe[1].u_stripe/u_o_bank/g_row[2].g_group[1].u_mem/g_byte[3].u_sram/D[0]
                                0.14           0.05 r        -0.09  (VIOLATED)
   u_fused_array/g_stripe[1].u_stripe/u_o_bank/g_row[2].g_group[1].u_mem/g_byte[3].u_sram/D[1]
                                0.14           0.05 r        -0.09  (VIOLATED)
   u_fused_array/g_stripe[1].u_stripe/u_o_bank/g_row[2].g_group[1].u_mem/g_byte[3].u_sram/D[2]
                                0.14           0.05 r        -0.09  (VIOLATED)
   u_fused_array/g_stripe[1].u_stripe/u_o_bank/g_row[2].g_group[1].u_mem/g_byte[3].u_sram/D[3]
                                0.14           0.05 r        -0.09  (VIOLATED)
   u_fused_array/g_stripe[1].u_stripe/u_o_bank/g_row[2].g_group[1].u_mem/g_byte[3].u_sram/D[4]
                                0.14           0.05 r        -0.09  (VIOLATED)
   u_fused_array/g_stripe[1].u_stripe/u_o_bank/g_row[2].g_group[1].u_mem/g_byte[3].u_sram/D[5]
                                0.14           0.05 r        -0.09  (VIOLATED)
   u_fused_array/g_stripe[1].u_stripe/u_o_bank/g_row[2].g_group[1].u_mem/g_byte[3].u_sram/D[6]
                                0.14           0.05 r        -0.09  (VIOLATED)
   u_fused_array/g_stripe[1].u_stripe/u_o_bank/g_row[3].g_group[0].u_mem/g_byte[0].u_sram/D[1]
                                0.14           0.05 r        -0.09  (VIOLATED)
   u_fused_array/g_stripe[1].u_stripe/u_o_bank/g_row[3].g_group[0].u_mem/g_byte[0].u_sram/D[2]
                                0.14           0.05 r        -0.09  (VIOLATED)
   u_fused_array/g_stripe[1].u_stripe/u_o_bank/g_row[3].g_group[0].u_mem/g_byte[0].u_sram/D[3]
                                0.14           0.05 r        -0.09  (VIOLATED)
   u_fused_array/g_stripe[1].u_stripe/u_o_bank/g_row[3].g_group[0].u_mem/g_byte[0].u_sram/D[4]
                                0.14           0.05 r        -0.09  (VIOLATED)
   u_fused_array/g_stripe[1].u_stripe/u_o_bank/g_row[3].g_group[0].u_mem/g_byte[0].u_sram/D[5]
                                0.14           0.05 r        -0.09  (VIOLATED)
   u_fused_array/g_stripe[1].u_stripe/u_o_bank/g_row[3].g_group[0].u_mem/g_byte[0].u_sram/D[6]
                                0.14           0.05 r        -0.09  (VIOLATED)
   u_fused_array/g_stripe[1].u_stripe/u_o_bank/g_row[3].g_group[0].u_mem/g_byte[0].u_sram/D[7]
                                0.14           0.05 r        -0.09  (VIOLATED)
   u_fused_array/g_stripe[1].u_stripe/u_o_bank/g_row[3].g_group[0].u_mem/g_byte[1].u_sram/D[0]
                                0.14           0.05 r        -0.09  (VIOLATED)
   u_fused_array/g_stripe[1].u_stripe/u_o_bank/g_row[3].g_group[0].u_mem/g_byte[1].u_sram/D[1]
                                0.14           0.05 r        -0.09  (VIOLATED)
   u_fused_array/g_stripe[1].u_stripe/u_o_bank/g_row[3].g_group[0].u_mem/g_byte[1].u_sram/D[2]
                                0.14           0.05 r        -0.09  (VIOLATED)
   u_fused_array/g_stripe[1].u_stripe/u_o_bank/g_row[3].g_group[0].u_mem/g_byte[1].u_sram/D[3]
                                0.14           0.05 r        -0.09  (VIOLATED)
   u_fused_array/g_stripe[1].u_stripe/u_o_bank/g_row[3].g_group[0].u_mem/g_byte[1].u_sram/D[4]
                                0.14           0.05 r        -0.09  (VIOLATED)
   u_fused_array/g_stripe[1].u_stripe/u_o_bank/g_row[3].g_group[0].u_mem/g_byte[1].u_sram/D[5]
                                0.14           0.05 r        -0.09  (VIOLATED)
   u_fused_array/g_stripe[1].u_stripe/u_o_bank/g_row[3].g_group[0].u_mem/g_byte[1].u_sram/D[6]
                                0.14           0.05 r        -0.09  (VIOLATED)
   u_fused_array/g_stripe[1].u_stripe/u_o_bank/g_row[3].g_group[0].u_mem/g_byte[1].u_sram/D[7]
                                0.14           0.05 r        -0.09  (VIOLATED)
   u_fused_array/g_stripe[1].u_stripe/u_o_bank/g_row[3].g_group[0].u_mem/g_byte[2].u_sram/D[0]
                                0.14           0.05 r        -0.09  (VIOLATED)
   u_fused_array/g_stripe[1].u_stripe/u_o_bank/g_row[3].g_group[0].u_mem/g_byte[2].u_sram/D[1]
                                0.14           0.05 r        -0.09  (VIOLATED)
   u_fused_array/g_stripe[1].u_stripe/u_o_bank/g_row[3].g_group[0].u_mem/g_byte[2].u_sram/D[2]
                                0.14           0.05 r        -0.09  (VIOLATED)
   u_fused_array/g_stripe[1].u_stripe/u_o_bank/g_row[3].g_group[0].u_mem/g_byte[2].u_sram/D[3]
                                0.14           0.05 r        -0.09  (VIOLATED)
   u_fused_array/g_stripe[1].u_stripe/u_o_bank/g_row[3].g_group[0].u_mem/g_byte[2].u_sram/D[4]
                                0.14           0.05 r        -0.09  (VIOLATED)
   u_fused_array/g_stripe[1].u_stripe/u_o_bank/g_row[3].g_group[0].u_mem/g_byte[2].u_sram/D[5]
                                0.14           0.05 r        -0.09  (VIOLATED)
   u_fused_array/g_stripe[1].u_stripe/u_o_bank/g_row[3].g_group[0].u_mem/g_byte[2].u_sram/D[6]
                                0.14           0.05 r        -0.09  (VIOLATED)
   u_fused_array/g_stripe[1].u_stripe/u_o_bank/g_row[3].g_group[0].u_mem/g_byte[2].u_sram/D[7]
                                0.14           0.05 r        -0.09  (VIOLATED)
   u_fused_array/g_stripe[1].u_stripe/u_o_bank/g_row[3].g_group[0].u_mem/g_byte[3].u_sram/D[0]
                                0.14           0.05 r        -0.09  (VIOLATED)
   u_fused_array/g_stripe[1].u_stripe/u_o_bank/g_row[3].g_group[0].u_mem/g_byte[3].u_sram/D[1]
                                0.14           0.05 r        -0.09  (VIOLATED)
   u_fused_array/g_stripe[1].u_stripe/u_o_bank/g_row[3].g_group[0].u_mem/g_byte[3].u_sram/D[2]
                                0.14           0.05 r        -0.09  (VIOLATED)
   u_fused_array/g_stripe[1].u_stripe/u_o_bank/g_row[3].g_group[0].u_mem/g_byte[3].u_sram/D[3]
                                0.14           0.05 r        -0.09  (VIOLATED)
   u_fused_array/g_stripe[1].u_stripe/u_o_bank/g_row[3].g_group[0].u_mem/g_byte[3].u_sram/D[4]
                                0.14           0.05 r        -0.09  (VIOLATED)
   u_fused_array/g_stripe[1].u_stripe/u_o_bank/g_row[3].g_group[0].u_mem/g_byte[3].u_sram/D[5]
                                0.14           0.05 r        -0.09  (VIOLATED)
   u_fused_array/g_stripe[1].u_stripe/u_o_bank/g_row[3].g_group[0].u_mem/g_byte[3].u_sram/D[6]
                                0.14           0.05 r        -0.09  (VIOLATED)
   u_fused_array/g_stripe[1].u_stripe/u_o_bank/g_row[3].g_group[1].u_mem/g_byte[0].u_sram/D[1]
                                0.14           0.05 r        -0.09  (VIOLATED)
   u_fused_array/g_stripe[1].u_stripe/u_o_bank/g_row[3].g_group[1].u_mem/g_byte[0].u_sram/D[2]
                                0.14           0.05 r        -0.09  (VIOLATED)
   u_fused_array/g_stripe[1].u_stripe/u_o_bank/g_row[3].g_group[1].u_mem/g_byte[0].u_sram/D[3]
                                0.14           0.05 r        -0.09  (VIOLATED)
   u_fused_array/g_stripe[1].u_stripe/u_o_bank/g_row[3].g_group[1].u_mem/g_byte[0].u_sram/D[4]
                                0.14           0.05 r        -0.09  (VIOLATED)
   u_fused_array/g_stripe[1].u_stripe/u_o_bank/g_row[3].g_group[1].u_mem/g_byte[0].u_sram/D[5]
                                0.14           0.05 r        -0.09  (VIOLATED)
   u_fused_array/g_stripe[1].u_stripe/u_o_bank/g_row[3].g_group[1].u_mem/g_byte[0].u_sram/D[6]
                                0.14           0.05 r        -0.09  (VIOLATED)
   u_fused_array/g_stripe[1].u_stripe/u_o_bank/g_row[3].g_group[1].u_mem/g_byte[0].u_sram/D[7]
                                0.14           0.05 r        -0.09  (VIOLATED)
   u_fused_array/g_stripe[1].u_stripe/u_o_bank/g_row[3].g_group[1].u_mem/g_byte[1].u_sram/D[0]
                                0.14           0.05 r        -0.09  (VIOLATED)
   u_fused_array/g_stripe[1].u_stripe/u_o_bank/g_row[3].g_group[1].u_mem/g_byte[1].u_sram/D[1]
                                0.14           0.05 r        -0.09  (VIOLATED)
   u_fused_array/g_stripe[1].u_stripe/u_o_bank/g_row[3].g_group[1].u_mem/g_byte[1].u_sram/D[2]
                                0.14           0.05 r        -0.09  (VIOLATED)
   u_fused_array/g_stripe[1].u_stripe/u_o_bank/g_row[3].g_group[1].u_mem/g_byte[1].u_sram/D[3]
                                0.14           0.05 r        -0.09  (VIOLATED)
   u_fused_array/g_stripe[1].u_stripe/u_o_bank/g_row[3].g_group[1].u_mem/g_byte[1].u_sram/D[4]
                                0.14           0.05 r        -0.09  (VIOLATED)
   u_fused_array/g_stripe[1].u_stripe/u_o_bank/g_row[3].g_group[1].u_mem/g_byte[1].u_sram/D[5]
                                0.14           0.05 r        -0.09  (VIOLATED)
   u_fused_array/g_stripe[1].u_stripe/u_o_bank/g_row[3].g_group[1].u_mem/g_byte[1].u_sram/D[6]
                                0.14           0.05 r        -0.09  (VIOLATED)
   u_fused_array/g_stripe[1].u_stripe/u_o_bank/g_row[3].g_group[1].u_mem/g_byte[1].u_sram/D[7]
                                0.14           0.05 r        -0.09  (VIOLATED)
   u_fused_array/g_stripe[1].u_stripe/u_o_bank/g_row[3].g_group[1].u_mem/g_byte[2].u_sram/D[0]
                                0.14           0.05 r        -0.09  (VIOLATED)
   u_fused_array/g_stripe[1].u_stripe/u_o_bank/g_row[3].g_group[1].u_mem/g_byte[2].u_sram/D[1]
                                0.14           0.05 r        -0.09  (VIOLATED)
   u_fused_array/g_stripe[1].u_stripe/u_o_bank/g_row[3].g_group[1].u_mem/g_byte[2].u_sram/D[2]
                                0.14           0.05 r        -0.09  (VIOLATED)
   u_fused_array/g_stripe[1].u_stripe/u_o_bank/g_row[3].g_group[1].u_mem/g_byte[2].u_sram/D[3]
                                0.14           0.05 r        -0.09  (VIOLATED)
   u_fused_array/g_stripe[1].u_stripe/u_o_bank/g_row[3].g_group[1].u_mem/g_byte[2].u_sram/D[4]
                                0.14           0.05 r        -0.09  (VIOLATED)
   u_fused_array/g_stripe[1].u_stripe/u_o_bank/g_row[3].g_group[1].u_mem/g_byte[2].u_sram/D[5]
                                0.14           0.05 r        -0.09  (VIOLATED)
   u_fused_array/g_stripe[1].u_stripe/u_o_bank/g_row[3].g_group[1].u_mem/g_byte[2].u_sram/D[6]
                                0.14           0.05 r        -0.09  (VIOLATED)
   u_fused_array/g_stripe[1].u_stripe/u_o_bank/g_row[3].g_group[1].u_mem/g_byte[2].u_sram/D[7]
                                0.14           0.05 r        -0.09  (VIOLATED)
   u_fused_array/g_stripe[1].u_stripe/u_o_bank/g_row[3].g_group[1].u_mem/g_byte[3].u_sram/D[0]
                                0.14           0.05 r        -0.09  (VIOLATED)
   u_fused_array/g_stripe[1].u_stripe/u_o_bank/g_row[3].g_group[1].u_mem/g_byte[3].u_sram/D[1]
                                0.14           0.05 r        -0.09  (VIOLATED)
   u_fused_array/g_stripe[1].u_stripe/u_o_bank/g_row[3].g_group[1].u_mem/g_byte[3].u_sram/D[2]
                                0.14           0.05 r        -0.09  (VIOLATED)
   u_fused_array/g_stripe[1].u_stripe/u_o_bank/g_row[3].g_group[1].u_mem/g_byte[3].u_sram/D[3]
                                0.14           0.05 r        -0.09  (VIOLATED)
   u_fused_array/g_stripe[1].u_stripe/u_o_bank/g_row[3].g_group[1].u_mem/g_byte[3].u_sram/D[4]
                                0.14           0.05 r        -0.09  (VIOLATED)
   u_fused_array/g_stripe[1].u_stripe/u_o_bank/g_row[3].g_group[1].u_mem/g_byte[3].u_sram/D[5]
                                0.14           0.05 r        -0.09  (VIOLATED)
   u_fused_array/g_stripe[1].u_stripe/u_o_bank/g_row[3].g_group[1].u_mem/g_byte[3].u_sram/D[6]
                                0.14           0.05 r        -0.09  (VIOLATED)
   u_fused_array/g_stripe[1].u_stripe/u_o_bank/g_row[4].g_group[0].u_mem/g_byte[0].u_sram/D[1]
                                0.14           0.05 r        -0.09  (VIOLATED)
   u_fused_array/g_stripe[1].u_stripe/u_o_bank/g_row[4].g_group[0].u_mem/g_byte[0].u_sram/D[2]
                                0.14           0.05 r        -0.09  (VIOLATED)
   u_fused_array/g_stripe[1].u_stripe/u_o_bank/g_row[4].g_group[0].u_mem/g_byte[0].u_sram/D[3]
                                0.14           0.05 r        -0.09  (VIOLATED)
   u_fused_array/g_stripe[1].u_stripe/u_o_bank/g_row[4].g_group[0].u_mem/g_byte[0].u_sram/D[4]
                                0.14           0.05 r        -0.09  (VIOLATED)
   u_fused_array/g_stripe[1].u_stripe/u_o_bank/g_row[4].g_group[0].u_mem/g_byte[0].u_sram/D[5]
                                0.14           0.05 r        -0.09  (VIOLATED)
   u_fused_array/g_stripe[1].u_stripe/u_o_bank/g_row[4].g_group[0].u_mem/g_byte[0].u_sram/D[6]
                                0.14           0.05 r        -0.09  (VIOLATED)
   u_fused_array/g_stripe[1].u_stripe/u_o_bank/g_row[4].g_group[0].u_mem/g_byte[0].u_sram/D[7]
                                0.14           0.05 r        -0.09  (VIOLATED)
   u_fused_array/g_stripe[1].u_stripe/u_o_bank/g_row[4].g_group[0].u_mem/g_byte[1].u_sram/D[0]
                                0.14           0.05 r        -0.09  (VIOLATED)
   u_fused_array/g_stripe[1].u_stripe/u_o_bank/g_row[4].g_group[0].u_mem/g_byte[1].u_sram/D[1]
                                0.14           0.05 r        -0.09  (VIOLATED)
   u_fused_array/g_stripe[1].u_stripe/u_o_bank/g_row[4].g_group[0].u_mem/g_byte[1].u_sram/D[2]
                                0.14           0.05 r        -0.09  (VIOLATED)
   u_fused_array/g_stripe[1].u_stripe/u_o_bank/g_row[4].g_group[0].u_mem/g_byte[1].u_sram/D[3]
                                0.14           0.05 r        -0.09  (VIOLATED)
   u_fused_array/g_stripe[1].u_stripe/u_o_bank/g_row[4].g_group[0].u_mem/g_byte[1].u_sram/D[4]
                                0.14           0.05 r        -0.09  (VIOLATED)
   u_fused_array/g_stripe[1].u_stripe/u_o_bank/g_row[4].g_group[0].u_mem/g_byte[1].u_sram/D[5]
                                0.14           0.05 r        -0.09  (VIOLATED)
   u_fused_array/g_stripe[1].u_stripe/u_o_bank/g_row[4].g_group[0].u_mem/g_byte[1].u_sram/D[6]
                                0.14           0.05 r        -0.09  (VIOLATED)
   u_fused_array/g_stripe[1].u_stripe/u_o_bank/g_row[4].g_group[0].u_mem/g_byte[1].u_sram/D[7]
                                0.14           0.05 r        -0.09  (VIOLATED)
   u_fused_array/g_stripe[1].u_stripe/u_o_bank/g_row[4].g_group[0].u_mem/g_byte[2].u_sram/D[0]
                                0.14           0.05 r        -0.09  (VIOLATED)
   u_fused_array/g_stripe[1].u_stripe/u_o_bank/g_row[4].g_group[0].u_mem/g_byte[2].u_sram/D[1]
                                0.14           0.05 r        -0.09  (VIOLATED)
   u_fused_array/g_stripe[1].u_stripe/u_o_bank/g_row[4].g_group[0].u_mem/g_byte[2].u_sram/D[2]
                                0.14           0.05 r        -0.09  (VIOLATED)
   u_fused_array/g_stripe[1].u_stripe/u_o_bank/g_row[4].g_group[0].u_mem/g_byte[2].u_sram/D[3]
                                0.14           0.05 r        -0.09  (VIOLATED)
   u_fused_array/g_stripe[1].u_stripe/u_o_bank/g_row[4].g_group[0].u_mem/g_byte[2].u_sram/D[4]
                                0.14           0.05 r        -0.09  (VIOLATED)
   u_fused_array/g_stripe[1].u_stripe/u_o_bank/g_row[4].g_group[0].u_mem/g_byte[2].u_sram/D[5]
                                0.14           0.05 r        -0.09  (VIOLATED)
   u_fused_array/g_stripe[1].u_stripe/u_o_bank/g_row[4].g_group[0].u_mem/g_byte[2].u_sram/D[6]
                                0.14           0.05 r        -0.09  (VIOLATED)
   u_fused_array/g_stripe[1].u_stripe/u_o_bank/g_row[4].g_group[0].u_mem/g_byte[2].u_sram/D[7]
                                0.14           0.05 r        -0.09  (VIOLATED)
   u_fused_array/g_stripe[1].u_stripe/u_o_bank/g_row[4].g_group[0].u_mem/g_byte[3].u_sram/D[0]
                                0.14           0.05 r        -0.09  (VIOLATED)
   u_fused_array/g_stripe[1].u_stripe/u_o_bank/g_row[4].g_group[0].u_mem/g_byte[3].u_sram/D[1]
                                0.14           0.05 r        -0.09  (VIOLATED)
   u_fused_array/g_stripe[1].u_stripe/u_o_bank/g_row[4].g_group[0].u_mem/g_byte[3].u_sram/D[2]
                                0.14           0.05 r        -0.09  (VIOLATED)
   u_fused_array/g_stripe[1].u_stripe/u_o_bank/g_row[4].g_group[0].u_mem/g_byte[3].u_sram/D[3]
                                0.14           0.05 r        -0.09  (VIOLATED)
   u_fused_array/g_stripe[1].u_stripe/u_o_bank/g_row[4].g_group[0].u_mem/g_byte[3].u_sram/D[4]
                                0.14           0.05 r        -0.09  (VIOLATED)
   u_fused_array/g_stripe[1].u_stripe/u_o_bank/g_row[4].g_group[0].u_mem/g_byte[3].u_sram/D[5]
                                0.14           0.05 r        -0.09  (VIOLATED)
   u_fused_array/g_stripe[1].u_stripe/u_o_bank/g_row[4].g_group[0].u_mem/g_byte[3].u_sram/D[6]
                                0.14           0.05 r        -0.09  (VIOLATED)
   u_fused_array/g_stripe[1].u_stripe/u_o_bank/g_row[4].g_group[1].u_mem/g_byte[0].u_sram/D[1]
                                0.14           0.05 r        -0.09  (VIOLATED)
   u_fused_array/g_stripe[1].u_stripe/u_o_bank/g_row[4].g_group[1].u_mem/g_byte[0].u_sram/D[2]
                                0.14           0.05 r        -0.09  (VIOLATED)
   u_fused_array/g_stripe[1].u_stripe/u_o_bank/g_row[4].g_group[1].u_mem/g_byte[0].u_sram/D[3]
                                0.14           0.05 r        -0.09  (VIOLATED)
   u_fused_array/g_stripe[1].u_stripe/u_o_bank/g_row[4].g_group[1].u_mem/g_byte[0].u_sram/D[4]
                                0.14           0.05 r        -0.09  (VIOLATED)
   u_fused_array/g_stripe[1].u_stripe/u_o_bank/g_row[4].g_group[1].u_mem/g_byte[0].u_sram/D[5]
                                0.14           0.05 r        -0.09  (VIOLATED)
   u_fused_array/g_stripe[1].u_stripe/u_o_bank/g_row[4].g_group[1].u_mem/g_byte[0].u_sram/D[6]
                                0.14           0.05 r        -0.09  (VIOLATED)
   u_fused_array/g_stripe[1].u_stripe/u_o_bank/g_row[4].g_group[1].u_mem/g_byte[0].u_sram/D[7]
                                0.14           0.05 r        -0.09  (VIOLATED)
   u_fused_array/g_stripe[1].u_stripe/u_o_bank/g_row[4].g_group[1].u_mem/g_byte[1].u_sram/D[0]
                                0.14           0.05 r        -0.09  (VIOLATED)
   u_fused_array/g_stripe[1].u_stripe/u_o_bank/g_row[4].g_group[1].u_mem/g_byte[1].u_sram/D[1]
                                0.14           0.05 r        -0.09  (VIOLATED)
   u_fused_array/g_stripe[1].u_stripe/u_o_bank/g_row[4].g_group[1].u_mem/g_byte[1].u_sram/D[2]
                                0.14           0.05 r        -0.09  (VIOLATED)
   u_fused_array/g_stripe[1].u_stripe/u_o_bank/g_row[4].g_group[1].u_mem/g_byte[1].u_sram/D[3]
                                0.14           0.05 r        -0.09  (VIOLATED)
   u_fused_array/g_stripe[1].u_stripe/u_o_bank/g_row[4].g_group[1].u_mem/g_byte[1].u_sram/D[4]
                                0.14           0.05 r        -0.09  (VIOLATED)
   u_fused_array/g_stripe[1].u_stripe/u_o_bank/g_row[4].g_group[1].u_mem/g_byte[1].u_sram/D[5]
                                0.14           0.05 r        -0.09  (VIOLATED)
   u_fused_array/g_stripe[1].u_stripe/u_o_bank/g_row[4].g_group[1].u_mem/g_byte[1].u_sram/D[6]
                                0.14           0.05 r        -0.09  (VIOLATED)
   u_fused_array/g_stripe[1].u_stripe/u_o_bank/g_row[4].g_group[1].u_mem/g_byte[1].u_sram/D[7]
                                0.14           0.05 r        -0.09  (VIOLATED)
   u_fused_array/g_stripe[1].u_stripe/u_o_bank/g_row[4].g_group[1].u_mem/g_byte[2].u_sram/D[0]
                                0.14           0.05 r        -0.09  (VIOLATED)
   u_fused_array/g_stripe[1].u_stripe/u_o_bank/g_row[4].g_group[1].u_mem/g_byte[2].u_sram/D[1]
                                0.14           0.05 r        -0.09  (VIOLATED)
   u_fused_array/g_stripe[1].u_stripe/u_o_bank/g_row[4].g_group[1].u_mem/g_byte[2].u_sram/D[2]
                                0.14           0.05 r        -0.09  (VIOLATED)
   u_fused_array/g_stripe[1].u_stripe/u_o_bank/g_row[4].g_group[1].u_mem/g_byte[2].u_sram/D[3]
                                0.14           0.05 r        -0.09  (VIOLATED)
   u_fused_array/g_stripe[1].u_stripe/u_o_bank/g_row[4].g_group[1].u_mem/g_byte[2].u_sram/D[4]
                                0.14           0.05 r        -0.09  (VIOLATED)
   u_fused_array/g_stripe[1].u_stripe/u_o_bank/g_row[4].g_group[1].u_mem/g_byte[2].u_sram/D[5]
                                0.14           0.05 r        -0.09  (VIOLATED)
   u_fused_array/g_stripe[1].u_stripe/u_o_bank/g_row[4].g_group[1].u_mem/g_byte[2].u_sram/D[6]
                                0.14           0.05 r        -0.09  (VIOLATED)
   u_fused_array/g_stripe[1].u_stripe/u_o_bank/g_row[4].g_group[1].u_mem/g_byte[2].u_sram/D[7]
                                0.14           0.05 r        -0.09  (VIOLATED)
   u_fused_array/g_stripe[1].u_stripe/u_o_bank/g_row[4].g_group[1].u_mem/g_byte[3].u_sram/D[0]
                                0.14           0.05 r        -0.09  (VIOLATED)
   u_fused_array/g_stripe[1].u_stripe/u_o_bank/g_row[4].g_group[1].u_mem/g_byte[3].u_sram/D[1]
                                0.14           0.05 r        -0.09  (VIOLATED)
   u_fused_array/g_stripe[1].u_stripe/u_o_bank/g_row[4].g_group[1].u_mem/g_byte[3].u_sram/D[2]
                                0.14           0.05 r        -0.09  (VIOLATED)
   u_fused_array/g_stripe[1].u_stripe/u_o_bank/g_row[4].g_group[1].u_mem/g_byte[3].u_sram/D[3]
                                0.14           0.05 r        -0.09  (VIOLATED)
   u_fused_array/g_stripe[1].u_stripe/u_o_bank/g_row[4].g_group[1].u_mem/g_byte[3].u_sram/D[4]
                                0.14           0.05 r        -0.09  (VIOLATED)
   u_fused_array/g_stripe[1].u_stripe/u_o_bank/g_row[4].g_group[1].u_mem/g_byte[3].u_sram/D[5]
                                0.14           0.05 r        -0.09  (VIOLATED)
   u_fused_array/g_stripe[1].u_stripe/u_o_bank/g_row[4].g_group[1].u_mem/g_byte[3].u_sram/D[6]
                                0.14           0.05 r        -0.09  (VIOLATED)
   u_fused_array/g_stripe[1].u_stripe/u_o_bank/g_row[5].g_group[0].u_mem/g_byte[0].u_sram/D[1]
                                0.14           0.05 r        -0.09  (VIOLATED)
   u_fused_array/g_stripe[1].u_stripe/u_o_bank/g_row[5].g_group[0].u_mem/g_byte[0].u_sram/D[2]
                                0.14           0.05 r        -0.09  (VIOLATED)
   u_fused_array/g_stripe[1].u_stripe/u_o_bank/g_row[5].g_group[0].u_mem/g_byte[0].u_sram/D[3]
                                0.14           0.05 r        -0.09  (VIOLATED)
   u_fused_array/g_stripe[1].u_stripe/u_o_bank/g_row[5].g_group[0].u_mem/g_byte[0].u_sram/D[4]
                                0.14           0.05 r        -0.09  (VIOLATED)
   u_fused_array/g_stripe[1].u_stripe/u_o_bank/g_row[5].g_group[0].u_mem/g_byte[0].u_sram/D[5]
                                0.14           0.05 r        -0.09  (VIOLATED)
   u_fused_array/g_stripe[1].u_stripe/u_o_bank/g_row[5].g_group[0].u_mem/g_byte[0].u_sram/D[6]
                                0.14           0.05 r        -0.09  (VIOLATED)
   u_fused_array/g_stripe[1].u_stripe/u_o_bank/g_row[5].g_group[0].u_mem/g_byte[0].u_sram/D[7]
                                0.14           0.05 r        -0.09  (VIOLATED)
   u_fused_array/g_stripe[1].u_stripe/u_o_bank/g_row[5].g_group[0].u_mem/g_byte[1].u_sram/D[0]
                                0.14           0.05 r        -0.09  (VIOLATED)
   u_fused_array/g_stripe[1].u_stripe/u_o_bank/g_row[5].g_group[0].u_mem/g_byte[1].u_sram/D[1]
                                0.14           0.05 r        -0.09  (VIOLATED)
   u_fused_array/g_stripe[1].u_stripe/u_o_bank/g_row[5].g_group[0].u_mem/g_byte[1].u_sram/D[2]
                                0.14           0.05 r        -0.09  (VIOLATED)
   u_fused_array/g_stripe[1].u_stripe/u_o_bank/g_row[5].g_group[0].u_mem/g_byte[1].u_sram/D[3]
                                0.14           0.05 r        -0.09  (VIOLATED)
   u_fused_array/g_stripe[1].u_stripe/u_o_bank/g_row[5].g_group[0].u_mem/g_byte[1].u_sram/D[4]
                                0.14           0.05 r        -0.09  (VIOLATED)
   u_fused_array/g_stripe[1].u_stripe/u_o_bank/g_row[5].g_group[0].u_mem/g_byte[1].u_sram/D[5]
                                0.14           0.05 r        -0.09  (VIOLATED)
   u_fused_array/g_stripe[1].u_stripe/u_o_bank/g_row[5].g_group[0].u_mem/g_byte[1].u_sram/D[6]
                                0.14           0.05 r        -0.09  (VIOLATED)
   u_fused_array/g_stripe[1].u_stripe/u_o_bank/g_row[5].g_group[0].u_mem/g_byte[1].u_sram/D[7]
                                0.14           0.05 r        -0.09  (VIOLATED)
   u_fused_array/g_stripe[1].u_stripe/u_o_bank/g_row[5].g_group[0].u_mem/g_byte[2].u_sram/D[0]
                                0.14           0.05 r        -0.09  (VIOLATED)
   u_fused_array/g_stripe[1].u_stripe/u_o_bank/g_row[5].g_group[0].u_mem/g_byte[2].u_sram/D[1]
                                0.14           0.05 r        -0.09  (VIOLATED)
   u_fused_array/g_stripe[1].u_stripe/u_o_bank/g_row[5].g_group[0].u_mem/g_byte[2].u_sram/D[2]
                                0.14           0.05 r        -0.09  (VIOLATED)
   u_fused_array/g_stripe[1].u_stripe/u_o_bank/g_row[5].g_group[0].u_mem/g_byte[2].u_sram/D[3]
                                0.14           0.05 r        -0.09  (VIOLATED)
   u_fused_array/g_stripe[1].u_stripe/u_o_bank/g_row[5].g_group[0].u_mem/g_byte[2].u_sram/D[4]
                                0.14           0.05 r        -0.09  (VIOLATED)
   u_fused_array/g_stripe[1].u_stripe/u_o_bank/g_row[5].g_group[0].u_mem/g_byte[2].u_sram/D[5]
                                0.14           0.05 r        -0.09  (VIOLATED)
   u_fused_array/g_stripe[1].u_stripe/u_o_bank/g_row[5].g_group[0].u_mem/g_byte[2].u_sram/D[6]
                                0.14           0.05 r        -0.09  (VIOLATED)
   u_fused_array/g_stripe[1].u_stripe/u_o_bank/g_row[5].g_group[0].u_mem/g_byte[2].u_sram/D[7]
                                0.14           0.05 r        -0.09  (VIOLATED)
   u_fused_array/g_stripe[1].u_stripe/u_o_bank/g_row[5].g_group[0].u_mem/g_byte[3].u_sram/D[0]
                                0.14           0.05 r        -0.09  (VIOLATED)
   u_fused_array/g_stripe[1].u_stripe/u_o_bank/g_row[5].g_group[0].u_mem/g_byte[3].u_sram/D[1]
                                0.14           0.05 r        -0.09  (VIOLATED)
   u_fused_array/g_stripe[1].u_stripe/u_o_bank/g_row[5].g_group[0].u_mem/g_byte[3].u_sram/D[2]
                                0.14           0.05 r        -0.09  (VIOLATED)
   u_fused_array/g_stripe[1].u_stripe/u_o_bank/g_row[5].g_group[0].u_mem/g_byte[3].u_sram/D[3]
                                0.14           0.05 r        -0.09  (VIOLATED)
   u_fused_array/g_stripe[1].u_stripe/u_o_bank/g_row[5].g_group[0].u_mem/g_byte[3].u_sram/D[4]
                                0.14           0.05 r        -0.09  (VIOLATED)
   u_fused_array/g_stripe[1].u_stripe/u_o_bank/g_row[5].g_group[0].u_mem/g_byte[3].u_sram/D[5]
                                0.14           0.05 r        -0.09  (VIOLATED)
   u_fused_array/g_stripe[1].u_stripe/u_o_bank/g_row[5].g_group[0].u_mem/g_byte[3].u_sram/D[6]
                                0.14           0.05 r        -0.09  (VIOLATED)
   u_fused_array/g_stripe[1].u_stripe/u_o_bank/g_row[5].g_group[1].u_mem/g_byte[0].u_sram/D[1]
                                0.14           0.05 r        -0.09  (VIOLATED)
   u_fused_array/g_stripe[1].u_stripe/u_o_bank/g_row[5].g_group[1].u_mem/g_byte[0].u_sram/D[2]
                                0.14           0.05 r        -0.09  (VIOLATED)
   u_fused_array/g_stripe[1].u_stripe/u_o_bank/g_row[5].g_group[1].u_mem/g_byte[0].u_sram/D[3]
                                0.14           0.05 r        -0.09  (VIOLATED)
   u_fused_array/g_stripe[1].u_stripe/u_o_bank/g_row[5].g_group[1].u_mem/g_byte[0].u_sram/D[4]
                                0.14           0.05 r        -0.09  (VIOLATED)
   u_fused_array/g_stripe[1].u_stripe/u_o_bank/g_row[5].g_group[1].u_mem/g_byte[0].u_sram/D[5]
                                0.14           0.05 r        -0.09  (VIOLATED)
   u_fused_array/g_stripe[1].u_stripe/u_o_bank/g_row[5].g_group[1].u_mem/g_byte[0].u_sram/D[6]
                                0.14           0.05 r        -0.09  (VIOLATED)
   u_fused_array/g_stripe[1].u_stripe/u_o_bank/g_row[5].g_group[1].u_mem/g_byte[0].u_sram/D[7]
                                0.14           0.05 r        -0.09  (VIOLATED)
   u_fused_array/g_stripe[1].u_stripe/u_o_bank/g_row[5].g_group[1].u_mem/g_byte[1].u_sram/D[0]
                                0.14           0.05 r        -0.09  (VIOLATED)
   u_fused_array/g_stripe[1].u_stripe/u_o_bank/g_row[5].g_group[1].u_mem/g_byte[1].u_sram/D[1]
                                0.14           0.05 r        -0.09  (VIOLATED)
   u_fused_array/g_stripe[1].u_stripe/u_o_bank/g_row[5].g_group[1].u_mem/g_byte[1].u_sram/D[2]
                                0.14           0.05 r        -0.09  (VIOLATED)
   u_fused_array/g_stripe[1].u_stripe/u_o_bank/g_row[5].g_group[1].u_mem/g_byte[1].u_sram/D[3]
                                0.14           0.05 r        -0.09  (VIOLATED)
   u_fused_array/g_stripe[1].u_stripe/u_o_bank/g_row[5].g_group[1].u_mem/g_byte[1].u_sram/D[4]
                                0.14           0.05 r        -0.09  (VIOLATED)
   u_fused_array/g_stripe[1].u_stripe/u_o_bank/g_row[5].g_group[1].u_mem/g_byte[1].u_sram/D[5]
                                0.14           0.05 r        -0.09  (VIOLATED)
   u_fused_array/g_stripe[1].u_stripe/u_o_bank/g_row[5].g_group[1].u_mem/g_byte[1].u_sram/D[6]
                                0.14           0.05 r        -0.09  (VIOLATED)
   u_fused_array/g_stripe[1].u_stripe/u_o_bank/g_row[5].g_group[1].u_mem/g_byte[1].u_sram/D[7]
                                0.14           0.05 r        -0.09  (VIOLATED)
   u_fused_array/g_stripe[1].u_stripe/u_o_bank/g_row[5].g_group[1].u_mem/g_byte[2].u_sram/D[0]
                                0.14           0.05 r        -0.09  (VIOLATED)
   u_fused_array/g_stripe[1].u_stripe/u_o_bank/g_row[5].g_group[1].u_mem/g_byte[2].u_sram/D[1]
                                0.14           0.05 r        -0.09  (VIOLATED)
   u_fused_array/g_stripe[1].u_stripe/u_o_bank/g_row[5].g_group[1].u_mem/g_byte[2].u_sram/D[2]
                                0.14           0.05 r        -0.09  (VIOLATED)
   u_fused_array/g_stripe[1].u_stripe/u_o_bank/g_row[5].g_group[1].u_mem/g_byte[2].u_sram/D[3]
                                0.14           0.05 r        -0.09  (VIOLATED)
   u_fused_array/g_stripe[1].u_stripe/u_o_bank/g_row[5].g_group[1].u_mem/g_byte[2].u_sram/D[4]
                                0.14           0.05 r        -0.09  (VIOLATED)
   u_fused_array/g_stripe[1].u_stripe/u_o_bank/g_row[5].g_group[1].u_mem/g_byte[2].u_sram/D[5]
                                0.14           0.05 r        -0.09  (VIOLATED)
   u_fused_array/g_stripe[1].u_stripe/u_o_bank/g_row[5].g_group[1].u_mem/g_byte[2].u_sram/D[6]
                                0.14           0.05 r        -0.09  (VIOLATED)
   u_fused_array/g_stripe[1].u_stripe/u_o_bank/g_row[5].g_group[1].u_mem/g_byte[2].u_sram/D[7]
                                0.14           0.05 r        -0.09  (VIOLATED)
   u_fused_array/g_stripe[1].u_stripe/u_o_bank/g_row[5].g_group[1].u_mem/g_byte[3].u_sram/D[0]
                                0.14           0.05 r        -0.09  (VIOLATED)
   u_fused_array/g_stripe[1].u_stripe/u_o_bank/g_row[5].g_group[1].u_mem/g_byte[3].u_sram/D[1]
                                0.14           0.05 r        -0.09  (VIOLATED)
   u_fused_array/g_stripe[1].u_stripe/u_o_bank/g_row[5].g_group[1].u_mem/g_byte[3].u_sram/D[2]
                                0.14           0.05 r        -0.09  (VIOLATED)
   u_fused_array/g_stripe[1].u_stripe/u_o_bank/g_row[5].g_group[1].u_mem/g_byte[3].u_sram/D[3]
                                0.14           0.05 r        -0.09  (VIOLATED)
   u_fused_array/g_stripe[1].u_stripe/u_o_bank/g_row[5].g_group[1].u_mem/g_byte[3].u_sram/D[4]
                                0.14           0.05 r        -0.09  (VIOLATED)
   u_fused_array/g_stripe[1].u_stripe/u_o_bank/g_row[5].g_group[1].u_mem/g_byte[3].u_sram/D[5]
                                0.14           0.05 r        -0.09  (VIOLATED)
   u_fused_array/g_stripe[1].u_stripe/u_o_bank/g_row[5].g_group[1].u_mem/g_byte[3].u_sram/D[6]
                                0.14           0.05 r        -0.09  (VIOLATED)
   u_fused_array/g_stripe[1].u_stripe/u_o_bank/g_row[6].g_group[0].u_mem/g_byte[0].u_sram/D[1]
                                0.14           0.05 r        -0.09  (VIOLATED)
   u_fused_array/g_stripe[1].u_stripe/u_o_bank/g_row[6].g_group[0].u_mem/g_byte[0].u_sram/D[2]
                                0.14           0.05 r        -0.09  (VIOLATED)
   u_fused_array/g_stripe[1].u_stripe/u_o_bank/g_row[6].g_group[0].u_mem/g_byte[0].u_sram/D[3]
                                0.14           0.05 r        -0.09  (VIOLATED)
   u_fused_array/g_stripe[1].u_stripe/u_o_bank/g_row[6].g_group[0].u_mem/g_byte[0].u_sram/D[4]
                                0.14           0.05 r        -0.09  (VIOLATED)
   u_fused_array/g_stripe[1].u_stripe/u_o_bank/g_row[6].g_group[0].u_mem/g_byte[0].u_sram/D[5]
                                0.14           0.05 r        -0.09  (VIOLATED)
   u_fused_array/g_stripe[1].u_stripe/u_o_bank/g_row[6].g_group[0].u_mem/g_byte[0].u_sram/D[6]
                                0.14           0.05 r        -0.09  (VIOLATED)
   u_fused_array/g_stripe[1].u_stripe/u_o_bank/g_row[6].g_group[0].u_mem/g_byte[0].u_sram/D[7]
                                0.14           0.05 r        -0.09  (VIOLATED)
   u_fused_array/g_stripe[1].u_stripe/u_o_bank/g_row[6].g_group[0].u_mem/g_byte[1].u_sram/D[0]
                                0.14           0.05 r        -0.09  (VIOLATED)
   u_fused_array/g_stripe[1].u_stripe/u_o_bank/g_row[6].g_group[0].u_mem/g_byte[1].u_sram/D[1]
                                0.14           0.05 r        -0.09  (VIOLATED)
   u_fused_array/g_stripe[1].u_stripe/u_o_bank/g_row[6].g_group[0].u_mem/g_byte[1].u_sram/D[2]
                                0.14           0.05 r        -0.09  (VIOLATED)
   u_fused_array/g_stripe[1].u_stripe/u_o_bank/g_row[6].g_group[0].u_mem/g_byte[1].u_sram/D[3]
                                0.14           0.05 r        -0.09  (VIOLATED)
   u_fused_array/g_stripe[1].u_stripe/u_o_bank/g_row[6].g_group[0].u_mem/g_byte[1].u_sram/D[4]
                                0.14           0.05 r        -0.09  (VIOLATED)
   u_fused_array/g_stripe[1].u_stripe/u_o_bank/g_row[6].g_group[0].u_mem/g_byte[1].u_sram/D[5]
                                0.14           0.05 r        -0.09  (VIOLATED)
   u_fused_array/g_stripe[1].u_stripe/u_o_bank/g_row[6].g_group[0].u_mem/g_byte[1].u_sram/D[6]
                                0.14           0.05 r        -0.09  (VIOLATED)
   u_fused_array/g_stripe[1].u_stripe/u_o_bank/g_row[6].g_group[0].u_mem/g_byte[1].u_sram/D[7]
                                0.14           0.05 r        -0.09  (VIOLATED)
   u_fused_array/g_stripe[1].u_stripe/u_o_bank/g_row[6].g_group[0].u_mem/g_byte[2].u_sram/D[0]
                                0.14           0.05 r        -0.09  (VIOLATED)
   u_fused_array/g_stripe[1].u_stripe/u_o_bank/g_row[6].g_group[0].u_mem/g_byte[2].u_sram/D[1]
                                0.14           0.05 r        -0.09  (VIOLATED)
   u_fused_array/g_stripe[1].u_stripe/u_o_bank/g_row[6].g_group[0].u_mem/g_byte[2].u_sram/D[2]
                                0.14           0.05 r        -0.09  (VIOLATED)
   u_fused_array/g_stripe[1].u_stripe/u_o_bank/g_row[6].g_group[0].u_mem/g_byte[2].u_sram/D[3]
                                0.14           0.05 r        -0.09  (VIOLATED)
   u_fused_array/g_stripe[1].u_stripe/u_o_bank/g_row[6].g_group[0].u_mem/g_byte[2].u_sram/D[4]
                                0.14           0.05 r        -0.09  (VIOLATED)
   u_fused_array/g_stripe[1].u_stripe/u_o_bank/g_row[6].g_group[0].u_mem/g_byte[2].u_sram/D[5]
                                0.14           0.05 r        -0.09  (VIOLATED)
   u_fused_array/g_stripe[1].u_stripe/u_o_bank/g_row[6].g_group[0].u_mem/g_byte[2].u_sram/D[6]
                                0.14           0.05 r        -0.09  (VIOLATED)
   u_fused_array/g_stripe[1].u_stripe/u_o_bank/g_row[6].g_group[0].u_mem/g_byte[2].u_sram/D[7]
                                0.14           0.05 r        -0.09  (VIOLATED)
   u_fused_array/g_stripe[1].u_stripe/u_o_bank/g_row[6].g_group[0].u_mem/g_byte[3].u_sram/D[0]
                                0.14           0.05 r        -0.09  (VIOLATED)
   u_fused_array/g_stripe[1].u_stripe/u_o_bank/g_row[6].g_group[0].u_mem/g_byte[3].u_sram/D[1]
                                0.14           0.05 r        -0.09  (VIOLATED)
   u_fused_array/g_stripe[1].u_stripe/u_o_bank/g_row[6].g_group[0].u_mem/g_byte[3].u_sram/D[2]
                                0.14           0.05 r        -0.09  (VIOLATED)
   u_fused_array/g_stripe[1].u_stripe/u_o_bank/g_row[6].g_group[0].u_mem/g_byte[3].u_sram/D[3]
                                0.14           0.05 r        -0.09  (VIOLATED)
   u_fused_array/g_stripe[1].u_stripe/u_o_bank/g_row[6].g_group[0].u_mem/g_byte[3].u_sram/D[4]
                                0.14           0.05 r        -0.09  (VIOLATED)
   u_fused_array/g_stripe[1].u_stripe/u_o_bank/g_row[6].g_group[0].u_mem/g_byte[3].u_sram/D[5]
                                0.14           0.05 r        -0.09  (VIOLATED)
   u_fused_array/g_stripe[1].u_stripe/u_o_bank/g_row[6].g_group[0].u_mem/g_byte[3].u_sram/D[6]
                                0.14           0.05 r        -0.09  (VIOLATED)
   u_fused_array/g_stripe[1].u_stripe/u_o_bank/g_row[6].g_group[1].u_mem/g_byte[0].u_sram/D[1]
                                0.14           0.05 r        -0.09  (VIOLATED)
   u_fused_array/g_stripe[1].u_stripe/u_o_bank/g_row[6].g_group[1].u_mem/g_byte[0].u_sram/D[2]
                                0.14           0.05 r        -0.09  (VIOLATED)
   u_fused_array/g_stripe[1].u_stripe/u_o_bank/g_row[6].g_group[1].u_mem/g_byte[0].u_sram/D[3]
                                0.14           0.05 r        -0.09  (VIOLATED)
   u_fused_array/g_stripe[1].u_stripe/u_o_bank/g_row[6].g_group[1].u_mem/g_byte[0].u_sram/D[4]
                                0.14           0.05 r        -0.09  (VIOLATED)
   u_fused_array/g_stripe[1].u_stripe/u_o_bank/g_row[6].g_group[1].u_mem/g_byte[0].u_sram/D[5]
                                0.14           0.05 r        -0.09  (VIOLATED)
   u_fused_array/g_stripe[1].u_stripe/u_o_bank/g_row[6].g_group[1].u_mem/g_byte[0].u_sram/D[6]
                                0.14           0.05 r        -0.09  (VIOLATED)
   u_fused_array/g_stripe[1].u_stripe/u_o_bank/g_row[6].g_group[1].u_mem/g_byte[0].u_sram/D[7]
                                0.14           0.05 r        -0.09  (VIOLATED)
   u_fused_array/g_stripe[1].u_stripe/u_o_bank/g_row[6].g_group[1].u_mem/g_byte[1].u_sram/D[0]
                                0.14           0.05 r        -0.09  (VIOLATED)
   u_fused_array/g_stripe[1].u_stripe/u_o_bank/g_row[6].g_group[1].u_mem/g_byte[1].u_sram/D[1]
                                0.14           0.05 r        -0.09  (VIOLATED)
   u_fused_array/g_stripe[1].u_stripe/u_o_bank/g_row[6].g_group[1].u_mem/g_byte[1].u_sram/D[2]
                                0.14           0.05 r        -0.09  (VIOLATED)
   u_fused_array/g_stripe[1].u_stripe/u_o_bank/g_row[6].g_group[1].u_mem/g_byte[1].u_sram/D[3]
                                0.14           0.05 r        -0.09  (VIOLATED)
   u_fused_array/g_stripe[1].u_stripe/u_o_bank/g_row[6].g_group[1].u_mem/g_byte[1].u_sram/D[4]
                                0.14           0.05 r        -0.09  (VIOLATED)
   u_fused_array/g_stripe[1].u_stripe/u_o_bank/g_row[6].g_group[1].u_mem/g_byte[1].u_sram/D[5]
                                0.14           0.05 r        -0.09  (VIOLATED)
   u_fused_array/g_stripe[1].u_stripe/u_o_bank/g_row[6].g_group[1].u_mem/g_byte[1].u_sram/D[6]
                                0.14           0.05 r        -0.09  (VIOLATED)
   u_fused_array/g_stripe[1].u_stripe/u_o_bank/g_row[6].g_group[1].u_mem/g_byte[1].u_sram/D[7]
                                0.14           0.05 r        -0.09  (VIOLATED)
   u_fused_array/g_stripe[1].u_stripe/u_o_bank/g_row[6].g_group[1].u_mem/g_byte[2].u_sram/D[0]
                                0.14           0.05 r        -0.09  (VIOLATED)
   u_fused_array/g_stripe[1].u_stripe/u_o_bank/g_row[6].g_group[1].u_mem/g_byte[2].u_sram/D[1]
                                0.14           0.05 r        -0.09  (VIOLATED)
   u_fused_array/g_stripe[1].u_stripe/u_o_bank/g_row[6].g_group[1].u_mem/g_byte[2].u_sram/D[2]
                                0.14           0.05 r        -0.09  (VIOLATED)
   u_fused_array/g_stripe[1].u_stripe/u_o_bank/g_row[6].g_group[1].u_mem/g_byte[2].u_sram/D[3]
                                0.14           0.05 r        -0.09  (VIOLATED)
   u_fused_array/g_stripe[1].u_stripe/u_o_bank/g_row[6].g_group[1].u_mem/g_byte[2].u_sram/D[4]
                                0.14           0.05 r        -0.09  (VIOLATED)
   u_fused_array/g_stripe[1].u_stripe/u_o_bank/g_row[6].g_group[1].u_mem/g_byte[2].u_sram/D[5]
                                0.14           0.05 r        -0.09  (VIOLATED)
   u_fused_array/g_stripe[1].u_stripe/u_o_bank/g_row[6].g_group[1].u_mem/g_byte[2].u_sram/D[6]
                                0.14           0.05 r        -0.09  (VIOLATED)
   u_fused_array/g_stripe[1].u_stripe/u_o_bank/g_row[6].g_group[1].u_mem/g_byte[2].u_sram/D[7]
                                0.14           0.05 r        -0.09  (VIOLATED)
   u_fused_array/g_stripe[1].u_stripe/u_o_bank/g_row[6].g_group[1].u_mem/g_byte[3].u_sram/D[0]
                                0.14           0.05 r        -0.09  (VIOLATED)
   u_fused_array/g_stripe[1].u_stripe/u_o_bank/g_row[6].g_group[1].u_mem/g_byte[3].u_sram/D[1]
                                0.14           0.05 r        -0.09  (VIOLATED)
   u_fused_array/g_stripe[1].u_stripe/u_o_bank/g_row[6].g_group[1].u_mem/g_byte[3].u_sram/D[2]
                                0.14           0.05 r        -0.09  (VIOLATED)
   u_fused_array/g_stripe[1].u_stripe/u_o_bank/g_row[6].g_group[1].u_mem/g_byte[3].u_sram/D[3]
                                0.14           0.05 r        -0.09  (VIOLATED)
   u_fused_array/g_stripe[1].u_stripe/u_o_bank/g_row[6].g_group[1].u_mem/g_byte[3].u_sram/D[4]
                                0.14           0.05 r        -0.09  (VIOLATED)
   u_fused_array/g_stripe[1].u_stripe/u_o_bank/g_row[6].g_group[1].u_mem/g_byte[3].u_sram/D[5]
                                0.14           0.05 r        -0.09  (VIOLATED)
   u_fused_array/g_stripe[1].u_stripe/u_o_bank/g_row[6].g_group[1].u_mem/g_byte[3].u_sram/D[6]
                                0.14           0.05 r        -0.09  (VIOLATED)
   u_fused_array/g_stripe[1].u_stripe/u_o_bank/g_row[7].g_group[0].u_mem/g_byte[0].u_sram/D[1]
                                0.14           0.05 r        -0.09  (VIOLATED)
   u_fused_array/g_stripe[1].u_stripe/u_o_bank/g_row[7].g_group[0].u_mem/g_byte[0].u_sram/D[2]
                                0.14           0.05 r        -0.09  (VIOLATED)
   u_fused_array/g_stripe[1].u_stripe/u_o_bank/g_row[7].g_group[0].u_mem/g_byte[0].u_sram/D[3]
                                0.14           0.05 r        -0.09  (VIOLATED)
   u_fused_array/g_stripe[1].u_stripe/u_o_bank/g_row[7].g_group[0].u_mem/g_byte[0].u_sram/D[4]
                                0.14           0.05 r        -0.09  (VIOLATED)
   u_fused_array/g_stripe[1].u_stripe/u_o_bank/g_row[7].g_group[0].u_mem/g_byte[0].u_sram/D[5]
                                0.14           0.05 r        -0.09  (VIOLATED)
   u_fused_array/g_stripe[1].u_stripe/u_o_bank/g_row[7].g_group[0].u_mem/g_byte[0].u_sram/D[6]
                                0.14           0.05 r        -0.09  (VIOLATED)
   u_fused_array/g_stripe[1].u_stripe/u_o_bank/g_row[7].g_group[0].u_mem/g_byte[0].u_sram/D[7]
                                0.14           0.05 r        -0.09  (VIOLATED)
   u_fused_array/g_stripe[1].u_stripe/u_o_bank/g_row[7].g_group[0].u_mem/g_byte[1].u_sram/D[0]
                                0.14           0.05 r        -0.09  (VIOLATED)
   u_fused_array/g_stripe[1].u_stripe/u_o_bank/g_row[7].g_group[0].u_mem/g_byte[1].u_sram/D[1]
                                0.14           0.05 r        -0.09  (VIOLATED)
   u_fused_array/g_stripe[1].u_stripe/u_o_bank/g_row[7].g_group[0].u_mem/g_byte[1].u_sram/D[2]
                                0.14           0.05 r        -0.09  (VIOLATED)
   u_fused_array/g_stripe[1].u_stripe/u_o_bank/g_row[7].g_group[0].u_mem/g_byte[1].u_sram/D[3]
                                0.14           0.05 r        -0.09  (VIOLATED)
   u_fused_array/g_stripe[1].u_stripe/u_o_bank/g_row[7].g_group[0].u_mem/g_byte[1].u_sram/D[4]
                                0.14           0.05 r        -0.09  (VIOLATED)
   u_fused_array/g_stripe[1].u_stripe/u_o_bank/g_row[7].g_group[0].u_mem/g_byte[1].u_sram/D[5]
                                0.14           0.05 r        -0.09  (VIOLATED)
   u_fused_array/g_stripe[1].u_stripe/u_o_bank/g_row[7].g_group[0].u_mem/g_byte[1].u_sram/D[6]
                                0.14           0.05 r        -0.09  (VIOLATED)
   u_fused_array/g_stripe[1].u_stripe/u_o_bank/g_row[7].g_group[0].u_mem/g_byte[1].u_sram/D[7]
                                0.14           0.05 r        -0.09  (VIOLATED)
   u_fused_array/g_stripe[1].u_stripe/u_o_bank/g_row[7].g_group[0].u_mem/g_byte[2].u_sram/D[0]
                                0.14           0.05 r        -0.09  (VIOLATED)
   u_fused_array/g_stripe[1].u_stripe/u_o_bank/g_row[7].g_group[0].u_mem/g_byte[2].u_sram/D[1]
                                0.14           0.05 r        -0.09  (VIOLATED)
   u_fused_array/g_stripe[1].u_stripe/u_o_bank/g_row[7].g_group[0].u_mem/g_byte[2].u_sram/D[2]
                                0.14           0.05 r        -0.09  (VIOLATED)
   u_fused_array/g_stripe[1].u_stripe/u_o_bank/g_row[7].g_group[0].u_mem/g_byte[2].u_sram/D[3]
                                0.14           0.05 r        -0.09  (VIOLATED)
   u_fused_array/g_stripe[1].u_stripe/u_o_bank/g_row[7].g_group[0].u_mem/g_byte[2].u_sram/D[4]
                                0.14           0.05 r        -0.09  (VIOLATED)
   u_fused_array/g_stripe[1].u_stripe/u_o_bank/g_row[7].g_group[0].u_mem/g_byte[2].u_sram/D[5]
                                0.14           0.05 r        -0.09  (VIOLATED)
   u_fused_array/g_stripe[1].u_stripe/u_o_bank/g_row[7].g_group[0].u_mem/g_byte[2].u_sram/D[6]
                                0.14           0.05 r        -0.09  (VIOLATED)
   u_fused_array/g_stripe[1].u_stripe/u_o_bank/g_row[7].g_group[0].u_mem/g_byte[2].u_sram/D[7]
                                0.14           0.05 r        -0.09  (VIOLATED)
   u_fused_array/g_stripe[1].u_stripe/u_o_bank/g_row[7].g_group[0].u_mem/g_byte[3].u_sram/D[0]
                                0.14           0.05 r        -0.09  (VIOLATED)
   u_fused_array/g_stripe[1].u_stripe/u_o_bank/g_row[7].g_group[0].u_mem/g_byte[3].u_sram/D[1]
                                0.14           0.05 r        -0.09  (VIOLATED)
   u_fused_array/g_stripe[1].u_stripe/u_o_bank/g_row[7].g_group[0].u_mem/g_byte[3].u_sram/D[2]
                                0.14           0.05 r        -0.09  (VIOLATED)
   u_fused_array/g_stripe[1].u_stripe/u_o_bank/g_row[7].g_group[0].u_mem/g_byte[3].u_sram/D[3]
                                0.14           0.05 r        -0.09  (VIOLATED)
   u_fused_array/g_stripe[1].u_stripe/u_o_bank/g_row[7].g_group[0].u_mem/g_byte[3].u_sram/D[4]
                                0.14           0.05 r        -0.09  (VIOLATED)
   u_fused_array/g_stripe[1].u_stripe/u_o_bank/g_row[7].g_group[0].u_mem/g_byte[3].u_sram/D[5]
                                0.14           0.05 r        -0.09  (VIOLATED)
   u_fused_array/g_stripe[1].u_stripe/u_o_bank/g_row[7].g_group[0].u_mem/g_byte[3].u_sram/D[6]
                                0.14           0.05 r        -0.09  (VIOLATED)
   u_fused_array/g_stripe[1].u_stripe/u_o_bank/g_row[7].g_group[1].u_mem/g_byte[0].u_sram/D[1]
                                0.14           0.05 r        -0.09  (VIOLATED)
   u_fused_array/g_stripe[1].u_stripe/u_o_bank/g_row[7].g_group[1].u_mem/g_byte[0].u_sram/D[2]
                                0.14           0.05 r        -0.09  (VIOLATED)
   u_fused_array/g_stripe[1].u_stripe/u_o_bank/g_row[7].g_group[1].u_mem/g_byte[0].u_sram/D[3]
                                0.14           0.05 r        -0.09  (VIOLATED)
   u_fused_array/g_stripe[1].u_stripe/u_o_bank/g_row[7].g_group[1].u_mem/g_byte[0].u_sram/D[4]
                                0.14           0.05 r        -0.09  (VIOLATED)
   u_fused_array/g_stripe[1].u_stripe/u_o_bank/g_row[7].g_group[1].u_mem/g_byte[0].u_sram/D[5]
                                0.14           0.05 r        -0.09  (VIOLATED)
   u_fused_array/g_stripe[1].u_stripe/u_o_bank/g_row[7].g_group[1].u_mem/g_byte[0].u_sram/D[6]
                                0.14           0.05 r        -0.09  (VIOLATED)
   u_fused_array/g_stripe[1].u_stripe/u_o_bank/g_row[7].g_group[1].u_mem/g_byte[0].u_sram/D[7]
                                0.14           0.05 r        -0.09  (VIOLATED)
   u_fused_array/g_stripe[1].u_stripe/u_o_bank/g_row[7].g_group[1].u_mem/g_byte[1].u_sram/D[0]
                                0.14           0.05 r        -0.09  (VIOLATED)
   u_fused_array/g_stripe[1].u_stripe/u_o_bank/g_row[7].g_group[1].u_mem/g_byte[1].u_sram/D[1]
                                0.14           0.05 r        -0.09  (VIOLATED)
   u_fused_array/g_stripe[1].u_stripe/u_o_bank/g_row[7].g_group[1].u_mem/g_byte[1].u_sram/D[2]
                                0.14           0.05 r        -0.09  (VIOLATED)
   u_fused_array/g_stripe[1].u_stripe/u_o_bank/g_row[7].g_group[1].u_mem/g_byte[1].u_sram/D[3]
                                0.14           0.05 r        -0.09  (VIOLATED)
   u_fused_array/g_stripe[1].u_stripe/u_o_bank/g_row[7].g_group[1].u_mem/g_byte[1].u_sram/D[4]
                                0.14           0.05 r        -0.09  (VIOLATED)
   u_fused_array/g_stripe[1].u_stripe/u_o_bank/g_row[7].g_group[1].u_mem/g_byte[1].u_sram/D[5]
                                0.14           0.05 r        -0.09  (VIOLATED)
   u_fused_array/g_stripe[1].u_stripe/u_o_bank/g_row[7].g_group[1].u_mem/g_byte[1].u_sram/D[6]
                                0.14           0.05 r        -0.09  (VIOLATED)
   u_fused_array/g_stripe[1].u_stripe/u_o_bank/g_row[7].g_group[1].u_mem/g_byte[1].u_sram/D[7]
                                0.14           0.05 r        -0.09  (VIOLATED)
   u_fused_array/g_stripe[1].u_stripe/u_o_bank/g_row[7].g_group[1].u_mem/g_byte[2].u_sram/D[0]
                                0.14           0.05 r        -0.09  (VIOLATED)
   u_fused_array/g_stripe[1].u_stripe/u_o_bank/g_row[7].g_group[1].u_mem/g_byte[2].u_sram/D[1]
                                0.14           0.05 r        -0.09  (VIOLATED)
   u_fused_array/g_stripe[1].u_stripe/u_o_bank/g_row[7].g_group[1].u_mem/g_byte[2].u_sram/D[2]
                                0.14           0.05 r        -0.09  (VIOLATED)
   u_fused_array/g_stripe[1].u_stripe/u_o_bank/g_row[7].g_group[1].u_mem/g_byte[2].u_sram/D[3]
                                0.14           0.05 r        -0.09  (VIOLATED)
   u_fused_array/g_stripe[1].u_stripe/u_o_bank/g_row[7].g_group[1].u_mem/g_byte[2].u_sram/D[4]
                                0.14           0.05 r        -0.09  (VIOLATED)
   u_fused_array/g_stripe[1].u_stripe/u_o_bank/g_row[7].g_group[1].u_mem/g_byte[2].u_sram/D[5]
                                0.14           0.05 r        -0.09  (VIOLATED)
   u_fused_array/g_stripe[1].u_stripe/u_o_bank/g_row[7].g_group[1].u_mem/g_byte[2].u_sram/D[6]
                                0.14           0.05 r        -0.09  (VIOLATED)
   u_fused_array/g_stripe[1].u_stripe/u_o_bank/g_row[7].g_group[1].u_mem/g_byte[2].u_sram/D[7]
                                0.14           0.05 r        -0.09  (VIOLATED)
   u_fused_array/g_stripe[1].u_stripe/u_o_bank/g_row[7].g_group[1].u_mem/g_byte[3].u_sram/D[0]
                                0.14           0.05 r        -0.09  (VIOLATED)
   u_fused_array/g_stripe[1].u_stripe/u_o_bank/g_row[7].g_group[1].u_mem/g_byte[3].u_sram/D[1]
                                0.14           0.05 r        -0.09  (VIOLATED)
   u_fused_array/g_stripe[1].u_stripe/u_o_bank/g_row[7].g_group[1].u_mem/g_byte[3].u_sram/D[2]
                                0.14           0.05 r        -0.09  (VIOLATED)
   u_fused_array/g_stripe[1].u_stripe/u_o_bank/g_row[7].g_group[1].u_mem/g_byte[3].u_sram/D[3]
                                0.14           0.05 r        -0.09  (VIOLATED)
   u_fused_array/g_stripe[1].u_stripe/u_o_bank/g_row[7].g_group[1].u_mem/g_byte[3].u_sram/D[4]
                                0.14           0.05 r        -0.09  (VIOLATED)
   u_fused_array/g_stripe[1].u_stripe/u_o_bank/g_row[7].g_group[1].u_mem/g_byte[3].u_sram/D[5]
                                0.14           0.05 r        -0.09  (VIOLATED)
   u_fused_array/g_stripe[1].u_stripe/u_o_bank/g_row[7].g_group[1].u_mem/g_byte[3].u_sram/D[6]
                                0.14           0.05 r        -0.09  (VIOLATED)
   u_fused_array/g_stripe[2].u_stripe/u_o_bank/g_row[2].g_group[0].u_mem/g_byte[0].u_sram/D[1]
                                0.14           0.05 r        -0.09  (VIOLATED)
   u_fused_array/g_stripe[2].u_stripe/u_o_bank/g_row[2].g_group[0].u_mem/g_byte[0].u_sram/D[2]
                                0.14           0.05 r        -0.09  (VIOLATED)
   u_fused_array/g_stripe[2].u_stripe/u_o_bank/g_row[2].g_group[0].u_mem/g_byte[0].u_sram/D[3]
                                0.14           0.05 r        -0.09  (VIOLATED)
   u_fused_array/g_stripe[2].u_stripe/u_o_bank/g_row[2].g_group[0].u_mem/g_byte[0].u_sram/D[4]
                                0.14           0.05 r        -0.09  (VIOLATED)
   u_fused_array/g_stripe[2].u_stripe/u_o_bank/g_row[2].g_group[0].u_mem/g_byte[0].u_sram/D[5]
                                0.14           0.05 r        -0.09  (VIOLATED)
   u_fused_array/g_stripe[2].u_stripe/u_o_bank/g_row[2].g_group[0].u_mem/g_byte[0].u_sram/D[6]
                                0.14           0.05 r        -0.09  (VIOLATED)
   u_fused_array/g_stripe[2].u_stripe/u_o_bank/g_row[2].g_group[0].u_mem/g_byte[0].u_sram/D[7]
                                0.14           0.05 r        -0.09  (VIOLATED)
   u_fused_array/g_stripe[2].u_stripe/u_o_bank/g_row[2].g_group[0].u_mem/g_byte[1].u_sram/D[0]
                                0.14           0.05 r        -0.09  (VIOLATED)
   u_fused_array/g_stripe[2].u_stripe/u_o_bank/g_row[2].g_group[0].u_mem/g_byte[1].u_sram/D[1]
                                0.14           0.05 r        -0.09  (VIOLATED)
   u_fused_array/g_stripe[2].u_stripe/u_o_bank/g_row[2].g_group[0].u_mem/g_byte[1].u_sram/D[2]
                                0.14           0.05 r        -0.09  (VIOLATED)
   u_fused_array/g_stripe[2].u_stripe/u_o_bank/g_row[2].g_group[0].u_mem/g_byte[1].u_sram/D[3]
                                0.14           0.05 r        -0.09  (VIOLATED)
   u_fused_array/g_stripe[2].u_stripe/u_o_bank/g_row[2].g_group[0].u_mem/g_byte[1].u_sram/D[4]
                                0.14           0.05 r        -0.09  (VIOLATED)
   u_fused_array/g_stripe[2].u_stripe/u_o_bank/g_row[2].g_group[0].u_mem/g_byte[1].u_sram/D[5]
                                0.14           0.05 r        -0.09  (VIOLATED)
   u_fused_array/g_stripe[2].u_stripe/u_o_bank/g_row[2].g_group[0].u_mem/g_byte[1].u_sram/D[6]
                                0.14           0.05 r        -0.09  (VIOLATED)
   u_fused_array/g_stripe[2].u_stripe/u_o_bank/g_row[2].g_group[0].u_mem/g_byte[1].u_sram/D[7]
                                0.14           0.05 r        -0.09  (VIOLATED)
   u_fused_array/g_stripe[2].u_stripe/u_o_bank/g_row[2].g_group[0].u_mem/g_byte[2].u_sram/D[0]
                                0.14           0.05 r        -0.09  (VIOLATED)
   u_fused_array/g_stripe[2].u_stripe/u_o_bank/g_row[2].g_group[0].u_mem/g_byte[2].u_sram/D[1]
                                0.14           0.05 r        -0.09  (VIOLATED)
   u_fused_array/g_stripe[2].u_stripe/u_o_bank/g_row[2].g_group[0].u_mem/g_byte[2].u_sram/D[2]
                                0.14           0.05 r        -0.09  (VIOLATED)
   u_fused_array/g_stripe[2].u_stripe/u_o_bank/g_row[2].g_group[0].u_mem/g_byte[2].u_sram/D[3]
                                0.14           0.05 r        -0.09  (VIOLATED)
   u_fused_array/g_stripe[2].u_stripe/u_o_bank/g_row[2].g_group[0].u_mem/g_byte[2].u_sram/D[4]
                                0.14           0.05 r        -0.09  (VIOLATED)
   u_fused_array/g_stripe[2].u_stripe/u_o_bank/g_row[2].g_group[0].u_mem/g_byte[2].u_sram/D[5]
                                0.14           0.05 r        -0.09  (VIOLATED)
   u_fused_array/g_stripe[2].u_stripe/u_o_bank/g_row[2].g_group[0].u_mem/g_byte[2].u_sram/D[6]
                                0.14           0.05 r        -0.09  (VIOLATED)
   u_fused_array/g_stripe[2].u_stripe/u_o_bank/g_row[2].g_group[0].u_mem/g_byte[2].u_sram/D[7]
                                0.14           0.05 r        -0.09  (VIOLATED)
   u_fused_array/g_stripe[2].u_stripe/u_o_bank/g_row[2].g_group[0].u_mem/g_byte[3].u_sram/D[0]
                                0.14           0.05 r        -0.09  (VIOLATED)
   u_fused_array/g_stripe[2].u_stripe/u_o_bank/g_row[2].g_group[0].u_mem/g_byte[3].u_sram/D[1]
                                0.14           0.05 r        -0.09  (VIOLATED)
   u_fused_array/g_stripe[2].u_stripe/u_o_bank/g_row[2].g_group[0].u_mem/g_byte[3].u_sram/D[2]
                                0.14           0.05 r        -0.09  (VIOLATED)
   u_fused_array/g_stripe[2].u_stripe/u_o_bank/g_row[2].g_group[0].u_mem/g_byte[3].u_sram/D[3]
                                0.14           0.05 r        -0.09  (VIOLATED)
   u_fused_array/g_stripe[2].u_stripe/u_o_bank/g_row[2].g_group[0].u_mem/g_byte[3].u_sram/D[4]
                                0.14           0.05 r        -0.09  (VIOLATED)
   u_fused_array/g_stripe[2].u_stripe/u_o_bank/g_row[2].g_group[0].u_mem/g_byte[3].u_sram/D[5]
                                0.14           0.05 r        -0.09  (VIOLATED)
   u_fused_array/g_stripe[2].u_stripe/u_o_bank/g_row[2].g_group[0].u_mem/g_byte[3].u_sram/D[6]
                                0.14           0.05 r        -0.09  (VIOLATED)
   u_fused_array/g_stripe[2].u_stripe/u_o_bank/g_row[2].g_group[1].u_mem/g_byte[0].u_sram/D[1]
                                0.14           0.05 r        -0.09  (VIOLATED)
   u_fused_array/g_stripe[2].u_stripe/u_o_bank/g_row[2].g_group[1].u_mem/g_byte[0].u_sram/D[2]
                                0.14           0.05 r        -0.09  (VIOLATED)
   u_fused_array/g_stripe[2].u_stripe/u_o_bank/g_row[2].g_group[1].u_mem/g_byte[0].u_sram/D[3]
                                0.14           0.05 r        -0.09  (VIOLATED)
   u_fused_array/g_stripe[2].u_stripe/u_o_bank/g_row[2].g_group[1].u_mem/g_byte[0].u_sram/D[4]
                                0.14           0.05 r        -0.09  (VIOLATED)
   u_fused_array/g_stripe[2].u_stripe/u_o_bank/g_row[2].g_group[1].u_mem/g_byte[0].u_sram/D[5]
                                0.14           0.05 r        -0.09  (VIOLATED)
   u_fused_array/g_stripe[2].u_stripe/u_o_bank/g_row[2].g_group[1].u_mem/g_byte[0].u_sram/D[6]
                                0.14           0.05 r        -0.09  (VIOLATED)
   u_fused_array/g_stripe[2].u_stripe/u_o_bank/g_row[2].g_group[1].u_mem/g_byte[0].u_sram/D[7]
                                0.14           0.05 r        -0.09  (VIOLATED)
   u_fused_array/g_stripe[2].u_stripe/u_o_bank/g_row[2].g_group[1].u_mem/g_byte[1].u_sram/D[0]
                                0.14           0.05 r        -0.09  (VIOLATED)
   u_fused_array/g_stripe[2].u_stripe/u_o_bank/g_row[2].g_group[1].u_mem/g_byte[1].u_sram/D[1]
                                0.14           0.05 r        -0.09  (VIOLATED)
   u_fused_array/g_stripe[2].u_stripe/u_o_bank/g_row[2].g_group[1].u_mem/g_byte[1].u_sram/D[2]
                                0.14           0.05 r        -0.09  (VIOLATED)
   u_fused_array/g_stripe[2].u_stripe/u_o_bank/g_row[2].g_group[1].u_mem/g_byte[1].u_sram/D[3]
                                0.14           0.05 r        -0.09  (VIOLATED)
   u_fused_array/g_stripe[2].u_stripe/u_o_bank/g_row[2].g_group[1].u_mem/g_byte[1].u_sram/D[4]
                                0.14           0.05 r        -0.09  (VIOLATED)
   u_fused_array/g_stripe[2].u_stripe/u_o_bank/g_row[2].g_group[1].u_mem/g_byte[1].u_sram/D[5]
                                0.14           0.05 r        -0.09  (VIOLATED)
   u_fused_array/g_stripe[2].u_stripe/u_o_bank/g_row[2].g_group[1].u_mem/g_byte[1].u_sram/D[6]
                                0.14           0.05 r        -0.09  (VIOLATED)
   u_fused_array/g_stripe[2].u_stripe/u_o_bank/g_row[2].g_group[1].u_mem/g_byte[1].u_sram/D[7]
                                0.14           0.05 r        -0.09  (VIOLATED)
   u_fused_array/g_stripe[2].u_stripe/u_o_bank/g_row[2].g_group[1].u_mem/g_byte[2].u_sram/D[0]
                                0.14           0.05 r        -0.09  (VIOLATED)
   u_fused_array/g_stripe[2].u_stripe/u_o_bank/g_row[2].g_group[1].u_mem/g_byte[2].u_sram/D[1]
                                0.14           0.05 r        -0.09  (VIOLATED)
   u_fused_array/g_stripe[2].u_stripe/u_o_bank/g_row[2].g_group[1].u_mem/g_byte[2].u_sram/D[2]
                                0.14           0.05 r        -0.09  (VIOLATED)
   u_fused_array/g_stripe[2].u_stripe/u_o_bank/g_row[2].g_group[1].u_mem/g_byte[2].u_sram/D[3]
                                0.14           0.05 r        -0.09  (VIOLATED)
   u_fused_array/g_stripe[2].u_stripe/u_o_bank/g_row[2].g_group[1].u_mem/g_byte[2].u_sram/D[4]
                                0.14           0.05 r        -0.09  (VIOLATED)
   u_fused_array/g_stripe[2].u_stripe/u_o_bank/g_row[2].g_group[1].u_mem/g_byte[2].u_sram/D[5]
                                0.14           0.05 r        -0.09  (VIOLATED)
   u_fused_array/g_stripe[2].u_stripe/u_o_bank/g_row[2].g_group[1].u_mem/g_byte[2].u_sram/D[6]
                                0.14           0.05 r        -0.09  (VIOLATED)
   u_fused_array/g_stripe[2].u_stripe/u_o_bank/g_row[2].g_group[1].u_mem/g_byte[2].u_sram/D[7]
                                0.14           0.05 r        -0.09  (VIOLATED)
   u_fused_array/g_stripe[2].u_stripe/u_o_bank/g_row[2].g_group[1].u_mem/g_byte[3].u_sram/D[0]
                                0.14           0.05 r        -0.09  (VIOLATED)
   u_fused_array/g_stripe[2].u_stripe/u_o_bank/g_row[2].g_group[1].u_mem/g_byte[3].u_sram/D[1]
                                0.14           0.05 r        -0.09  (VIOLATED)
   u_fused_array/g_stripe[2].u_stripe/u_o_bank/g_row[2].g_group[1].u_mem/g_byte[3].u_sram/D[2]
                                0.14           0.05 r        -0.09  (VIOLATED)
   u_fused_array/g_stripe[2].u_stripe/u_o_bank/g_row[2].g_group[1].u_mem/g_byte[3].u_sram/D[3]
                                0.14           0.05 r        -0.09  (VIOLATED)
   u_fused_array/g_stripe[2].u_stripe/u_o_bank/g_row[2].g_group[1].u_mem/g_byte[3].u_sram/D[4]
                                0.14           0.05 r        -0.09  (VIOLATED)
   u_fused_array/g_stripe[2].u_stripe/u_o_bank/g_row[2].g_group[1].u_mem/g_byte[3].u_sram/D[5]
                                0.14           0.05 r        -0.09  (VIOLATED)
   u_fused_array/g_stripe[2].u_stripe/u_o_bank/g_row[2].g_group[1].u_mem/g_byte[3].u_sram/D[6]
                                0.14           0.05 r        -0.09  (VIOLATED)
   u_fused_array/g_stripe[2].u_stripe/u_o_bank/g_row[3].g_group[0].u_mem/g_byte[0].u_sram/D[1]
                                0.14           0.05 r        -0.09  (VIOLATED)
   u_fused_array/g_stripe[2].u_stripe/u_o_bank/g_row[3].g_group[0].u_mem/g_byte[0].u_sram/D[2]
                                0.14           0.05 r        -0.09  (VIOLATED)
   u_fused_array/g_stripe[2].u_stripe/u_o_bank/g_row[3].g_group[0].u_mem/g_byte[0].u_sram/D[3]
                                0.14           0.05 r        -0.09  (VIOLATED)
   u_fused_array/g_stripe[2].u_stripe/u_o_bank/g_row[3].g_group[0].u_mem/g_byte[0].u_sram/D[4]
                                0.14           0.05 r        -0.09  (VIOLATED)
   u_fused_array/g_stripe[2].u_stripe/u_o_bank/g_row[3].g_group[0].u_mem/g_byte[0].u_sram/D[5]
                                0.14           0.05 r        -0.09  (VIOLATED)
   u_fused_array/g_stripe[2].u_stripe/u_o_bank/g_row[3].g_group[0].u_mem/g_byte[0].u_sram/D[6]
                                0.14           0.05 r        -0.09  (VIOLATED)
   u_fused_array/g_stripe[2].u_stripe/u_o_bank/g_row[3].g_group[0].u_mem/g_byte[0].u_sram/D[7]
                                0.14           0.05 r        -0.09  (VIOLATED)
   u_fused_array/g_stripe[2].u_stripe/u_o_bank/g_row[3].g_group[0].u_mem/g_byte[1].u_sram/D[0]
                                0.14           0.05 r        -0.09  (VIOLATED)
   u_fused_array/g_stripe[2].u_stripe/u_o_bank/g_row[3].g_group[0].u_mem/g_byte[1].u_sram/D[1]
                                0.14           0.05 r        -0.09  (VIOLATED)
   u_fused_array/g_stripe[2].u_stripe/u_o_bank/g_row[3].g_group[0].u_mem/g_byte[1].u_sram/D[2]
                                0.14           0.05 r        -0.09  (VIOLATED)
   u_fused_array/g_stripe[2].u_stripe/u_o_bank/g_row[3].g_group[0].u_mem/g_byte[1].u_sram/D[3]
                                0.14           0.05 r        -0.09  (VIOLATED)
   u_fused_array/g_stripe[2].u_stripe/u_o_bank/g_row[3].g_group[0].u_mem/g_byte[1].u_sram/D[4]
                                0.14           0.05 r        -0.09  (VIOLATED)
   u_fused_array/g_stripe[2].u_stripe/u_o_bank/g_row[3].g_group[0].u_mem/g_byte[1].u_sram/D[5]
                                0.14           0.05 r        -0.09  (VIOLATED)
   u_fused_array/g_stripe[2].u_stripe/u_o_bank/g_row[3].g_group[0].u_mem/g_byte[1].u_sram/D[6]
                                0.14           0.05 r        -0.09  (VIOLATED)
   u_fused_array/g_stripe[2].u_stripe/u_o_bank/g_row[3].g_group[0].u_mem/g_byte[1].u_sram/D[7]
                                0.14           0.05 r        -0.09  (VIOLATED)
   u_fused_array/g_stripe[2].u_stripe/u_o_bank/g_row[3].g_group[0].u_mem/g_byte[2].u_sram/D[0]
                                0.14           0.05 r        -0.09  (VIOLATED)
   u_fused_array/g_stripe[2].u_stripe/u_o_bank/g_row[3].g_group[0].u_mem/g_byte[2].u_sram/D[1]
                                0.14           0.05 r        -0.09  (VIOLATED)
   u_fused_array/g_stripe[2].u_stripe/u_o_bank/g_row[3].g_group[0].u_mem/g_byte[2].u_sram/D[2]
                                0.14           0.05 r        -0.09  (VIOLATED)
   u_fused_array/g_stripe[2].u_stripe/u_o_bank/g_row[3].g_group[0].u_mem/g_byte[2].u_sram/D[3]
                                0.14           0.05 r        -0.09  (VIOLATED)
   u_fused_array/g_stripe[2].u_stripe/u_o_bank/g_row[3].g_group[0].u_mem/g_byte[2].u_sram/D[4]
                                0.14           0.05 r        -0.09  (VIOLATED)
   u_fused_array/g_stripe[2].u_stripe/u_o_bank/g_row[3].g_group[0].u_mem/g_byte[2].u_sram/D[5]
                                0.14           0.05 r        -0.09  (VIOLATED)
   u_fused_array/g_stripe[2].u_stripe/u_o_bank/g_row[3].g_group[0].u_mem/g_byte[2].u_sram/D[6]
                                0.14           0.05 r        -0.09  (VIOLATED)
   u_fused_array/g_stripe[2].u_stripe/u_o_bank/g_row[3].g_group[0].u_mem/g_byte[2].u_sram/D[7]
                                0.14           0.05 r        -0.09  (VIOLATED)
   u_fused_array/g_stripe[2].u_stripe/u_o_bank/g_row[3].g_group[0].u_mem/g_byte[3].u_sram/D[0]
                                0.14           0.05 r        -0.09  (VIOLATED)
   u_fused_array/g_stripe[2].u_stripe/u_o_bank/g_row[3].g_group[0].u_mem/g_byte[3].u_sram/D[1]
                                0.14           0.05 r        -0.09  (VIOLATED)
   u_fused_array/g_stripe[2].u_stripe/u_o_bank/g_row[3].g_group[0].u_mem/g_byte[3].u_sram/D[2]
                                0.14           0.05 r        -0.09  (VIOLATED)
   u_fused_array/g_stripe[2].u_stripe/u_o_bank/g_row[3].g_group[0].u_mem/g_byte[3].u_sram/D[3]
                                0.14           0.05 r        -0.09  (VIOLATED)
   u_fused_array/g_stripe[2].u_stripe/u_o_bank/g_row[3].g_group[0].u_mem/g_byte[3].u_sram/D[4]
                                0.14           0.05 r        -0.09  (VIOLATED)
   u_fused_array/g_stripe[2].u_stripe/u_o_bank/g_row[3].g_group[0].u_mem/g_byte[3].u_sram/D[5]
                                0.14           0.05 r        -0.09  (VIOLATED)
   u_fused_array/g_stripe[2].u_stripe/u_o_bank/g_row[3].g_group[0].u_mem/g_byte[3].u_sram/D[6]
                                0.14           0.05 r        -0.09  (VIOLATED)
   u_fused_array/g_stripe[2].u_stripe/u_o_bank/g_row[3].g_group[1].u_mem/g_byte[0].u_sram/D[1]
                                0.14           0.05 r        -0.09  (VIOLATED)
   u_fused_array/g_stripe[2].u_stripe/u_o_bank/g_row[3].g_group[1].u_mem/g_byte[0].u_sram/D[2]
                                0.14           0.05 r        -0.09  (VIOLATED)
   u_fused_array/g_stripe[2].u_stripe/u_o_bank/g_row[3].g_group[1].u_mem/g_byte[0].u_sram/D[3]
                                0.14           0.05 r        -0.09  (VIOLATED)
   u_fused_array/g_stripe[2].u_stripe/u_o_bank/g_row[3].g_group[1].u_mem/g_byte[0].u_sram/D[4]
                                0.14           0.05 r        -0.09  (VIOLATED)
   u_fused_array/g_stripe[2].u_stripe/u_o_bank/g_row[3].g_group[1].u_mem/g_byte[0].u_sram/D[5]
                                0.14           0.05 r        -0.09  (VIOLATED)
   u_fused_array/g_stripe[2].u_stripe/u_o_bank/g_row[3].g_group[1].u_mem/g_byte[0].u_sram/D[6]
                                0.14           0.05 r        -0.09  (VIOLATED)
   u_fused_array/g_stripe[2].u_stripe/u_o_bank/g_row[3].g_group[1].u_mem/g_byte[0].u_sram/D[7]
                                0.14           0.05 r        -0.09  (VIOLATED)
   u_fused_array/g_stripe[2].u_stripe/u_o_bank/g_row[3].g_group[1].u_mem/g_byte[1].u_sram/D[0]
                                0.14           0.05 r        -0.09  (VIOLATED)
   u_fused_array/g_stripe[2].u_stripe/u_o_bank/g_row[3].g_group[1].u_mem/g_byte[1].u_sram/D[1]
                                0.14           0.05 r        -0.09  (VIOLATED)
   u_fused_array/g_stripe[2].u_stripe/u_o_bank/g_row[3].g_group[1].u_mem/g_byte[1].u_sram/D[2]
                                0.14           0.05 r        -0.09  (VIOLATED)
   u_fused_array/g_stripe[2].u_stripe/u_o_bank/g_row[3].g_group[1].u_mem/g_byte[1].u_sram/D[3]
                                0.14           0.05 r        -0.09  (VIOLATED)
   u_fused_array/g_stripe[2].u_stripe/u_o_bank/g_row[3].g_group[1].u_mem/g_byte[1].u_sram/D[4]
                                0.14           0.05 r        -0.09  (VIOLATED)
   u_fused_array/g_stripe[2].u_stripe/u_o_bank/g_row[3].g_group[1].u_mem/g_byte[1].u_sram/D[5]
                                0.14           0.05 r        -0.09  (VIOLATED)
   u_fused_array/g_stripe[2].u_stripe/u_o_bank/g_row[3].g_group[1].u_mem/g_byte[1].u_sram/D[6]
                                0.14           0.05 r        -0.09  (VIOLATED)
   u_fused_array/g_stripe[2].u_stripe/u_o_bank/g_row[3].g_group[1].u_mem/g_byte[1].u_sram/D[7]
                                0.14           0.05 r        -0.09  (VIOLATED)
   u_fused_array/g_stripe[2].u_stripe/u_o_bank/g_row[3].g_group[1].u_mem/g_byte[2].u_sram/D[0]
                                0.14           0.05 r        -0.09  (VIOLATED)
   u_fused_array/g_stripe[2].u_stripe/u_o_bank/g_row[3].g_group[1].u_mem/g_byte[2].u_sram/D[1]
                                0.14           0.05 r        -0.09  (VIOLATED)
   u_fused_array/g_stripe[2].u_stripe/u_o_bank/g_row[3].g_group[1].u_mem/g_byte[2].u_sram/D[2]
                                0.14           0.05 r        -0.09  (VIOLATED)
   u_fused_array/g_stripe[2].u_stripe/u_o_bank/g_row[3].g_group[1].u_mem/g_byte[2].u_sram/D[3]
                                0.14           0.05 r        -0.09  (VIOLATED)
   u_fused_array/g_stripe[2].u_stripe/u_o_bank/g_row[3].g_group[1].u_mem/g_byte[2].u_sram/D[4]
                                0.14           0.05 r        -0.09  (VIOLATED)
   u_fused_array/g_stripe[2].u_stripe/u_o_bank/g_row[3].g_group[1].u_mem/g_byte[2].u_sram/D[5]
                                0.14           0.05 r        -0.09  (VIOLATED)
   u_fused_array/g_stripe[2].u_stripe/u_o_bank/g_row[3].g_group[1].u_mem/g_byte[2].u_sram/D[6]
                                0.14           0.05 r        -0.09  (VIOLATED)
   u_fused_array/g_stripe[2].u_stripe/u_o_bank/g_row[3].g_group[1].u_mem/g_byte[2].u_sram/D[7]
                                0.14           0.05 r        -0.09  (VIOLATED)
   u_fused_array/g_stripe[2].u_stripe/u_o_bank/g_row[3].g_group[1].u_mem/g_byte[3].u_sram/D[0]
                                0.14           0.05 r        -0.09  (VIOLATED)
   u_fused_array/g_stripe[2].u_stripe/u_o_bank/g_row[3].g_group[1].u_mem/g_byte[3].u_sram/D[1]
                                0.14           0.05 r        -0.09  (VIOLATED)
   u_fused_array/g_stripe[2].u_stripe/u_o_bank/g_row[3].g_group[1].u_mem/g_byte[3].u_sram/D[2]
                                0.14           0.05 r        -0.09  (VIOLATED)
   u_fused_array/g_stripe[2].u_stripe/u_o_bank/g_row[3].g_group[1].u_mem/g_byte[3].u_sram/D[3]
                                0.14           0.05 r        -0.09  (VIOLATED)
   u_fused_array/g_stripe[2].u_stripe/u_o_bank/g_row[3].g_group[1].u_mem/g_byte[3].u_sram/D[4]
                                0.14           0.05 r        -0.09  (VIOLATED)
   u_fused_array/g_stripe[2].u_stripe/u_o_bank/g_row[3].g_group[1].u_mem/g_byte[3].u_sram/D[5]
                                0.14           0.05 r        -0.09  (VIOLATED)
   u_fused_array/g_stripe[2].u_stripe/u_o_bank/g_row[3].g_group[1].u_mem/g_byte[3].u_sram/D[6]
                                0.14           0.05 r        -0.09  (VIOLATED)
   u_fused_array/g_stripe[2].u_stripe/u_o_bank/g_row[4].g_group[0].u_mem/g_byte[0].u_sram/D[1]
                                0.14           0.05 r        -0.09  (VIOLATED)
   u_fused_array/g_stripe[2].u_stripe/u_o_bank/g_row[4].g_group[0].u_mem/g_byte[0].u_sram/D[2]
                                0.14           0.05 r        -0.09  (VIOLATED)
   u_fused_array/g_stripe[2].u_stripe/u_o_bank/g_row[4].g_group[0].u_mem/g_byte[0].u_sram/D[3]
                                0.14           0.05 r        -0.09  (VIOLATED)
   u_fused_array/g_stripe[2].u_stripe/u_o_bank/g_row[4].g_group[0].u_mem/g_byte[0].u_sram/D[4]
                                0.14           0.05 r        -0.09  (VIOLATED)
   u_fused_array/g_stripe[2].u_stripe/u_o_bank/g_row[4].g_group[0].u_mem/g_byte[0].u_sram/D[5]
                                0.14           0.05 r        -0.09  (VIOLATED)
   u_fused_array/g_stripe[2].u_stripe/u_o_bank/g_row[4].g_group[0].u_mem/g_byte[0].u_sram/D[6]
                                0.14           0.05 r        -0.09  (VIOLATED)
   u_fused_array/g_stripe[2].u_stripe/u_o_bank/g_row[4].g_group[0].u_mem/g_byte[0].u_sram/D[7]
                                0.14           0.05 r        -0.09  (VIOLATED)
   u_fused_array/g_stripe[2].u_stripe/u_o_bank/g_row[4].g_group[0].u_mem/g_byte[1].u_sram/D[0]
                                0.14           0.05 r        -0.09  (VIOLATED)
   u_fused_array/g_stripe[2].u_stripe/u_o_bank/g_row[4].g_group[0].u_mem/g_byte[1].u_sram/D[1]
                                0.14           0.05 r        -0.09  (VIOLATED)
   u_fused_array/g_stripe[2].u_stripe/u_o_bank/g_row[4].g_group[0].u_mem/g_byte[1].u_sram/D[2]
                                0.14           0.05 r        -0.09  (VIOLATED)
   u_fused_array/g_stripe[2].u_stripe/u_o_bank/g_row[4].g_group[0].u_mem/g_byte[1].u_sram/D[3]
                                0.14           0.05 r        -0.09  (VIOLATED)
   u_fused_array/g_stripe[2].u_stripe/u_o_bank/g_row[4].g_group[0].u_mem/g_byte[1].u_sram/D[4]
                                0.14           0.05 r        -0.09  (VIOLATED)
   u_fused_array/g_stripe[2].u_stripe/u_o_bank/g_row[4].g_group[0].u_mem/g_byte[1].u_sram/D[5]
                                0.14           0.05 r        -0.09  (VIOLATED)
   u_fused_array/g_stripe[2].u_stripe/u_o_bank/g_row[4].g_group[0].u_mem/g_byte[1].u_sram/D[6]
                                0.14           0.05 r        -0.09  (VIOLATED)
   u_fused_array/g_stripe[2].u_stripe/u_o_bank/g_row[4].g_group[0].u_mem/g_byte[1].u_sram/D[7]
                                0.14           0.05 r        -0.09  (VIOLATED)
   u_fused_array/g_stripe[2].u_stripe/u_o_bank/g_row[4].g_group[0].u_mem/g_byte[2].u_sram/D[0]
                                0.14           0.05 r        -0.09  (VIOLATED)
   u_fused_array/g_stripe[2].u_stripe/u_o_bank/g_row[4].g_group[0].u_mem/g_byte[2].u_sram/D[1]
                                0.14           0.05 r        -0.09  (VIOLATED)
   u_fused_array/g_stripe[2].u_stripe/u_o_bank/g_row[4].g_group[0].u_mem/g_byte[2].u_sram/D[2]
                                0.14           0.05 r        -0.09  (VIOLATED)
   u_fused_array/g_stripe[2].u_stripe/u_o_bank/g_row[4].g_group[0].u_mem/g_byte[2].u_sram/D[3]
                                0.14           0.05 r        -0.09  (VIOLATED)
   u_fused_array/g_stripe[2].u_stripe/u_o_bank/g_row[4].g_group[0].u_mem/g_byte[2].u_sram/D[4]
                                0.14           0.05 r        -0.09  (VIOLATED)
   u_fused_array/g_stripe[2].u_stripe/u_o_bank/g_row[4].g_group[0].u_mem/g_byte[2].u_sram/D[5]
                                0.14           0.05 r        -0.09  (VIOLATED)
   u_fused_array/g_stripe[2].u_stripe/u_o_bank/g_row[4].g_group[0].u_mem/g_byte[2].u_sram/D[6]
                                0.14           0.05 r        -0.09  (VIOLATED)
   u_fused_array/g_stripe[2].u_stripe/u_o_bank/g_row[4].g_group[0].u_mem/g_byte[2].u_sram/D[7]
                                0.14           0.05 r        -0.09  (VIOLATED)
   u_fused_array/g_stripe[2].u_stripe/u_o_bank/g_row[4].g_group[0].u_mem/g_byte[3].u_sram/D[0]
                                0.14           0.05 r        -0.09  (VIOLATED)
   u_fused_array/g_stripe[2].u_stripe/u_o_bank/g_row[4].g_group[0].u_mem/g_byte[3].u_sram/D[1]
                                0.14           0.05 r        -0.09  (VIOLATED)
   u_fused_array/g_stripe[2].u_stripe/u_o_bank/g_row[4].g_group[0].u_mem/g_byte[3].u_sram/D[2]
                                0.14           0.05 r        -0.09  (VIOLATED)
   u_fused_array/g_stripe[2].u_stripe/u_o_bank/g_row[4].g_group[0].u_mem/g_byte[3].u_sram/D[3]
                                0.14           0.05 r        -0.09  (VIOLATED)
   u_fused_array/g_stripe[2].u_stripe/u_o_bank/g_row[4].g_group[0].u_mem/g_byte[3].u_sram/D[4]
                                0.14           0.05 r        -0.09  (VIOLATED)
   u_fused_array/g_stripe[2].u_stripe/u_o_bank/g_row[4].g_group[0].u_mem/g_byte[3].u_sram/D[5]
                                0.14           0.05 r        -0.09  (VIOLATED)
   u_fused_array/g_stripe[2].u_stripe/u_o_bank/g_row[4].g_group[0].u_mem/g_byte[3].u_sram/D[6]
                                0.14           0.05 r        -0.09  (VIOLATED)
   u_fused_array/g_stripe[2].u_stripe/u_o_bank/g_row[4].g_group[1].u_mem/g_byte[0].u_sram/D[1]
                                0.14           0.05 r        -0.09  (VIOLATED)
   u_fused_array/g_stripe[2].u_stripe/u_o_bank/g_row[4].g_group[1].u_mem/g_byte[0].u_sram/D[2]
                                0.14           0.05 r        -0.09  (VIOLATED)
   u_fused_array/g_stripe[2].u_stripe/u_o_bank/g_row[4].g_group[1].u_mem/g_byte[0].u_sram/D[3]
                                0.14           0.05 r        -0.09  (VIOLATED)
   u_fused_array/g_stripe[2].u_stripe/u_o_bank/g_row[4].g_group[1].u_mem/g_byte[0].u_sram/D[4]
                                0.14           0.05 r        -0.09  (VIOLATED)
   u_fused_array/g_stripe[2].u_stripe/u_o_bank/g_row[4].g_group[1].u_mem/g_byte[0].u_sram/D[5]
                                0.14           0.05 r        -0.09  (VIOLATED)
   u_fused_array/g_stripe[2].u_stripe/u_o_bank/g_row[4].g_group[1].u_mem/g_byte[0].u_sram/D[6]
                                0.14           0.05 r        -0.09  (VIOLATED)
   u_fused_array/g_stripe[2].u_stripe/u_o_bank/g_row[4].g_group[1].u_mem/g_byte[0].u_sram/D[7]
                                0.14           0.05 r        -0.09  (VIOLATED)
   u_fused_array/g_stripe[2].u_stripe/u_o_bank/g_row[4].g_group[1].u_mem/g_byte[1].u_sram/D[0]
                                0.14           0.05 r        -0.09  (VIOLATED)
   u_fused_array/g_stripe[2].u_stripe/u_o_bank/g_row[4].g_group[1].u_mem/g_byte[1].u_sram/D[1]
                                0.14           0.05 r        -0.09  (VIOLATED)
   u_fused_array/g_stripe[2].u_stripe/u_o_bank/g_row[4].g_group[1].u_mem/g_byte[1].u_sram/D[2]
                                0.14           0.05 r        -0.09  (VIOLATED)
   u_fused_array/g_stripe[2].u_stripe/u_o_bank/g_row[4].g_group[1].u_mem/g_byte[1].u_sram/D[3]
                                0.14           0.05 r        -0.09  (VIOLATED)
   u_fused_array/g_stripe[2].u_stripe/u_o_bank/g_row[4].g_group[1].u_mem/g_byte[1].u_sram/D[4]
                                0.14           0.05 r        -0.09  (VIOLATED)
   u_fused_array/g_stripe[2].u_stripe/u_o_bank/g_row[4].g_group[1].u_mem/g_byte[1].u_sram/D[5]
                                0.14           0.05 r        -0.09  (VIOLATED)
   u_fused_array/g_stripe[2].u_stripe/u_o_bank/g_row[4].g_group[1].u_mem/g_byte[1].u_sram/D[6]
                                0.14           0.05 r        -0.09  (VIOLATED)
   u_fused_array/g_stripe[2].u_stripe/u_o_bank/g_row[4].g_group[1].u_mem/g_byte[1].u_sram/D[7]
                                0.14           0.05 r        -0.09  (VIOLATED)
   u_fused_array/g_stripe[2].u_stripe/u_o_bank/g_row[4].g_group[1].u_mem/g_byte[2].u_sram/D[0]
                                0.14           0.05 r        -0.09  (VIOLATED)
   u_fused_array/g_stripe[2].u_stripe/u_o_bank/g_row[4].g_group[1].u_mem/g_byte[2].u_sram/D[1]
                                0.14           0.05 r        -0.09  (VIOLATED)
   u_fused_array/g_stripe[2].u_stripe/u_o_bank/g_row[4].g_group[1].u_mem/g_byte[2].u_sram/D[2]
                                0.14           0.05 r        -0.09  (VIOLATED)
   u_fused_array/g_stripe[2].u_stripe/u_o_bank/g_row[4].g_group[1].u_mem/g_byte[2].u_sram/D[3]
                                0.14           0.05 r        -0.09  (VIOLATED)
   u_fused_array/g_stripe[2].u_stripe/u_o_bank/g_row[4].g_group[1].u_mem/g_byte[2].u_sram/D[4]
                                0.14           0.05 r        -0.09  (VIOLATED)
   u_fused_array/g_stripe[2].u_stripe/u_o_bank/g_row[4].g_group[1].u_mem/g_byte[2].u_sram/D[5]
                                0.14           0.05 r        -0.09  (VIOLATED)
   u_fused_array/g_stripe[2].u_stripe/u_o_bank/g_row[4].g_group[1].u_mem/g_byte[2].u_sram/D[6]
                                0.14           0.05 r        -0.09  (VIOLATED)
   u_fused_array/g_stripe[2].u_stripe/u_o_bank/g_row[4].g_group[1].u_mem/g_byte[2].u_sram/D[7]
                                0.14           0.05 r        -0.09  (VIOLATED)
   u_fused_array/g_stripe[2].u_stripe/u_o_bank/g_row[4].g_group[1].u_mem/g_byte[3].u_sram/D[0]
                                0.14           0.05 r        -0.09  (VIOLATED)
   u_fused_array/g_stripe[2].u_stripe/u_o_bank/g_row[4].g_group[1].u_mem/g_byte[3].u_sram/D[1]
                                0.14           0.05 r        -0.09  (VIOLATED)
   u_fused_array/g_stripe[2].u_stripe/u_o_bank/g_row[4].g_group[1].u_mem/g_byte[3].u_sram/D[2]
                                0.14           0.05 r        -0.09  (VIOLATED)
   u_fused_array/g_stripe[2].u_stripe/u_o_bank/g_row[4].g_group[1].u_mem/g_byte[3].u_sram/D[3]
                                0.14           0.05 r        -0.09  (VIOLATED)
   u_fused_array/g_stripe[2].u_stripe/u_o_bank/g_row[4].g_group[1].u_mem/g_byte[3].u_sram/D[4]
                                0.14           0.05 r        -0.09  (VIOLATED)
   u_fused_array/g_stripe[2].u_stripe/u_o_bank/g_row[4].g_group[1].u_mem/g_byte[3].u_sram/D[5]
                                0.14           0.05 r        -0.09  (VIOLATED)
   u_fused_array/g_stripe[2].u_stripe/u_o_bank/g_row[4].g_group[1].u_mem/g_byte[3].u_sram/D[6]
                                0.14           0.05 r        -0.09  (VIOLATED)
   u_fused_array/g_stripe[2].u_stripe/u_o_bank/g_row[5].g_group[0].u_mem/g_byte[0].u_sram/D[1]
                                0.14           0.05 r        -0.09  (VIOLATED)
   u_fused_array/g_stripe[2].u_stripe/u_o_bank/g_row[5].g_group[0].u_mem/g_byte[0].u_sram/D[2]
                                0.14           0.05 r        -0.09  (VIOLATED)
   u_fused_array/g_stripe[2].u_stripe/u_o_bank/g_row[5].g_group[0].u_mem/g_byte[0].u_sram/D[3]
                                0.14           0.05 r        -0.09  (VIOLATED)
   u_fused_array/g_stripe[2].u_stripe/u_o_bank/g_row[5].g_group[0].u_mem/g_byte[0].u_sram/D[4]
                                0.14           0.05 r        -0.09  (VIOLATED)
   u_fused_array/g_stripe[2].u_stripe/u_o_bank/g_row[5].g_group[0].u_mem/g_byte[0].u_sram/D[5]
                                0.14           0.05 r        -0.09  (VIOLATED)
   u_fused_array/g_stripe[2].u_stripe/u_o_bank/g_row[5].g_group[0].u_mem/g_byte[0].u_sram/D[6]
                                0.14           0.05 r        -0.09  (VIOLATED)
   u_fused_array/g_stripe[2].u_stripe/u_o_bank/g_row[5].g_group[0].u_mem/g_byte[0].u_sram/D[7]
                                0.14           0.05 r        -0.09  (VIOLATED)
   u_fused_array/g_stripe[2].u_stripe/u_o_bank/g_row[5].g_group[0].u_mem/g_byte[1].u_sram/D[0]
                                0.14           0.05 r        -0.09  (VIOLATED)
   u_fused_array/g_stripe[2].u_stripe/u_o_bank/g_row[5].g_group[0].u_mem/g_byte[1].u_sram/D[1]
                                0.14           0.05 r        -0.09  (VIOLATED)
   u_fused_array/g_stripe[2].u_stripe/u_o_bank/g_row[5].g_group[0].u_mem/g_byte[1].u_sram/D[2]
                                0.14           0.05 r        -0.09  (VIOLATED)
   u_fused_array/g_stripe[2].u_stripe/u_o_bank/g_row[5].g_group[0].u_mem/g_byte[1].u_sram/D[3]
                                0.14           0.05 r        -0.09  (VIOLATED)
   u_fused_array/g_stripe[2].u_stripe/u_o_bank/g_row[5].g_group[0].u_mem/g_byte[1].u_sram/D[4]
                                0.14           0.05 r        -0.09  (VIOLATED)
   u_fused_array/g_stripe[2].u_stripe/u_o_bank/g_row[5].g_group[0].u_mem/g_byte[1].u_sram/D[5]
                                0.14           0.05 r        -0.09  (VIOLATED)
   u_fused_array/g_stripe[2].u_stripe/u_o_bank/g_row[5].g_group[0].u_mem/g_byte[1].u_sram/D[6]
                                0.14           0.05 r        -0.09  (VIOLATED)
   u_fused_array/g_stripe[2].u_stripe/u_o_bank/g_row[5].g_group[0].u_mem/g_byte[1].u_sram/D[7]
                                0.14           0.05 r        -0.09  (VIOLATED)
   u_fused_array/g_stripe[2].u_stripe/u_o_bank/g_row[5].g_group[0].u_mem/g_byte[2].u_sram/D[0]
                                0.14           0.05 r        -0.09  (VIOLATED)
   u_fused_array/g_stripe[2].u_stripe/u_o_bank/g_row[5].g_group[0].u_mem/g_byte[2].u_sram/D[1]
                                0.14           0.05 r        -0.09  (VIOLATED)
   u_fused_array/g_stripe[2].u_stripe/u_o_bank/g_row[5].g_group[0].u_mem/g_byte[2].u_sram/D[2]
                                0.14           0.05 r        -0.09  (VIOLATED)
   u_fused_array/g_stripe[2].u_stripe/u_o_bank/g_row[5].g_group[0].u_mem/g_byte[2].u_sram/D[3]
                                0.14           0.05 r        -0.09  (VIOLATED)
   u_fused_array/g_stripe[2].u_stripe/u_o_bank/g_row[5].g_group[0].u_mem/g_byte[2].u_sram/D[4]
                                0.14           0.05 r        -0.09  (VIOLATED)
   u_fused_array/g_stripe[2].u_stripe/u_o_bank/g_row[5].g_group[0].u_mem/g_byte[2].u_sram/D[5]
                                0.14           0.05 r        -0.09  (VIOLATED)
   u_fused_array/g_stripe[2].u_stripe/u_o_bank/g_row[5].g_group[0].u_mem/g_byte[2].u_sram/D[6]
                                0.14           0.05 r        -0.09  (VIOLATED)
   u_fused_array/g_stripe[2].u_stripe/u_o_bank/g_row[5].g_group[0].u_mem/g_byte[2].u_sram/D[7]
                                0.14           0.05 r        -0.09  (VIOLATED)
   u_fused_array/g_stripe[2].u_stripe/u_o_bank/g_row[5].g_group[0].u_mem/g_byte[3].u_sram/D[0]
                                0.14           0.05 r        -0.09  (VIOLATED)
   u_fused_array/g_stripe[2].u_stripe/u_o_bank/g_row[5].g_group[0].u_mem/g_byte[3].u_sram/D[1]
                                0.14           0.05 r        -0.09  (VIOLATED)
   u_fused_array/g_stripe[2].u_stripe/u_o_bank/g_row[5].g_group[0].u_mem/g_byte[3].u_sram/D[2]
                                0.14           0.05 r        -0.09  (VIOLATED)
   u_fused_array/g_stripe[2].u_stripe/u_o_bank/g_row[5].g_group[0].u_mem/g_byte[3].u_sram/D[3]
                                0.14           0.05 r        -0.09  (VIOLATED)
   u_fused_array/g_stripe[2].u_stripe/u_o_bank/g_row[5].g_group[0].u_mem/g_byte[3].u_sram/D[4]
                                0.14           0.05 r        -0.09  (VIOLATED)
   u_fused_array/g_stripe[2].u_stripe/u_o_bank/g_row[5].g_group[0].u_mem/g_byte[3].u_sram/D[5]
                                0.14           0.05 r        -0.09  (VIOLATED)
   u_fused_array/g_stripe[2].u_stripe/u_o_bank/g_row[5].g_group[0].u_mem/g_byte[3].u_sram/D[6]
                                0.14           0.05 r        -0.09  (VIOLATED)
   u_fused_array/g_stripe[2].u_stripe/u_o_bank/g_row[5].g_group[1].u_mem/g_byte[0].u_sram/D[1]
                                0.14           0.05 r        -0.09  (VIOLATED)
   u_fused_array/g_stripe[2].u_stripe/u_o_bank/g_row[5].g_group[1].u_mem/g_byte[0].u_sram/D[2]
                                0.14           0.05 r        -0.09  (VIOLATED)
   u_fused_array/g_stripe[2].u_stripe/u_o_bank/g_row[5].g_group[1].u_mem/g_byte[0].u_sram/D[3]
                                0.14           0.05 r        -0.09  (VIOLATED)
   u_fused_array/g_stripe[2].u_stripe/u_o_bank/g_row[5].g_group[1].u_mem/g_byte[0].u_sram/D[4]
                                0.14           0.05 r        -0.09  (VIOLATED)
   u_fused_array/g_stripe[2].u_stripe/u_o_bank/g_row[5].g_group[1].u_mem/g_byte[0].u_sram/D[5]
                                0.14           0.05 r        -0.09  (VIOLATED)
   u_fused_array/g_stripe[2].u_stripe/u_o_bank/g_row[5].g_group[1].u_mem/g_byte[0].u_sram/D[6]
                                0.14           0.05 r        -0.09  (VIOLATED)
   u_fused_array/g_stripe[2].u_stripe/u_o_bank/g_row[5].g_group[1].u_mem/g_byte[0].u_sram/D[7]
                                0.14           0.05 r        -0.09  (VIOLATED)
   u_fused_array/g_stripe[2].u_stripe/u_o_bank/g_row[5].g_group[1].u_mem/g_byte[1].u_sram/D[0]
                                0.14           0.05 r        -0.09  (VIOLATED)
   u_fused_array/g_stripe[2].u_stripe/u_o_bank/g_row[5].g_group[1].u_mem/g_byte[1].u_sram/D[1]
                                0.14           0.05 r        -0.09  (VIOLATED)
   u_fused_array/g_stripe[2].u_stripe/u_o_bank/g_row[5].g_group[1].u_mem/g_byte[1].u_sram/D[2]
                                0.14           0.05 r        -0.09  (VIOLATED)
   u_fused_array/g_stripe[2].u_stripe/u_o_bank/g_row[5].g_group[1].u_mem/g_byte[1].u_sram/D[3]
                                0.14           0.05 r        -0.09  (VIOLATED)
   u_fused_array/g_stripe[2].u_stripe/u_o_bank/g_row[5].g_group[1].u_mem/g_byte[1].u_sram/D[4]
                                0.14           0.05 r        -0.09  (VIOLATED)
   u_fused_array/g_stripe[2].u_stripe/u_o_bank/g_row[5].g_group[1].u_mem/g_byte[1].u_sram/D[5]
                                0.14           0.05 r        -0.09  (VIOLATED)
   u_fused_array/g_stripe[2].u_stripe/u_o_bank/g_row[5].g_group[1].u_mem/g_byte[1].u_sram/D[6]
                                0.14           0.05 r        -0.09  (VIOLATED)
   u_fused_array/g_stripe[2].u_stripe/u_o_bank/g_row[5].g_group[1].u_mem/g_byte[1].u_sram/D[7]
                                0.14           0.05 r        -0.09  (VIOLATED)
   u_fused_array/g_stripe[2].u_stripe/u_o_bank/g_row[5].g_group[1].u_mem/g_byte[2].u_sram/D[0]
                                0.14           0.05 r        -0.09  (VIOLATED)
   u_fused_array/g_stripe[2].u_stripe/u_o_bank/g_row[5].g_group[1].u_mem/g_byte[2].u_sram/D[1]
                                0.14           0.05 r        -0.09  (VIOLATED)
   u_fused_array/g_stripe[2].u_stripe/u_o_bank/g_row[5].g_group[1].u_mem/g_byte[2].u_sram/D[2]
                                0.14           0.05 r        -0.09  (VIOLATED)
   u_fused_array/g_stripe[2].u_stripe/u_o_bank/g_row[5].g_group[1].u_mem/g_byte[2].u_sram/D[3]
                                0.14           0.05 r        -0.09  (VIOLATED)
   u_fused_array/g_stripe[2].u_stripe/u_o_bank/g_row[5].g_group[1].u_mem/g_byte[2].u_sram/D[4]
                                0.14           0.05 r        -0.09  (VIOLATED)
   u_fused_array/g_stripe[2].u_stripe/u_o_bank/g_row[5].g_group[1].u_mem/g_byte[2].u_sram/D[5]
                                0.14           0.05 r        -0.09  (VIOLATED)
   u_fused_array/g_stripe[2].u_stripe/u_o_bank/g_row[5].g_group[1].u_mem/g_byte[2].u_sram/D[6]
                                0.14           0.05 r        -0.09  (VIOLATED)
   u_fused_array/g_stripe[2].u_stripe/u_o_bank/g_row[5].g_group[1].u_mem/g_byte[2].u_sram/D[7]
                                0.14           0.05 r        -0.09  (VIOLATED)
   u_fused_array/g_stripe[2].u_stripe/u_o_bank/g_row[5].g_group[1].u_mem/g_byte[3].u_sram/D[0]
                                0.14           0.05 r        -0.09  (VIOLATED)
   u_fused_array/g_stripe[2].u_stripe/u_o_bank/g_row[5].g_group[1].u_mem/g_byte[3].u_sram/D[1]
                                0.14           0.05 r        -0.09  (VIOLATED)
   u_fused_array/g_stripe[2].u_stripe/u_o_bank/g_row[5].g_group[1].u_mem/g_byte[3].u_sram/D[2]
                                0.14           0.05 r        -0.09  (VIOLATED)
   u_fused_array/g_stripe[2].u_stripe/u_o_bank/g_row[5].g_group[1].u_mem/g_byte[3].u_sram/D[3]
                                0.14           0.05 r        -0.09  (VIOLATED)
   u_fused_array/g_stripe[2].u_stripe/u_o_bank/g_row[5].g_group[1].u_mem/g_byte[3].u_sram/D[4]
                                0.14           0.05 r        -0.09  (VIOLATED)
   u_fused_array/g_stripe[2].u_stripe/u_o_bank/g_row[5].g_group[1].u_mem/g_byte[3].u_sram/D[5]
                                0.14           0.05 r        -0.09  (VIOLATED)
   u_fused_array/g_stripe[2].u_stripe/u_o_bank/g_row[5].g_group[1].u_mem/g_byte[3].u_sram/D[6]
                                0.14           0.05 r        -0.09  (VIOLATED)
   u_fused_array/g_stripe[2].u_stripe/u_o_bank/g_row[6].g_group[0].u_mem/g_byte[0].u_sram/D[1]
                                0.14           0.05 r        -0.09  (VIOLATED)
   u_fused_array/g_stripe[2].u_stripe/u_o_bank/g_row[6].g_group[0].u_mem/g_byte[0].u_sram/D[2]
                                0.14           0.05 r        -0.09  (VIOLATED)
   u_fused_array/g_stripe[2].u_stripe/u_o_bank/g_row[6].g_group[0].u_mem/g_byte[0].u_sram/D[3]
                                0.14           0.05 r        -0.09  (VIOLATED)
   u_fused_array/g_stripe[2].u_stripe/u_o_bank/g_row[6].g_group[0].u_mem/g_byte[0].u_sram/D[4]
                                0.14           0.05 r        -0.09  (VIOLATED)
   u_fused_array/g_stripe[2].u_stripe/u_o_bank/g_row[6].g_group[0].u_mem/g_byte[0].u_sram/D[5]
                                0.14           0.05 r        -0.09  (VIOLATED)
   u_fused_array/g_stripe[2].u_stripe/u_o_bank/g_row[6].g_group[0].u_mem/g_byte[0].u_sram/D[6]
                                0.14           0.05 r        -0.09  (VIOLATED)
   u_fused_array/g_stripe[2].u_stripe/u_o_bank/g_row[6].g_group[0].u_mem/g_byte[0].u_sram/D[7]
                                0.14           0.05 r        -0.09  (VIOLATED)
   u_fused_array/g_stripe[2].u_stripe/u_o_bank/g_row[6].g_group[0].u_mem/g_byte[1].u_sram/D[0]
                                0.14           0.05 r        -0.09  (VIOLATED)
   u_fused_array/g_stripe[2].u_stripe/u_o_bank/g_row[6].g_group[0].u_mem/g_byte[1].u_sram/D[1]
                                0.14           0.05 r        -0.09  (VIOLATED)
   u_fused_array/g_stripe[2].u_stripe/u_o_bank/g_row[6].g_group[0].u_mem/g_byte[1].u_sram/D[2]
                                0.14           0.05 r        -0.09  (VIOLATED)
   u_fused_array/g_stripe[2].u_stripe/u_o_bank/g_row[6].g_group[0].u_mem/g_byte[1].u_sram/D[3]
                                0.14           0.05 r        -0.09  (VIOLATED)
   u_fused_array/g_stripe[2].u_stripe/u_o_bank/g_row[6].g_group[0].u_mem/g_byte[1].u_sram/D[4]
                                0.14           0.05 r        -0.09  (VIOLATED)
   u_fused_array/g_stripe[2].u_stripe/u_o_bank/g_row[6].g_group[0].u_mem/g_byte[1].u_sram/D[5]
                                0.14           0.05 r        -0.09  (VIOLATED)
   u_fused_array/g_stripe[2].u_stripe/u_o_bank/g_row[6].g_group[0].u_mem/g_byte[1].u_sram/D[6]
                                0.14           0.05 r        -0.09  (VIOLATED)
   u_fused_array/g_stripe[2].u_stripe/u_o_bank/g_row[6].g_group[0].u_mem/g_byte[1].u_sram/D[7]
                                0.14           0.05 r        -0.09  (VIOLATED)
   u_fused_array/g_stripe[2].u_stripe/u_o_bank/g_row[6].g_group[0].u_mem/g_byte[2].u_sram/D[0]
                                0.14           0.05 r        -0.09  (VIOLATED)
   u_fused_array/g_stripe[2].u_stripe/u_o_bank/g_row[6].g_group[0].u_mem/g_byte[2].u_sram/D[1]
                                0.14           0.05 r        -0.09  (VIOLATED)
   u_fused_array/g_stripe[2].u_stripe/u_o_bank/g_row[6].g_group[0].u_mem/g_byte[2].u_sram/D[2]
                                0.14           0.05 r        -0.09  (VIOLATED)
   u_fused_array/g_stripe[2].u_stripe/u_o_bank/g_row[6].g_group[0].u_mem/g_byte[2].u_sram/D[3]
                                0.14           0.05 r        -0.09  (VIOLATED)
   u_fused_array/g_stripe[2].u_stripe/u_o_bank/g_row[6].g_group[0].u_mem/g_byte[2].u_sram/D[4]
                                0.14           0.05 r        -0.09  (VIOLATED)
   u_fused_array/g_stripe[2].u_stripe/u_o_bank/g_row[6].g_group[0].u_mem/g_byte[2].u_sram/D[5]
                                0.14           0.05 r        -0.09  (VIOLATED)
   u_fused_array/g_stripe[2].u_stripe/u_o_bank/g_row[6].g_group[0].u_mem/g_byte[2].u_sram/D[6]
                                0.14           0.05 r        -0.09  (VIOLATED)
   u_fused_array/g_stripe[2].u_stripe/u_o_bank/g_row[6].g_group[0].u_mem/g_byte[2].u_sram/D[7]
                                0.14           0.05 r        -0.09  (VIOLATED)
   u_fused_array/g_stripe[2].u_stripe/u_o_bank/g_row[6].g_group[0].u_mem/g_byte[3].u_sram/D[0]
                                0.14           0.05 r        -0.09  (VIOLATED)
   u_fused_array/g_stripe[2].u_stripe/u_o_bank/g_row[6].g_group[0].u_mem/g_byte[3].u_sram/D[1]
                                0.14           0.05 r        -0.09  (VIOLATED)
   u_fused_array/g_stripe[2].u_stripe/u_o_bank/g_row[6].g_group[0].u_mem/g_byte[3].u_sram/D[2]
                                0.14           0.05 r        -0.09  (VIOLATED)
   u_fused_array/g_stripe[2].u_stripe/u_o_bank/g_row[6].g_group[0].u_mem/g_byte[3].u_sram/D[3]
                                0.14           0.05 r        -0.09  (VIOLATED)
   u_fused_array/g_stripe[2].u_stripe/u_o_bank/g_row[6].g_group[0].u_mem/g_byte[3].u_sram/D[4]
                                0.14           0.05 r        -0.09  (VIOLATED)
   u_fused_array/g_stripe[2].u_stripe/u_o_bank/g_row[6].g_group[0].u_mem/g_byte[3].u_sram/D[5]
                                0.14           0.05 r        -0.09  (VIOLATED)
   u_fused_array/g_stripe[2].u_stripe/u_o_bank/g_row[6].g_group[0].u_mem/g_byte[3].u_sram/D[6]
                                0.14           0.05 r        -0.09  (VIOLATED)
   u_fused_array/g_stripe[2].u_stripe/u_o_bank/g_row[6].g_group[1].u_mem/g_byte[0].u_sram/D[1]
                                0.14           0.05 r        -0.09  (VIOLATED)
   u_fused_array/g_stripe[2].u_stripe/u_o_bank/g_row[6].g_group[1].u_mem/g_byte[0].u_sram/D[2]
                                0.14           0.05 r        -0.09  (VIOLATED)
   u_fused_array/g_stripe[2].u_stripe/u_o_bank/g_row[6].g_group[1].u_mem/g_byte[0].u_sram/D[3]
                                0.14           0.05 r        -0.09  (VIOLATED)
   u_fused_array/g_stripe[2].u_stripe/u_o_bank/g_row[6].g_group[1].u_mem/g_byte[0].u_sram/D[4]
                                0.14           0.05 r        -0.09  (VIOLATED)
   u_fused_array/g_stripe[2].u_stripe/u_o_bank/g_row[6].g_group[1].u_mem/g_byte[0].u_sram/D[5]
                                0.14           0.05 r        -0.09  (VIOLATED)
   u_fused_array/g_stripe[2].u_stripe/u_o_bank/g_row[6].g_group[1].u_mem/g_byte[0].u_sram/D[6]
                                0.14           0.05 r        -0.09  (VIOLATED)
   u_fused_array/g_stripe[2].u_stripe/u_o_bank/g_row[6].g_group[1].u_mem/g_byte[0].u_sram/D[7]
                                0.14           0.05 r        -0.09  (VIOLATED)
   u_fused_array/g_stripe[2].u_stripe/u_o_bank/g_row[6].g_group[1].u_mem/g_byte[1].u_sram/D[0]
                                0.14           0.05 r        -0.09  (VIOLATED)
   u_fused_array/g_stripe[2].u_stripe/u_o_bank/g_row[6].g_group[1].u_mem/g_byte[1].u_sram/D[1]
                                0.14           0.05 r        -0.09  (VIOLATED)
   u_fused_array/g_stripe[2].u_stripe/u_o_bank/g_row[6].g_group[1].u_mem/g_byte[1].u_sram/D[2]
                                0.14           0.05 r        -0.09  (VIOLATED)
   u_fused_array/g_stripe[2].u_stripe/u_o_bank/g_row[6].g_group[1].u_mem/g_byte[1].u_sram/D[3]
                                0.14           0.05 r        -0.09  (VIOLATED)
   u_fused_array/g_stripe[2].u_stripe/u_o_bank/g_row[6].g_group[1].u_mem/g_byte[1].u_sram/D[4]
                                0.14           0.05 r        -0.09  (VIOLATED)
   u_fused_array/g_stripe[2].u_stripe/u_o_bank/g_row[6].g_group[1].u_mem/g_byte[1].u_sram/D[5]
                                0.14           0.05 r        -0.09  (VIOLATED)
   u_fused_array/g_stripe[2].u_stripe/u_o_bank/g_row[6].g_group[1].u_mem/g_byte[1].u_sram/D[6]
                                0.14           0.05 r        -0.09  (VIOLATED)
   u_fused_array/g_stripe[2].u_stripe/u_o_bank/g_row[6].g_group[1].u_mem/g_byte[1].u_sram/D[7]
                                0.14           0.05 r        -0.09  (VIOLATED)
   u_fused_array/g_stripe[2].u_stripe/u_o_bank/g_row[6].g_group[1].u_mem/g_byte[2].u_sram/D[0]
                                0.14           0.05 r        -0.09  (VIOLATED)
   u_fused_array/g_stripe[2].u_stripe/u_o_bank/g_row[6].g_group[1].u_mem/g_byte[2].u_sram/D[1]
                                0.14           0.05 r        -0.09  (VIOLATED)
   u_fused_array/g_stripe[2].u_stripe/u_o_bank/g_row[6].g_group[1].u_mem/g_byte[2].u_sram/D[2]
                                0.14           0.05 r        -0.09  (VIOLATED)
   u_fused_array/g_stripe[2].u_stripe/u_o_bank/g_row[6].g_group[1].u_mem/g_byte[2].u_sram/D[3]
                                0.14           0.05 r        -0.09  (VIOLATED)
   u_fused_array/g_stripe[2].u_stripe/u_o_bank/g_row[6].g_group[1].u_mem/g_byte[2].u_sram/D[4]
                                0.14           0.05 r        -0.09  (VIOLATED)
   u_fused_array/g_stripe[2].u_stripe/u_o_bank/g_row[6].g_group[1].u_mem/g_byte[2].u_sram/D[5]
                                0.14           0.05 r        -0.09  (VIOLATED)
   u_fused_array/g_stripe[2].u_stripe/u_o_bank/g_row[6].g_group[1].u_mem/g_byte[2].u_sram/D[6]
                                0.14           0.05 r        -0.09  (VIOLATED)
   u_fused_array/g_stripe[2].u_stripe/u_o_bank/g_row[6].g_group[1].u_mem/g_byte[2].u_sram/D[7]
                                0.14           0.05 r        -0.09  (VIOLATED)
   u_fused_array/g_stripe[2].u_stripe/u_o_bank/g_row[6].g_group[1].u_mem/g_byte[3].u_sram/D[0]
                                0.14           0.05 r        -0.09  (VIOLATED)
   u_fused_array/g_stripe[2].u_stripe/u_o_bank/g_row[6].g_group[1].u_mem/g_byte[3].u_sram/D[1]
                                0.14           0.05 r        -0.09  (VIOLATED)
   u_fused_array/g_stripe[2].u_stripe/u_o_bank/g_row[6].g_group[1].u_mem/g_byte[3].u_sram/D[2]
                                0.14           0.05 r        -0.09  (VIOLATED)
   u_fused_array/g_stripe[2].u_stripe/u_o_bank/g_row[6].g_group[1].u_mem/g_byte[3].u_sram/D[3]
                                0.14           0.05 r        -0.09  (VIOLATED)
   u_fused_array/g_stripe[2].u_stripe/u_o_bank/g_row[6].g_group[1].u_mem/g_byte[3].u_sram/D[4]
                                0.14           0.05 r        -0.09  (VIOLATED)
   u_fused_array/g_stripe[2].u_stripe/u_o_bank/g_row[6].g_group[1].u_mem/g_byte[3].u_sram/D[5]
                                0.14           0.05 r        -0.09  (VIOLATED)
   u_fused_array/g_stripe[2].u_stripe/u_o_bank/g_row[6].g_group[1].u_mem/g_byte[3].u_sram/D[6]
                                0.14           0.05 r        -0.09  (VIOLATED)
   u_fused_array/g_stripe[2].u_stripe/u_o_bank/g_row[7].g_group[0].u_mem/g_byte[0].u_sram/D[1]
                                0.14           0.05 r        -0.09  (VIOLATED)
   u_fused_array/g_stripe[2].u_stripe/u_o_bank/g_row[7].g_group[0].u_mem/g_byte[0].u_sram/D[2]
                                0.14           0.05 r        -0.09  (VIOLATED)
   u_fused_array/g_stripe[2].u_stripe/u_o_bank/g_row[7].g_group[0].u_mem/g_byte[0].u_sram/D[3]
                                0.14           0.05 r        -0.09  (VIOLATED)
   u_fused_array/g_stripe[2].u_stripe/u_o_bank/g_row[7].g_group[0].u_mem/g_byte[0].u_sram/D[4]
                                0.14           0.05 r        -0.09  (VIOLATED)
   u_fused_array/g_stripe[2].u_stripe/u_o_bank/g_row[7].g_group[0].u_mem/g_byte[0].u_sram/D[5]
                                0.14           0.05 r        -0.09  (VIOLATED)
   u_fused_array/g_stripe[2].u_stripe/u_o_bank/g_row[7].g_group[0].u_mem/g_byte[0].u_sram/D[6]
                                0.14           0.05 r        -0.09  (VIOLATED)
   u_fused_array/g_stripe[2].u_stripe/u_o_bank/g_row[7].g_group[0].u_mem/g_byte[0].u_sram/D[7]
                                0.14           0.05 r        -0.09  (VIOLATED)
   u_fused_array/g_stripe[2].u_stripe/u_o_bank/g_row[7].g_group[0].u_mem/g_byte[1].u_sram/D[0]
                                0.14           0.05 r        -0.09  (VIOLATED)
   u_fused_array/g_stripe[2].u_stripe/u_o_bank/g_row[7].g_group[0].u_mem/g_byte[1].u_sram/D[1]
                                0.14           0.05 r        -0.09  (VIOLATED)
   u_fused_array/g_stripe[2].u_stripe/u_o_bank/g_row[7].g_group[0].u_mem/g_byte[1].u_sram/D[2]
                                0.14           0.05 r        -0.09  (VIOLATED)
   u_fused_array/g_stripe[2].u_stripe/u_o_bank/g_row[7].g_group[0].u_mem/g_byte[1].u_sram/D[3]
                                0.14           0.05 r        -0.09  (VIOLATED)
   u_fused_array/g_stripe[2].u_stripe/u_o_bank/g_row[7].g_group[0].u_mem/g_byte[1].u_sram/D[4]
                                0.14           0.05 r        -0.09  (VIOLATED)
   u_fused_array/g_stripe[2].u_stripe/u_o_bank/g_row[7].g_group[0].u_mem/g_byte[1].u_sram/D[5]
                                0.14           0.05 r        -0.09  (VIOLATED)
   u_fused_array/g_stripe[2].u_stripe/u_o_bank/g_row[7].g_group[0].u_mem/g_byte[1].u_sram/D[6]
                                0.14           0.05 r        -0.09  (VIOLATED)
   u_fused_array/g_stripe[2].u_stripe/u_o_bank/g_row[7].g_group[0].u_mem/g_byte[1].u_sram/D[7]
                                0.14           0.05 r        -0.09  (VIOLATED)
   u_fused_array/g_stripe[2].u_stripe/u_o_bank/g_row[7].g_group[0].u_mem/g_byte[2].u_sram/D[0]
                                0.14           0.05 r        -0.09  (VIOLATED)
   u_fused_array/g_stripe[2].u_stripe/u_o_bank/g_row[7].g_group[0].u_mem/g_byte[2].u_sram/D[1]
                                0.14           0.05 r        -0.09  (VIOLATED)
   u_fused_array/g_stripe[2].u_stripe/u_o_bank/g_row[7].g_group[0].u_mem/g_byte[2].u_sram/D[2]
                                0.14           0.05 r        -0.09  (VIOLATED)
   u_fused_array/g_stripe[2].u_stripe/u_o_bank/g_row[7].g_group[0].u_mem/g_byte[2].u_sram/D[3]
                                0.14           0.05 r        -0.09  (VIOLATED)
   u_fused_array/g_stripe[2].u_stripe/u_o_bank/g_row[7].g_group[0].u_mem/g_byte[2].u_sram/D[4]
                                0.14           0.05 r        -0.09  (VIOLATED)
   u_fused_array/g_stripe[2].u_stripe/u_o_bank/g_row[7].g_group[0].u_mem/g_byte[2].u_sram/D[5]
                                0.14           0.05 r        -0.09  (VIOLATED)
   u_fused_array/g_stripe[2].u_stripe/u_o_bank/g_row[7].g_group[0].u_mem/g_byte[2].u_sram/D[6]
                                0.14           0.05 r        -0.09  (VIOLATED)
   u_fused_array/g_stripe[2].u_stripe/u_o_bank/g_row[7].g_group[0].u_mem/g_byte[2].u_sram/D[7]
                                0.14           0.05 r        -0.09  (VIOLATED)
   u_fused_array/g_stripe[2].u_stripe/u_o_bank/g_row[7].g_group[0].u_mem/g_byte[3].u_sram/D[0]
                                0.14           0.05 r        -0.09  (VIOLATED)
   u_fused_array/g_stripe[2].u_stripe/u_o_bank/g_row[7].g_group[0].u_mem/g_byte[3].u_sram/D[1]
                                0.14           0.05 r        -0.09  (VIOLATED)
   u_fused_array/g_stripe[2].u_stripe/u_o_bank/g_row[7].g_group[0].u_mem/g_byte[3].u_sram/D[2]
                                0.14           0.05 r        -0.09  (VIOLATED)
   u_fused_array/g_stripe[2].u_stripe/u_o_bank/g_row[7].g_group[0].u_mem/g_byte[3].u_sram/D[3]
                                0.14           0.05 r        -0.09  (VIOLATED)
   u_fused_array/g_stripe[2].u_stripe/u_o_bank/g_row[7].g_group[0].u_mem/g_byte[3].u_sram/D[4]
                                0.14           0.05 r        -0.09  (VIOLATED)
   u_fused_array/g_stripe[2].u_stripe/u_o_bank/g_row[7].g_group[0].u_mem/g_byte[3].u_sram/D[5]
                                0.14           0.05 r        -0.09  (VIOLATED)
   u_fused_array/g_stripe[2].u_stripe/u_o_bank/g_row[7].g_group[0].u_mem/g_byte[3].u_sram/D[6]
                                0.14           0.05 r        -0.09  (VIOLATED)
   u_fused_array/g_stripe[2].u_stripe/u_o_bank/g_row[7].g_group[1].u_mem/g_byte[0].u_sram/D[1]
                                0.14           0.05 r        -0.09  (VIOLATED)
   u_fused_array/g_stripe[2].u_stripe/u_o_bank/g_row[7].g_group[1].u_mem/g_byte[0].u_sram/D[2]
                                0.14           0.05 r        -0.09  (VIOLATED)
   u_fused_array/g_stripe[2].u_stripe/u_o_bank/g_row[7].g_group[1].u_mem/g_byte[0].u_sram/D[3]
                                0.14           0.05 r        -0.09  (VIOLATED)
   u_fused_array/g_stripe[2].u_stripe/u_o_bank/g_row[7].g_group[1].u_mem/g_byte[0].u_sram/D[4]
                                0.14           0.05 r        -0.09  (VIOLATED)
   u_fused_array/g_stripe[2].u_stripe/u_o_bank/g_row[7].g_group[1].u_mem/g_byte[0].u_sram/D[5]
                                0.14           0.05 r        -0.09  (VIOLATED)
   u_fused_array/g_stripe[2].u_stripe/u_o_bank/g_row[7].g_group[1].u_mem/g_byte[0].u_sram/D[6]
                                0.14           0.05 r        -0.09  (VIOLATED)
   u_fused_array/g_stripe[2].u_stripe/u_o_bank/g_row[7].g_group[1].u_mem/g_byte[0].u_sram/D[7]
                                0.14           0.05 r        -0.09  (VIOLATED)
   u_fused_array/g_stripe[2].u_stripe/u_o_bank/g_row[7].g_group[1].u_mem/g_byte[1].u_sram/D[0]
                                0.14           0.05 r        -0.09  (VIOLATED)
   u_fused_array/g_stripe[2].u_stripe/u_o_bank/g_row[7].g_group[1].u_mem/g_byte[1].u_sram/D[1]
                                0.14           0.05 r        -0.09  (VIOLATED)
   u_fused_array/g_stripe[2].u_stripe/u_o_bank/g_row[7].g_group[1].u_mem/g_byte[1].u_sram/D[2]
                                0.14           0.05 r        -0.09  (VIOLATED)
   u_fused_array/g_stripe[2].u_stripe/u_o_bank/g_row[7].g_group[1].u_mem/g_byte[1].u_sram/D[3]
                                0.14           0.05 r        -0.09  (VIOLATED)
   u_fused_array/g_stripe[2].u_stripe/u_o_bank/g_row[7].g_group[1].u_mem/g_byte[1].u_sram/D[4]
                                0.14           0.05 r        -0.09  (VIOLATED)
   u_fused_array/g_stripe[2].u_stripe/u_o_bank/g_row[7].g_group[1].u_mem/g_byte[1].u_sram/D[5]
                                0.14           0.05 r        -0.09  (VIOLATED)
   u_fused_array/g_stripe[2].u_stripe/u_o_bank/g_row[7].g_group[1].u_mem/g_byte[1].u_sram/D[6]
                                0.14           0.05 r        -0.09  (VIOLATED)
   u_fused_array/g_stripe[2].u_stripe/u_o_bank/g_row[7].g_group[1].u_mem/g_byte[1].u_sram/D[7]
                                0.14           0.05 r        -0.09  (VIOLATED)
   u_fused_array/g_stripe[2].u_stripe/u_o_bank/g_row[7].g_group[1].u_mem/g_byte[2].u_sram/D[0]
                                0.14           0.05 r        -0.09  (VIOLATED)
   u_fused_array/g_stripe[2].u_stripe/u_o_bank/g_row[7].g_group[1].u_mem/g_byte[2].u_sram/D[1]
                                0.14           0.05 r        -0.09  (VIOLATED)
   u_fused_array/g_stripe[2].u_stripe/u_o_bank/g_row[7].g_group[1].u_mem/g_byte[2].u_sram/D[2]
                                0.14           0.05 r        -0.09  (VIOLATED)
   u_fused_array/g_stripe[2].u_stripe/u_o_bank/g_row[7].g_group[1].u_mem/g_byte[2].u_sram/D[3]
                                0.14           0.05 r        -0.09  (VIOLATED)
   u_fused_array/g_stripe[2].u_stripe/u_o_bank/g_row[7].g_group[1].u_mem/g_byte[2].u_sram/D[4]
                                0.14           0.05 r        -0.09  (VIOLATED)
   u_fused_array/g_stripe[2].u_stripe/u_o_bank/g_row[7].g_group[1].u_mem/g_byte[2].u_sram/D[5]
                                0.14           0.05 r        -0.09  (VIOLATED)
   u_fused_array/g_stripe[2].u_stripe/u_o_bank/g_row[7].g_group[1].u_mem/g_byte[2].u_sram/D[6]
                                0.14           0.05 r        -0.09  (VIOLATED)
   u_fused_array/g_stripe[2].u_stripe/u_o_bank/g_row[7].g_group[1].u_mem/g_byte[2].u_sram/D[7]
                                0.14           0.05 r        -0.09  (VIOLATED)
   u_fused_array/g_stripe[2].u_stripe/u_o_bank/g_row[7].g_group[1].u_mem/g_byte[3].u_sram/D[0]
                                0.14           0.05 r        -0.09  (VIOLATED)
   u_fused_array/g_stripe[2].u_stripe/u_o_bank/g_row[7].g_group[1].u_mem/g_byte[3].u_sram/D[1]
                                0.14           0.05 r        -0.09  (VIOLATED)
   u_fused_array/g_stripe[2].u_stripe/u_o_bank/g_row[7].g_group[1].u_mem/g_byte[3].u_sram/D[2]
                                0.14           0.05 r        -0.09  (VIOLATED)
   u_fused_array/g_stripe[2].u_stripe/u_o_bank/g_row[7].g_group[1].u_mem/g_byte[3].u_sram/D[3]
                                0.14           0.05 r        -0.09  (VIOLATED)
   u_fused_array/g_stripe[2].u_stripe/u_o_bank/g_row[7].g_group[1].u_mem/g_byte[3].u_sram/D[4]
                                0.14           0.05 r        -0.09  (VIOLATED)
   u_fused_array/g_stripe[2].u_stripe/u_o_bank/g_row[7].g_group[1].u_mem/g_byte[3].u_sram/D[5]
                                0.14           0.05 r        -0.09  (VIOLATED)
   u_fused_array/g_stripe[2].u_stripe/u_o_bank/g_row[7].g_group[1].u_mem/g_byte[3].u_sram/D[6]
                                0.14           0.05 r        -0.09  (VIOLATED)
   u_fused_array/g_stripe[3].u_stripe/u_o_bank/g_row[2].g_group[0].u_mem/g_byte[0].u_sram/D[1]
                                0.14           0.05 r        -0.09  (VIOLATED)
   u_fused_array/g_stripe[3].u_stripe/u_o_bank/g_row[2].g_group[0].u_mem/g_byte[0].u_sram/D[2]
                                0.14           0.05 r        -0.09  (VIOLATED)
   u_fused_array/g_stripe[3].u_stripe/u_o_bank/g_row[2].g_group[0].u_mem/g_byte[0].u_sram/D[3]
                                0.14           0.05 r        -0.09  (VIOLATED)
   u_fused_array/g_stripe[3].u_stripe/u_o_bank/g_row[2].g_group[0].u_mem/g_byte[0].u_sram/D[4]
                                0.14           0.05 r        -0.09  (VIOLATED)
   u_fused_array/g_stripe[3].u_stripe/u_o_bank/g_row[2].g_group[0].u_mem/g_byte[0].u_sram/D[5]
                                0.14           0.05 r        -0.09  (VIOLATED)
   u_fused_array/g_stripe[3].u_stripe/u_o_bank/g_row[2].g_group[0].u_mem/g_byte[0].u_sram/D[6]
                                0.14           0.05 r        -0.09  (VIOLATED)
   u_fused_array/g_stripe[3].u_stripe/u_o_bank/g_row[2].g_group[0].u_mem/g_byte[0].u_sram/D[7]
                                0.14           0.05 r        -0.09  (VIOLATED)
   u_fused_array/g_stripe[3].u_stripe/u_o_bank/g_row[2].g_group[0].u_mem/g_byte[1].u_sram/D[0]
                                0.14           0.05 r        -0.09  (VIOLATED)
   u_fused_array/g_stripe[3].u_stripe/u_o_bank/g_row[2].g_group[0].u_mem/g_byte[1].u_sram/D[1]
                                0.14           0.05 r        -0.09  (VIOLATED)
   u_fused_array/g_stripe[3].u_stripe/u_o_bank/g_row[2].g_group[0].u_mem/g_byte[1].u_sram/D[2]
                                0.14           0.05 r        -0.09  (VIOLATED)
   u_fused_array/g_stripe[3].u_stripe/u_o_bank/g_row[2].g_group[0].u_mem/g_byte[1].u_sram/D[3]
                                0.14           0.05 r        -0.09  (VIOLATED)
   u_fused_array/g_stripe[3].u_stripe/u_o_bank/g_row[2].g_group[0].u_mem/g_byte[1].u_sram/D[4]
                                0.14           0.05 r        -0.09  (VIOLATED)
   u_fused_array/g_stripe[3].u_stripe/u_o_bank/g_row[2].g_group[0].u_mem/g_byte[1].u_sram/D[5]
                                0.14           0.05 r        -0.09  (VIOLATED)
   u_fused_array/g_stripe[3].u_stripe/u_o_bank/g_row[2].g_group[0].u_mem/g_byte[1].u_sram/D[6]
                                0.14           0.05 r        -0.09  (VIOLATED)
   u_fused_array/g_stripe[3].u_stripe/u_o_bank/g_row[2].g_group[0].u_mem/g_byte[1].u_sram/D[7]
                                0.14           0.05 r        -0.09  (VIOLATED)
   u_fused_array/g_stripe[3].u_stripe/u_o_bank/g_row[2].g_group[0].u_mem/g_byte[2].u_sram/D[0]
                                0.14           0.05 r        -0.09  (VIOLATED)
   u_fused_array/g_stripe[3].u_stripe/u_o_bank/g_row[2].g_group[0].u_mem/g_byte[2].u_sram/D[1]
                                0.14           0.05 r        -0.09  (VIOLATED)
   u_fused_array/g_stripe[3].u_stripe/u_o_bank/g_row[2].g_group[0].u_mem/g_byte[2].u_sram/D[2]
                                0.14           0.05 r        -0.09  (VIOLATED)
   u_fused_array/g_stripe[3].u_stripe/u_o_bank/g_row[2].g_group[0].u_mem/g_byte[2].u_sram/D[3]
                                0.14           0.05 r        -0.09  (VIOLATED)
   u_fused_array/g_stripe[3].u_stripe/u_o_bank/g_row[2].g_group[0].u_mem/g_byte[2].u_sram/D[4]
                                0.14           0.05 r        -0.09  (VIOLATED)
   u_fused_array/g_stripe[3].u_stripe/u_o_bank/g_row[2].g_group[0].u_mem/g_byte[2].u_sram/D[5]
                                0.14           0.05 r        -0.09  (VIOLATED)
   u_fused_array/g_stripe[3].u_stripe/u_o_bank/g_row[2].g_group[0].u_mem/g_byte[2].u_sram/D[6]
                                0.14           0.05 r        -0.09  (VIOLATED)
   u_fused_array/g_stripe[3].u_stripe/u_o_bank/g_row[2].g_group[0].u_mem/g_byte[2].u_sram/D[7]
                                0.14           0.05 r        -0.09  (VIOLATED)
   u_fused_array/g_stripe[3].u_stripe/u_o_bank/g_row[2].g_group[0].u_mem/g_byte[3].u_sram/D[0]
                                0.14           0.05 r        -0.09  (VIOLATED)
   u_fused_array/g_stripe[3].u_stripe/u_o_bank/g_row[2].g_group[0].u_mem/g_byte[3].u_sram/D[1]
                                0.14           0.05 r        -0.09  (VIOLATED)
   u_fused_array/g_stripe[3].u_stripe/u_o_bank/g_row[2].g_group[0].u_mem/g_byte[3].u_sram/D[2]
                                0.14           0.05 r        -0.09  (VIOLATED)
   u_fused_array/g_stripe[3].u_stripe/u_o_bank/g_row[2].g_group[0].u_mem/g_byte[3].u_sram/D[3]
                                0.14           0.05 r        -0.09  (VIOLATED)
   u_fused_array/g_stripe[3].u_stripe/u_o_bank/g_row[2].g_group[0].u_mem/g_byte[3].u_sram/D[4]
                                0.14           0.05 r        -0.09  (VIOLATED)
   u_fused_array/g_stripe[3].u_stripe/u_o_bank/g_row[2].g_group[0].u_mem/g_byte[3].u_sram/D[5]
                                0.14           0.05 r        -0.09  (VIOLATED)
   u_fused_array/g_stripe[3].u_stripe/u_o_bank/g_row[2].g_group[0].u_mem/g_byte[3].u_sram/D[6]
                                0.14           0.05 r        -0.09  (VIOLATED)
   u_fused_array/g_stripe[3].u_stripe/u_o_bank/g_row[2].g_group[1].u_mem/g_byte[0].u_sram/D[1]
                                0.14           0.05 r        -0.09  (VIOLATED)
   u_fused_array/g_stripe[3].u_stripe/u_o_bank/g_row[2].g_group[1].u_mem/g_byte[0].u_sram/D[2]
                                0.14           0.05 r        -0.09  (VIOLATED)
   u_fused_array/g_stripe[3].u_stripe/u_o_bank/g_row[2].g_group[1].u_mem/g_byte[0].u_sram/D[3]
                                0.14           0.05 r        -0.09  (VIOLATED)
   u_fused_array/g_stripe[3].u_stripe/u_o_bank/g_row[2].g_group[1].u_mem/g_byte[0].u_sram/D[4]
                                0.14           0.05 r        -0.09  (VIOLATED)
   u_fused_array/g_stripe[3].u_stripe/u_o_bank/g_row[2].g_group[1].u_mem/g_byte[0].u_sram/D[5]
                                0.14           0.05 r        -0.09  (VIOLATED)
   u_fused_array/g_stripe[3].u_stripe/u_o_bank/g_row[2].g_group[1].u_mem/g_byte[0].u_sram/D[6]
                                0.14           0.05 r        -0.09  (VIOLATED)
   u_fused_array/g_stripe[3].u_stripe/u_o_bank/g_row[2].g_group[1].u_mem/g_byte[0].u_sram/D[7]
                                0.14           0.05 r        -0.09  (VIOLATED)
   u_fused_array/g_stripe[3].u_stripe/u_o_bank/g_row[2].g_group[1].u_mem/g_byte[1].u_sram/D[0]
                                0.14           0.05 r        -0.09  (VIOLATED)
   u_fused_array/g_stripe[3].u_stripe/u_o_bank/g_row[2].g_group[1].u_mem/g_byte[1].u_sram/D[1]
                                0.14           0.05 r        -0.09  (VIOLATED)
   u_fused_array/g_stripe[3].u_stripe/u_o_bank/g_row[2].g_group[1].u_mem/g_byte[1].u_sram/D[2]
                                0.14           0.05 r        -0.09  (VIOLATED)
   u_fused_array/g_stripe[3].u_stripe/u_o_bank/g_row[2].g_group[1].u_mem/g_byte[1].u_sram/D[3]
                                0.14           0.05 r        -0.09  (VIOLATED)
   u_fused_array/g_stripe[3].u_stripe/u_o_bank/g_row[2].g_group[1].u_mem/g_byte[1].u_sram/D[4]
                                0.14           0.05 r        -0.09  (VIOLATED)
   u_fused_array/g_stripe[3].u_stripe/u_o_bank/g_row[2].g_group[1].u_mem/g_byte[1].u_sram/D[5]
                                0.14           0.05 r        -0.09  (VIOLATED)
   u_fused_array/g_stripe[3].u_stripe/u_o_bank/g_row[2].g_group[1].u_mem/g_byte[1].u_sram/D[6]
                                0.14           0.05 r        -0.09  (VIOLATED)
   u_fused_array/g_stripe[3].u_stripe/u_o_bank/g_row[2].g_group[1].u_mem/g_byte[1].u_sram/D[7]
                                0.14           0.05 r        -0.09  (VIOLATED)
   u_fused_array/g_stripe[3].u_stripe/u_o_bank/g_row[2].g_group[1].u_mem/g_byte[2].u_sram/D[0]
                                0.14           0.05 r        -0.09  (VIOLATED)
   u_fused_array/g_stripe[3].u_stripe/u_o_bank/g_row[2].g_group[1].u_mem/g_byte[2].u_sram/D[1]
                                0.14           0.05 r        -0.09  (VIOLATED)
   u_fused_array/g_stripe[3].u_stripe/u_o_bank/g_row[2].g_group[1].u_mem/g_byte[2].u_sram/D[2]
                                0.14           0.05 r        -0.09  (VIOLATED)
   u_fused_array/g_stripe[3].u_stripe/u_o_bank/g_row[2].g_group[1].u_mem/g_byte[2].u_sram/D[3]
                                0.14           0.05 r        -0.09  (VIOLATED)
   u_fused_array/g_stripe[3].u_stripe/u_o_bank/g_row[2].g_group[1].u_mem/g_byte[2].u_sram/D[4]
                                0.14           0.05 r        -0.09  (VIOLATED)
   u_fused_array/g_stripe[3].u_stripe/u_o_bank/g_row[2].g_group[1].u_mem/g_byte[2].u_sram/D[5]
                                0.14           0.05 r        -0.09  (VIOLATED)
   u_fused_array/g_stripe[3].u_stripe/u_o_bank/g_row[2].g_group[1].u_mem/g_byte[2].u_sram/D[6]
                                0.14           0.05 r        -0.09  (VIOLATED)
   u_fused_array/g_stripe[3].u_stripe/u_o_bank/g_row[2].g_group[1].u_mem/g_byte[2].u_sram/D[7]
                                0.14           0.05 r        -0.09  (VIOLATED)
   u_fused_array/g_stripe[3].u_stripe/u_o_bank/g_row[2].g_group[1].u_mem/g_byte[3].u_sram/D[0]
                                0.14           0.05 r        -0.09  (VIOLATED)
   u_fused_array/g_stripe[3].u_stripe/u_o_bank/g_row[2].g_group[1].u_mem/g_byte[3].u_sram/D[1]
                                0.14           0.05 r        -0.09  (VIOLATED)
   u_fused_array/g_stripe[3].u_stripe/u_o_bank/g_row[2].g_group[1].u_mem/g_byte[3].u_sram/D[2]
                                0.14           0.05 r        -0.09  (VIOLATED)
   u_fused_array/g_stripe[3].u_stripe/u_o_bank/g_row[2].g_group[1].u_mem/g_byte[3].u_sram/D[3]
                                0.14           0.05 r        -0.09  (VIOLATED)
   u_fused_array/g_stripe[3].u_stripe/u_o_bank/g_row[2].g_group[1].u_mem/g_byte[3].u_sram/D[4]
                                0.14           0.05 r        -0.09  (VIOLATED)
   u_fused_array/g_stripe[3].u_stripe/u_o_bank/g_row[2].g_group[1].u_mem/g_byte[3].u_sram/D[5]
                                0.14           0.05 r        -0.09  (VIOLATED)
   u_fused_array/g_stripe[3].u_stripe/u_o_bank/g_row[2].g_group[1].u_mem/g_byte[3].u_sram/D[6]
                                0.14           0.05 r        -0.09  (VIOLATED)
   u_fused_array/g_stripe[3].u_stripe/u_o_bank/g_row[3].g_group[0].u_mem/g_byte[0].u_sram/D[1]
                                0.14           0.05 r        -0.09  (VIOLATED)
   u_fused_array/g_stripe[3].u_stripe/u_o_bank/g_row[3].g_group[0].u_mem/g_byte[0].u_sram/D[2]
                                0.14           0.05 r        -0.09  (VIOLATED)
   u_fused_array/g_stripe[3].u_stripe/u_o_bank/g_row[3].g_group[0].u_mem/g_byte[0].u_sram/D[3]
                                0.14           0.05 r        -0.09  (VIOLATED)
   u_fused_array/g_stripe[3].u_stripe/u_o_bank/g_row[3].g_group[0].u_mem/g_byte[0].u_sram/D[4]
                                0.14           0.05 r        -0.09  (VIOLATED)
   u_fused_array/g_stripe[3].u_stripe/u_o_bank/g_row[3].g_group[0].u_mem/g_byte[0].u_sram/D[5]
                                0.14           0.05 r        -0.09  (VIOLATED)
   u_fused_array/g_stripe[3].u_stripe/u_o_bank/g_row[3].g_group[0].u_mem/g_byte[0].u_sram/D[6]
                                0.14           0.05 r        -0.09  (VIOLATED)
   u_fused_array/g_stripe[3].u_stripe/u_o_bank/g_row[3].g_group[0].u_mem/g_byte[0].u_sram/D[7]
                                0.14           0.05 r        -0.09  (VIOLATED)
   u_fused_array/g_stripe[3].u_stripe/u_o_bank/g_row[3].g_group[0].u_mem/g_byte[1].u_sram/D[0]
                                0.14           0.05 r        -0.09  (VIOLATED)
   u_fused_array/g_stripe[3].u_stripe/u_o_bank/g_row[3].g_group[0].u_mem/g_byte[1].u_sram/D[1]
                                0.14           0.05 r        -0.09  (VIOLATED)
   u_fused_array/g_stripe[3].u_stripe/u_o_bank/g_row[3].g_group[0].u_mem/g_byte[1].u_sram/D[2]
                                0.14           0.05 r        -0.09  (VIOLATED)
   u_fused_array/g_stripe[3].u_stripe/u_o_bank/g_row[3].g_group[0].u_mem/g_byte[1].u_sram/D[3]
                                0.14           0.05 r        -0.09  (VIOLATED)
   u_fused_array/g_stripe[3].u_stripe/u_o_bank/g_row[3].g_group[0].u_mem/g_byte[1].u_sram/D[4]
                                0.14           0.05 r        -0.09  (VIOLATED)
   u_fused_array/g_stripe[3].u_stripe/u_o_bank/g_row[3].g_group[0].u_mem/g_byte[1].u_sram/D[5]
                                0.14           0.05 r        -0.09  (VIOLATED)
   u_fused_array/g_stripe[3].u_stripe/u_o_bank/g_row[3].g_group[0].u_mem/g_byte[1].u_sram/D[6]
                                0.14           0.05 r        -0.09  (VIOLATED)
   u_fused_array/g_stripe[3].u_stripe/u_o_bank/g_row[3].g_group[0].u_mem/g_byte[1].u_sram/D[7]
                                0.14           0.05 r        -0.09  (VIOLATED)
   u_fused_array/g_stripe[3].u_stripe/u_o_bank/g_row[3].g_group[0].u_mem/g_byte[2].u_sram/D[0]
                                0.14           0.05 r        -0.09  (VIOLATED)
   u_fused_array/g_stripe[3].u_stripe/u_o_bank/g_row[3].g_group[0].u_mem/g_byte[2].u_sram/D[1]
                                0.14           0.05 r        -0.09  (VIOLATED)
   u_fused_array/g_stripe[3].u_stripe/u_o_bank/g_row[3].g_group[0].u_mem/g_byte[2].u_sram/D[2]
                                0.14           0.05 r        -0.09  (VIOLATED)
   u_fused_array/g_stripe[3].u_stripe/u_o_bank/g_row[3].g_group[0].u_mem/g_byte[2].u_sram/D[3]
                                0.14           0.05 r        -0.09  (VIOLATED)
   u_fused_array/g_stripe[3].u_stripe/u_o_bank/g_row[3].g_group[0].u_mem/g_byte[2].u_sram/D[4]
                                0.14           0.05 r        -0.09  (VIOLATED)
   u_fused_array/g_stripe[3].u_stripe/u_o_bank/g_row[3].g_group[0].u_mem/g_byte[2].u_sram/D[5]
                                0.14           0.05 r        -0.09  (VIOLATED)
   u_fused_array/g_stripe[3].u_stripe/u_o_bank/g_row[3].g_group[0].u_mem/g_byte[2].u_sram/D[6]
                                0.14           0.05 r        -0.09  (VIOLATED)
   u_fused_array/g_stripe[3].u_stripe/u_o_bank/g_row[3].g_group[0].u_mem/g_byte[2].u_sram/D[7]
                                0.14           0.05 r        -0.09  (VIOLATED)
   u_fused_array/g_stripe[3].u_stripe/u_o_bank/g_row[3].g_group[0].u_mem/g_byte[3].u_sram/D[0]
                                0.14           0.05 r        -0.09  (VIOLATED)
   u_fused_array/g_stripe[3].u_stripe/u_o_bank/g_row[3].g_group[0].u_mem/g_byte[3].u_sram/D[1]
                                0.14           0.05 r        -0.09  (VIOLATED)
   u_fused_array/g_stripe[3].u_stripe/u_o_bank/g_row[3].g_group[0].u_mem/g_byte[3].u_sram/D[2]
                                0.14           0.05 r        -0.09  (VIOLATED)
   u_fused_array/g_stripe[3].u_stripe/u_o_bank/g_row[3].g_group[0].u_mem/g_byte[3].u_sram/D[3]
                                0.14           0.05 r        -0.09  (VIOLATED)
   u_fused_array/g_stripe[3].u_stripe/u_o_bank/g_row[3].g_group[0].u_mem/g_byte[3].u_sram/D[4]
                                0.14           0.05 r        -0.09  (VIOLATED)
   u_fused_array/g_stripe[3].u_stripe/u_o_bank/g_row[3].g_group[0].u_mem/g_byte[3].u_sram/D[5]
                                0.14           0.05 r        -0.09  (VIOLATED)
   u_fused_array/g_stripe[3].u_stripe/u_o_bank/g_row[3].g_group[0].u_mem/g_byte[3].u_sram/D[6]
                                0.14           0.05 r        -0.09  (VIOLATED)
   u_fused_array/g_stripe[3].u_stripe/u_o_bank/g_row[3].g_group[1].u_mem/g_byte[0].u_sram/D[1]
                                0.14           0.05 r        -0.09  (VIOLATED)
   u_fused_array/g_stripe[3].u_stripe/u_o_bank/g_row[3].g_group[1].u_mem/g_byte[0].u_sram/D[2]
                                0.14           0.05 r        -0.09  (VIOLATED)
   u_fused_array/g_stripe[3].u_stripe/u_o_bank/g_row[3].g_group[1].u_mem/g_byte[0].u_sram/D[3]
                                0.14           0.05 r        -0.09  (VIOLATED)
   u_fused_array/g_stripe[3].u_stripe/u_o_bank/g_row[3].g_group[1].u_mem/g_byte[0].u_sram/D[4]
                                0.14           0.05 r        -0.09  (VIOLATED)
   u_fused_array/g_stripe[3].u_stripe/u_o_bank/g_row[3].g_group[1].u_mem/g_byte[0].u_sram/D[5]
                                0.14           0.05 r        -0.09  (VIOLATED)
   u_fused_array/g_stripe[3].u_stripe/u_o_bank/g_row[3].g_group[1].u_mem/g_byte[0].u_sram/D[6]
                                0.14           0.05 r        -0.09  (VIOLATED)
   u_fused_array/g_stripe[3].u_stripe/u_o_bank/g_row[3].g_group[1].u_mem/g_byte[0].u_sram/D[7]
                                0.14           0.05 r        -0.09  (VIOLATED)
   u_fused_array/g_stripe[3].u_stripe/u_o_bank/g_row[3].g_group[1].u_mem/g_byte[1].u_sram/D[0]
                                0.14           0.05 r        -0.09  (VIOLATED)
   u_fused_array/g_stripe[3].u_stripe/u_o_bank/g_row[3].g_group[1].u_mem/g_byte[1].u_sram/D[1]
                                0.14           0.05 r        -0.09  (VIOLATED)
   u_fused_array/g_stripe[3].u_stripe/u_o_bank/g_row[3].g_group[1].u_mem/g_byte[1].u_sram/D[2]
                                0.14           0.05 r        -0.09  (VIOLATED)
   u_fused_array/g_stripe[3].u_stripe/u_o_bank/g_row[3].g_group[1].u_mem/g_byte[1].u_sram/D[3]
                                0.14           0.05 r        -0.09  (VIOLATED)
   u_fused_array/g_stripe[3].u_stripe/u_o_bank/g_row[3].g_group[1].u_mem/g_byte[1].u_sram/D[4]
                                0.14           0.05 r        -0.09  (VIOLATED)
   u_fused_array/g_stripe[3].u_stripe/u_o_bank/g_row[3].g_group[1].u_mem/g_byte[1].u_sram/D[5]
                                0.14           0.05 r        -0.09  (VIOLATED)
   u_fused_array/g_stripe[3].u_stripe/u_o_bank/g_row[3].g_group[1].u_mem/g_byte[1].u_sram/D[6]
                                0.14           0.05 r        -0.09  (VIOLATED)
   u_fused_array/g_stripe[3].u_stripe/u_o_bank/g_row[3].g_group[1].u_mem/g_byte[1].u_sram/D[7]
                                0.14           0.05 r        -0.09  (VIOLATED)
   u_fused_array/g_stripe[3].u_stripe/u_o_bank/g_row[3].g_group[1].u_mem/g_byte[2].u_sram/D[0]
                                0.14           0.05 r        -0.09  (VIOLATED)
   u_fused_array/g_stripe[3].u_stripe/u_o_bank/g_row[3].g_group[1].u_mem/g_byte[2].u_sram/D[1]
                                0.14           0.05 r        -0.09  (VIOLATED)
   u_fused_array/g_stripe[3].u_stripe/u_o_bank/g_row[3].g_group[1].u_mem/g_byte[2].u_sram/D[2]
                                0.14           0.05 r        -0.09  (VIOLATED)
   u_fused_array/g_stripe[3].u_stripe/u_o_bank/g_row[3].g_group[1].u_mem/g_byte[2].u_sram/D[3]
                                0.14           0.05 r        -0.09  (VIOLATED)
   u_fused_array/g_stripe[3].u_stripe/u_o_bank/g_row[3].g_group[1].u_mem/g_byte[2].u_sram/D[4]
                                0.14           0.05 r        -0.09  (VIOLATED)
   u_fused_array/g_stripe[3].u_stripe/u_o_bank/g_row[3].g_group[1].u_mem/g_byte[2].u_sram/D[5]
                                0.14           0.05 r        -0.09  (VIOLATED)
   u_fused_array/g_stripe[3].u_stripe/u_o_bank/g_row[3].g_group[1].u_mem/g_byte[2].u_sram/D[6]
                                0.14           0.05 r        -0.09  (VIOLATED)
   u_fused_array/g_stripe[3].u_stripe/u_o_bank/g_row[3].g_group[1].u_mem/g_byte[2].u_sram/D[7]
                                0.14           0.05 r        -0.09  (VIOLATED)
   u_fused_array/g_stripe[3].u_stripe/u_o_bank/g_row[3].g_group[1].u_mem/g_byte[3].u_sram/D[0]
                                0.14           0.05 r        -0.09  (VIOLATED)
   u_fused_array/g_stripe[3].u_stripe/u_o_bank/g_row[3].g_group[1].u_mem/g_byte[3].u_sram/D[1]
                                0.14           0.05 r        -0.09  (VIOLATED)
   u_fused_array/g_stripe[3].u_stripe/u_o_bank/g_row[3].g_group[1].u_mem/g_byte[3].u_sram/D[2]
                                0.14           0.05 r        -0.09  (VIOLATED)
   u_fused_array/g_stripe[3].u_stripe/u_o_bank/g_row[3].g_group[1].u_mem/g_byte[3].u_sram/D[3]
                                0.14           0.05 r        -0.09  (VIOLATED)
   u_fused_array/g_stripe[3].u_stripe/u_o_bank/g_row[3].g_group[1].u_mem/g_byte[3].u_sram/D[4]
                                0.14           0.05 r        -0.09  (VIOLATED)
   u_fused_array/g_stripe[3].u_stripe/u_o_bank/g_row[3].g_group[1].u_mem/g_byte[3].u_sram/D[5]
                                0.14           0.05 r        -0.09  (VIOLATED)
   u_fused_array/g_stripe[3].u_stripe/u_o_bank/g_row[3].g_group[1].u_mem/g_byte[3].u_sram/D[6]
                                0.14           0.05 r        -0.09  (VIOLATED)
   u_fused_array/g_stripe[3].u_stripe/u_o_bank/g_row[4].g_group[0].u_mem/g_byte[0].u_sram/D[1]
                                0.14           0.05 r        -0.09  (VIOLATED)
   u_fused_array/g_stripe[3].u_stripe/u_o_bank/g_row[4].g_group[0].u_mem/g_byte[0].u_sram/D[2]
                                0.14           0.05 r        -0.09  (VIOLATED)
   u_fused_array/g_stripe[3].u_stripe/u_o_bank/g_row[4].g_group[0].u_mem/g_byte[0].u_sram/D[3]
                                0.14           0.05 r        -0.09  (VIOLATED)
   u_fused_array/g_stripe[3].u_stripe/u_o_bank/g_row[4].g_group[0].u_mem/g_byte[0].u_sram/D[4]
                                0.14           0.05 r        -0.09  (VIOLATED)
   u_fused_array/g_stripe[3].u_stripe/u_o_bank/g_row[4].g_group[0].u_mem/g_byte[0].u_sram/D[5]
                                0.14           0.05 r        -0.09  (VIOLATED)
   u_fused_array/g_stripe[3].u_stripe/u_o_bank/g_row[4].g_group[0].u_mem/g_byte[0].u_sram/D[6]
                                0.14           0.05 r        -0.09  (VIOLATED)
   u_fused_array/g_stripe[3].u_stripe/u_o_bank/g_row[4].g_group[0].u_mem/g_byte[0].u_sram/D[7]
                                0.14           0.05 r        -0.09  (VIOLATED)
   u_fused_array/g_stripe[3].u_stripe/u_o_bank/g_row[4].g_group[0].u_mem/g_byte[1].u_sram/D[0]
                                0.14           0.05 r        -0.09  (VIOLATED)
   u_fused_array/g_stripe[3].u_stripe/u_o_bank/g_row[4].g_group[0].u_mem/g_byte[1].u_sram/D[1]
                                0.14           0.05 r        -0.09  (VIOLATED)
   u_fused_array/g_stripe[3].u_stripe/u_o_bank/g_row[4].g_group[0].u_mem/g_byte[1].u_sram/D[2]
                                0.14           0.05 r        -0.09  (VIOLATED)
   u_fused_array/g_stripe[3].u_stripe/u_o_bank/g_row[4].g_group[0].u_mem/g_byte[1].u_sram/D[3]
                                0.14           0.05 r        -0.09  (VIOLATED)
   u_fused_array/g_stripe[3].u_stripe/u_o_bank/g_row[4].g_group[0].u_mem/g_byte[1].u_sram/D[4]
                                0.14           0.05 r        -0.09  (VIOLATED)
   u_fused_array/g_stripe[3].u_stripe/u_o_bank/g_row[4].g_group[0].u_mem/g_byte[1].u_sram/D[5]
                                0.14           0.05 r        -0.09  (VIOLATED)
   u_fused_array/g_stripe[3].u_stripe/u_o_bank/g_row[4].g_group[0].u_mem/g_byte[1].u_sram/D[6]
                                0.14           0.05 r        -0.09  (VIOLATED)
   u_fused_array/g_stripe[3].u_stripe/u_o_bank/g_row[4].g_group[0].u_mem/g_byte[1].u_sram/D[7]
                                0.14           0.05 r        -0.09  (VIOLATED)
   u_fused_array/g_stripe[3].u_stripe/u_o_bank/g_row[4].g_group[0].u_mem/g_byte[2].u_sram/D[0]
                                0.14           0.05 r        -0.09  (VIOLATED)
   u_fused_array/g_stripe[3].u_stripe/u_o_bank/g_row[4].g_group[0].u_mem/g_byte[2].u_sram/D[1]
                                0.14           0.05 r        -0.09  (VIOLATED)
   u_fused_array/g_stripe[3].u_stripe/u_o_bank/g_row[4].g_group[0].u_mem/g_byte[2].u_sram/D[2]
                                0.14           0.05 r        -0.09  (VIOLATED)
   u_fused_array/g_stripe[3].u_stripe/u_o_bank/g_row[4].g_group[0].u_mem/g_byte[2].u_sram/D[3]
                                0.14           0.05 r        -0.09  (VIOLATED)
   u_fused_array/g_stripe[3].u_stripe/u_o_bank/g_row[4].g_group[0].u_mem/g_byte[2].u_sram/D[4]
                                0.14           0.05 r        -0.09  (VIOLATED)
   u_fused_array/g_stripe[3].u_stripe/u_o_bank/g_row[4].g_group[0].u_mem/g_byte[2].u_sram/D[5]
                                0.14           0.05 r        -0.09  (VIOLATED)
   u_fused_array/g_stripe[3].u_stripe/u_o_bank/g_row[4].g_group[0].u_mem/g_byte[2].u_sram/D[6]
                                0.14           0.05 r        -0.09  (VIOLATED)
   u_fused_array/g_stripe[3].u_stripe/u_o_bank/g_row[4].g_group[0].u_mem/g_byte[2].u_sram/D[7]
                                0.14           0.05 r        -0.09  (VIOLATED)
   u_fused_array/g_stripe[3].u_stripe/u_o_bank/g_row[4].g_group[0].u_mem/g_byte[3].u_sram/D[0]
                                0.14           0.05 r        -0.09  (VIOLATED)
   u_fused_array/g_stripe[3].u_stripe/u_o_bank/g_row[4].g_group[0].u_mem/g_byte[3].u_sram/D[1]
                                0.14           0.05 r        -0.09  (VIOLATED)
   u_fused_array/g_stripe[3].u_stripe/u_o_bank/g_row[4].g_group[0].u_mem/g_byte[3].u_sram/D[2]
                                0.14           0.05 r        -0.09  (VIOLATED)
   u_fused_array/g_stripe[3].u_stripe/u_o_bank/g_row[4].g_group[0].u_mem/g_byte[3].u_sram/D[3]
                                0.14           0.05 r        -0.09  (VIOLATED)
   u_fused_array/g_stripe[3].u_stripe/u_o_bank/g_row[4].g_group[0].u_mem/g_byte[3].u_sram/D[4]
                                0.14           0.05 r        -0.09  (VIOLATED)
   u_fused_array/g_stripe[3].u_stripe/u_o_bank/g_row[4].g_group[0].u_mem/g_byte[3].u_sram/D[5]
                                0.14           0.05 r        -0.09  (VIOLATED)
   u_fused_array/g_stripe[3].u_stripe/u_o_bank/g_row[4].g_group[0].u_mem/g_byte[3].u_sram/D[6]
                                0.14           0.05 r        -0.09  (VIOLATED)
   u_fused_array/g_stripe[3].u_stripe/u_o_bank/g_row[4].g_group[1].u_mem/g_byte[0].u_sram/D[1]
                                0.14           0.05 r        -0.09  (VIOLATED)
   u_fused_array/g_stripe[3].u_stripe/u_o_bank/g_row[4].g_group[1].u_mem/g_byte[0].u_sram/D[2]
                                0.14           0.05 r        -0.09  (VIOLATED)
   u_fused_array/g_stripe[3].u_stripe/u_o_bank/g_row[4].g_group[1].u_mem/g_byte[0].u_sram/D[3]
                                0.14           0.05 r        -0.09  (VIOLATED)
   u_fused_array/g_stripe[3].u_stripe/u_o_bank/g_row[4].g_group[1].u_mem/g_byte[0].u_sram/D[4]
                                0.14           0.05 r        -0.09  (VIOLATED)
   u_fused_array/g_stripe[3].u_stripe/u_o_bank/g_row[4].g_group[1].u_mem/g_byte[0].u_sram/D[5]
                                0.14           0.05 r        -0.09  (VIOLATED)
   u_fused_array/g_stripe[3].u_stripe/u_o_bank/g_row[4].g_group[1].u_mem/g_byte[0].u_sram/D[6]
                                0.14           0.05 r        -0.09  (VIOLATED)
   u_fused_array/g_stripe[3].u_stripe/u_o_bank/g_row[4].g_group[1].u_mem/g_byte[0].u_sram/D[7]
                                0.14           0.05 r        -0.09  (VIOLATED)
   u_fused_array/g_stripe[3].u_stripe/u_o_bank/g_row[4].g_group[1].u_mem/g_byte[1].u_sram/D[0]
                                0.14           0.05 r        -0.09  (VIOLATED)
   u_fused_array/g_stripe[3].u_stripe/u_o_bank/g_row[4].g_group[1].u_mem/g_byte[1].u_sram/D[1]
                                0.14           0.05 r        -0.09  (VIOLATED)
   u_fused_array/g_stripe[3].u_stripe/u_o_bank/g_row[4].g_group[1].u_mem/g_byte[1].u_sram/D[2]
                                0.14           0.05 r        -0.09  (VIOLATED)
   u_fused_array/g_stripe[3].u_stripe/u_o_bank/g_row[4].g_group[1].u_mem/g_byte[1].u_sram/D[3]
                                0.14           0.05 r        -0.09  (VIOLATED)
   u_fused_array/g_stripe[3].u_stripe/u_o_bank/g_row[4].g_group[1].u_mem/g_byte[1].u_sram/D[4]
                                0.14           0.05 r        -0.09  (VIOLATED)
   u_fused_array/g_stripe[3].u_stripe/u_o_bank/g_row[4].g_group[1].u_mem/g_byte[1].u_sram/D[5]
                                0.14           0.05 r        -0.09  (VIOLATED)
   u_fused_array/g_stripe[3].u_stripe/u_o_bank/g_row[4].g_group[1].u_mem/g_byte[1].u_sram/D[6]
                                0.14           0.05 r        -0.09  (VIOLATED)
   u_fused_array/g_stripe[3].u_stripe/u_o_bank/g_row[4].g_group[1].u_mem/g_byte[1].u_sram/D[7]
                                0.14           0.05 r        -0.09  (VIOLATED)
   u_fused_array/g_stripe[3].u_stripe/u_o_bank/g_row[4].g_group[1].u_mem/g_byte[2].u_sram/D[0]
                                0.14           0.05 r        -0.09  (VIOLATED)
   u_fused_array/g_stripe[3].u_stripe/u_o_bank/g_row[4].g_group[1].u_mem/g_byte[2].u_sram/D[1]
                                0.14           0.05 r        -0.09  (VIOLATED)
   u_fused_array/g_stripe[3].u_stripe/u_o_bank/g_row[4].g_group[1].u_mem/g_byte[2].u_sram/D[2]
                                0.14           0.05 r        -0.09  (VIOLATED)
   u_fused_array/g_stripe[3].u_stripe/u_o_bank/g_row[4].g_group[1].u_mem/g_byte[2].u_sram/D[3]
                                0.14           0.05 r        -0.09  (VIOLATED)
   u_fused_array/g_stripe[3].u_stripe/u_o_bank/g_row[4].g_group[1].u_mem/g_byte[2].u_sram/D[4]
                                0.14           0.05 r        -0.09  (VIOLATED)
   u_fused_array/g_stripe[3].u_stripe/u_o_bank/g_row[4].g_group[1].u_mem/g_byte[2].u_sram/D[5]
                                0.14           0.05 r        -0.09  (VIOLATED)
   u_fused_array/g_stripe[3].u_stripe/u_o_bank/g_row[4].g_group[1].u_mem/g_byte[2].u_sram/D[6]
                                0.14           0.05 r        -0.09  (VIOLATED)
   u_fused_array/g_stripe[3].u_stripe/u_o_bank/g_row[4].g_group[1].u_mem/g_byte[2].u_sram/D[7]
                                0.14           0.05 r        -0.09  (VIOLATED)
   u_fused_array/g_stripe[3].u_stripe/u_o_bank/g_row[4].g_group[1].u_mem/g_byte[3].u_sram/D[0]
                                0.14           0.05 r        -0.09  (VIOLATED)
   u_fused_array/g_stripe[3].u_stripe/u_o_bank/g_row[4].g_group[1].u_mem/g_byte[3].u_sram/D[1]
                                0.14           0.05 r        -0.09  (VIOLATED)
   u_fused_array/g_stripe[3].u_stripe/u_o_bank/g_row[4].g_group[1].u_mem/g_byte[3].u_sram/D[2]
                                0.14           0.05 r        -0.09  (VIOLATED)
   u_fused_array/g_stripe[3].u_stripe/u_o_bank/g_row[4].g_group[1].u_mem/g_byte[3].u_sram/D[3]
                                0.14           0.05 r        -0.09  (VIOLATED)
   u_fused_array/g_stripe[3].u_stripe/u_o_bank/g_row[4].g_group[1].u_mem/g_byte[3].u_sram/D[4]
                                0.14           0.05 r        -0.09  (VIOLATED)
   u_fused_array/g_stripe[3].u_stripe/u_o_bank/g_row[4].g_group[1].u_mem/g_byte[3].u_sram/D[5]
                                0.14           0.05 r        -0.09  (VIOLATED)
   u_fused_array/g_stripe[3].u_stripe/u_o_bank/g_row[4].g_group[1].u_mem/g_byte[3].u_sram/D[6]
                                0.14           0.05 r        -0.09  (VIOLATED)
   u_fused_array/g_stripe[3].u_stripe/u_o_bank/g_row[5].g_group[0].u_mem/g_byte[0].u_sram/D[1]
                                0.14           0.05 r        -0.09  (VIOLATED)
   u_fused_array/g_stripe[3].u_stripe/u_o_bank/g_row[5].g_group[0].u_mem/g_byte[0].u_sram/D[2]
                                0.14           0.05 r        -0.09  (VIOLATED)
   u_fused_array/g_stripe[3].u_stripe/u_o_bank/g_row[5].g_group[0].u_mem/g_byte[0].u_sram/D[3]
                                0.14           0.05 r        -0.09  (VIOLATED)
   u_fused_array/g_stripe[3].u_stripe/u_o_bank/g_row[5].g_group[0].u_mem/g_byte[0].u_sram/D[4]
                                0.14           0.05 r        -0.09  (VIOLATED)
   u_fused_array/g_stripe[3].u_stripe/u_o_bank/g_row[5].g_group[0].u_mem/g_byte[0].u_sram/D[5]
                                0.14           0.05 r        -0.09  (VIOLATED)
   u_fused_array/g_stripe[3].u_stripe/u_o_bank/g_row[5].g_group[0].u_mem/g_byte[0].u_sram/D[6]
                                0.14           0.05 r        -0.09  (VIOLATED)
   u_fused_array/g_stripe[3].u_stripe/u_o_bank/g_row[5].g_group[0].u_mem/g_byte[0].u_sram/D[7]
                                0.14           0.05 r        -0.09  (VIOLATED)
   u_fused_array/g_stripe[3].u_stripe/u_o_bank/g_row[5].g_group[0].u_mem/g_byte[1].u_sram/D[0]
                                0.14           0.05 r        -0.09  (VIOLATED)
   u_fused_array/g_stripe[3].u_stripe/u_o_bank/g_row[5].g_group[0].u_mem/g_byte[1].u_sram/D[1]
                                0.14           0.05 r        -0.09  (VIOLATED)
   u_fused_array/g_stripe[3].u_stripe/u_o_bank/g_row[5].g_group[0].u_mem/g_byte[1].u_sram/D[2]
                                0.14           0.05 r        -0.09  (VIOLATED)
   u_fused_array/g_stripe[3].u_stripe/u_o_bank/g_row[5].g_group[0].u_mem/g_byte[1].u_sram/D[3]
                                0.14           0.05 r        -0.09  (VIOLATED)
   u_fused_array/g_stripe[3].u_stripe/u_o_bank/g_row[5].g_group[0].u_mem/g_byte[1].u_sram/D[4]
                                0.14           0.05 r        -0.09  (VIOLATED)
   u_fused_array/g_stripe[3].u_stripe/u_o_bank/g_row[5].g_group[0].u_mem/g_byte[1].u_sram/D[5]
                                0.14           0.05 r        -0.09  (VIOLATED)
   u_fused_array/g_stripe[3].u_stripe/u_o_bank/g_row[5].g_group[0].u_mem/g_byte[1].u_sram/D[6]
                                0.14           0.05 r        -0.09  (VIOLATED)
   u_fused_array/g_stripe[3].u_stripe/u_o_bank/g_row[5].g_group[0].u_mem/g_byte[1].u_sram/D[7]
                                0.14           0.05 r        -0.09  (VIOLATED)
   u_fused_array/g_stripe[3].u_stripe/u_o_bank/g_row[5].g_group[0].u_mem/g_byte[2].u_sram/D[0]
                                0.14           0.05 r        -0.09  (VIOLATED)
   u_fused_array/g_stripe[3].u_stripe/u_o_bank/g_row[5].g_group[0].u_mem/g_byte[2].u_sram/D[1]
                                0.14           0.05 r        -0.09  (VIOLATED)
   u_fused_array/g_stripe[3].u_stripe/u_o_bank/g_row[5].g_group[0].u_mem/g_byte[2].u_sram/D[2]
                                0.14           0.05 r        -0.09  (VIOLATED)
   u_fused_array/g_stripe[3].u_stripe/u_o_bank/g_row[5].g_group[0].u_mem/g_byte[2].u_sram/D[3]
                                0.14           0.05 r        -0.09  (VIOLATED)
   u_fused_array/g_stripe[3].u_stripe/u_o_bank/g_row[5].g_group[0].u_mem/g_byte[2].u_sram/D[4]
                                0.14           0.05 r        -0.09  (VIOLATED)
   u_fused_array/g_stripe[3].u_stripe/u_o_bank/g_row[5].g_group[0].u_mem/g_byte[2].u_sram/D[5]
                                0.14           0.05 r        -0.09  (VIOLATED)
   u_fused_array/g_stripe[3].u_stripe/u_o_bank/g_row[5].g_group[0].u_mem/g_byte[2].u_sram/D[6]
                                0.14           0.05 r        -0.09  (VIOLATED)
   u_fused_array/g_stripe[3].u_stripe/u_o_bank/g_row[5].g_group[0].u_mem/g_byte[2].u_sram/D[7]
                                0.14           0.05 r        -0.09  (VIOLATED)
   u_fused_array/g_stripe[3].u_stripe/u_o_bank/g_row[5].g_group[0].u_mem/g_byte[3].u_sram/D[0]
                                0.14           0.05 r        -0.09  (VIOLATED)
   u_fused_array/g_stripe[3].u_stripe/u_o_bank/g_row[5].g_group[0].u_mem/g_byte[3].u_sram/D[1]
                                0.14           0.05 r        -0.09  (VIOLATED)
   u_fused_array/g_stripe[3].u_stripe/u_o_bank/g_row[5].g_group[0].u_mem/g_byte[3].u_sram/D[2]
                                0.14           0.05 r        -0.09  (VIOLATED)
   u_fused_array/g_stripe[3].u_stripe/u_o_bank/g_row[5].g_group[0].u_mem/g_byte[3].u_sram/D[3]
                                0.14           0.05 r        -0.09  (VIOLATED)
   u_fused_array/g_stripe[3].u_stripe/u_o_bank/g_row[5].g_group[0].u_mem/g_byte[3].u_sram/D[4]
                                0.14           0.05 r        -0.09  (VIOLATED)
   u_fused_array/g_stripe[3].u_stripe/u_o_bank/g_row[5].g_group[0].u_mem/g_byte[3].u_sram/D[5]
                                0.14           0.05 r        -0.09  (VIOLATED)
   u_fused_array/g_stripe[3].u_stripe/u_o_bank/g_row[5].g_group[0].u_mem/g_byte[3].u_sram/D[6]
                                0.14           0.05 r        -0.09  (VIOLATED)
   u_fused_array/g_stripe[3].u_stripe/u_o_bank/g_row[5].g_group[1].u_mem/g_byte[0].u_sram/D[1]
                                0.14           0.05 r        -0.09  (VIOLATED)
   u_fused_array/g_stripe[3].u_stripe/u_o_bank/g_row[5].g_group[1].u_mem/g_byte[0].u_sram/D[2]
                                0.14           0.05 r        -0.09  (VIOLATED)
   u_fused_array/g_stripe[3].u_stripe/u_o_bank/g_row[5].g_group[1].u_mem/g_byte[0].u_sram/D[3]
                                0.14           0.05 r        -0.09  (VIOLATED)
   u_fused_array/g_stripe[3].u_stripe/u_o_bank/g_row[5].g_group[1].u_mem/g_byte[0].u_sram/D[4]
                                0.14           0.05 r        -0.09  (VIOLATED)
   u_fused_array/g_stripe[3].u_stripe/u_o_bank/g_row[5].g_group[1].u_mem/g_byte[0].u_sram/D[5]
                                0.14           0.05 r        -0.09  (VIOLATED)
   u_fused_array/g_stripe[3].u_stripe/u_o_bank/g_row[5].g_group[1].u_mem/g_byte[0].u_sram/D[6]
                                0.14           0.05 r        -0.09  (VIOLATED)
   u_fused_array/g_stripe[3].u_stripe/u_o_bank/g_row[5].g_group[1].u_mem/g_byte[0].u_sram/D[7]
                                0.14           0.05 r        -0.09  (VIOLATED)
   u_fused_array/g_stripe[3].u_stripe/u_o_bank/g_row[5].g_group[1].u_mem/g_byte[1].u_sram/D[0]
                                0.14           0.05 r        -0.09  (VIOLATED)
   u_fused_array/g_stripe[3].u_stripe/u_o_bank/g_row[5].g_group[1].u_mem/g_byte[1].u_sram/D[1]
                                0.14           0.05 r        -0.09  (VIOLATED)
   u_fused_array/g_stripe[3].u_stripe/u_o_bank/g_row[5].g_group[1].u_mem/g_byte[1].u_sram/D[2]
                                0.14           0.05 r        -0.09  (VIOLATED)
   u_fused_array/g_stripe[3].u_stripe/u_o_bank/g_row[5].g_group[1].u_mem/g_byte[1].u_sram/D[3]
                                0.14           0.05 r        -0.09  (VIOLATED)
   u_fused_array/g_stripe[3].u_stripe/u_o_bank/g_row[5].g_group[1].u_mem/g_byte[1].u_sram/D[4]
                                0.14           0.05 r        -0.09  (VIOLATED)
   u_fused_array/g_stripe[3].u_stripe/u_o_bank/g_row[5].g_group[1].u_mem/g_byte[1].u_sram/D[5]
                                0.14           0.05 r        -0.09  (VIOLATED)
   u_fused_array/g_stripe[3].u_stripe/u_o_bank/g_row[5].g_group[1].u_mem/g_byte[1].u_sram/D[6]
                                0.14           0.05 r        -0.09  (VIOLATED)
   u_fused_array/g_stripe[3].u_stripe/u_o_bank/g_row[5].g_group[1].u_mem/g_byte[1].u_sram/D[7]
                                0.14           0.05 r        -0.09  (VIOLATED)
   u_fused_array/g_stripe[3].u_stripe/u_o_bank/g_row[5].g_group[1].u_mem/g_byte[2].u_sram/D[0]
                                0.14           0.05 r        -0.09  (VIOLATED)
   u_fused_array/g_stripe[3].u_stripe/u_o_bank/g_row[5].g_group[1].u_mem/g_byte[2].u_sram/D[1]
                                0.14           0.05 r        -0.09  (VIOLATED)
   u_fused_array/g_stripe[3].u_stripe/u_o_bank/g_row[5].g_group[1].u_mem/g_byte[2].u_sram/D[2]
                                0.14           0.05 r        -0.09  (VIOLATED)
   u_fused_array/g_stripe[3].u_stripe/u_o_bank/g_row[5].g_group[1].u_mem/g_byte[2].u_sram/D[3]
                                0.14           0.05 r        -0.09  (VIOLATED)
   u_fused_array/g_stripe[3].u_stripe/u_o_bank/g_row[5].g_group[1].u_mem/g_byte[2].u_sram/D[4]
                                0.14           0.05 r        -0.09  (VIOLATED)
   u_fused_array/g_stripe[3].u_stripe/u_o_bank/g_row[5].g_group[1].u_mem/g_byte[2].u_sram/D[5]
                                0.14           0.05 r        -0.09  (VIOLATED)
   u_fused_array/g_stripe[3].u_stripe/u_o_bank/g_row[5].g_group[1].u_mem/g_byte[2].u_sram/D[6]
                                0.14           0.05 r        -0.09  (VIOLATED)
   u_fused_array/g_stripe[3].u_stripe/u_o_bank/g_row[5].g_group[1].u_mem/g_byte[2].u_sram/D[7]
                                0.14           0.05 r        -0.09  (VIOLATED)
   u_fused_array/g_stripe[3].u_stripe/u_o_bank/g_row[5].g_group[1].u_mem/g_byte[3].u_sram/D[0]
                                0.14           0.05 r        -0.09  (VIOLATED)
   u_fused_array/g_stripe[3].u_stripe/u_o_bank/g_row[5].g_group[1].u_mem/g_byte[3].u_sram/D[1]
                                0.14           0.05 r        -0.09  (VIOLATED)
   u_fused_array/g_stripe[3].u_stripe/u_o_bank/g_row[5].g_group[1].u_mem/g_byte[3].u_sram/D[2]
                                0.14           0.05 r        -0.09  (VIOLATED)
   u_fused_array/g_stripe[3].u_stripe/u_o_bank/g_row[5].g_group[1].u_mem/g_byte[3].u_sram/D[3]
                                0.14           0.05 r        -0.09  (VIOLATED)
   u_fused_array/g_stripe[3].u_stripe/u_o_bank/g_row[5].g_group[1].u_mem/g_byte[3].u_sram/D[4]
                                0.14           0.05 r        -0.09  (VIOLATED)
   u_fused_array/g_stripe[3].u_stripe/u_o_bank/g_row[5].g_group[1].u_mem/g_byte[3].u_sram/D[5]
                                0.14           0.05 r        -0.09  (VIOLATED)
   u_fused_array/g_stripe[3].u_stripe/u_o_bank/g_row[5].g_group[1].u_mem/g_byte[3].u_sram/D[6]
                                0.14           0.05 r        -0.09  (VIOLATED)
   u_fused_array/g_stripe[3].u_stripe/u_o_bank/g_row[6].g_group[0].u_mem/g_byte[0].u_sram/D[1]
                                0.14           0.05 r        -0.09  (VIOLATED)
   u_fused_array/g_stripe[3].u_stripe/u_o_bank/g_row[6].g_group[0].u_mem/g_byte[0].u_sram/D[2]
                                0.14           0.05 r        -0.09  (VIOLATED)
   u_fused_array/g_stripe[3].u_stripe/u_o_bank/g_row[6].g_group[0].u_mem/g_byte[0].u_sram/D[3]
                                0.14           0.05 r        -0.09  (VIOLATED)
   u_fused_array/g_stripe[3].u_stripe/u_o_bank/g_row[6].g_group[0].u_mem/g_byte[0].u_sram/D[4]
                                0.14           0.05 r        -0.09  (VIOLATED)
   u_fused_array/g_stripe[3].u_stripe/u_o_bank/g_row[6].g_group[0].u_mem/g_byte[0].u_sram/D[5]
                                0.14           0.05 r        -0.09  (VIOLATED)
   u_fused_array/g_stripe[3].u_stripe/u_o_bank/g_row[6].g_group[0].u_mem/g_byte[0].u_sram/D[6]
                                0.14           0.05 r        -0.09  (VIOLATED)
   u_fused_array/g_stripe[3].u_stripe/u_o_bank/g_row[6].g_group[0].u_mem/g_byte[0].u_sram/D[7]
                                0.14           0.05 r        -0.09  (VIOLATED)
   u_fused_array/g_stripe[3].u_stripe/u_o_bank/g_row[6].g_group[0].u_mem/g_byte[1].u_sram/D[0]
                                0.14           0.05 r        -0.09  (VIOLATED)
   u_fused_array/g_stripe[3].u_stripe/u_o_bank/g_row[6].g_group[0].u_mem/g_byte[1].u_sram/D[1]
                                0.14           0.05 r        -0.09  (VIOLATED)
   u_fused_array/g_stripe[3].u_stripe/u_o_bank/g_row[6].g_group[0].u_mem/g_byte[1].u_sram/D[2]
                                0.14           0.05 r        -0.09  (VIOLATED)
   u_fused_array/g_stripe[3].u_stripe/u_o_bank/g_row[6].g_group[0].u_mem/g_byte[1].u_sram/D[3]
                                0.14           0.05 r        -0.09  (VIOLATED)
   u_fused_array/g_stripe[3].u_stripe/u_o_bank/g_row[6].g_group[0].u_mem/g_byte[1].u_sram/D[4]
                                0.14           0.05 r        -0.09  (VIOLATED)
   u_fused_array/g_stripe[3].u_stripe/u_o_bank/g_row[6].g_group[0].u_mem/g_byte[1].u_sram/D[5]
                                0.14           0.05 r        -0.09  (VIOLATED)
   u_fused_array/g_stripe[3].u_stripe/u_o_bank/g_row[6].g_group[0].u_mem/g_byte[1].u_sram/D[6]
                                0.14           0.05 r        -0.09  (VIOLATED)
   u_fused_array/g_stripe[3].u_stripe/u_o_bank/g_row[6].g_group[0].u_mem/g_byte[1].u_sram/D[7]
                                0.14           0.05 r        -0.09  (VIOLATED)
   u_fused_array/g_stripe[3].u_stripe/u_o_bank/g_row[6].g_group[0].u_mem/g_byte[2].u_sram/D[0]
                                0.14           0.05 r        -0.09  (VIOLATED)
   u_fused_array/g_stripe[3].u_stripe/u_o_bank/g_row[6].g_group[0].u_mem/g_byte[2].u_sram/D[1]
                                0.14           0.05 r        -0.09  (VIOLATED)
   u_fused_array/g_stripe[3].u_stripe/u_o_bank/g_row[6].g_group[0].u_mem/g_byte[2].u_sram/D[2]
                                0.14           0.05 r        -0.09  (VIOLATED)
   u_fused_array/g_stripe[3].u_stripe/u_o_bank/g_row[6].g_group[0].u_mem/g_byte[2].u_sram/D[3]
                                0.14           0.05 r        -0.09  (VIOLATED)
   u_fused_array/g_stripe[3].u_stripe/u_o_bank/g_row[6].g_group[0].u_mem/g_byte[2].u_sram/D[4]
                                0.14           0.05 r        -0.09  (VIOLATED)
   u_fused_array/g_stripe[3].u_stripe/u_o_bank/g_row[6].g_group[0].u_mem/g_byte[2].u_sram/D[5]
                                0.14           0.05 r        -0.09  (VIOLATED)
   u_fused_array/g_stripe[3].u_stripe/u_o_bank/g_row[6].g_group[0].u_mem/g_byte[2].u_sram/D[6]
                                0.14           0.05 r        -0.09  (VIOLATED)
   u_fused_array/g_stripe[3].u_stripe/u_o_bank/g_row[6].g_group[0].u_mem/g_byte[2].u_sram/D[7]
                                0.14           0.05 r        -0.09  (VIOLATED)
   u_fused_array/g_stripe[3].u_stripe/u_o_bank/g_row[6].g_group[0].u_mem/g_byte[3].u_sram/D[0]
                                0.14           0.05 r        -0.09  (VIOLATED)
   u_fused_array/g_stripe[3].u_stripe/u_o_bank/g_row[6].g_group[0].u_mem/g_byte[3].u_sram/D[1]
                                0.14           0.05 r        -0.09  (VIOLATED)
   u_fused_array/g_stripe[3].u_stripe/u_o_bank/g_row[6].g_group[0].u_mem/g_byte[3].u_sram/D[2]
                                0.14           0.05 r        -0.09  (VIOLATED)
   u_fused_array/g_stripe[3].u_stripe/u_o_bank/g_row[6].g_group[0].u_mem/g_byte[3].u_sram/D[3]
                                0.14           0.05 r        -0.09  (VIOLATED)
   u_fused_array/g_stripe[3].u_stripe/u_o_bank/g_row[6].g_group[0].u_mem/g_byte[3].u_sram/D[4]
                                0.14           0.05 r        -0.09  (VIOLATED)
   u_fused_array/g_stripe[3].u_stripe/u_o_bank/g_row[6].g_group[0].u_mem/g_byte[3].u_sram/D[5]
                                0.14           0.05 r        -0.09  (VIOLATED)
   u_fused_array/g_stripe[3].u_stripe/u_o_bank/g_row[6].g_group[0].u_mem/g_byte[3].u_sram/D[6]
                                0.14           0.05 r        -0.09  (VIOLATED)
   u_fused_array/g_stripe[3].u_stripe/u_o_bank/g_row[6].g_group[1].u_mem/g_byte[0].u_sram/D[1]
                                0.14           0.05 r        -0.09  (VIOLATED)
   u_fused_array/g_stripe[3].u_stripe/u_o_bank/g_row[6].g_group[1].u_mem/g_byte[0].u_sram/D[2]
                                0.14           0.05 r        -0.09  (VIOLATED)
   u_fused_array/g_stripe[3].u_stripe/u_o_bank/g_row[6].g_group[1].u_mem/g_byte[0].u_sram/D[3]
                                0.14           0.05 r        -0.09  (VIOLATED)
   u_fused_array/g_stripe[3].u_stripe/u_o_bank/g_row[6].g_group[1].u_mem/g_byte[0].u_sram/D[4]
                                0.14           0.05 r        -0.09  (VIOLATED)
   u_fused_array/g_stripe[3].u_stripe/u_o_bank/g_row[6].g_group[1].u_mem/g_byte[0].u_sram/D[5]
                                0.14           0.05 r        -0.09  (VIOLATED)
   u_fused_array/g_stripe[3].u_stripe/u_o_bank/g_row[6].g_group[1].u_mem/g_byte[0].u_sram/D[6]
                                0.14           0.05 r        -0.09  (VIOLATED)
   u_fused_array/g_stripe[3].u_stripe/u_o_bank/g_row[6].g_group[1].u_mem/g_byte[0].u_sram/D[7]
                                0.14           0.05 r        -0.09  (VIOLATED)
   u_fused_array/g_stripe[3].u_stripe/u_o_bank/g_row[6].g_group[1].u_mem/g_byte[1].u_sram/D[0]
                                0.14           0.05 r        -0.09  (VIOLATED)
   u_fused_array/g_stripe[3].u_stripe/u_o_bank/g_row[6].g_group[1].u_mem/g_byte[1].u_sram/D[1]
                                0.14           0.05 r        -0.09  (VIOLATED)
   u_fused_array/g_stripe[3].u_stripe/u_o_bank/g_row[6].g_group[1].u_mem/g_byte[1].u_sram/D[2]
                                0.14           0.05 r        -0.09  (VIOLATED)
   u_fused_array/g_stripe[3].u_stripe/u_o_bank/g_row[6].g_group[1].u_mem/g_byte[1].u_sram/D[3]
                                0.14           0.05 r        -0.09  (VIOLATED)
   u_fused_array/g_stripe[3].u_stripe/u_o_bank/g_row[6].g_group[1].u_mem/g_byte[1].u_sram/D[4]
                                0.14           0.05 r        -0.09  (VIOLATED)
   u_fused_array/g_stripe[3].u_stripe/u_o_bank/g_row[6].g_group[1].u_mem/g_byte[1].u_sram/D[5]
                                0.14           0.05 r        -0.09  (VIOLATED)
   u_fused_array/g_stripe[3].u_stripe/u_o_bank/g_row[6].g_group[1].u_mem/g_byte[1].u_sram/D[6]
                                0.14           0.05 r        -0.09  (VIOLATED)
   u_fused_array/g_stripe[3].u_stripe/u_o_bank/g_row[6].g_group[1].u_mem/g_byte[1].u_sram/D[7]
                                0.14           0.05 r        -0.09  (VIOLATED)
   u_fused_array/g_stripe[3].u_stripe/u_o_bank/g_row[6].g_group[1].u_mem/g_byte[2].u_sram/D[0]
                                0.14           0.05 r        -0.09  (VIOLATED)
   u_fused_array/g_stripe[3].u_stripe/u_o_bank/g_row[6].g_group[1].u_mem/g_byte[2].u_sram/D[1]
                                0.14           0.05 r        -0.09  (VIOLATED)
   u_fused_array/g_stripe[3].u_stripe/u_o_bank/g_row[6].g_group[1].u_mem/g_byte[2].u_sram/D[2]
                                0.14           0.05 r        -0.09  (VIOLATED)
   u_fused_array/g_stripe[3].u_stripe/u_o_bank/g_row[6].g_group[1].u_mem/g_byte[2].u_sram/D[3]
                                0.14           0.05 r        -0.09  (VIOLATED)
   u_fused_array/g_stripe[3].u_stripe/u_o_bank/g_row[6].g_group[1].u_mem/g_byte[2].u_sram/D[4]
                                0.14           0.05 r        -0.09  (VIOLATED)
   u_fused_array/g_stripe[3].u_stripe/u_o_bank/g_row[6].g_group[1].u_mem/g_byte[2].u_sram/D[5]
                                0.14           0.05 r        -0.09  (VIOLATED)
   u_fused_array/g_stripe[3].u_stripe/u_o_bank/g_row[6].g_group[1].u_mem/g_byte[2].u_sram/D[6]
                                0.14           0.05 r        -0.09  (VIOLATED)
   u_fused_array/g_stripe[3].u_stripe/u_o_bank/g_row[6].g_group[1].u_mem/g_byte[2].u_sram/D[7]
                                0.14           0.05 r        -0.09  (VIOLATED)
   u_fused_array/g_stripe[3].u_stripe/u_o_bank/g_row[6].g_group[1].u_mem/g_byte[3].u_sram/D[0]
                                0.14           0.05 r        -0.09  (VIOLATED)
   u_fused_array/g_stripe[3].u_stripe/u_o_bank/g_row[6].g_group[1].u_mem/g_byte[3].u_sram/D[1]
                                0.14           0.05 r        -0.09  (VIOLATED)
   u_fused_array/g_stripe[3].u_stripe/u_o_bank/g_row[6].g_group[1].u_mem/g_byte[3].u_sram/D[2]
                                0.14           0.05 r        -0.09  (VIOLATED)
   u_fused_array/g_stripe[3].u_stripe/u_o_bank/g_row[6].g_group[1].u_mem/g_byte[3].u_sram/D[3]
                                0.14           0.05 r        -0.09  (VIOLATED)
   u_fused_array/g_stripe[3].u_stripe/u_o_bank/g_row[6].g_group[1].u_mem/g_byte[3].u_sram/D[4]
                                0.14           0.05 r        -0.09  (VIOLATED)
   u_fused_array/g_stripe[3].u_stripe/u_o_bank/g_row[6].g_group[1].u_mem/g_byte[3].u_sram/D[5]
                                0.14           0.05 r        -0.09  (VIOLATED)
   u_fused_array/g_stripe[3].u_stripe/u_o_bank/g_row[6].g_group[1].u_mem/g_byte[3].u_sram/D[6]
                                0.14           0.05 r        -0.09  (VIOLATED)
   u_fused_array/g_stripe[3].u_stripe/u_o_bank/g_row[7].g_group[0].u_mem/g_byte[0].u_sram/D[1]
                                0.14           0.05 r        -0.09  (VIOLATED)
   u_fused_array/g_stripe[3].u_stripe/u_o_bank/g_row[7].g_group[0].u_mem/g_byte[0].u_sram/D[2]
                                0.14           0.05 r        -0.09  (VIOLATED)
   u_fused_array/g_stripe[3].u_stripe/u_o_bank/g_row[7].g_group[0].u_mem/g_byte[0].u_sram/D[3]
                                0.14           0.05 r        -0.09  (VIOLATED)
   u_fused_array/g_stripe[3].u_stripe/u_o_bank/g_row[7].g_group[0].u_mem/g_byte[0].u_sram/D[4]
                                0.14           0.05 r        -0.09  (VIOLATED)
   u_fused_array/g_stripe[3].u_stripe/u_o_bank/g_row[7].g_group[0].u_mem/g_byte[0].u_sram/D[5]
                                0.14           0.05 r        -0.09  (VIOLATED)
   u_fused_array/g_stripe[3].u_stripe/u_o_bank/g_row[7].g_group[0].u_mem/g_byte[0].u_sram/D[6]
                                0.14           0.05 r        -0.09  (VIOLATED)
   u_fused_array/g_stripe[3].u_stripe/u_o_bank/g_row[7].g_group[0].u_mem/g_byte[0].u_sram/D[7]
                                0.14           0.05 r        -0.09  (VIOLATED)
   u_fused_array/g_stripe[3].u_stripe/u_o_bank/g_row[7].g_group[0].u_mem/g_byte[1].u_sram/D[0]
                                0.14           0.05 r        -0.09  (VIOLATED)
   u_fused_array/g_stripe[3].u_stripe/u_o_bank/g_row[7].g_group[0].u_mem/g_byte[1].u_sram/D[1]
                                0.14           0.05 r        -0.09  (VIOLATED)
   u_fused_array/g_stripe[3].u_stripe/u_o_bank/g_row[7].g_group[0].u_mem/g_byte[1].u_sram/D[2]
                                0.14           0.05 r        -0.09  (VIOLATED)
   u_fused_array/g_stripe[3].u_stripe/u_o_bank/g_row[7].g_group[0].u_mem/g_byte[1].u_sram/D[3]
                                0.14           0.05 r        -0.09  (VIOLATED)
   u_fused_array/g_stripe[3].u_stripe/u_o_bank/g_row[7].g_group[0].u_mem/g_byte[1].u_sram/D[4]
                                0.14           0.05 r        -0.09  (VIOLATED)
   u_fused_array/g_stripe[3].u_stripe/u_o_bank/g_row[7].g_group[0].u_mem/g_byte[1].u_sram/D[5]
                                0.14           0.05 r        -0.09  (VIOLATED)
   u_fused_array/g_stripe[3].u_stripe/u_o_bank/g_row[7].g_group[0].u_mem/g_byte[1].u_sram/D[6]
                                0.14           0.05 r        -0.09  (VIOLATED)
   u_fused_array/g_stripe[3].u_stripe/u_o_bank/g_row[7].g_group[0].u_mem/g_byte[1].u_sram/D[7]
                                0.14           0.05 r        -0.09  (VIOLATED)
   u_fused_array/g_stripe[3].u_stripe/u_o_bank/g_row[7].g_group[0].u_mem/g_byte[2].u_sram/D[0]
                                0.14           0.05 r        -0.09  (VIOLATED)
   u_fused_array/g_stripe[3].u_stripe/u_o_bank/g_row[7].g_group[0].u_mem/g_byte[2].u_sram/D[1]
                                0.14           0.05 r        -0.09  (VIOLATED)
   u_fused_array/g_stripe[3].u_stripe/u_o_bank/g_row[7].g_group[0].u_mem/g_byte[2].u_sram/D[2]
                                0.14           0.05 r        -0.09  (VIOLATED)
   u_fused_array/g_stripe[3].u_stripe/u_o_bank/g_row[7].g_group[0].u_mem/g_byte[2].u_sram/D[3]
                                0.14           0.05 r        -0.09  (VIOLATED)
   u_fused_array/g_stripe[3].u_stripe/u_o_bank/g_row[7].g_group[0].u_mem/g_byte[2].u_sram/D[4]
                                0.14           0.05 r        -0.09  (VIOLATED)
   u_fused_array/g_stripe[3].u_stripe/u_o_bank/g_row[7].g_group[0].u_mem/g_byte[2].u_sram/D[5]
                                0.14           0.05 r        -0.09  (VIOLATED)
   u_fused_array/g_stripe[3].u_stripe/u_o_bank/g_row[7].g_group[0].u_mem/g_byte[2].u_sram/D[6]
                                0.14           0.05 r        -0.09  (VIOLATED)
   u_fused_array/g_stripe[3].u_stripe/u_o_bank/g_row[7].g_group[0].u_mem/g_byte[2].u_sram/D[7]
                                0.14           0.05 r        -0.09  (VIOLATED)
   u_fused_array/g_stripe[3].u_stripe/u_o_bank/g_row[7].g_group[0].u_mem/g_byte[3].u_sram/D[0]
                                0.14           0.05 r        -0.09  (VIOLATED)
   u_fused_array/g_stripe[3].u_stripe/u_o_bank/g_row[7].g_group[0].u_mem/g_byte[3].u_sram/D[1]
                                0.14           0.05 r        -0.09  (VIOLATED)
   u_fused_array/g_stripe[3].u_stripe/u_o_bank/g_row[7].g_group[0].u_mem/g_byte[3].u_sram/D[2]
                                0.14           0.05 r        -0.09  (VIOLATED)
   u_fused_array/g_stripe[3].u_stripe/u_o_bank/g_row[7].g_group[0].u_mem/g_byte[3].u_sram/D[3]
                                0.14           0.05 r        -0.09  (VIOLATED)
   u_fused_array/g_stripe[3].u_stripe/u_o_bank/g_row[7].g_group[0].u_mem/g_byte[3].u_sram/D[4]
                                0.14           0.05 r        -0.09  (VIOLATED)
   u_fused_array/g_stripe[3].u_stripe/u_o_bank/g_row[7].g_group[0].u_mem/g_byte[3].u_sram/D[5]
                                0.14           0.05 r        -0.09  (VIOLATED)
   u_fused_array/g_stripe[3].u_stripe/u_o_bank/g_row[7].g_group[0].u_mem/g_byte[3].u_sram/D[6]
                                0.14           0.05 r        -0.09  (VIOLATED)
   u_fused_array/g_stripe[3].u_stripe/u_o_bank/g_row[7].g_group[1].u_mem/g_byte[0].u_sram/D[1]
                                0.14           0.05 r        -0.09  (VIOLATED)
   u_fused_array/g_stripe[3].u_stripe/u_o_bank/g_row[7].g_group[1].u_mem/g_byte[0].u_sram/D[2]
                                0.14           0.05 r        -0.09  (VIOLATED)
   u_fused_array/g_stripe[3].u_stripe/u_o_bank/g_row[7].g_group[1].u_mem/g_byte[0].u_sram/D[3]
                                0.14           0.05 r        -0.09  (VIOLATED)
   u_fused_array/g_stripe[3].u_stripe/u_o_bank/g_row[7].g_group[1].u_mem/g_byte[0].u_sram/D[4]
                                0.14           0.05 r        -0.09  (VIOLATED)
   u_fused_array/g_stripe[3].u_stripe/u_o_bank/g_row[7].g_group[1].u_mem/g_byte[0].u_sram/D[5]
                                0.14           0.05 r        -0.09  (VIOLATED)
   u_fused_array/g_stripe[3].u_stripe/u_o_bank/g_row[7].g_group[1].u_mem/g_byte[0].u_sram/D[6]
                                0.14           0.05 r        -0.09  (VIOLATED)
   u_fused_array/g_stripe[3].u_stripe/u_o_bank/g_row[7].g_group[1].u_mem/g_byte[0].u_sram/D[7]
                                0.14           0.05 r        -0.09  (VIOLATED)
   u_fused_array/g_stripe[3].u_stripe/u_o_bank/g_row[7].g_group[1].u_mem/g_byte[1].u_sram/D[0]
                                0.14           0.05 r        -0.09  (VIOLATED)
   u_fused_array/g_stripe[3].u_stripe/u_o_bank/g_row[7].g_group[1].u_mem/g_byte[1].u_sram/D[1]
                                0.14           0.05 r        -0.09  (VIOLATED)
   u_fused_array/g_stripe[3].u_stripe/u_o_bank/g_row[7].g_group[1].u_mem/g_byte[1].u_sram/D[2]
                                0.14           0.05 r        -0.09  (VIOLATED)
   u_fused_array/g_stripe[3].u_stripe/u_o_bank/g_row[7].g_group[1].u_mem/g_byte[1].u_sram/D[3]
                                0.14           0.05 r        -0.09  (VIOLATED)
   u_fused_array/g_stripe[3].u_stripe/u_o_bank/g_row[7].g_group[1].u_mem/g_byte[1].u_sram/D[4]
                                0.14           0.05 r        -0.09  (VIOLATED)
   u_fused_array/g_stripe[3].u_stripe/u_o_bank/g_row[7].g_group[1].u_mem/g_byte[1].u_sram/D[5]
                                0.14           0.05 r        -0.09  (VIOLATED)
   u_fused_array/g_stripe[3].u_stripe/u_o_bank/g_row[7].g_group[1].u_mem/g_byte[1].u_sram/D[6]
                                0.14           0.05 r        -0.09  (VIOLATED)
   u_fused_array/g_stripe[3].u_stripe/u_o_bank/g_row[7].g_group[1].u_mem/g_byte[1].u_sram/D[7]
                                0.14           0.05 r        -0.09  (VIOLATED)
   u_fused_array/g_stripe[3].u_stripe/u_o_bank/g_row[7].g_group[1].u_mem/g_byte[2].u_sram/D[0]
                                0.14           0.05 r        -0.09  (VIOLATED)
   u_fused_array/g_stripe[3].u_stripe/u_o_bank/g_row[7].g_group[1].u_mem/g_byte[2].u_sram/D[1]
                                0.14           0.05 r        -0.09  (VIOLATED)
   u_fused_array/g_stripe[3].u_stripe/u_o_bank/g_row[7].g_group[1].u_mem/g_byte[2].u_sram/D[2]
                                0.14           0.05 r        -0.09  (VIOLATED)
   u_fused_array/g_stripe[3].u_stripe/u_o_bank/g_row[7].g_group[1].u_mem/g_byte[2].u_sram/D[3]
                                0.14           0.05 r        -0.09  (VIOLATED)
   u_fused_array/g_stripe[3].u_stripe/u_o_bank/g_row[7].g_group[1].u_mem/g_byte[2].u_sram/D[4]
                                0.14           0.05 r        -0.09  (VIOLATED)
   u_fused_array/g_stripe[3].u_stripe/u_o_bank/g_row[7].g_group[1].u_mem/g_byte[2].u_sram/D[5]
                                0.14           0.05 r        -0.09  (VIOLATED)
   u_fused_array/g_stripe[3].u_stripe/u_o_bank/g_row[7].g_group[1].u_mem/g_byte[2].u_sram/D[6]
                                0.14           0.05 r        -0.09  (VIOLATED)
   u_fused_array/g_stripe[3].u_stripe/u_o_bank/g_row[7].g_group[1].u_mem/g_byte[2].u_sram/D[7]
                                0.14           0.05 r        -0.09  (VIOLATED)
   u_fused_array/g_stripe[3].u_stripe/u_o_bank/g_row[7].g_group[1].u_mem/g_byte[3].u_sram/D[0]
                                0.14           0.05 r        -0.09  (VIOLATED)
   u_fused_array/g_stripe[3].u_stripe/u_o_bank/g_row[7].g_group[1].u_mem/g_byte[3].u_sram/D[1]
                                0.14           0.05 r        -0.09  (VIOLATED)
   u_fused_array/g_stripe[3].u_stripe/u_o_bank/g_row[7].g_group[1].u_mem/g_byte[3].u_sram/D[2]
                                0.14           0.05 r        -0.09  (VIOLATED)
   u_fused_array/g_stripe[3].u_stripe/u_o_bank/g_row[7].g_group[1].u_mem/g_byte[3].u_sram/D[3]
                                0.14           0.05 r        -0.09  (VIOLATED)
   u_fused_array/g_stripe[3].u_stripe/u_o_bank/g_row[7].g_group[1].u_mem/g_byte[3].u_sram/D[4]
                                0.14           0.05 r        -0.09  (VIOLATED)
   u_fused_array/g_stripe[3].u_stripe/u_o_bank/g_row[7].g_group[1].u_mem/g_byte[3].u_sram/D[5]
                                0.14           0.05 r        -0.09  (VIOLATED)
   u_fused_array/g_stripe[3].u_stripe/u_o_bank/g_row[7].g_group[1].u_mem/g_byte[3].u_sram/D[6]
                                0.14           0.05 r        -0.09  (VIOLATED)
   u_output_buffer/u_out_mem/g_byte[0].u_sram/D[0]
                                0.14           0.05 r        -0.09  (VIOLATED)
   u_output_buffer/u_out_mem/g_byte[0].u_sram/D[1]
                                0.14           0.05 r        -0.09  (VIOLATED)
   u_output_buffer/u_out_mem/g_byte[0].u_sram/D[2]
                                0.14           0.05 r        -0.09  (VIOLATED)
   u_output_buffer/u_out_mem/g_byte[0].u_sram/D[3]
                                0.14           0.05 r        -0.09  (VIOLATED)
   u_output_buffer/u_out_mem/g_byte[0].u_sram/D[4]
                                0.14           0.05 r        -0.09  (VIOLATED)
   u_output_buffer/u_out_mem/g_byte[0].u_sram/D[5]
                                0.14           0.05 r        -0.09  (VIOLATED)
   u_output_buffer/u_out_mem/g_byte[0].u_sram/D[6]
                                0.14           0.05 r        -0.09  (VIOLATED)
   u_output_buffer/u_out_mem/g_byte[0].u_sram/D[7]
                                0.14           0.05 r        -0.09  (VIOLATED)
   u_output_buffer/u_out_mem/g_byte[1].u_sram/D[0]
                                0.14           0.05 r        -0.09  (VIOLATED)
   u_output_buffer/u_out_mem/g_byte[1].u_sram/D[1]
                                0.14           0.05 r        -0.09  (VIOLATED)
   u_output_buffer/u_out_mem/g_byte[1].u_sram/D[2]
                                0.14           0.05 r        -0.09  (VIOLATED)
   u_output_buffer/u_out_mem/g_byte[1].u_sram/D[3]
                                0.14           0.05 r        -0.09  (VIOLATED)
   u_output_buffer/u_out_mem/g_byte[1].u_sram/D[4]
                                0.14           0.05 r        -0.09  (VIOLATED)
   u_output_buffer/u_out_mem/g_byte[1].u_sram/D[5]
                                0.14           0.05 r        -0.09  (VIOLATED)
   u_output_buffer/u_out_mem/g_byte[1].u_sram/D[6]
                                0.14           0.05 r        -0.09  (VIOLATED)
   u_output_buffer/u_out_mem/g_byte[1].u_sram/D[7]
                                0.14           0.05 r        -0.09  (VIOLATED)
   u_output_buffer/u_out_mem/g_byte[2].u_sram/D[0]
                                0.14           0.05 r        -0.09  (VIOLATED)
   u_output_buffer/u_out_mem/g_byte[2].u_sram/D[1]
                                0.14           0.05 r        -0.09  (VIOLATED)
   u_output_buffer/u_out_mem/g_byte[2].u_sram/D[2]
                                0.14           0.05 r        -0.09  (VIOLATED)
   u_output_buffer/u_out_mem/g_byte[2].u_sram/D[3]
                                0.14           0.05 r        -0.09  (VIOLATED)
   u_output_buffer/u_out_mem/g_byte[2].u_sram/D[4]
                                0.14           0.05 r        -0.09  (VIOLATED)
   u_output_buffer/u_out_mem/g_byte[2].u_sram/D[5]
                                0.14           0.05 r        -0.09  (VIOLATED)
   u_output_buffer/u_out_mem/g_byte[2].u_sram/D[6]
                                0.14           0.05 r        -0.09  (VIOLATED)
   u_output_buffer/u_out_mem/g_byte[2].u_sram/D[7]
                                0.14           0.05 r        -0.09  (VIOLATED)
   u_output_buffer/u_out_mem/g_byte[3].u_sram/D[0]
                                0.14           0.05 r        -0.09  (VIOLATED)
   u_output_buffer/u_out_mem/g_byte[3].u_sram/D[1]
                                0.14           0.05 r        -0.09  (VIOLATED)
   u_output_buffer/u_out_mem/g_byte[3].u_sram/D[2]
                                0.14           0.05 r        -0.09  (VIOLATED)
   u_output_buffer/u_out_mem/g_byte[3].u_sram/D[3]
                                0.14           0.05 r        -0.09  (VIOLATED)
   u_output_buffer/u_out_mem/g_byte[3].u_sram/D[4]
                                0.14           0.05 r        -0.09  (VIOLATED)
   u_output_buffer/u_out_mem/g_byte[3].u_sram/D[5]
                                0.14           0.05 r        -0.09  (VIOLATED)
   u_output_buffer/u_out_mem/g_byte[3].u_sram/D[6]
                                0.14           0.05 r        -0.09  (VIOLATED)
   u_output_buffer/u_out_mem/g_byte[3].u_sram/D[7]
                                0.14           0.05 r        -0.09  (VIOLATED)
   u_output_buffer/u_out_mem/g_byte[4].u_sram/D[0]
                                0.14           0.05 r        -0.09  (VIOLATED)
   u_output_buffer/u_out_mem/g_byte[4].u_sram/D[1]
                                0.14           0.05 r        -0.09  (VIOLATED)
   u_output_buffer/u_out_mem/g_byte[4].u_sram/D[2]
                                0.14           0.05 r        -0.09  (VIOLATED)
   u_output_buffer/u_out_mem/g_byte[4].u_sram/D[3]
                                0.14           0.05 r        -0.09  (VIOLATED)
   u_output_buffer/u_out_mem/g_byte[4].u_sram/D[4]
                                0.14           0.05 r        -0.09  (VIOLATED)
   u_output_buffer/u_out_mem/g_byte[4].u_sram/D[5]
                                0.14           0.05 r        -0.09  (VIOLATED)
   u_output_buffer/u_out_mem/g_byte[4].u_sram/D[6]
                                0.14           0.05 r        -0.09  (VIOLATED)
   u_output_buffer/u_out_mem/g_byte[4].u_sram/D[7]
                                0.14           0.05 r        -0.09  (VIOLATED)
   u_output_buffer/u_out_mem/g_byte[5].u_sram/D[0]
                                0.14           0.05 r        -0.09  (VIOLATED)
   u_output_buffer/u_out_mem/g_byte[5].u_sram/D[1]
                                0.14           0.05 r        -0.09  (VIOLATED)
   u_output_buffer/u_out_mem/g_byte[5].u_sram/D[2]
                                0.14           0.05 r        -0.09  (VIOLATED)
   u_output_buffer/u_out_mem/g_byte[5].u_sram/D[3]
                                0.14           0.05 r        -0.09  (VIOLATED)
   u_output_buffer/u_out_mem/g_byte[5].u_sram/D[4]
                                0.14           0.05 r        -0.09  (VIOLATED)
   u_output_buffer/u_out_mem/g_byte[5].u_sram/D[5]
                                0.14           0.05 r        -0.09  (VIOLATED)
   u_output_buffer/u_out_mem/g_byte[5].u_sram/D[6]
                                0.14           0.05 r        -0.09  (VIOLATED)
   u_output_buffer/u_out_mem/g_byte[5].u_sram/D[7]
                                0.14           0.05 r        -0.09  (VIOLATED)
   u_output_buffer/u_out_mem/g_byte[6].u_sram/D[0]
                                0.14           0.05 r        -0.09  (VIOLATED)
   u_output_buffer/u_out_mem/g_byte[6].u_sram/D[1]
                                0.14           0.05 r        -0.09  (VIOLATED)
   u_output_buffer/u_out_mem/g_byte[6].u_sram/D[2]
                                0.14           0.05 r        -0.09  (VIOLATED)
   u_output_buffer/u_out_mem/g_byte[6].u_sram/D[3]
                                0.14           0.05 r        -0.09  (VIOLATED)
   u_output_buffer/u_out_mem/g_byte[6].u_sram/D[4]
                                0.14           0.05 r        -0.09  (VIOLATED)
   u_output_buffer/u_out_mem/g_byte[6].u_sram/D[5]
                                0.14           0.05 r        -0.09  (VIOLATED)
   u_output_buffer/u_out_mem/g_byte[6].u_sram/D[6]
                                0.14           0.05 r        -0.09  (VIOLATED)
   u_output_buffer/u_out_mem/g_byte[6].u_sram/D[7]
                                0.14           0.05 r        -0.09  (VIOLATED)
   u_output_buffer/u_out_mem/g_byte[7].u_sram/D[0]
                                0.14           0.05 r        -0.09  (VIOLATED)
   u_output_buffer/u_out_mem/g_byte[7].u_sram/D[1]
                                0.14           0.05 r        -0.09  (VIOLATED)
   u_output_buffer/u_out_mem/g_byte[7].u_sram/D[2]
                                0.14           0.05 r        -0.09  (VIOLATED)
   u_output_buffer/u_out_mem/g_byte[7].u_sram/D[3]
                                0.14           0.05 r        -0.09  (VIOLATED)
   u_output_buffer/u_out_mem/g_byte[7].u_sram/D[4]
                                0.14           0.05 r        -0.09  (VIOLATED)
   u_output_buffer/u_out_mem/g_byte[7].u_sram/D[5]
                                0.14           0.05 r        -0.09  (VIOLATED)
   u_output_buffer/u_out_mem/g_byte[7].u_sram/D[6]
                                0.14           0.05 r        -0.09  (VIOLATED)
   u_output_buffer/u_out_mem/g_byte[7].u_sram/D[7]
                                0.14           0.05 r        -0.09  (VIOLATED)
   u_output_buffer/u_out_mem/g_byte[8].u_sram/D[0]
                                0.14           0.05 r        -0.09  (VIOLATED)
   u_output_buffer/u_out_mem/g_byte[8].u_sram/D[1]
                                0.14           0.05 r        -0.09  (VIOLATED)
   u_output_buffer/u_out_mem/g_byte[8].u_sram/D[2]
                                0.14           0.05 r        -0.09  (VIOLATED)
   u_output_buffer/u_out_mem/g_byte[8].u_sram/D[3]
                                0.14           0.05 r        -0.09  (VIOLATED)
   u_output_buffer/u_out_mem/g_byte[8].u_sram/D[4]
                                0.14           0.05 r        -0.09  (VIOLATED)
   u_output_buffer/u_out_mem/g_byte[8].u_sram/D[5]
                                0.14           0.05 r        -0.09  (VIOLATED)
   u_output_buffer/u_out_mem/g_byte[8].u_sram/D[6]
                                0.14           0.05 r        -0.09  (VIOLATED)
   u_output_buffer/u_out_mem/g_byte[8].u_sram/D[7]
                                0.14           0.05 r        -0.09  (VIOLATED)
   u_output_buffer/u_out_mem/g_byte[9].u_sram/D[0]
                                0.14           0.05 r        -0.09  (VIOLATED)
   u_output_buffer/u_out_mem/g_byte[9].u_sram/D[1]
                                0.14           0.05 r        -0.09  (VIOLATED)
   u_output_buffer/u_out_mem/g_byte[9].u_sram/D[2]
                                0.14           0.05 r        -0.09  (VIOLATED)
   u_output_buffer/u_out_mem/g_byte[9].u_sram/D[3]
                                0.14           0.05 r        -0.09  (VIOLATED)
   u_output_buffer/u_out_mem/g_byte[9].u_sram/D[4]
                                0.14           0.05 r        -0.09  (VIOLATED)
   u_output_buffer/u_out_mem/g_byte[9].u_sram/D[5]
                                0.14           0.05 r        -0.09  (VIOLATED)
   u_output_buffer/u_out_mem/g_byte[9].u_sram/D[6]
                                0.14           0.05 r        -0.09  (VIOLATED)
   u_output_buffer/u_out_mem/g_byte[9].u_sram/D[7]
                                0.14           0.05 r        -0.09  (VIOLATED)
   u_output_buffer/u_out_mem/g_byte[10].u_sram/D[0]
                                0.14           0.05 r        -0.09  (VIOLATED)
   u_output_buffer/u_out_mem/g_byte[10].u_sram/D[1]
                                0.14           0.05 r        -0.09  (VIOLATED)
   u_output_buffer/u_out_mem/g_byte[10].u_sram/D[2]
                                0.14           0.05 r        -0.09  (VIOLATED)
   u_output_buffer/u_out_mem/g_byte[10].u_sram/D[3]
                                0.14           0.05 r        -0.09  (VIOLATED)
   u_output_buffer/u_out_mem/g_byte[10].u_sram/D[4]
                                0.14           0.05 r        -0.09  (VIOLATED)
   u_output_buffer/u_out_mem/g_byte[10].u_sram/D[5]
                                0.14           0.05 r        -0.09  (VIOLATED)
   u_output_buffer/u_out_mem/g_byte[10].u_sram/D[6]
                                0.14           0.05 r        -0.09  (VIOLATED)
   u_output_buffer/u_out_mem/g_byte[10].u_sram/D[7]
                                0.14           0.05 r        -0.09  (VIOLATED)
   u_output_buffer/u_out_mem/g_byte[11].u_sram/D[0]
                                0.14           0.05 r        -0.09  (VIOLATED)
   u_output_buffer/u_out_mem/g_byte[11].u_sram/D[1]
                                0.14           0.05 r        -0.09  (VIOLATED)
   u_output_buffer/u_out_mem/g_byte[11].u_sram/D[2]
                                0.14           0.05 r        -0.09  (VIOLATED)
   u_output_buffer/u_out_mem/g_byte[11].u_sram/D[3]
                                0.14           0.05 r        -0.09  (VIOLATED)
   u_output_buffer/u_out_mem/g_byte[11].u_sram/D[4]
                                0.14           0.05 r        -0.09  (VIOLATED)
   u_output_buffer/u_out_mem/g_byte[11].u_sram/D[5]
                                0.14           0.05 r        -0.09  (VIOLATED)
   u_output_buffer/u_out_mem/g_byte[11].u_sram/D[6]
                                0.14           0.05 r        -0.09  (VIOLATED)
   u_output_buffer/u_out_mem/g_byte[11].u_sram/D[7]
                                0.14           0.05 r        -0.09  (VIOLATED)
   u_output_buffer/u_out_mem/g_byte[12].u_sram/D[0]
                                0.14           0.05 r        -0.09  (VIOLATED)
   u_output_buffer/u_out_mem/g_byte[12].u_sram/D[1]
                                0.14           0.05 r        -0.09  (VIOLATED)
   u_output_buffer/u_out_mem/g_byte[12].u_sram/D[2]
                                0.14           0.05 r        -0.09  (VIOLATED)
   u_output_buffer/u_out_mem/g_byte[12].u_sram/D[3]
                                0.14           0.05 r        -0.09  (VIOLATED)
   u_output_buffer/u_out_mem/g_byte[12].u_sram/D[4]
                                0.14           0.05 r        -0.09  (VIOLATED)
   u_output_buffer/u_out_mem/g_byte[12].u_sram/D[5]
                                0.14           0.05 r        -0.09  (VIOLATED)
   u_output_buffer/u_out_mem/g_byte[12].u_sram/D[6]
                                0.14           0.05 r        -0.09  (VIOLATED)
   u_output_buffer/u_out_mem/g_byte[12].u_sram/D[7]
                                0.14           0.05 r        -0.09  (VIOLATED)
   u_output_buffer/u_out_mem/g_byte[13].u_sram/D[0]
                                0.14           0.05 r        -0.09  (VIOLATED)
   u_output_buffer/u_out_mem/g_byte[13].u_sram/D[1]
                                0.14           0.05 r        -0.09  (VIOLATED)
   u_output_buffer/u_out_mem/g_byte[13].u_sram/D[2]
                                0.14           0.05 r        -0.09  (VIOLATED)
   u_output_buffer/u_out_mem/g_byte[13].u_sram/D[3]
                                0.14           0.05 r        -0.09  (VIOLATED)
   u_output_buffer/u_out_mem/g_byte[13].u_sram/D[4]
                                0.14           0.05 r        -0.09  (VIOLATED)
   u_output_buffer/u_out_mem/g_byte[13].u_sram/D[5]
                                0.14           0.05 r        -0.09  (VIOLATED)
   u_output_buffer/u_out_mem/g_byte[13].u_sram/D[6]
                                0.14           0.05 r        -0.09  (VIOLATED)
   u_output_buffer/u_out_mem/g_byte[13].u_sram/D[7]
                                0.14           0.05 r        -0.09  (VIOLATED)
   u_output_buffer/u_out_mem/g_byte[14].u_sram/D[0]
                                0.14           0.05 r        -0.09  (VIOLATED)
   u_output_buffer/u_out_mem/g_byte[14].u_sram/D[1]
                                0.14           0.05 r        -0.09  (VIOLATED)
   u_output_buffer/u_out_mem/g_byte[14].u_sram/D[2]
                                0.14           0.05 r        -0.09  (VIOLATED)
   u_output_buffer/u_out_mem/g_byte[14].u_sram/D[3]
                                0.14           0.05 r        -0.09  (VIOLATED)
   u_output_buffer/u_out_mem/g_byte[14].u_sram/D[4]
                                0.14           0.05 r        -0.09  (VIOLATED)
   u_output_buffer/u_out_mem/g_byte[14].u_sram/D[5]
                                0.14           0.05 r        -0.09  (VIOLATED)
   u_output_buffer/u_out_mem/g_byte[14].u_sram/D[6]
                                0.14           0.05 r        -0.09  (VIOLATED)
   u_output_buffer/u_out_mem/g_byte[14].u_sram/D[7]
                                0.14           0.05 r        -0.09  (VIOLATED)
   u_output_buffer/u_out_mem/g_byte[15].u_sram/D[0]
                                0.14           0.05 r        -0.09  (VIOLATED)
   u_output_buffer/u_out_mem/g_byte[15].u_sram/D[1]
                                0.14           0.05 r        -0.09  (VIOLATED)
   u_output_buffer/u_out_mem/g_byte[15].u_sram/D[2]
                                0.14           0.05 r        -0.09  (VIOLATED)
   u_output_buffer/u_out_mem/g_byte[15].u_sram/D[3]
                                0.14           0.05 r        -0.09  (VIOLATED)
   u_output_buffer/u_out_mem/g_byte[15].u_sram/D[4]
                                0.14           0.05 r        -0.09  (VIOLATED)
   u_output_buffer/u_out_mem/g_byte[15].u_sram/D[5]
                                0.14           0.05 r        -0.09  (VIOLATED)
   u_output_buffer/u_out_mem/g_byte[15].u_sram/D[6]
                                0.14           0.05 r        -0.09  (VIOLATED)
   u_output_buffer/u_out_mem/g_byte[15].u_sram/D[7]
                                0.14           0.05 r        -0.09  (VIOLATED)
   u_output_buffer/u_out_mem/g_byte[16].u_sram/D[0]
                                0.14           0.05 r        -0.09  (VIOLATED)
   u_output_buffer/u_out_mem/g_byte[16].u_sram/D[1]
                                0.14           0.05 r        -0.09  (VIOLATED)
   u_output_buffer/u_out_mem/g_byte[16].u_sram/D[2]
                                0.14           0.05 r        -0.09  (VIOLATED)
   u_output_buffer/u_out_mem/g_byte[16].u_sram/D[3]
                                0.14           0.05 r        -0.09  (VIOLATED)
   u_output_buffer/u_out_mem/g_byte[16].u_sram/D[4]
                                0.14           0.05 r        -0.09  (VIOLATED)
   u_output_buffer/u_out_mem/g_byte[16].u_sram/D[5]
                                0.14           0.05 r        -0.09  (VIOLATED)
   u_output_buffer/u_out_mem/g_byte[16].u_sram/D[6]
                                0.14           0.05 r        -0.09  (VIOLATED)
   u_output_buffer/u_out_mem/g_byte[16].u_sram/D[7]
                                0.14           0.05 r        -0.09  (VIOLATED)
   u_output_buffer/u_out_mem/g_byte[17].u_sram/D[0]
                                0.14           0.05 r        -0.09  (VIOLATED)
   u_output_buffer/u_out_mem/g_byte[17].u_sram/D[1]
                                0.14           0.05 r        -0.09  (VIOLATED)
   u_output_buffer/u_out_mem/g_byte[17].u_sram/D[2]
                                0.14           0.05 r        -0.09  (VIOLATED)
   u_output_buffer/u_out_mem/g_byte[17].u_sram/D[3]
                                0.14           0.05 r        -0.09  (VIOLATED)
   u_output_buffer/u_out_mem/g_byte[17].u_sram/D[4]
                                0.14           0.05 r        -0.09  (VIOLATED)
   u_output_buffer/u_out_mem/g_byte[17].u_sram/D[5]
                                0.14           0.05 r        -0.09  (VIOLATED)
   u_output_buffer/u_out_mem/g_byte[17].u_sram/D[6]
                                0.14           0.05 r        -0.09  (VIOLATED)
   u_output_buffer/u_out_mem/g_byte[17].u_sram/D[7]
                                0.14           0.05 r        -0.09  (VIOLATED)
   u_output_buffer/u_out_mem/g_byte[18].u_sram/D[0]
                                0.14           0.05 r        -0.09  (VIOLATED)
   u_output_buffer/u_out_mem/g_byte[18].u_sram/D[1]
                                0.14           0.05 r        -0.09  (VIOLATED)
   u_output_buffer/u_out_mem/g_byte[18].u_sram/D[2]
                                0.14           0.05 r        -0.09  (VIOLATED)
   u_output_buffer/u_out_mem/g_byte[18].u_sram/D[3]
                                0.14           0.05 r        -0.09  (VIOLATED)
   u_output_buffer/u_out_mem/g_byte[18].u_sram/D[4]
                                0.14           0.05 r        -0.09  (VIOLATED)
   u_output_buffer/u_out_mem/g_byte[18].u_sram/D[5]
                                0.14           0.05 r        -0.09  (VIOLATED)
   u_output_buffer/u_out_mem/g_byte[18].u_sram/D[6]
                                0.14           0.05 r        -0.09  (VIOLATED)
   u_output_buffer/u_out_mem/g_byte[18].u_sram/D[7]
                                0.14           0.05 r        -0.09  (VIOLATED)
   u_output_buffer/u_out_mem/g_byte[19].u_sram/D[0]
                                0.14           0.05 r        -0.09  (VIOLATED)
   u_output_buffer/u_out_mem/g_byte[19].u_sram/D[1]
                                0.14           0.05 r        -0.09  (VIOLATED)
   u_output_buffer/u_out_mem/g_byte[19].u_sram/D[2]
                                0.14           0.05 r        -0.09  (VIOLATED)
   u_output_buffer/u_out_mem/g_byte[19].u_sram/D[3]
                                0.14           0.05 r        -0.09  (VIOLATED)
   u_output_buffer/u_out_mem/g_byte[19].u_sram/D[4]
                                0.14           0.05 r        -0.09  (VIOLATED)
   u_output_buffer/u_out_mem/g_byte[19].u_sram/D[5]
                                0.14           0.05 r        -0.09  (VIOLATED)
   u_output_buffer/u_out_mem/g_byte[19].u_sram/D[6]
                                0.14           0.05 r        -0.09  (VIOLATED)
   u_output_buffer/u_out_mem/g_byte[19].u_sram/D[7]
                                0.14           0.05 r        -0.09  (VIOLATED)
   u_output_buffer/u_out_mem/g_byte[20].u_sram/D[0]
                                0.14           0.05 r        -0.09  (VIOLATED)
   u_output_buffer/u_out_mem/g_byte[20].u_sram/D[1]
                                0.14           0.05 r        -0.09  (VIOLATED)
   u_output_buffer/u_out_mem/g_byte[20].u_sram/D[2]
                                0.14           0.05 r        -0.09  (VIOLATED)
   u_output_buffer/u_out_mem/g_byte[20].u_sram/D[3]
                                0.14           0.05 r        -0.09  (VIOLATED)
   u_output_buffer/u_out_mem/g_byte[20].u_sram/D[4]
                                0.14           0.05 r        -0.09  (VIOLATED)
   u_output_buffer/u_out_mem/g_byte[20].u_sram/D[5]
                                0.14           0.05 r        -0.09  (VIOLATED)
   u_output_buffer/u_out_mem/g_byte[20].u_sram/D[6]
                                0.14           0.05 r        -0.09  (VIOLATED)
   u_output_buffer/u_out_mem/g_byte[20].u_sram/D[7]
                                0.14           0.05 r        -0.09  (VIOLATED)
   u_output_buffer/u_out_mem/g_byte[21].u_sram/D[0]
                                0.14           0.05 r        -0.09  (VIOLATED)
   u_output_buffer/u_out_mem/g_byte[21].u_sram/D[1]
                                0.14           0.05 r        -0.09  (VIOLATED)
   u_output_buffer/u_out_mem/g_byte[21].u_sram/D[2]
                                0.14           0.05 r        -0.09  (VIOLATED)
   u_output_buffer/u_out_mem/g_byte[21].u_sram/D[3]
                                0.14           0.05 r        -0.09  (VIOLATED)
   u_output_buffer/u_out_mem/g_byte[21].u_sram/D[4]
                                0.14           0.05 r        -0.09  (VIOLATED)
   u_output_buffer/u_out_mem/g_byte[21].u_sram/D[5]
                                0.14           0.05 r        -0.09  (VIOLATED)
   u_output_buffer/u_out_mem/g_byte[21].u_sram/D[6]
                                0.14           0.05 r        -0.09  (VIOLATED)
   u_output_buffer/u_out_mem/g_byte[21].u_sram/D[7]
                                0.14           0.05 r        -0.09  (VIOLATED)
   u_output_buffer/u_out_mem/g_byte[22].u_sram/D[0]
                                0.14           0.05 r        -0.09  (VIOLATED)
   u_output_buffer/u_out_mem/g_byte[22].u_sram/D[1]
                                0.14           0.05 r        -0.09  (VIOLATED)
   u_output_buffer/u_out_mem/g_byte[22].u_sram/D[2]
                                0.14           0.05 r        -0.09  (VIOLATED)
   u_output_buffer/u_out_mem/g_byte[22].u_sram/D[3]
                                0.14           0.05 r        -0.09  (VIOLATED)
   u_output_buffer/u_out_mem/g_byte[22].u_sram/D[4]
                                0.14           0.05 r        -0.09  (VIOLATED)
   u_output_buffer/u_out_mem/g_byte[22].u_sram/D[5]
                                0.14           0.05 r        -0.09  (VIOLATED)
   u_output_buffer/u_out_mem/g_byte[22].u_sram/D[6]
                                0.14           0.05 r        -0.09  (VIOLATED)
   u_output_buffer/u_out_mem/g_byte[22].u_sram/D[7]
                                0.14           0.05 r        -0.09  (VIOLATED)
   u_output_buffer/u_out_mem/g_byte[23].u_sram/D[0]
                                0.14           0.05 r        -0.09  (VIOLATED)
   u_output_buffer/u_out_mem/g_byte[23].u_sram/D[1]
                                0.14           0.05 r        -0.09  (VIOLATED)
   u_output_buffer/u_out_mem/g_byte[23].u_sram/D[2]
                                0.14           0.05 r        -0.09  (VIOLATED)
   u_output_buffer/u_out_mem/g_byte[23].u_sram/D[3]
                                0.14           0.05 r        -0.09  (VIOLATED)
   u_output_buffer/u_out_mem/g_byte[23].u_sram/D[4]
                                0.14           0.05 r        -0.09  (VIOLATED)
   u_output_buffer/u_out_mem/g_byte[23].u_sram/D[5]
                                0.14           0.05 r        -0.09  (VIOLATED)
   u_output_buffer/u_out_mem/g_byte[23].u_sram/D[6]
                                0.14           0.05 r        -0.09  (VIOLATED)
   u_output_buffer/u_out_mem/g_byte[23].u_sram/D[7]
                                0.14           0.05 r        -0.09  (VIOLATED)
   u_output_buffer/u_out_mem/g_byte[24].u_sram/D[0]
                                0.14           0.05 r        -0.09  (VIOLATED)
   u_output_buffer/u_out_mem/g_byte[24].u_sram/D[1]
                                0.14           0.05 r        -0.09  (VIOLATED)
   u_output_buffer/u_out_mem/g_byte[24].u_sram/D[2]
                                0.14           0.05 r        -0.09  (VIOLATED)
   u_output_buffer/u_out_mem/g_byte[24].u_sram/D[3]
                                0.14           0.05 r        -0.09  (VIOLATED)
   u_output_buffer/u_out_mem/g_byte[24].u_sram/D[4]
                                0.14           0.05 r        -0.09  (VIOLATED)
   u_output_buffer/u_out_mem/g_byte[24].u_sram/D[5]
                                0.14           0.05 r        -0.09  (VIOLATED)
   u_output_buffer/u_out_mem/g_byte[24].u_sram/D[6]
                                0.14           0.05 r        -0.09  (VIOLATED)
   u_output_buffer/u_out_mem/g_byte[24].u_sram/D[7]
                                0.14           0.05 r        -0.09  (VIOLATED)
   u_output_buffer/u_out_mem/g_byte[25].u_sram/D[0]
                                0.14           0.05 r        -0.09  (VIOLATED)
   u_output_buffer/u_out_mem/g_byte[25].u_sram/D[1]
                                0.14           0.05 r        -0.09  (VIOLATED)
   u_output_buffer/u_out_mem/g_byte[25].u_sram/D[2]
                                0.14           0.05 r        -0.09  (VIOLATED)
   u_output_buffer/u_out_mem/g_byte[25].u_sram/D[3]
                                0.14           0.05 r        -0.09  (VIOLATED)
   u_output_buffer/u_out_mem/g_byte[25].u_sram/D[4]
                                0.14           0.05 r        -0.09  (VIOLATED)
   u_output_buffer/u_out_mem/g_byte[25].u_sram/D[5]
                                0.14           0.05 r        -0.09  (VIOLATED)
   u_output_buffer/u_out_mem/g_byte[25].u_sram/D[6]
                                0.14           0.05 r        -0.09  (VIOLATED)
   u_output_buffer/u_out_mem/g_byte[25].u_sram/D[7]
                                0.14           0.05 r        -0.09  (VIOLATED)
   u_output_buffer/u_out_mem/g_byte[26].u_sram/D[0]
                                0.14           0.05 r        -0.09  (VIOLATED)
   u_output_buffer/u_out_mem/g_byte[26].u_sram/D[1]
                                0.14           0.05 r        -0.09  (VIOLATED)
   u_output_buffer/u_out_mem/g_byte[26].u_sram/D[2]
                                0.14           0.05 r        -0.09  (VIOLATED)
   u_output_buffer/u_out_mem/g_byte[26].u_sram/D[3]
                                0.14           0.05 r        -0.09  (VIOLATED)
   u_output_buffer/u_out_mem/g_byte[26].u_sram/D[4]
                                0.14           0.05 r        -0.09  (VIOLATED)
   u_output_buffer/u_out_mem/g_byte[26].u_sram/D[5]
                                0.14           0.05 r        -0.09  (VIOLATED)
   u_output_buffer/u_out_mem/g_byte[26].u_sram/D[6]
                                0.14           0.05 r        -0.09  (VIOLATED)
   u_output_buffer/u_out_mem/g_byte[26].u_sram/D[7]
                                0.14           0.05 r        -0.09  (VIOLATED)
   u_output_buffer/u_out_mem/g_byte[27].u_sram/D[0]
                                0.14           0.05 r        -0.09  (VIOLATED)
   u_output_buffer/u_out_mem/g_byte[27].u_sram/D[1]
                                0.14           0.05 r        -0.09  (VIOLATED)
   u_output_buffer/u_out_mem/g_byte[27].u_sram/D[2]
                                0.14           0.05 r        -0.09  (VIOLATED)
   u_output_buffer/u_out_mem/g_byte[27].u_sram/D[3]
                                0.14           0.05 r        -0.09  (VIOLATED)
   u_output_buffer/u_out_mem/g_byte[27].u_sram/D[4]
                                0.14           0.05 r        -0.09  (VIOLATED)
   u_output_buffer/u_out_mem/g_byte[27].u_sram/D[5]
                                0.14           0.05 r        -0.09  (VIOLATED)
   u_output_buffer/u_out_mem/g_byte[27].u_sram/D[6]
                                0.14           0.05 r        -0.09  (VIOLATED)
   u_output_buffer/u_out_mem/g_byte[27].u_sram/D[7]
                                0.14           0.05 r        -0.09  (VIOLATED)
   u_output_buffer/u_out_mem/g_byte[28].u_sram/D[0]
                                0.14           0.05 r        -0.09  (VIOLATED)
   u_output_buffer/u_out_mem/g_byte[28].u_sram/D[1]
                                0.14           0.05 r        -0.09  (VIOLATED)
   u_output_buffer/u_out_mem/g_byte[28].u_sram/D[2]
                                0.14           0.05 r        -0.09  (VIOLATED)
   u_output_buffer/u_out_mem/g_byte[28].u_sram/D[3]
                                0.14           0.05 r        -0.09  (VIOLATED)
   u_output_buffer/u_out_mem/g_byte[28].u_sram/D[4]
                                0.14           0.05 r        -0.09  (VIOLATED)
   u_output_buffer/u_out_mem/g_byte[28].u_sram/D[5]
                                0.14           0.05 r        -0.09  (VIOLATED)
   u_output_buffer/u_out_mem/g_byte[28].u_sram/D[6]
                                0.14           0.05 r        -0.09  (VIOLATED)
   u_output_buffer/u_out_mem/g_byte[28].u_sram/D[7]
                                0.14           0.05 r        -0.09  (VIOLATED)
   u_output_buffer/u_out_mem/g_byte[29].u_sram/D[0]
                                0.14           0.05 r        -0.09  (VIOLATED)
   u_output_buffer/u_out_mem/g_byte[29].u_sram/D[1]
                                0.14           0.05 r        -0.09  (VIOLATED)
   u_output_buffer/u_out_mem/g_byte[29].u_sram/D[2]
                                0.14           0.05 r        -0.09  (VIOLATED)
   u_output_buffer/u_out_mem/g_byte[29].u_sram/D[3]
                                0.14           0.05 r        -0.09  (VIOLATED)
   u_output_buffer/u_out_mem/g_byte[29].u_sram/D[4]
                                0.14           0.05 r        -0.09  (VIOLATED)
   u_output_buffer/u_out_mem/g_byte[29].u_sram/D[5]
                                0.14           0.05 r        -0.09  (VIOLATED)
   u_output_buffer/u_out_mem/g_byte[29].u_sram/D[6]
                                0.14           0.05 r        -0.09  (VIOLATED)
   u_output_buffer/u_out_mem/g_byte[29].u_sram/D[7]
                                0.14           0.05 r        -0.09  (VIOLATED)
   u_output_buffer/u_out_mem/g_byte[30].u_sram/D[0]
                                0.14           0.05 r        -0.09  (VIOLATED)
   u_output_buffer/u_out_mem/g_byte[30].u_sram/D[1]
                                0.14           0.05 r        -0.09  (VIOLATED)
   u_output_buffer/u_out_mem/g_byte[30].u_sram/D[2]
                                0.14           0.05 r        -0.09  (VIOLATED)
   u_output_buffer/u_out_mem/g_byte[30].u_sram/D[3]
                                0.14           0.05 r        -0.09  (VIOLATED)
   u_output_buffer/u_out_mem/g_byte[30].u_sram/D[4]
                                0.14           0.05 r        -0.09  (VIOLATED)
   u_output_buffer/u_out_mem/g_byte[30].u_sram/D[5]
                                0.14           0.05 r        -0.09  (VIOLATED)
   u_output_buffer/u_out_mem/g_byte[30].u_sram/D[6]
                                0.14           0.05 r        -0.09  (VIOLATED)
   u_output_buffer/u_out_mem/g_byte[30].u_sram/D[7]
                                0.14           0.05 r        -0.09  (VIOLATED)
   u_output_buffer/u_out_mem/g_byte[31].u_sram/D[0]
                                0.14           0.05 r        -0.09  (VIOLATED)
   u_output_buffer/u_out_mem/g_byte[31].u_sram/D[1]
                                0.14           0.05 r        -0.09  (VIOLATED)
   u_output_buffer/u_out_mem/g_byte[31].u_sram/D[2]
                                0.14           0.05 r        -0.09  (VIOLATED)
   u_output_buffer/u_out_mem/g_byte[31].u_sram/D[3]
                                0.14           0.05 r        -0.09  (VIOLATED)
   u_output_buffer/u_out_mem/g_byte[31].u_sram/D[4]
                                0.14           0.05 r        -0.09  (VIOLATED)
   u_output_buffer/u_out_mem/g_byte[31].u_sram/D[5]
                                0.14           0.05 r        -0.09  (VIOLATED)
   u_output_buffer/u_out_mem/g_byte[31].u_sram/D[6]
                                0.14           0.05 r        -0.09  (VIOLATED)
   u_output_buffer/u_out_mem/g_byte[31].u_sram/D[7]
                                0.14           0.05 r        -0.09  (VIOLATED)
   u_fused_array/g_stripe[0].u_stripe/u_o_bank/g_row[0].g_group[0].u_mem/g_byte[0].u_sram/A[0]
                                0.10           0.07 r        -0.03  (VIOLATED)
   u_fused_array/g_stripe[0].u_stripe/u_o_bank/g_row[0].g_group[0].u_mem/g_byte[0].u_sram/A[1]
                                0.10           0.07 r        -0.03  (VIOLATED)
   u_fused_array/g_stripe[0].u_stripe/u_o_bank/g_row[0].g_group[0].u_mem/g_byte[0].u_sram/A[2]
                                0.10           0.07 r        -0.03  (VIOLATED)
   u_fused_array/g_stripe[0].u_stripe/u_o_bank/g_row[0].g_group[0].u_mem/g_byte[0].u_sram/A[3]
                                0.10           0.07 r        -0.03  (VIOLATED)
   u_fused_array/g_stripe[0].u_stripe/u_o_bank/g_row[0].g_group[0].u_mem/g_byte[0].u_sram/A[4]
                                0.10           0.07 r        -0.03  (VIOLATED)
   u_fused_array/g_stripe[0].u_stripe/u_o_bank/g_row[0].g_group[0].u_mem/g_byte[1].u_sram/A[0]
                                0.10           0.07 r        -0.03  (VIOLATED)
   u_fused_array/g_stripe[0].u_stripe/u_o_bank/g_row[0].g_group[0].u_mem/g_byte[1].u_sram/A[1]
                                0.10           0.07 r        -0.03  (VIOLATED)
   u_fused_array/g_stripe[0].u_stripe/u_o_bank/g_row[0].g_group[0].u_mem/g_byte[1].u_sram/A[2]
                                0.10           0.07 r        -0.03  (VIOLATED)
   u_fused_array/g_stripe[0].u_stripe/u_o_bank/g_row[0].g_group[0].u_mem/g_byte[1].u_sram/A[3]
                                0.10           0.07 r        -0.03  (VIOLATED)
   u_fused_array/g_stripe[0].u_stripe/u_o_bank/g_row[0].g_group[0].u_mem/g_byte[1].u_sram/A[4]
                                0.10           0.07 r        -0.03  (VIOLATED)
   u_fused_array/g_stripe[0].u_stripe/u_o_bank/g_row[0].g_group[0].u_mem/g_byte[2].u_sram/A[0]
                                0.10           0.07 r        -0.03  (VIOLATED)
   u_fused_array/g_stripe[0].u_stripe/u_o_bank/g_row[0].g_group[0].u_mem/g_byte[2].u_sram/A[1]
                                0.10           0.07 r        -0.03  (VIOLATED)
   u_fused_array/g_stripe[0].u_stripe/u_o_bank/g_row[0].g_group[0].u_mem/g_byte[2].u_sram/A[2]
                                0.10           0.07 r        -0.03  (VIOLATED)
   u_fused_array/g_stripe[0].u_stripe/u_o_bank/g_row[0].g_group[0].u_mem/g_byte[2].u_sram/A[3]
                                0.10           0.07 r        -0.03  (VIOLATED)
   u_fused_array/g_stripe[0].u_stripe/u_o_bank/g_row[0].g_group[0].u_mem/g_byte[2].u_sram/A[4]
                                0.10           0.07 r        -0.03  (VIOLATED)
   u_fused_array/g_stripe[0].u_stripe/u_o_bank/g_row[0].g_group[0].u_mem/g_byte[3].u_sram/A[0]
                                0.10           0.07 r        -0.03  (VIOLATED)
   u_fused_array/g_stripe[0].u_stripe/u_o_bank/g_row[0].g_group[0].u_mem/g_byte[3].u_sram/A[1]
                                0.10           0.07 r        -0.03  (VIOLATED)
   u_fused_array/g_stripe[0].u_stripe/u_o_bank/g_row[0].g_group[0].u_mem/g_byte[3].u_sram/A[2]
                                0.10           0.07 r        -0.03  (VIOLATED)
   u_fused_array/g_stripe[0].u_stripe/u_o_bank/g_row[0].g_group[0].u_mem/g_byte[3].u_sram/A[3]
                                0.10           0.07 r        -0.03  (VIOLATED)
   u_fused_array/g_stripe[0].u_stripe/u_o_bank/g_row[0].g_group[0].u_mem/g_byte[3].u_sram/A[4]
                                0.10           0.07 r        -0.03  (VIOLATED)
   u_fused_array/g_stripe[1].u_stripe/u_o_bank/g_row[0].g_group[0].u_mem/g_byte[0].u_sram/A[0]
                                0.10           0.07 r        -0.03  (VIOLATED)
   u_fused_array/g_stripe[1].u_stripe/u_o_bank/g_row[0].g_group[0].u_mem/g_byte[0].u_sram/A[1]
                                0.10           0.07 r        -0.03  (VIOLATED)
   u_fused_array/g_stripe[1].u_stripe/u_o_bank/g_row[0].g_group[0].u_mem/g_byte[0].u_sram/A[2]
                                0.10           0.07 r        -0.03  (VIOLATED)
   u_fused_array/g_stripe[1].u_stripe/u_o_bank/g_row[0].g_group[0].u_mem/g_byte[0].u_sram/A[3]
                                0.10           0.07 r        -0.03  (VIOLATED)
   u_fused_array/g_stripe[1].u_stripe/u_o_bank/g_row[0].g_group[0].u_mem/g_byte[0].u_sram/A[4]
                                0.10           0.07 r        -0.03  (VIOLATED)
   u_fused_array/g_stripe[1].u_stripe/u_o_bank/g_row[0].g_group[0].u_mem/g_byte[1].u_sram/A[0]
                                0.10           0.07 r        -0.03  (VIOLATED)
   u_fused_array/g_stripe[1].u_stripe/u_o_bank/g_row[0].g_group[0].u_mem/g_byte[1].u_sram/A[1]
                                0.10           0.07 r        -0.03  (VIOLATED)
   u_fused_array/g_stripe[1].u_stripe/u_o_bank/g_row[0].g_group[0].u_mem/g_byte[1].u_sram/A[2]
                                0.10           0.07 r        -0.03  (VIOLATED)
   u_fused_array/g_stripe[1].u_stripe/u_o_bank/g_row[0].g_group[0].u_mem/g_byte[1].u_sram/A[3]
                                0.10           0.07 r        -0.03  (VIOLATED)
   u_fused_array/g_stripe[1].u_stripe/u_o_bank/g_row[0].g_group[0].u_mem/g_byte[1].u_sram/A[4]
                                0.10           0.07 r        -0.03  (VIOLATED)
   u_fused_array/g_stripe[1].u_stripe/u_o_bank/g_row[0].g_group[0].u_mem/g_byte[2].u_sram/A[0]
                                0.10           0.07 r        -0.03  (VIOLATED)
   u_fused_array/g_stripe[1].u_stripe/u_o_bank/g_row[0].g_group[0].u_mem/g_byte[2].u_sram/A[1]
                                0.10           0.07 r        -0.03  (VIOLATED)
   u_fused_array/g_stripe[1].u_stripe/u_o_bank/g_row[0].g_group[0].u_mem/g_byte[2].u_sram/A[2]
                                0.10           0.07 r        -0.03  (VIOLATED)
   u_fused_array/g_stripe[1].u_stripe/u_o_bank/g_row[0].g_group[0].u_mem/g_byte[2].u_sram/A[3]
                                0.10           0.07 r        -0.03  (VIOLATED)
   u_fused_array/g_stripe[1].u_stripe/u_o_bank/g_row[0].g_group[0].u_mem/g_byte[2].u_sram/A[4]
                                0.10           0.07 r        -0.03  (VIOLATED)
   u_fused_array/g_stripe[1].u_stripe/u_o_bank/g_row[0].g_group[0].u_mem/g_byte[3].u_sram/A[0]
                                0.10           0.07 r        -0.03  (VIOLATED)
   u_fused_array/g_stripe[1].u_stripe/u_o_bank/g_row[0].g_group[0].u_mem/g_byte[3].u_sram/A[1]
                                0.10           0.07 r        -0.03  (VIOLATED)
   u_fused_array/g_stripe[1].u_stripe/u_o_bank/g_row[0].g_group[0].u_mem/g_byte[3].u_sram/A[2]
                                0.10           0.07 r        -0.03  (VIOLATED)
   u_fused_array/g_stripe[1].u_stripe/u_o_bank/g_row[0].g_group[0].u_mem/g_byte[3].u_sram/A[3]
                                0.10           0.07 r        -0.03  (VIOLATED)
   u_fused_array/g_stripe[1].u_stripe/u_o_bank/g_row[0].g_group[0].u_mem/g_byte[3].u_sram/A[4]
                                0.10           0.07 r        -0.03  (VIOLATED)
   u_fused_array/g_stripe[2].u_stripe/u_o_bank/g_row[0].g_group[0].u_mem/g_byte[0].u_sram/A[0]
                                0.10           0.07 r        -0.03  (VIOLATED)
   u_fused_array/g_stripe[2].u_stripe/u_o_bank/g_row[0].g_group[0].u_mem/g_byte[0].u_sram/A[1]
                                0.10           0.07 r        -0.03  (VIOLATED)
   u_fused_array/g_stripe[2].u_stripe/u_o_bank/g_row[0].g_group[0].u_mem/g_byte[0].u_sram/A[2]
                                0.10           0.07 r        -0.03  (VIOLATED)
   u_fused_array/g_stripe[2].u_stripe/u_o_bank/g_row[0].g_group[0].u_mem/g_byte[0].u_sram/A[3]
                                0.10           0.07 r        -0.03  (VIOLATED)
   u_fused_array/g_stripe[2].u_stripe/u_o_bank/g_row[0].g_group[0].u_mem/g_byte[0].u_sram/A[4]
                                0.10           0.07 r        -0.03  (VIOLATED)
   u_fused_array/g_stripe[2].u_stripe/u_o_bank/g_row[0].g_group[0].u_mem/g_byte[1].u_sram/A[0]
                                0.10           0.07 r        -0.03  (VIOLATED)
   u_fused_array/g_stripe[2].u_stripe/u_o_bank/g_row[0].g_group[0].u_mem/g_byte[1].u_sram/A[1]
                                0.10           0.07 r        -0.03  (VIOLATED)
   u_fused_array/g_stripe[2].u_stripe/u_o_bank/g_row[0].g_group[0].u_mem/g_byte[1].u_sram/A[2]
                                0.10           0.07 r        -0.03  (VIOLATED)
   u_fused_array/g_stripe[2].u_stripe/u_o_bank/g_row[0].g_group[0].u_mem/g_byte[1].u_sram/A[3]
                                0.10           0.07 r        -0.03  (VIOLATED)
   u_fused_array/g_stripe[2].u_stripe/u_o_bank/g_row[0].g_group[0].u_mem/g_byte[1].u_sram/A[4]
                                0.10           0.07 r        -0.03  (VIOLATED)
   u_fused_array/g_stripe[2].u_stripe/u_o_bank/g_row[0].g_group[0].u_mem/g_byte[2].u_sram/A[0]
                                0.10           0.07 r        -0.03  (VIOLATED)
   u_fused_array/g_stripe[2].u_stripe/u_o_bank/g_row[0].g_group[0].u_mem/g_byte[2].u_sram/A[1]
                                0.10           0.07 r        -0.03  (VIOLATED)
   u_fused_array/g_stripe[2].u_stripe/u_o_bank/g_row[0].g_group[0].u_mem/g_byte[2].u_sram/A[2]
                                0.10           0.07 r        -0.03  (VIOLATED)
   u_fused_array/g_stripe[2].u_stripe/u_o_bank/g_row[0].g_group[0].u_mem/g_byte[2].u_sram/A[3]
                                0.10           0.07 r        -0.03  (VIOLATED)
   u_fused_array/g_stripe[2].u_stripe/u_o_bank/g_row[0].g_group[0].u_mem/g_byte[2].u_sram/A[4]
                                0.10           0.07 r        -0.03  (VIOLATED)
   u_fused_array/g_stripe[2].u_stripe/u_o_bank/g_row[0].g_group[0].u_mem/g_byte[3].u_sram/A[0]
                                0.10           0.07 r        -0.03  (VIOLATED)
   u_fused_array/g_stripe[2].u_stripe/u_o_bank/g_row[0].g_group[0].u_mem/g_byte[3].u_sram/A[1]
                                0.10           0.07 r        -0.03  (VIOLATED)
   u_fused_array/g_stripe[2].u_stripe/u_o_bank/g_row[0].g_group[0].u_mem/g_byte[3].u_sram/A[2]
                                0.10           0.07 r        -0.03  (VIOLATED)
   u_fused_array/g_stripe[2].u_stripe/u_o_bank/g_row[0].g_group[0].u_mem/g_byte[3].u_sram/A[3]
                                0.10           0.07 r        -0.03  (VIOLATED)
   u_fused_array/g_stripe[2].u_stripe/u_o_bank/g_row[0].g_group[0].u_mem/g_byte[3].u_sram/A[4]
                                0.10           0.07 r        -0.03  (VIOLATED)
   u_fused_array/g_stripe[3].u_stripe/u_o_bank/g_row[0].g_group[0].u_mem/g_byte[0].u_sram/A[0]
                                0.10           0.07 r        -0.03  (VIOLATED)
   u_fused_array/g_stripe[3].u_stripe/u_o_bank/g_row[0].g_group[0].u_mem/g_byte[0].u_sram/A[1]
                                0.10           0.07 r        -0.03  (VIOLATED)
   u_fused_array/g_stripe[3].u_stripe/u_o_bank/g_row[0].g_group[0].u_mem/g_byte[0].u_sram/A[2]
                                0.10           0.07 r        -0.03  (VIOLATED)
   u_fused_array/g_stripe[3].u_stripe/u_o_bank/g_row[0].g_group[0].u_mem/g_byte[0].u_sram/A[3]
                                0.10           0.07 r        -0.03  (VIOLATED)
   u_fused_array/g_stripe[3].u_stripe/u_o_bank/g_row[0].g_group[0].u_mem/g_byte[0].u_sram/A[4]
                                0.10           0.07 r        -0.03  (VIOLATED)
   u_fused_array/g_stripe[3].u_stripe/u_o_bank/g_row[0].g_group[0].u_mem/g_byte[1].u_sram/A[0]
                                0.10           0.07 r        -0.03  (VIOLATED)
   u_fused_array/g_stripe[3].u_stripe/u_o_bank/g_row[0].g_group[0].u_mem/g_byte[1].u_sram/A[1]
                                0.10           0.07 r        -0.03  (VIOLATED)
   u_fused_array/g_stripe[3].u_stripe/u_o_bank/g_row[0].g_group[0].u_mem/g_byte[1].u_sram/A[2]
                                0.10           0.07 r        -0.03  (VIOLATED)
   u_fused_array/g_stripe[3].u_stripe/u_o_bank/g_row[0].g_group[0].u_mem/g_byte[1].u_sram/A[3]
                                0.10           0.07 r        -0.03  (VIOLATED)
   u_fused_array/g_stripe[3].u_stripe/u_o_bank/g_row[0].g_group[0].u_mem/g_byte[1].u_sram/A[4]
                                0.10           0.07 r        -0.03  (VIOLATED)
   u_fused_array/g_stripe[3].u_stripe/u_o_bank/g_row[0].g_group[0].u_mem/g_byte[2].u_sram/A[0]
                                0.10           0.07 r        -0.03  (VIOLATED)
   u_fused_array/g_stripe[3].u_stripe/u_o_bank/g_row[0].g_group[0].u_mem/g_byte[2].u_sram/A[1]
                                0.10           0.07 r        -0.03  (VIOLATED)
   u_fused_array/g_stripe[3].u_stripe/u_o_bank/g_row[0].g_group[0].u_mem/g_byte[2].u_sram/A[2]
                                0.10           0.07 r        -0.03  (VIOLATED)
   u_fused_array/g_stripe[3].u_stripe/u_o_bank/g_row[0].g_group[0].u_mem/g_byte[2].u_sram/A[3]
                                0.10           0.07 r        -0.03  (VIOLATED)
   u_fused_array/g_stripe[3].u_stripe/u_o_bank/g_row[0].g_group[0].u_mem/g_byte[2].u_sram/A[4]
                                0.10           0.07 r        -0.03  (VIOLATED)
   u_fused_array/g_stripe[3].u_stripe/u_o_bank/g_row[0].g_group[0].u_mem/g_byte[3].u_sram/A[0]
                                0.10           0.07 r        -0.03  (VIOLATED)
   u_fused_array/g_stripe[3].u_stripe/u_o_bank/g_row[0].g_group[0].u_mem/g_byte[3].u_sram/A[1]
                                0.10           0.07 r        -0.03  (VIOLATED)
   u_fused_array/g_stripe[3].u_stripe/u_o_bank/g_row[0].g_group[0].u_mem/g_byte[3].u_sram/A[2]
                                0.10           0.07 r        -0.03  (VIOLATED)
   u_fused_array/g_stripe[3].u_stripe/u_o_bank/g_row[0].g_group[0].u_mem/g_byte[3].u_sram/A[3]
                                0.10           0.07 r        -0.03  (VIOLATED)
   u_fused_array/g_stripe[3].u_stripe/u_o_bank/g_row[0].g_group[0].u_mem/g_byte[3].u_sram/A[4]
                                0.10           0.07 r        -0.03  (VIOLATED)
   u_fused_array/g_stripe[0].u_stripe/u_o_bank/g_row[1].g_group[0].u_mem/g_byte[0].u_sram/A[0]
                                0.10           0.07 r        -0.03  (VIOLATED)
   u_fused_array/g_stripe[0].u_stripe/u_o_bank/g_row[1].g_group[0].u_mem/g_byte[1].u_sram/A[0]
                                0.10           0.07 r        -0.03  (VIOLATED)
   u_fused_array/g_stripe[0].u_stripe/u_o_bank/g_row[1].g_group[0].u_mem/g_byte[2].u_sram/A[0]
                                0.10           0.07 r        -0.03  (VIOLATED)
   u_fused_array/g_stripe[0].u_stripe/u_o_bank/g_row[1].g_group[0].u_mem/g_byte[3].u_sram/A[0]
                                0.10           0.07 r        -0.03  (VIOLATED)
   u_fused_array/g_stripe[0].u_stripe/u_o_bank/g_row[2].g_group[0].u_mem/g_byte[0].u_sram/A[0]
                                0.10           0.07 r        -0.03  (VIOLATED)
   u_fused_array/g_stripe[0].u_stripe/u_o_bank/g_row[2].g_group[0].u_mem/g_byte[1].u_sram/A[0]
                                0.10           0.07 r        -0.03  (VIOLATED)
   u_fused_array/g_stripe[0].u_stripe/u_o_bank/g_row[2].g_group[0].u_mem/g_byte[2].u_sram/A[0]
                                0.10           0.07 r        -0.03  (VIOLATED)
   u_fused_array/g_stripe[0].u_stripe/u_o_bank/g_row[2].g_group[0].u_mem/g_byte[3].u_sram/A[0]
                                0.10           0.07 r        -0.03  (VIOLATED)
   u_fused_array/g_stripe[0].u_stripe/u_o_bank/g_row[3].g_group[0].u_mem/g_byte[0].u_sram/A[0]
                                0.10           0.07 r        -0.03  (VIOLATED)
   u_fused_array/g_stripe[0].u_stripe/u_o_bank/g_row[3].g_group[0].u_mem/g_byte[1].u_sram/A[0]
                                0.10           0.07 r        -0.03  (VIOLATED)
   u_fused_array/g_stripe[0].u_stripe/u_o_bank/g_row[3].g_group[0].u_mem/g_byte[2].u_sram/A[0]
                                0.10           0.07 r        -0.03  (VIOLATED)
   u_fused_array/g_stripe[0].u_stripe/u_o_bank/g_row[3].g_group[0].u_mem/g_byte[3].u_sram/A[0]
                                0.10           0.07 r        -0.03  (VIOLATED)
   u_fused_array/g_stripe[0].u_stripe/u_o_bank/g_row[4].g_group[0].u_mem/g_byte[0].u_sram/A[0]
                                0.10           0.07 r        -0.03  (VIOLATED)
   u_fused_array/g_stripe[0].u_stripe/u_o_bank/g_row[4].g_group[0].u_mem/g_byte[1].u_sram/A[0]
                                0.10           0.07 r        -0.03  (VIOLATED)
   u_fused_array/g_stripe[0].u_stripe/u_o_bank/g_row[4].g_group[0].u_mem/g_byte[2].u_sram/A[0]
                                0.10           0.07 r        -0.03  (VIOLATED)
   u_fused_array/g_stripe[0].u_stripe/u_o_bank/g_row[4].g_group[0].u_mem/g_byte[3].u_sram/A[0]
                                0.10           0.07 r        -0.03  (VIOLATED)
   u_fused_array/g_stripe[0].u_stripe/u_o_bank/g_row[5].g_group[0].u_mem/g_byte[0].u_sram/A[0]
                                0.10           0.07 r        -0.03  (VIOLATED)
   u_fused_array/g_stripe[0].u_stripe/u_o_bank/g_row[5].g_group[0].u_mem/g_byte[1].u_sram/A[0]
                                0.10           0.07 r        -0.03  (VIOLATED)
   u_fused_array/g_stripe[0].u_stripe/u_o_bank/g_row[5].g_group[0].u_mem/g_byte[2].u_sram/A[0]
                                0.10           0.07 r        -0.03  (VIOLATED)
   u_fused_array/g_stripe[0].u_stripe/u_o_bank/g_row[5].g_group[0].u_mem/g_byte[3].u_sram/A[0]
                                0.10           0.07 r        -0.03  (VIOLATED)
   u_fused_array/g_stripe[0].u_stripe/u_o_bank/g_row[6].g_group[0].u_mem/g_byte[0].u_sram/A[0]
                                0.10           0.07 r        -0.03  (VIOLATED)
   u_fused_array/g_stripe[0].u_stripe/u_o_bank/g_row[6].g_group[0].u_mem/g_byte[1].u_sram/A[0]
                                0.10           0.07 r        -0.03  (VIOLATED)
   u_fused_array/g_stripe[0].u_stripe/u_o_bank/g_row[6].g_group[0].u_mem/g_byte[2].u_sram/A[0]
                                0.10           0.07 r        -0.03  (VIOLATED)
   u_fused_array/g_stripe[0].u_stripe/u_o_bank/g_row[6].g_group[0].u_mem/g_byte[3].u_sram/A[0]
                                0.10           0.07 r        -0.03  (VIOLATED)
   u_fused_array/g_stripe[0].u_stripe/u_o_bank/g_row[7].g_group[0].u_mem/g_byte[0].u_sram/A[0]
                                0.10           0.07 r        -0.03  (VIOLATED)
   u_fused_array/g_stripe[0].u_stripe/u_o_bank/g_row[7].g_group[0].u_mem/g_byte[1].u_sram/A[0]
                                0.10           0.07 r        -0.03  (VIOLATED)
   u_fused_array/g_stripe[0].u_stripe/u_o_bank/g_row[7].g_group[0].u_mem/g_byte[2].u_sram/A[0]
                                0.10           0.07 r        -0.03  (VIOLATED)
   u_fused_array/g_stripe[0].u_stripe/u_o_bank/g_row[7].g_group[0].u_mem/g_byte[3].u_sram/A[0]
                                0.10           0.07 r        -0.03  (VIOLATED)
   u_fused_array/g_stripe[1].u_stripe/u_o_bank/g_row[1].g_group[0].u_mem/g_byte[0].u_sram/A[0]
                                0.10           0.07 r        -0.03  (VIOLATED)
   u_fused_array/g_stripe[1].u_stripe/u_o_bank/g_row[1].g_group[0].u_mem/g_byte[1].u_sram/A[0]
                                0.10           0.07 r        -0.03  (VIOLATED)
   u_fused_array/g_stripe[1].u_stripe/u_o_bank/g_row[1].g_group[0].u_mem/g_byte[2].u_sram/A[0]
                                0.10           0.07 r        -0.03  (VIOLATED)
   u_fused_array/g_stripe[1].u_stripe/u_o_bank/g_row[1].g_group[0].u_mem/g_byte[3].u_sram/A[0]
                                0.10           0.07 r        -0.03  (VIOLATED)
   u_fused_array/g_stripe[1].u_stripe/u_o_bank/g_row[2].g_group[0].u_mem/g_byte[0].u_sram/A[0]
                                0.10           0.07 r        -0.03  (VIOLATED)
   u_fused_array/g_stripe[1].u_stripe/u_o_bank/g_row[2].g_group[0].u_mem/g_byte[1].u_sram/A[0]
                                0.10           0.07 r        -0.03  (VIOLATED)
   u_fused_array/g_stripe[1].u_stripe/u_o_bank/g_row[2].g_group[0].u_mem/g_byte[2].u_sram/A[0]
                                0.10           0.07 r        -0.03  (VIOLATED)
   u_fused_array/g_stripe[1].u_stripe/u_o_bank/g_row[2].g_group[0].u_mem/g_byte[3].u_sram/A[0]
                                0.10           0.07 r        -0.03  (VIOLATED)
   u_fused_array/g_stripe[1].u_stripe/u_o_bank/g_row[3].g_group[0].u_mem/g_byte[0].u_sram/A[0]
                                0.10           0.07 r        -0.03  (VIOLATED)
   u_fused_array/g_stripe[1].u_stripe/u_o_bank/g_row[3].g_group[0].u_mem/g_byte[1].u_sram/A[0]
                                0.10           0.07 r        -0.03  (VIOLATED)
   u_fused_array/g_stripe[1].u_stripe/u_o_bank/g_row[3].g_group[0].u_mem/g_byte[2].u_sram/A[0]
                                0.10           0.07 r        -0.03  (VIOLATED)
   u_fused_array/g_stripe[1].u_stripe/u_o_bank/g_row[3].g_group[0].u_mem/g_byte[3].u_sram/A[0]
                                0.10           0.07 r        -0.03  (VIOLATED)
   u_fused_array/g_stripe[1].u_stripe/u_o_bank/g_row[4].g_group[0].u_mem/g_byte[0].u_sram/A[0]
                                0.10           0.07 r        -0.03  (VIOLATED)
   u_fused_array/g_stripe[1].u_stripe/u_o_bank/g_row[4].g_group[0].u_mem/g_byte[1].u_sram/A[0]
                                0.10           0.07 r        -0.03  (VIOLATED)
   u_fused_array/g_stripe[1].u_stripe/u_o_bank/g_row[4].g_group[0].u_mem/g_byte[2].u_sram/A[0]
                                0.10           0.07 r        -0.03  (VIOLATED)
   u_fused_array/g_stripe[1].u_stripe/u_o_bank/g_row[4].g_group[0].u_mem/g_byte[3].u_sram/A[0]
                                0.10           0.07 r        -0.03  (VIOLATED)
   u_fused_array/g_stripe[1].u_stripe/u_o_bank/g_row[5].g_group[0].u_mem/g_byte[0].u_sram/A[0]
                                0.10           0.07 r        -0.03  (VIOLATED)
   u_fused_array/g_stripe[1].u_stripe/u_o_bank/g_row[5].g_group[0].u_mem/g_byte[1].u_sram/A[0]
                                0.10           0.07 r        -0.03  (VIOLATED)
   u_fused_array/g_stripe[1].u_stripe/u_o_bank/g_row[5].g_group[0].u_mem/g_byte[2].u_sram/A[0]
                                0.10           0.07 r        -0.03  (VIOLATED)
   u_fused_array/g_stripe[1].u_stripe/u_o_bank/g_row[5].g_group[0].u_mem/g_byte[3].u_sram/A[0]
                                0.10           0.07 r        -0.03  (VIOLATED)
   u_fused_array/g_stripe[1].u_stripe/u_o_bank/g_row[6].g_group[0].u_mem/g_byte[0].u_sram/A[0]
                                0.10           0.07 r        -0.03  (VIOLATED)
   u_fused_array/g_stripe[1].u_stripe/u_o_bank/g_row[6].g_group[0].u_mem/g_byte[1].u_sram/A[0]
                                0.10           0.07 r        -0.03  (VIOLATED)
   u_fused_array/g_stripe[1].u_stripe/u_o_bank/g_row[6].g_group[0].u_mem/g_byte[2].u_sram/A[0]
                                0.10           0.07 r        -0.03  (VIOLATED)
   u_fused_array/g_stripe[1].u_stripe/u_o_bank/g_row[6].g_group[0].u_mem/g_byte[3].u_sram/A[0]
                                0.10           0.07 r        -0.03  (VIOLATED)
   u_fused_array/g_stripe[1].u_stripe/u_o_bank/g_row[7].g_group[0].u_mem/g_byte[0].u_sram/A[0]
                                0.10           0.07 r        -0.03  (VIOLATED)
   u_fused_array/g_stripe[1].u_stripe/u_o_bank/g_row[7].g_group[0].u_mem/g_byte[1].u_sram/A[0]
                                0.10           0.07 r        -0.03  (VIOLATED)
   u_fused_array/g_stripe[1].u_stripe/u_o_bank/g_row[7].g_group[0].u_mem/g_byte[2].u_sram/A[0]
                                0.10           0.07 r        -0.03  (VIOLATED)
   u_fused_array/g_stripe[1].u_stripe/u_o_bank/g_row[7].g_group[0].u_mem/g_byte[3].u_sram/A[0]
                                0.10           0.07 r        -0.03  (VIOLATED)
   u_fused_array/g_stripe[2].u_stripe/u_o_bank/g_row[1].g_group[0].u_mem/g_byte[0].u_sram/A[0]
                                0.10           0.07 r        -0.03  (VIOLATED)
   u_fused_array/g_stripe[2].u_stripe/u_o_bank/g_row[1].g_group[0].u_mem/g_byte[1].u_sram/A[0]
                                0.10           0.07 r        -0.03  (VIOLATED)
   u_fused_array/g_stripe[2].u_stripe/u_o_bank/g_row[1].g_group[0].u_mem/g_byte[2].u_sram/A[0]
                                0.10           0.07 r        -0.03  (VIOLATED)
   u_fused_array/g_stripe[2].u_stripe/u_o_bank/g_row[1].g_group[0].u_mem/g_byte[3].u_sram/A[0]
                                0.10           0.07 r        -0.03  (VIOLATED)
   u_fused_array/g_stripe[2].u_stripe/u_o_bank/g_row[2].g_group[0].u_mem/g_byte[0].u_sram/A[0]
                                0.10           0.07 r        -0.03  (VIOLATED)
   u_fused_array/g_stripe[2].u_stripe/u_o_bank/g_row[2].g_group[0].u_mem/g_byte[1].u_sram/A[0]
                                0.10           0.07 r        -0.03  (VIOLATED)
   u_fused_array/g_stripe[2].u_stripe/u_o_bank/g_row[2].g_group[0].u_mem/g_byte[2].u_sram/A[0]
                                0.10           0.07 r        -0.03  (VIOLATED)
   u_fused_array/g_stripe[2].u_stripe/u_o_bank/g_row[2].g_group[0].u_mem/g_byte[3].u_sram/A[0]
                                0.10           0.07 r        -0.03  (VIOLATED)
   u_fused_array/g_stripe[2].u_stripe/u_o_bank/g_row[3].g_group[0].u_mem/g_byte[0].u_sram/A[0]
                                0.10           0.07 r        -0.03  (VIOLATED)
   u_fused_array/g_stripe[2].u_stripe/u_o_bank/g_row[3].g_group[0].u_mem/g_byte[1].u_sram/A[0]
                                0.10           0.07 r        -0.03  (VIOLATED)
   u_fused_array/g_stripe[2].u_stripe/u_o_bank/g_row[3].g_group[0].u_mem/g_byte[2].u_sram/A[0]
                                0.10           0.07 r        -0.03  (VIOLATED)
   u_fused_array/g_stripe[2].u_stripe/u_o_bank/g_row[3].g_group[0].u_mem/g_byte[3].u_sram/A[0]
                                0.10           0.07 r        -0.03  (VIOLATED)
   u_fused_array/g_stripe[2].u_stripe/u_o_bank/g_row[4].g_group[0].u_mem/g_byte[0].u_sram/A[0]
                                0.10           0.07 r        -0.03  (VIOLATED)
   u_fused_array/g_stripe[2].u_stripe/u_o_bank/g_row[4].g_group[0].u_mem/g_byte[1].u_sram/A[0]
                                0.10           0.07 r        -0.03  (VIOLATED)
   u_fused_array/g_stripe[2].u_stripe/u_o_bank/g_row[4].g_group[0].u_mem/g_byte[2].u_sram/A[0]
                                0.10           0.07 r        -0.03  (VIOLATED)
   u_fused_array/g_stripe[2].u_stripe/u_o_bank/g_row[4].g_group[0].u_mem/g_byte[3].u_sram/A[0]
                                0.10           0.07 r        -0.03  (VIOLATED)
   u_fused_array/g_stripe[2].u_stripe/u_o_bank/g_row[5].g_group[0].u_mem/g_byte[0].u_sram/A[0]
                                0.10           0.07 r        -0.03  (VIOLATED)
   u_fused_array/g_stripe[2].u_stripe/u_o_bank/g_row[5].g_group[0].u_mem/g_byte[1].u_sram/A[0]
                                0.10           0.07 r        -0.03  (VIOLATED)
   u_fused_array/g_stripe[2].u_stripe/u_o_bank/g_row[5].g_group[0].u_mem/g_byte[2].u_sram/A[0]
                                0.10           0.07 r        -0.03  (VIOLATED)
   u_fused_array/g_stripe[2].u_stripe/u_o_bank/g_row[5].g_group[0].u_mem/g_byte[3].u_sram/A[0]
                                0.10           0.07 r        -0.03  (VIOLATED)
   u_fused_array/g_stripe[2].u_stripe/u_o_bank/g_row[6].g_group[0].u_mem/g_byte[0].u_sram/A[0]
                                0.10           0.07 r        -0.03  (VIOLATED)
   u_fused_array/g_stripe[2].u_stripe/u_o_bank/g_row[6].g_group[0].u_mem/g_byte[1].u_sram/A[0]
                                0.10           0.07 r        -0.03  (VIOLATED)
   u_fused_array/g_stripe[2].u_stripe/u_o_bank/g_row[6].g_group[0].u_mem/g_byte[2].u_sram/A[0]
                                0.10           0.07 r        -0.03  (VIOLATED)
   u_fused_array/g_stripe[2].u_stripe/u_o_bank/g_row[6].g_group[0].u_mem/g_byte[3].u_sram/A[0]
                                0.10           0.07 r        -0.03  (VIOLATED)
   u_fused_array/g_stripe[2].u_stripe/u_o_bank/g_row[7].g_group[0].u_mem/g_byte[0].u_sram/A[0]
                                0.10           0.07 r        -0.03  (VIOLATED)
   u_fused_array/g_stripe[2].u_stripe/u_o_bank/g_row[7].g_group[0].u_mem/g_byte[1].u_sram/A[0]
                                0.10           0.07 r        -0.03  (VIOLATED)
   u_fused_array/g_stripe[2].u_stripe/u_o_bank/g_row[7].g_group[0].u_mem/g_byte[2].u_sram/A[0]
                                0.10           0.07 r        -0.03  (VIOLATED)
   u_fused_array/g_stripe[2].u_stripe/u_o_bank/g_row[7].g_group[0].u_mem/g_byte[3].u_sram/A[0]
                                0.10           0.07 r        -0.03  (VIOLATED)
   u_fused_array/g_stripe[3].u_stripe/u_o_bank/g_row[1].g_group[0].u_mem/g_byte[0].u_sram/A[0]
                                0.10           0.07 r        -0.03  (VIOLATED)
   u_fused_array/g_stripe[3].u_stripe/u_o_bank/g_row[1].g_group[0].u_mem/g_byte[1].u_sram/A[0]
                                0.10           0.07 r        -0.03  (VIOLATED)
   u_fused_array/g_stripe[3].u_stripe/u_o_bank/g_row[1].g_group[0].u_mem/g_byte[2].u_sram/A[0]
                                0.10           0.07 r        -0.03  (VIOLATED)
   u_fused_array/g_stripe[3].u_stripe/u_o_bank/g_row[1].g_group[0].u_mem/g_byte[3].u_sram/A[0]
                                0.10           0.07 r        -0.03  (VIOLATED)
   u_fused_array/g_stripe[3].u_stripe/u_o_bank/g_row[2].g_group[0].u_mem/g_byte[0].u_sram/A[0]
                                0.10           0.07 r        -0.03  (VIOLATED)
   u_fused_array/g_stripe[3].u_stripe/u_o_bank/g_row[2].g_group[0].u_mem/g_byte[1].u_sram/A[0]
                                0.10           0.07 r        -0.03  (VIOLATED)
   u_fused_array/g_stripe[3].u_stripe/u_o_bank/g_row[2].g_group[0].u_mem/g_byte[2].u_sram/A[0]
                                0.10           0.07 r        -0.03  (VIOLATED)
   u_fused_array/g_stripe[3].u_stripe/u_o_bank/g_row[2].g_group[0].u_mem/g_byte[3].u_sram/A[0]
                                0.10           0.07 r        -0.03  (VIOLATED)
   u_fused_array/g_stripe[3].u_stripe/u_o_bank/g_row[3].g_group[0].u_mem/g_byte[0].u_sram/A[0]
                                0.10           0.07 r        -0.03  (VIOLATED)
   u_fused_array/g_stripe[3].u_stripe/u_o_bank/g_row[3].g_group[0].u_mem/g_byte[1].u_sram/A[0]
                                0.10           0.07 r        -0.03  (VIOLATED)
   u_fused_array/g_stripe[3].u_stripe/u_o_bank/g_row[3].g_group[0].u_mem/g_byte[2].u_sram/A[0]
                                0.10           0.07 r        -0.03  (VIOLATED)
   u_fused_array/g_stripe[3].u_stripe/u_o_bank/g_row[3].g_group[0].u_mem/g_byte[3].u_sram/A[0]
                                0.10           0.07 r        -0.03  (VIOLATED)
   u_fused_array/g_stripe[3].u_stripe/u_o_bank/g_row[4].g_group[0].u_mem/g_byte[0].u_sram/A[0]
                                0.10           0.07 r        -0.03  (VIOLATED)
   u_fused_array/g_stripe[3].u_stripe/u_o_bank/g_row[4].g_group[0].u_mem/g_byte[1].u_sram/A[0]
                                0.10           0.07 r        -0.03  (VIOLATED)
   u_fused_array/g_stripe[3].u_stripe/u_o_bank/g_row[4].g_group[0].u_mem/g_byte[2].u_sram/A[0]
                                0.10           0.07 r        -0.03  (VIOLATED)
   u_fused_array/g_stripe[3].u_stripe/u_o_bank/g_row[4].g_group[0].u_mem/g_byte[3].u_sram/A[0]
                                0.10           0.07 r        -0.03  (VIOLATED)
   u_fused_array/g_stripe[3].u_stripe/u_o_bank/g_row[5].g_group[0].u_mem/g_byte[0].u_sram/A[0]
                                0.10           0.07 r        -0.03  (VIOLATED)
   u_fused_array/g_stripe[3].u_stripe/u_o_bank/g_row[5].g_group[0].u_mem/g_byte[1].u_sram/A[0]
                                0.10           0.07 r        -0.03  (VIOLATED)
   u_fused_array/g_stripe[3].u_stripe/u_o_bank/g_row[5].g_group[0].u_mem/g_byte[2].u_sram/A[0]
                                0.10           0.07 r        -0.03  (VIOLATED)
   u_fused_array/g_stripe[3].u_stripe/u_o_bank/g_row[5].g_group[0].u_mem/g_byte[3].u_sram/A[0]
                                0.10           0.07 r        -0.03  (VIOLATED)
   u_fused_array/g_stripe[3].u_stripe/u_o_bank/g_row[6].g_group[0].u_mem/g_byte[0].u_sram/A[0]
                                0.10           0.07 r        -0.03  (VIOLATED)
   u_fused_array/g_stripe[3].u_stripe/u_o_bank/g_row[6].g_group[0].u_mem/g_byte[1].u_sram/A[0]
                                0.10           0.07 r        -0.03  (VIOLATED)
   u_fused_array/g_stripe[3].u_stripe/u_o_bank/g_row[6].g_group[0].u_mem/g_byte[2].u_sram/A[0]
                                0.10           0.07 r        -0.03  (VIOLATED)
   u_fused_array/g_stripe[3].u_stripe/u_o_bank/g_row[6].g_group[0].u_mem/g_byte[3].u_sram/A[0]
                                0.10           0.07 r        -0.03  (VIOLATED)
   u_fused_array/g_stripe[0].u_stripe/u_o_bank/g_row[1].g_group[0].u_mem/g_byte[0].u_sram/A[1]
                                0.10           0.07 r        -0.03  (VIOLATED)
   u_fused_array/g_stripe[0].u_stripe/u_o_bank/g_row[1].g_group[0].u_mem/g_byte[0].u_sram/A[2]
                                0.10           0.07 r        -0.03  (VIOLATED)
   u_fused_array/g_stripe[0].u_stripe/u_o_bank/g_row[1].g_group[0].u_mem/g_byte[0].u_sram/A[3]
                                0.10           0.07 r        -0.03  (VIOLATED)
   u_fused_array/g_stripe[0].u_stripe/u_o_bank/g_row[1].g_group[0].u_mem/g_byte[0].u_sram/A[4]
                                0.10           0.07 r        -0.03  (VIOLATED)
   u_fused_array/g_stripe[0].u_stripe/u_o_bank/g_row[1].g_group[0].u_mem/g_byte[1].u_sram/A[1]
                                0.10           0.07 r        -0.03  (VIOLATED)
   u_fused_array/g_stripe[0].u_stripe/u_o_bank/g_row[1].g_group[0].u_mem/g_byte[1].u_sram/A[2]
                                0.10           0.07 r        -0.03  (VIOLATED)
   u_fused_array/g_stripe[0].u_stripe/u_o_bank/g_row[1].g_group[0].u_mem/g_byte[1].u_sram/A[3]
                                0.10           0.07 r        -0.03  (VIOLATED)
   u_fused_array/g_stripe[0].u_stripe/u_o_bank/g_row[1].g_group[0].u_mem/g_byte[1].u_sram/A[4]
                                0.10           0.07 r        -0.03  (VIOLATED)
   u_fused_array/g_stripe[0].u_stripe/u_o_bank/g_row[1].g_group[0].u_mem/g_byte[2].u_sram/A[1]
                                0.10           0.07 r        -0.03  (VIOLATED)
   u_fused_array/g_stripe[0].u_stripe/u_o_bank/g_row[1].g_group[0].u_mem/g_byte[2].u_sram/A[2]
                                0.10           0.07 r        -0.03  (VIOLATED)
   u_fused_array/g_stripe[0].u_stripe/u_o_bank/g_row[1].g_group[0].u_mem/g_byte[2].u_sram/A[3]
                                0.10           0.07 r        -0.03  (VIOLATED)
   u_fused_array/g_stripe[0].u_stripe/u_o_bank/g_row[1].g_group[0].u_mem/g_byte[2].u_sram/A[4]
                                0.10           0.07 r        -0.03  (VIOLATED)
   u_fused_array/g_stripe[0].u_stripe/u_o_bank/g_row[1].g_group[0].u_mem/g_byte[3].u_sram/A[1]
                                0.10           0.07 r        -0.03  (VIOLATED)
   u_fused_array/g_stripe[0].u_stripe/u_o_bank/g_row[1].g_group[0].u_mem/g_byte[3].u_sram/A[2]
                                0.10           0.07 r        -0.03  (VIOLATED)
   u_fused_array/g_stripe[0].u_stripe/u_o_bank/g_row[1].g_group[0].u_mem/g_byte[3].u_sram/A[3]
                                0.10           0.07 r        -0.03  (VIOLATED)
   u_fused_array/g_stripe[0].u_stripe/u_o_bank/g_row[1].g_group[0].u_mem/g_byte[3].u_sram/A[4]
                                0.10           0.07 r        -0.03  (VIOLATED)
   u_fused_array/g_stripe[0].u_stripe/u_o_bank/g_row[2].g_group[0].u_mem/g_byte[0].u_sram/A[1]
                                0.10           0.07 r        -0.03  (VIOLATED)
   u_fused_array/g_stripe[0].u_stripe/u_o_bank/g_row[2].g_group[0].u_mem/g_byte[0].u_sram/A[2]
                                0.10           0.07 r        -0.03  (VIOLATED)
   u_fused_array/g_stripe[0].u_stripe/u_o_bank/g_row[2].g_group[0].u_mem/g_byte[0].u_sram/A[3]
                                0.10           0.07 r        -0.03  (VIOLATED)
   u_fused_array/g_stripe[0].u_stripe/u_o_bank/g_row[2].g_group[0].u_mem/g_byte[0].u_sram/A[4]
                                0.10           0.07 r        -0.03  (VIOLATED)
   u_fused_array/g_stripe[0].u_stripe/u_o_bank/g_row[2].g_group[0].u_mem/g_byte[1].u_sram/A[1]
                                0.10           0.07 r        -0.03  (VIOLATED)
   u_fused_array/g_stripe[0].u_stripe/u_o_bank/g_row[2].g_group[0].u_mem/g_byte[1].u_sram/A[2]
                                0.10           0.07 r        -0.03  (VIOLATED)
   u_fused_array/g_stripe[0].u_stripe/u_o_bank/g_row[2].g_group[0].u_mem/g_byte[1].u_sram/A[3]
                                0.10           0.07 r        -0.03  (VIOLATED)
   u_fused_array/g_stripe[0].u_stripe/u_o_bank/g_row[2].g_group[0].u_mem/g_byte[1].u_sram/A[4]
                                0.10           0.07 r        -0.03  (VIOLATED)
   u_fused_array/g_stripe[0].u_stripe/u_o_bank/g_row[2].g_group[0].u_mem/g_byte[2].u_sram/A[1]
                                0.10           0.07 r        -0.03  (VIOLATED)
   u_fused_array/g_stripe[0].u_stripe/u_o_bank/g_row[2].g_group[0].u_mem/g_byte[2].u_sram/A[2]
                                0.10           0.07 r        -0.03  (VIOLATED)
   u_fused_array/g_stripe[0].u_stripe/u_o_bank/g_row[2].g_group[0].u_mem/g_byte[2].u_sram/A[3]
                                0.10           0.07 r        -0.03  (VIOLATED)
   u_fused_array/g_stripe[0].u_stripe/u_o_bank/g_row[2].g_group[0].u_mem/g_byte[2].u_sram/A[4]
                                0.10           0.07 r        -0.03  (VIOLATED)
   u_fused_array/g_stripe[0].u_stripe/u_o_bank/g_row[2].g_group[0].u_mem/g_byte[3].u_sram/A[1]
                                0.10           0.07 r        -0.03  (VIOLATED)
   u_fused_array/g_stripe[0].u_stripe/u_o_bank/g_row[2].g_group[0].u_mem/g_byte[3].u_sram/A[2]
                                0.10           0.07 r        -0.03  (VIOLATED)
   u_fused_array/g_stripe[0].u_stripe/u_o_bank/g_row[2].g_group[0].u_mem/g_byte[3].u_sram/A[3]
                                0.10           0.07 r        -0.03  (VIOLATED)
   u_fused_array/g_stripe[0].u_stripe/u_o_bank/g_row[2].g_group[0].u_mem/g_byte[3].u_sram/A[4]
                                0.10           0.07 r        -0.03  (VIOLATED)
   u_fused_array/g_stripe[0].u_stripe/u_o_bank/g_row[3].g_group[0].u_mem/g_byte[0].u_sram/A[1]
                                0.10           0.07 r        -0.03  (VIOLATED)
   u_fused_array/g_stripe[0].u_stripe/u_o_bank/g_row[3].g_group[0].u_mem/g_byte[0].u_sram/A[2]
                                0.10           0.07 r        -0.03  (VIOLATED)
   u_fused_array/g_stripe[0].u_stripe/u_o_bank/g_row[3].g_group[0].u_mem/g_byte[0].u_sram/A[3]
                                0.10           0.07 r        -0.03  (VIOLATED)
   u_fused_array/g_stripe[0].u_stripe/u_o_bank/g_row[3].g_group[0].u_mem/g_byte[0].u_sram/A[4]
                                0.10           0.07 r        -0.03  (VIOLATED)
   u_fused_array/g_stripe[0].u_stripe/u_o_bank/g_row[3].g_group[0].u_mem/g_byte[1].u_sram/A[1]
                                0.10           0.07 r        -0.03  (VIOLATED)
   u_fused_array/g_stripe[0].u_stripe/u_o_bank/g_row[3].g_group[0].u_mem/g_byte[1].u_sram/A[2]
                                0.10           0.07 r        -0.03  (VIOLATED)
   u_fused_array/g_stripe[0].u_stripe/u_o_bank/g_row[3].g_group[0].u_mem/g_byte[1].u_sram/A[3]
                                0.10           0.07 r        -0.03  (VIOLATED)
   u_fused_array/g_stripe[0].u_stripe/u_o_bank/g_row[3].g_group[0].u_mem/g_byte[1].u_sram/A[4]
                                0.10           0.07 r        -0.03  (VIOLATED)
   u_fused_array/g_stripe[0].u_stripe/u_o_bank/g_row[3].g_group[0].u_mem/g_byte[2].u_sram/A[1]
                                0.10           0.07 r        -0.03  (VIOLATED)
   u_fused_array/g_stripe[0].u_stripe/u_o_bank/g_row[3].g_group[0].u_mem/g_byte[2].u_sram/A[2]
                                0.10           0.07 r        -0.03  (VIOLATED)
   u_fused_array/g_stripe[0].u_stripe/u_o_bank/g_row[3].g_group[0].u_mem/g_byte[2].u_sram/A[3]
                                0.10           0.07 r        -0.03  (VIOLATED)
   u_fused_array/g_stripe[0].u_stripe/u_o_bank/g_row[3].g_group[0].u_mem/g_byte[2].u_sram/A[4]
                                0.10           0.07 r        -0.03  (VIOLATED)
   u_fused_array/g_stripe[0].u_stripe/u_o_bank/g_row[3].g_group[0].u_mem/g_byte[3].u_sram/A[1]
                                0.10           0.07 r        -0.03  (VIOLATED)
   u_fused_array/g_stripe[0].u_stripe/u_o_bank/g_row[3].g_group[0].u_mem/g_byte[3].u_sram/A[2]
                                0.10           0.07 r        -0.03  (VIOLATED)
   u_fused_array/g_stripe[0].u_stripe/u_o_bank/g_row[3].g_group[0].u_mem/g_byte[3].u_sram/A[3]
                                0.10           0.07 r        -0.03  (VIOLATED)
   u_fused_array/g_stripe[0].u_stripe/u_o_bank/g_row[3].g_group[0].u_mem/g_byte[3].u_sram/A[4]
                                0.10           0.07 r        -0.03  (VIOLATED)
   u_fused_array/g_stripe[0].u_stripe/u_o_bank/g_row[4].g_group[0].u_mem/g_byte[0].u_sram/A[1]
                                0.10           0.07 r        -0.03  (VIOLATED)
   u_fused_array/g_stripe[0].u_stripe/u_o_bank/g_row[4].g_group[0].u_mem/g_byte[0].u_sram/A[2]
                                0.10           0.07 r        -0.03  (VIOLATED)
   u_fused_array/g_stripe[0].u_stripe/u_o_bank/g_row[4].g_group[0].u_mem/g_byte[0].u_sram/A[3]
                                0.10           0.07 r        -0.03  (VIOLATED)
   u_fused_array/g_stripe[0].u_stripe/u_o_bank/g_row[4].g_group[0].u_mem/g_byte[0].u_sram/A[4]
                                0.10           0.07 r        -0.03  (VIOLATED)
   u_fused_array/g_stripe[0].u_stripe/u_o_bank/g_row[4].g_group[0].u_mem/g_byte[1].u_sram/A[1]
                                0.10           0.07 r        -0.03  (VIOLATED)
   u_fused_array/g_stripe[0].u_stripe/u_o_bank/g_row[4].g_group[0].u_mem/g_byte[1].u_sram/A[2]
                                0.10           0.07 r        -0.03  (VIOLATED)
   u_fused_array/g_stripe[0].u_stripe/u_o_bank/g_row[4].g_group[0].u_mem/g_byte[1].u_sram/A[3]
                                0.10           0.07 r        -0.03  (VIOLATED)
   u_fused_array/g_stripe[0].u_stripe/u_o_bank/g_row[4].g_group[0].u_mem/g_byte[1].u_sram/A[4]
                                0.10           0.07 r        -0.03  (VIOLATED)
   u_fused_array/g_stripe[0].u_stripe/u_o_bank/g_row[4].g_group[0].u_mem/g_byte[2].u_sram/A[1]
                                0.10           0.07 r        -0.03  (VIOLATED)
   u_fused_array/g_stripe[0].u_stripe/u_o_bank/g_row[4].g_group[0].u_mem/g_byte[2].u_sram/A[2]
                                0.10           0.07 r        -0.03  (VIOLATED)
   u_fused_array/g_stripe[0].u_stripe/u_o_bank/g_row[4].g_group[0].u_mem/g_byte[2].u_sram/A[3]
                                0.10           0.07 r        -0.03  (VIOLATED)
   u_fused_array/g_stripe[0].u_stripe/u_o_bank/g_row[4].g_group[0].u_mem/g_byte[2].u_sram/A[4]
                                0.10           0.07 r        -0.03  (VIOLATED)
   u_fused_array/g_stripe[0].u_stripe/u_o_bank/g_row[4].g_group[0].u_mem/g_byte[3].u_sram/A[1]
                                0.10           0.07 r        -0.03  (VIOLATED)
   u_fused_array/g_stripe[0].u_stripe/u_o_bank/g_row[4].g_group[0].u_mem/g_byte[3].u_sram/A[2]
                                0.10           0.07 r        -0.03  (VIOLATED)
   u_fused_array/g_stripe[0].u_stripe/u_o_bank/g_row[4].g_group[0].u_mem/g_byte[3].u_sram/A[3]
                                0.10           0.07 r        -0.03  (VIOLATED)
   u_fused_array/g_stripe[0].u_stripe/u_o_bank/g_row[4].g_group[0].u_mem/g_byte[3].u_sram/A[4]
                                0.10           0.07 r        -0.03  (VIOLATED)
   u_fused_array/g_stripe[0].u_stripe/u_o_bank/g_row[5].g_group[0].u_mem/g_byte[0].u_sram/A[1]
                                0.10           0.07 r        -0.03  (VIOLATED)
   u_fused_array/g_stripe[0].u_stripe/u_o_bank/g_row[5].g_group[0].u_mem/g_byte[0].u_sram/A[2]
                                0.10           0.07 r        -0.03  (VIOLATED)
   u_fused_array/g_stripe[0].u_stripe/u_o_bank/g_row[5].g_group[0].u_mem/g_byte[0].u_sram/A[3]
                                0.10           0.07 r        -0.03  (VIOLATED)
   u_fused_array/g_stripe[0].u_stripe/u_o_bank/g_row[5].g_group[0].u_mem/g_byte[0].u_sram/A[4]
                                0.10           0.07 r        -0.03  (VIOLATED)
   u_fused_array/g_stripe[0].u_stripe/u_o_bank/g_row[5].g_group[0].u_mem/g_byte[1].u_sram/A[1]
                                0.10           0.07 r        -0.03  (VIOLATED)
   u_fused_array/g_stripe[0].u_stripe/u_o_bank/g_row[5].g_group[0].u_mem/g_byte[1].u_sram/A[2]
                                0.10           0.07 r        -0.03  (VIOLATED)
   u_fused_array/g_stripe[0].u_stripe/u_o_bank/g_row[5].g_group[0].u_mem/g_byte[1].u_sram/A[3]
                                0.10           0.07 r        -0.03  (VIOLATED)
   u_fused_array/g_stripe[0].u_stripe/u_o_bank/g_row[5].g_group[0].u_mem/g_byte[1].u_sram/A[4]
                                0.10           0.07 r        -0.03  (VIOLATED)
   u_fused_array/g_stripe[0].u_stripe/u_o_bank/g_row[5].g_group[0].u_mem/g_byte[2].u_sram/A[1]
                                0.10           0.07 r        -0.03  (VIOLATED)
   u_fused_array/g_stripe[0].u_stripe/u_o_bank/g_row[5].g_group[0].u_mem/g_byte[2].u_sram/A[2]
                                0.10           0.07 r        -0.03  (VIOLATED)
   u_fused_array/g_stripe[0].u_stripe/u_o_bank/g_row[5].g_group[0].u_mem/g_byte[2].u_sram/A[3]
                                0.10           0.07 r        -0.03  (VIOLATED)
   u_fused_array/g_stripe[0].u_stripe/u_o_bank/g_row[5].g_group[0].u_mem/g_byte[2].u_sram/A[4]
                                0.10           0.07 r        -0.03  (VIOLATED)
   u_fused_array/g_stripe[0].u_stripe/u_o_bank/g_row[5].g_group[0].u_mem/g_byte[3].u_sram/A[1]
                                0.10           0.07 r        -0.03  (VIOLATED)
   u_fused_array/g_stripe[0].u_stripe/u_o_bank/g_row[5].g_group[0].u_mem/g_byte[3].u_sram/A[2]
                                0.10           0.07 r        -0.03  (VIOLATED)
   u_fused_array/g_stripe[0].u_stripe/u_o_bank/g_row[5].g_group[0].u_mem/g_byte[3].u_sram/A[3]
                                0.10           0.07 r        -0.03  (VIOLATED)
   u_fused_array/g_stripe[0].u_stripe/u_o_bank/g_row[5].g_group[0].u_mem/g_byte[3].u_sram/A[4]
                                0.10           0.07 r        -0.03  (VIOLATED)
   u_fused_array/g_stripe[0].u_stripe/u_o_bank/g_row[6].g_group[0].u_mem/g_byte[0].u_sram/A[1]
                                0.10           0.07 r        -0.03  (VIOLATED)
   u_fused_array/g_stripe[0].u_stripe/u_o_bank/g_row[6].g_group[0].u_mem/g_byte[0].u_sram/A[2]
                                0.10           0.07 r        -0.03  (VIOLATED)
   u_fused_array/g_stripe[0].u_stripe/u_o_bank/g_row[6].g_group[0].u_mem/g_byte[0].u_sram/A[3]
                                0.10           0.07 r        -0.03  (VIOLATED)
   u_fused_array/g_stripe[0].u_stripe/u_o_bank/g_row[6].g_group[0].u_mem/g_byte[0].u_sram/A[4]
                                0.10           0.07 r        -0.03  (VIOLATED)
   u_fused_array/g_stripe[0].u_stripe/u_o_bank/g_row[6].g_group[0].u_mem/g_byte[1].u_sram/A[1]
                                0.10           0.07 r        -0.03  (VIOLATED)
   u_fused_array/g_stripe[0].u_stripe/u_o_bank/g_row[6].g_group[0].u_mem/g_byte[1].u_sram/A[2]
                                0.10           0.07 r        -0.03  (VIOLATED)
   u_fused_array/g_stripe[0].u_stripe/u_o_bank/g_row[6].g_group[0].u_mem/g_byte[1].u_sram/A[3]
                                0.10           0.07 r        -0.03  (VIOLATED)
   u_fused_array/g_stripe[0].u_stripe/u_o_bank/g_row[6].g_group[0].u_mem/g_byte[1].u_sram/A[4]
                                0.10           0.07 r        -0.03  (VIOLATED)
   u_fused_array/g_stripe[0].u_stripe/u_o_bank/g_row[6].g_group[0].u_mem/g_byte[2].u_sram/A[1]
                                0.10           0.07 r        -0.03  (VIOLATED)
   u_fused_array/g_stripe[0].u_stripe/u_o_bank/g_row[6].g_group[0].u_mem/g_byte[2].u_sram/A[2]
                                0.10           0.07 r        -0.03  (VIOLATED)
   u_fused_array/g_stripe[0].u_stripe/u_o_bank/g_row[6].g_group[0].u_mem/g_byte[2].u_sram/A[3]
                                0.10           0.07 r        -0.03  (VIOLATED)
   u_fused_array/g_stripe[0].u_stripe/u_o_bank/g_row[6].g_group[0].u_mem/g_byte[2].u_sram/A[4]
                                0.10           0.07 r        -0.03  (VIOLATED)
   u_fused_array/g_stripe[0].u_stripe/u_o_bank/g_row[6].g_group[0].u_mem/g_byte[3].u_sram/A[1]
                                0.10           0.07 r        -0.03  (VIOLATED)
   u_fused_array/g_stripe[0].u_stripe/u_o_bank/g_row[6].g_group[0].u_mem/g_byte[3].u_sram/A[2]
                                0.10           0.07 r        -0.03  (VIOLATED)
   u_fused_array/g_stripe[0].u_stripe/u_o_bank/g_row[6].g_group[0].u_mem/g_byte[3].u_sram/A[3]
                                0.10           0.07 r        -0.03  (VIOLATED)
   u_fused_array/g_stripe[0].u_stripe/u_o_bank/g_row[6].g_group[0].u_mem/g_byte[3].u_sram/A[4]
                                0.10           0.07 r        -0.03  (VIOLATED)
   u_fused_array/g_stripe[0].u_stripe/u_o_bank/g_row[7].g_group[0].u_mem/g_byte[0].u_sram/A[1]
                                0.10           0.07 r        -0.03  (VIOLATED)
   u_fused_array/g_stripe[0].u_stripe/u_o_bank/g_row[7].g_group[0].u_mem/g_byte[0].u_sram/A[2]
                                0.10           0.07 r        -0.03  (VIOLATED)
   u_fused_array/g_stripe[0].u_stripe/u_o_bank/g_row[7].g_group[0].u_mem/g_byte[0].u_sram/A[3]
                                0.10           0.07 r        -0.03  (VIOLATED)
   u_fused_array/g_stripe[0].u_stripe/u_o_bank/g_row[7].g_group[0].u_mem/g_byte[0].u_sram/A[4]
                                0.10           0.07 r        -0.03  (VIOLATED)
   u_fused_array/g_stripe[0].u_stripe/u_o_bank/g_row[7].g_group[0].u_mem/g_byte[1].u_sram/A[1]
                                0.10           0.07 r        -0.03  (VIOLATED)
   u_fused_array/g_stripe[0].u_stripe/u_o_bank/g_row[7].g_group[0].u_mem/g_byte[1].u_sram/A[2]
                                0.10           0.07 r        -0.03  (VIOLATED)
   u_fused_array/g_stripe[0].u_stripe/u_o_bank/g_row[7].g_group[0].u_mem/g_byte[1].u_sram/A[3]
                                0.10           0.07 r        -0.03  (VIOLATED)
   u_fused_array/g_stripe[0].u_stripe/u_o_bank/g_row[7].g_group[0].u_mem/g_byte[1].u_sram/A[4]
                                0.10           0.07 r        -0.03  (VIOLATED)
   u_fused_array/g_stripe[0].u_stripe/u_o_bank/g_row[7].g_group[0].u_mem/g_byte[2].u_sram/A[1]
                                0.10           0.07 r        -0.03  (VIOLATED)
   u_fused_array/g_stripe[0].u_stripe/u_o_bank/g_row[7].g_group[0].u_mem/g_byte[2].u_sram/A[2]
                                0.10           0.07 r        -0.03  (VIOLATED)
   u_fused_array/g_stripe[0].u_stripe/u_o_bank/g_row[7].g_group[0].u_mem/g_byte[2].u_sram/A[3]
                                0.10           0.07 r        -0.03  (VIOLATED)
   u_fused_array/g_stripe[0].u_stripe/u_o_bank/g_row[7].g_group[0].u_mem/g_byte[2].u_sram/A[4]
                                0.10           0.07 r        -0.03  (VIOLATED)
   u_fused_array/g_stripe[0].u_stripe/u_o_bank/g_row[7].g_group[0].u_mem/g_byte[3].u_sram/A[1]
                                0.10           0.07 r        -0.03  (VIOLATED)
   u_fused_array/g_stripe[0].u_stripe/u_o_bank/g_row[7].g_group[0].u_mem/g_byte[3].u_sram/A[2]
                                0.10           0.07 r        -0.03  (VIOLATED)
   u_fused_array/g_stripe[0].u_stripe/u_o_bank/g_row[7].g_group[0].u_mem/g_byte[3].u_sram/A[3]
                                0.10           0.07 r        -0.03  (VIOLATED)
   u_fused_array/g_stripe[0].u_stripe/u_o_bank/g_row[7].g_group[0].u_mem/g_byte[3].u_sram/A[4]
                                0.10           0.07 r        -0.03  (VIOLATED)
   u_fused_array/g_stripe[1].u_stripe/u_o_bank/g_row[1].g_group[0].u_mem/g_byte[0].u_sram/A[1]
                                0.10           0.07 r        -0.03  (VIOLATED)
   u_fused_array/g_stripe[1].u_stripe/u_o_bank/g_row[1].g_group[0].u_mem/g_byte[0].u_sram/A[2]
                                0.10           0.07 r        -0.03  (VIOLATED)
   u_fused_array/g_stripe[1].u_stripe/u_o_bank/g_row[1].g_group[0].u_mem/g_byte[0].u_sram/A[3]
                                0.10           0.07 r        -0.03  (VIOLATED)
   u_fused_array/g_stripe[1].u_stripe/u_o_bank/g_row[1].g_group[0].u_mem/g_byte[0].u_sram/A[4]
                                0.10           0.07 r        -0.03  (VIOLATED)
   u_fused_array/g_stripe[1].u_stripe/u_o_bank/g_row[1].g_group[0].u_mem/g_byte[1].u_sram/A[1]
                                0.10           0.07 r        -0.03  (VIOLATED)
   u_fused_array/g_stripe[1].u_stripe/u_o_bank/g_row[1].g_group[0].u_mem/g_byte[1].u_sram/A[2]
                                0.10           0.07 r        -0.03  (VIOLATED)
   u_fused_array/g_stripe[1].u_stripe/u_o_bank/g_row[1].g_group[0].u_mem/g_byte[1].u_sram/A[3]
                                0.10           0.07 r        -0.03  (VIOLATED)
   u_fused_array/g_stripe[1].u_stripe/u_o_bank/g_row[1].g_group[0].u_mem/g_byte[1].u_sram/A[4]
                                0.10           0.07 r        -0.03  (VIOLATED)
   u_fused_array/g_stripe[1].u_stripe/u_o_bank/g_row[1].g_group[0].u_mem/g_byte[2].u_sram/A[1]
                                0.10           0.07 r        -0.03  (VIOLATED)
   u_fused_array/g_stripe[1].u_stripe/u_o_bank/g_row[1].g_group[0].u_mem/g_byte[2].u_sram/A[2]
                                0.10           0.07 r        -0.03  (VIOLATED)
   u_fused_array/g_stripe[1].u_stripe/u_o_bank/g_row[1].g_group[0].u_mem/g_byte[2].u_sram/A[3]
                                0.10           0.07 r        -0.03  (VIOLATED)
   u_fused_array/g_stripe[1].u_stripe/u_o_bank/g_row[1].g_group[0].u_mem/g_byte[2].u_sram/A[4]
                                0.10           0.07 r        -0.03  (VIOLATED)
   u_fused_array/g_stripe[1].u_stripe/u_o_bank/g_row[1].g_group[0].u_mem/g_byte[3].u_sram/A[1]
                                0.10           0.07 r        -0.03  (VIOLATED)
   u_fused_array/g_stripe[1].u_stripe/u_o_bank/g_row[1].g_group[0].u_mem/g_byte[3].u_sram/A[2]
                                0.10           0.07 r        -0.03  (VIOLATED)
   u_fused_array/g_stripe[1].u_stripe/u_o_bank/g_row[1].g_group[0].u_mem/g_byte[3].u_sram/A[3]
                                0.10           0.07 r        -0.03  (VIOLATED)
   u_fused_array/g_stripe[1].u_stripe/u_o_bank/g_row[1].g_group[0].u_mem/g_byte[3].u_sram/A[4]
                                0.10           0.07 r        -0.03  (VIOLATED)
   u_fused_array/g_stripe[1].u_stripe/u_o_bank/g_row[2].g_group[0].u_mem/g_byte[0].u_sram/A[1]
                                0.10           0.07 r        -0.03  (VIOLATED)
   u_fused_array/g_stripe[1].u_stripe/u_o_bank/g_row[2].g_group[0].u_mem/g_byte[0].u_sram/A[2]
                                0.10           0.07 r        -0.03  (VIOLATED)
   u_fused_array/g_stripe[1].u_stripe/u_o_bank/g_row[2].g_group[0].u_mem/g_byte[0].u_sram/A[3]
                                0.10           0.07 r        -0.03  (VIOLATED)
   u_fused_array/g_stripe[1].u_stripe/u_o_bank/g_row[2].g_group[0].u_mem/g_byte[0].u_sram/A[4]
                                0.10           0.07 r        -0.03  (VIOLATED)
   u_fused_array/g_stripe[1].u_stripe/u_o_bank/g_row[2].g_group[0].u_mem/g_byte[1].u_sram/A[1]
                                0.10           0.07 r        -0.03  (VIOLATED)
   u_fused_array/g_stripe[1].u_stripe/u_o_bank/g_row[2].g_group[0].u_mem/g_byte[1].u_sram/A[2]
                                0.10           0.07 r        -0.03  (VIOLATED)
   u_fused_array/g_stripe[1].u_stripe/u_o_bank/g_row[2].g_group[0].u_mem/g_byte[1].u_sram/A[3]
                                0.10           0.07 r        -0.03  (VIOLATED)
   u_fused_array/g_stripe[1].u_stripe/u_o_bank/g_row[2].g_group[0].u_mem/g_byte[1].u_sram/A[4]
                                0.10           0.07 r        -0.03  (VIOLATED)
   u_fused_array/g_stripe[1].u_stripe/u_o_bank/g_row[2].g_group[0].u_mem/g_byte[2].u_sram/A[1]
                                0.10           0.07 r        -0.03  (VIOLATED)
   u_fused_array/g_stripe[1].u_stripe/u_o_bank/g_row[2].g_group[0].u_mem/g_byte[2].u_sram/A[2]
                                0.10           0.07 r        -0.03  (VIOLATED)
   u_fused_array/g_stripe[1].u_stripe/u_o_bank/g_row[2].g_group[0].u_mem/g_byte[2].u_sram/A[3]
                                0.10           0.07 r        -0.03  (VIOLATED)
   u_fused_array/g_stripe[1].u_stripe/u_o_bank/g_row[2].g_group[0].u_mem/g_byte[2].u_sram/A[4]
                                0.10           0.07 r        -0.03  (VIOLATED)
   u_fused_array/g_stripe[1].u_stripe/u_o_bank/g_row[2].g_group[0].u_mem/g_byte[3].u_sram/A[1]
                                0.10           0.07 r        -0.03  (VIOLATED)
   u_fused_array/g_stripe[1].u_stripe/u_o_bank/g_row[2].g_group[0].u_mem/g_byte[3].u_sram/A[2]
                                0.10           0.07 r        -0.03  (VIOLATED)
   u_fused_array/g_stripe[1].u_stripe/u_o_bank/g_row[2].g_group[0].u_mem/g_byte[3].u_sram/A[3]
                                0.10           0.07 r        -0.03  (VIOLATED)
   u_fused_array/g_stripe[1].u_stripe/u_o_bank/g_row[2].g_group[0].u_mem/g_byte[3].u_sram/A[4]
                                0.10           0.07 r        -0.03  (VIOLATED)
   u_fused_array/g_stripe[1].u_stripe/u_o_bank/g_row[3].g_group[0].u_mem/g_byte[0].u_sram/A[1]
                                0.10           0.07 r        -0.03  (VIOLATED)
   u_fused_array/g_stripe[1].u_stripe/u_o_bank/g_row[3].g_group[0].u_mem/g_byte[0].u_sram/A[2]
                                0.10           0.07 r        -0.03  (VIOLATED)
   u_fused_array/g_stripe[1].u_stripe/u_o_bank/g_row[3].g_group[0].u_mem/g_byte[0].u_sram/A[3]
                                0.10           0.07 r        -0.03  (VIOLATED)
   u_fused_array/g_stripe[1].u_stripe/u_o_bank/g_row[3].g_group[0].u_mem/g_byte[0].u_sram/A[4]
                                0.10           0.07 r        -0.03  (VIOLATED)
   u_fused_array/g_stripe[1].u_stripe/u_o_bank/g_row[3].g_group[0].u_mem/g_byte[1].u_sram/A[1]
                                0.10           0.07 r        -0.03  (VIOLATED)
   u_fused_array/g_stripe[1].u_stripe/u_o_bank/g_row[3].g_group[0].u_mem/g_byte[1].u_sram/A[2]
                                0.10           0.07 r        -0.03  (VIOLATED)
   u_fused_array/g_stripe[1].u_stripe/u_o_bank/g_row[3].g_group[0].u_mem/g_byte[1].u_sram/A[3]
                                0.10           0.07 r        -0.03  (VIOLATED)
   u_fused_array/g_stripe[1].u_stripe/u_o_bank/g_row[3].g_group[0].u_mem/g_byte[1].u_sram/A[4]
                                0.10           0.07 r        -0.03  (VIOLATED)
   u_fused_array/g_stripe[1].u_stripe/u_o_bank/g_row[3].g_group[0].u_mem/g_byte[2].u_sram/A[1]
                                0.10           0.07 r        -0.03  (VIOLATED)
   u_fused_array/g_stripe[1].u_stripe/u_o_bank/g_row[3].g_group[0].u_mem/g_byte[2].u_sram/A[2]
                                0.10           0.07 r        -0.03  (VIOLATED)
   u_fused_array/g_stripe[1].u_stripe/u_o_bank/g_row[3].g_group[0].u_mem/g_byte[2].u_sram/A[3]
                                0.10           0.07 r        -0.03  (VIOLATED)
   u_fused_array/g_stripe[1].u_stripe/u_o_bank/g_row[3].g_group[0].u_mem/g_byte[2].u_sram/A[4]
                                0.10           0.07 r        -0.03  (VIOLATED)
   u_fused_array/g_stripe[1].u_stripe/u_o_bank/g_row[3].g_group[0].u_mem/g_byte[3].u_sram/A[1]
                                0.10           0.07 r        -0.03  (VIOLATED)
   u_fused_array/g_stripe[1].u_stripe/u_o_bank/g_row[3].g_group[0].u_mem/g_byte[3].u_sram/A[2]
                                0.10           0.07 r        -0.03  (VIOLATED)
   u_fused_array/g_stripe[1].u_stripe/u_o_bank/g_row[3].g_group[0].u_mem/g_byte[3].u_sram/A[3]
                                0.10           0.07 r        -0.03  (VIOLATED)
   u_fused_array/g_stripe[1].u_stripe/u_o_bank/g_row[3].g_group[0].u_mem/g_byte[3].u_sram/A[4]
                                0.10           0.07 r        -0.03  (VIOLATED)
   u_fused_array/g_stripe[1].u_stripe/u_o_bank/g_row[4].g_group[0].u_mem/g_byte[0].u_sram/A[1]
                                0.10           0.07 r        -0.03  (VIOLATED)
   u_fused_array/g_stripe[1].u_stripe/u_o_bank/g_row[4].g_group[0].u_mem/g_byte[0].u_sram/A[2]
                                0.10           0.07 r        -0.03  (VIOLATED)
   u_fused_array/g_stripe[1].u_stripe/u_o_bank/g_row[4].g_group[0].u_mem/g_byte[0].u_sram/A[3]
                                0.10           0.07 r        -0.03  (VIOLATED)
   u_fused_array/g_stripe[1].u_stripe/u_o_bank/g_row[4].g_group[0].u_mem/g_byte[0].u_sram/A[4]
                                0.10           0.07 r        -0.03  (VIOLATED)
   u_fused_array/g_stripe[1].u_stripe/u_o_bank/g_row[4].g_group[0].u_mem/g_byte[1].u_sram/A[1]
                                0.10           0.07 r        -0.03  (VIOLATED)
   u_fused_array/g_stripe[1].u_stripe/u_o_bank/g_row[4].g_group[0].u_mem/g_byte[1].u_sram/A[2]
                                0.10           0.07 r        -0.03  (VIOLATED)
   u_fused_array/g_stripe[1].u_stripe/u_o_bank/g_row[4].g_group[0].u_mem/g_byte[1].u_sram/A[3]
                                0.10           0.07 r        -0.03  (VIOLATED)
   u_fused_array/g_stripe[1].u_stripe/u_o_bank/g_row[4].g_group[0].u_mem/g_byte[1].u_sram/A[4]
                                0.10           0.07 r        -0.03  (VIOLATED)
   u_fused_array/g_stripe[1].u_stripe/u_o_bank/g_row[4].g_group[0].u_mem/g_byte[2].u_sram/A[1]
                                0.10           0.07 r        -0.03  (VIOLATED)
   u_fused_array/g_stripe[1].u_stripe/u_o_bank/g_row[4].g_group[0].u_mem/g_byte[2].u_sram/A[2]
                                0.10           0.07 r        -0.03  (VIOLATED)
   u_fused_array/g_stripe[1].u_stripe/u_o_bank/g_row[4].g_group[0].u_mem/g_byte[2].u_sram/A[3]
                                0.10           0.07 r        -0.03  (VIOLATED)
   u_fused_array/g_stripe[1].u_stripe/u_o_bank/g_row[4].g_group[0].u_mem/g_byte[2].u_sram/A[4]
                                0.10           0.07 r        -0.03  (VIOLATED)
   u_fused_array/g_stripe[1].u_stripe/u_o_bank/g_row[4].g_group[0].u_mem/g_byte[3].u_sram/A[1]
                                0.10           0.07 r        -0.03  (VIOLATED)
   u_fused_array/g_stripe[1].u_stripe/u_o_bank/g_row[4].g_group[0].u_mem/g_byte[3].u_sram/A[2]
                                0.10           0.07 r        -0.03  (VIOLATED)
   u_fused_array/g_stripe[1].u_stripe/u_o_bank/g_row[4].g_group[0].u_mem/g_byte[3].u_sram/A[3]
                                0.10           0.07 r        -0.03  (VIOLATED)
   u_fused_array/g_stripe[1].u_stripe/u_o_bank/g_row[4].g_group[0].u_mem/g_byte[3].u_sram/A[4]
                                0.10           0.07 r        -0.03  (VIOLATED)
   u_fused_array/g_stripe[1].u_stripe/u_o_bank/g_row[5].g_group[0].u_mem/g_byte[0].u_sram/A[1]
                                0.10           0.07 r        -0.03  (VIOLATED)
   u_fused_array/g_stripe[1].u_stripe/u_o_bank/g_row[5].g_group[0].u_mem/g_byte[0].u_sram/A[2]
                                0.10           0.07 r        -0.03  (VIOLATED)
   u_fused_array/g_stripe[1].u_stripe/u_o_bank/g_row[5].g_group[0].u_mem/g_byte[0].u_sram/A[3]
                                0.10           0.07 r        -0.03  (VIOLATED)
   u_fused_array/g_stripe[1].u_stripe/u_o_bank/g_row[5].g_group[0].u_mem/g_byte[0].u_sram/A[4]
                                0.10           0.07 r        -0.03  (VIOLATED)
   u_fused_array/g_stripe[1].u_stripe/u_o_bank/g_row[5].g_group[0].u_mem/g_byte[1].u_sram/A[1]
                                0.10           0.07 r        -0.03  (VIOLATED)
   u_fused_array/g_stripe[1].u_stripe/u_o_bank/g_row[5].g_group[0].u_mem/g_byte[1].u_sram/A[2]
                                0.10           0.07 r        -0.03  (VIOLATED)
   u_fused_array/g_stripe[1].u_stripe/u_o_bank/g_row[5].g_group[0].u_mem/g_byte[1].u_sram/A[3]
                                0.10           0.07 r        -0.03  (VIOLATED)
   u_fused_array/g_stripe[1].u_stripe/u_o_bank/g_row[5].g_group[0].u_mem/g_byte[1].u_sram/A[4]
                                0.10           0.07 r        -0.03  (VIOLATED)
   u_fused_array/g_stripe[1].u_stripe/u_o_bank/g_row[5].g_group[0].u_mem/g_byte[2].u_sram/A[1]
                                0.10           0.07 r        -0.03  (VIOLATED)
   u_fused_array/g_stripe[1].u_stripe/u_o_bank/g_row[5].g_group[0].u_mem/g_byte[2].u_sram/A[2]
                                0.10           0.07 r        -0.03  (VIOLATED)
   u_fused_array/g_stripe[1].u_stripe/u_o_bank/g_row[5].g_group[0].u_mem/g_byte[2].u_sram/A[3]
                                0.10           0.07 r        -0.03  (VIOLATED)
   u_fused_array/g_stripe[1].u_stripe/u_o_bank/g_row[5].g_group[0].u_mem/g_byte[2].u_sram/A[4]
                                0.10           0.07 r        -0.03  (VIOLATED)
   u_fused_array/g_stripe[1].u_stripe/u_o_bank/g_row[5].g_group[0].u_mem/g_byte[3].u_sram/A[1]
                                0.10           0.07 r        -0.03  (VIOLATED)
   u_fused_array/g_stripe[1].u_stripe/u_o_bank/g_row[5].g_group[0].u_mem/g_byte[3].u_sram/A[2]
                                0.10           0.07 r        -0.03  (VIOLATED)
   u_fused_array/g_stripe[1].u_stripe/u_o_bank/g_row[5].g_group[0].u_mem/g_byte[3].u_sram/A[3]
                                0.10           0.07 r        -0.03  (VIOLATED)
   u_fused_array/g_stripe[1].u_stripe/u_o_bank/g_row[5].g_group[0].u_mem/g_byte[3].u_sram/A[4]
                                0.10           0.07 r        -0.03  (VIOLATED)
   u_fused_array/g_stripe[1].u_stripe/u_o_bank/g_row[6].g_group[0].u_mem/g_byte[0].u_sram/A[1]
                                0.10           0.07 r        -0.03  (VIOLATED)
   u_fused_array/g_stripe[1].u_stripe/u_o_bank/g_row[6].g_group[0].u_mem/g_byte[0].u_sram/A[2]
                                0.10           0.07 r        -0.03  (VIOLATED)
   u_fused_array/g_stripe[1].u_stripe/u_o_bank/g_row[6].g_group[0].u_mem/g_byte[0].u_sram/A[3]
                                0.10           0.07 r        -0.03  (VIOLATED)
   u_fused_array/g_stripe[1].u_stripe/u_o_bank/g_row[6].g_group[0].u_mem/g_byte[0].u_sram/A[4]
                                0.10           0.07 r        -0.03  (VIOLATED)
   u_fused_array/g_stripe[1].u_stripe/u_o_bank/g_row[6].g_group[0].u_mem/g_byte[1].u_sram/A[1]
                                0.10           0.07 r        -0.03  (VIOLATED)
   u_fused_array/g_stripe[1].u_stripe/u_o_bank/g_row[6].g_group[0].u_mem/g_byte[1].u_sram/A[2]
                                0.10           0.07 r        -0.03  (VIOLATED)
   u_fused_array/g_stripe[1].u_stripe/u_o_bank/g_row[6].g_group[0].u_mem/g_byte[1].u_sram/A[3]
                                0.10           0.07 r        -0.03  (VIOLATED)
   u_fused_array/g_stripe[1].u_stripe/u_o_bank/g_row[6].g_group[0].u_mem/g_byte[1].u_sram/A[4]
                                0.10           0.07 r        -0.03  (VIOLATED)
   u_fused_array/g_stripe[1].u_stripe/u_o_bank/g_row[6].g_group[0].u_mem/g_byte[2].u_sram/A[1]
                                0.10           0.07 r        -0.03  (VIOLATED)
   u_fused_array/g_stripe[1].u_stripe/u_o_bank/g_row[6].g_group[0].u_mem/g_byte[2].u_sram/A[2]
                                0.10           0.07 r        -0.03  (VIOLATED)
   u_fused_array/g_stripe[1].u_stripe/u_o_bank/g_row[6].g_group[0].u_mem/g_byte[2].u_sram/A[3]
                                0.10           0.07 r        -0.03  (VIOLATED)
   u_fused_array/g_stripe[1].u_stripe/u_o_bank/g_row[6].g_group[0].u_mem/g_byte[2].u_sram/A[4]
                                0.10           0.07 r        -0.03  (VIOLATED)
   u_fused_array/g_stripe[1].u_stripe/u_o_bank/g_row[6].g_group[0].u_mem/g_byte[3].u_sram/A[1]
                                0.10           0.07 r        -0.03  (VIOLATED)
   u_fused_array/g_stripe[1].u_stripe/u_o_bank/g_row[6].g_group[0].u_mem/g_byte[3].u_sram/A[2]
                                0.10           0.07 r        -0.03  (VIOLATED)
   u_fused_array/g_stripe[1].u_stripe/u_o_bank/g_row[6].g_group[0].u_mem/g_byte[3].u_sram/A[3]
                                0.10           0.07 r        -0.03  (VIOLATED)
   u_fused_array/g_stripe[1].u_stripe/u_o_bank/g_row[6].g_group[0].u_mem/g_byte[3].u_sram/A[4]
                                0.10           0.07 r        -0.03  (VIOLATED)
   u_fused_array/g_stripe[1].u_stripe/u_o_bank/g_row[7].g_group[0].u_mem/g_byte[0].u_sram/A[1]
                                0.10           0.07 r        -0.03  (VIOLATED)
   u_fused_array/g_stripe[1].u_stripe/u_o_bank/g_row[7].g_group[0].u_mem/g_byte[0].u_sram/A[2]
                                0.10           0.07 r        -0.03  (VIOLATED)
   u_fused_array/g_stripe[1].u_stripe/u_o_bank/g_row[7].g_group[0].u_mem/g_byte[0].u_sram/A[3]
                                0.10           0.07 r        -0.03  (VIOLATED)
   u_fused_array/g_stripe[1].u_stripe/u_o_bank/g_row[7].g_group[0].u_mem/g_byte[0].u_sram/A[4]
                                0.10           0.07 r        -0.03  (VIOLATED)
   u_fused_array/g_stripe[1].u_stripe/u_o_bank/g_row[7].g_group[0].u_mem/g_byte[1].u_sram/A[1]
                                0.10           0.07 r        -0.03  (VIOLATED)
   u_fused_array/g_stripe[1].u_stripe/u_o_bank/g_row[7].g_group[0].u_mem/g_byte[1].u_sram/A[2]
                                0.10           0.07 r        -0.03  (VIOLATED)
   u_fused_array/g_stripe[1].u_stripe/u_o_bank/g_row[7].g_group[0].u_mem/g_byte[1].u_sram/A[3]
                                0.10           0.07 r        -0.03  (VIOLATED)
   u_fused_array/g_stripe[1].u_stripe/u_o_bank/g_row[7].g_group[0].u_mem/g_byte[1].u_sram/A[4]
                                0.10           0.07 r        -0.03  (VIOLATED)
   u_fused_array/g_stripe[1].u_stripe/u_o_bank/g_row[7].g_group[0].u_mem/g_byte[2].u_sram/A[1]
                                0.10           0.07 r        -0.03  (VIOLATED)
   u_fused_array/g_stripe[1].u_stripe/u_o_bank/g_row[7].g_group[0].u_mem/g_byte[2].u_sram/A[2]
                                0.10           0.07 r        -0.03  (VIOLATED)
   u_fused_array/g_stripe[1].u_stripe/u_o_bank/g_row[7].g_group[0].u_mem/g_byte[2].u_sram/A[3]
                                0.10           0.07 r        -0.03  (VIOLATED)
   u_fused_array/g_stripe[1].u_stripe/u_o_bank/g_row[7].g_group[0].u_mem/g_byte[2].u_sram/A[4]
                                0.10           0.07 r        -0.03  (VIOLATED)
   u_fused_array/g_stripe[1].u_stripe/u_o_bank/g_row[7].g_group[0].u_mem/g_byte[3].u_sram/A[1]
                                0.10           0.07 r        -0.03  (VIOLATED)
   u_fused_array/g_stripe[1].u_stripe/u_o_bank/g_row[7].g_group[0].u_mem/g_byte[3].u_sram/A[2]
                                0.10           0.07 r        -0.03  (VIOLATED)
   u_fused_array/g_stripe[1].u_stripe/u_o_bank/g_row[7].g_group[0].u_mem/g_byte[3].u_sram/A[3]
                                0.10           0.07 r        -0.03  (VIOLATED)
   u_fused_array/g_stripe[1].u_stripe/u_o_bank/g_row[7].g_group[0].u_mem/g_byte[3].u_sram/A[4]
                                0.10           0.07 r        -0.03  (VIOLATED)
   u_fused_array/g_stripe[2].u_stripe/u_o_bank/g_row[1].g_group[0].u_mem/g_byte[0].u_sram/A[1]
                                0.10           0.07 r        -0.03  (VIOLATED)
   u_fused_array/g_stripe[2].u_stripe/u_o_bank/g_row[1].g_group[0].u_mem/g_byte[0].u_sram/A[2]
                                0.10           0.07 r        -0.03  (VIOLATED)
   u_fused_array/g_stripe[2].u_stripe/u_o_bank/g_row[1].g_group[0].u_mem/g_byte[0].u_sram/A[3]
                                0.10           0.07 r        -0.03  (VIOLATED)
   u_fused_array/g_stripe[2].u_stripe/u_o_bank/g_row[1].g_group[0].u_mem/g_byte[0].u_sram/A[4]
                                0.10           0.07 r        -0.03  (VIOLATED)
   u_fused_array/g_stripe[2].u_stripe/u_o_bank/g_row[1].g_group[0].u_mem/g_byte[1].u_sram/A[1]
                                0.10           0.07 r        -0.03  (VIOLATED)
   u_fused_array/g_stripe[2].u_stripe/u_o_bank/g_row[1].g_group[0].u_mem/g_byte[1].u_sram/A[2]
                                0.10           0.07 r        -0.03  (VIOLATED)
   u_fused_array/g_stripe[2].u_stripe/u_o_bank/g_row[1].g_group[0].u_mem/g_byte[1].u_sram/A[3]
                                0.10           0.07 r        -0.03  (VIOLATED)
   u_fused_array/g_stripe[2].u_stripe/u_o_bank/g_row[1].g_group[0].u_mem/g_byte[1].u_sram/A[4]
                                0.10           0.07 r        -0.03  (VIOLATED)
   u_fused_array/g_stripe[2].u_stripe/u_o_bank/g_row[1].g_group[0].u_mem/g_byte[2].u_sram/A[1]
                                0.10           0.07 r        -0.03  (VIOLATED)
   u_fused_array/g_stripe[2].u_stripe/u_o_bank/g_row[1].g_group[0].u_mem/g_byte[2].u_sram/A[2]
                                0.10           0.07 r        -0.03  (VIOLATED)
   u_fused_array/g_stripe[2].u_stripe/u_o_bank/g_row[1].g_group[0].u_mem/g_byte[2].u_sram/A[3]
                                0.10           0.07 r        -0.03  (VIOLATED)
   u_fused_array/g_stripe[2].u_stripe/u_o_bank/g_row[1].g_group[0].u_mem/g_byte[2].u_sram/A[4]
                                0.10           0.07 r        -0.03  (VIOLATED)
   u_fused_array/g_stripe[2].u_stripe/u_o_bank/g_row[1].g_group[0].u_mem/g_byte[3].u_sram/A[1]
                                0.10           0.07 r        -0.03  (VIOLATED)
   u_fused_array/g_stripe[2].u_stripe/u_o_bank/g_row[1].g_group[0].u_mem/g_byte[3].u_sram/A[2]
                                0.10           0.07 r        -0.03  (VIOLATED)
   u_fused_array/g_stripe[2].u_stripe/u_o_bank/g_row[1].g_group[0].u_mem/g_byte[3].u_sram/A[3]
                                0.10           0.07 r        -0.03  (VIOLATED)
   u_fused_array/g_stripe[2].u_stripe/u_o_bank/g_row[1].g_group[0].u_mem/g_byte[3].u_sram/A[4]
                                0.10           0.07 r        -0.03  (VIOLATED)
   u_fused_array/g_stripe[2].u_stripe/u_o_bank/g_row[2].g_group[0].u_mem/g_byte[0].u_sram/A[1]
                                0.10           0.07 r        -0.03  (VIOLATED)
   u_fused_array/g_stripe[2].u_stripe/u_o_bank/g_row[2].g_group[0].u_mem/g_byte[0].u_sram/A[2]
                                0.10           0.07 r        -0.03  (VIOLATED)
   u_fused_array/g_stripe[2].u_stripe/u_o_bank/g_row[2].g_group[0].u_mem/g_byte[0].u_sram/A[3]
                                0.10           0.07 r        -0.03  (VIOLATED)
   u_fused_array/g_stripe[2].u_stripe/u_o_bank/g_row[2].g_group[0].u_mem/g_byte[0].u_sram/A[4]
                                0.10           0.07 r        -0.03  (VIOLATED)
   u_fused_array/g_stripe[2].u_stripe/u_o_bank/g_row[2].g_group[0].u_mem/g_byte[1].u_sram/A[1]
                                0.10           0.07 r        -0.03  (VIOLATED)
   u_fused_array/g_stripe[2].u_stripe/u_o_bank/g_row[2].g_group[0].u_mem/g_byte[1].u_sram/A[2]
                                0.10           0.07 r        -0.03  (VIOLATED)
   u_fused_array/g_stripe[2].u_stripe/u_o_bank/g_row[2].g_group[0].u_mem/g_byte[1].u_sram/A[3]
                                0.10           0.07 r        -0.03  (VIOLATED)
   u_fused_array/g_stripe[2].u_stripe/u_o_bank/g_row[2].g_group[0].u_mem/g_byte[1].u_sram/A[4]
                                0.10           0.07 r        -0.03  (VIOLATED)
   u_fused_array/g_stripe[2].u_stripe/u_o_bank/g_row[2].g_group[0].u_mem/g_byte[2].u_sram/A[1]
                                0.10           0.07 r        -0.03  (VIOLATED)
   u_fused_array/g_stripe[2].u_stripe/u_o_bank/g_row[2].g_group[0].u_mem/g_byte[2].u_sram/A[2]
                                0.10           0.07 r        -0.03  (VIOLATED)
   u_fused_array/g_stripe[2].u_stripe/u_o_bank/g_row[2].g_group[0].u_mem/g_byte[2].u_sram/A[3]
                                0.10           0.07 r        -0.03  (VIOLATED)
   u_fused_array/g_stripe[2].u_stripe/u_o_bank/g_row[2].g_group[0].u_mem/g_byte[2].u_sram/A[4]
                                0.10           0.07 r        -0.03  (VIOLATED)
   u_fused_array/g_stripe[2].u_stripe/u_o_bank/g_row[2].g_group[0].u_mem/g_byte[3].u_sram/A[1]
                                0.10           0.07 r        -0.03  (VIOLATED)
   u_fused_array/g_stripe[2].u_stripe/u_o_bank/g_row[2].g_group[0].u_mem/g_byte[3].u_sram/A[2]
                                0.10           0.07 r        -0.03  (VIOLATED)
   u_fused_array/g_stripe[2].u_stripe/u_o_bank/g_row[2].g_group[0].u_mem/g_byte[3].u_sram/A[3]
                                0.10           0.07 r        -0.03  (VIOLATED)
   u_fused_array/g_stripe[2].u_stripe/u_o_bank/g_row[2].g_group[0].u_mem/g_byte[3].u_sram/A[4]
                                0.10           0.07 r        -0.03  (VIOLATED)
   u_fused_array/g_stripe[2].u_stripe/u_o_bank/g_row[3].g_group[0].u_mem/g_byte[0].u_sram/A[1]
                                0.10           0.07 r        -0.03  (VIOLATED)
   u_fused_array/g_stripe[2].u_stripe/u_o_bank/g_row[3].g_group[0].u_mem/g_byte[0].u_sram/A[2]
                                0.10           0.07 r        -0.03  (VIOLATED)
   u_fused_array/g_stripe[2].u_stripe/u_o_bank/g_row[3].g_group[0].u_mem/g_byte[0].u_sram/A[3]
                                0.10           0.07 r        -0.03  (VIOLATED)
   u_fused_array/g_stripe[2].u_stripe/u_o_bank/g_row[3].g_group[0].u_mem/g_byte[0].u_sram/A[4]
                                0.10           0.07 r        -0.03  (VIOLATED)
   u_fused_array/g_stripe[2].u_stripe/u_o_bank/g_row[3].g_group[0].u_mem/g_byte[1].u_sram/A[1]
                                0.10           0.07 r        -0.03  (VIOLATED)
   u_fused_array/g_stripe[2].u_stripe/u_o_bank/g_row[3].g_group[0].u_mem/g_byte[1].u_sram/A[2]
                                0.10           0.07 r        -0.03  (VIOLATED)
   u_fused_array/g_stripe[2].u_stripe/u_o_bank/g_row[3].g_group[0].u_mem/g_byte[1].u_sram/A[3]
                                0.10           0.07 r        -0.03  (VIOLATED)
   u_fused_array/g_stripe[2].u_stripe/u_o_bank/g_row[3].g_group[0].u_mem/g_byte[1].u_sram/A[4]
                                0.10           0.07 r        -0.03  (VIOLATED)
   u_fused_array/g_stripe[2].u_stripe/u_o_bank/g_row[3].g_group[0].u_mem/g_byte[2].u_sram/A[1]
                                0.10           0.07 r        -0.03  (VIOLATED)
   u_fused_array/g_stripe[2].u_stripe/u_o_bank/g_row[3].g_group[0].u_mem/g_byte[2].u_sram/A[2]
                                0.10           0.07 r        -0.03  (VIOLATED)
   u_fused_array/g_stripe[2].u_stripe/u_o_bank/g_row[3].g_group[0].u_mem/g_byte[2].u_sram/A[3]
                                0.10           0.07 r        -0.03  (VIOLATED)
   u_fused_array/g_stripe[2].u_stripe/u_o_bank/g_row[3].g_group[0].u_mem/g_byte[2].u_sram/A[4]
                                0.10           0.07 r        -0.03  (VIOLATED)
   u_fused_array/g_stripe[2].u_stripe/u_o_bank/g_row[3].g_group[0].u_mem/g_byte[3].u_sram/A[1]
                                0.10           0.07 r        -0.03  (VIOLATED)
   u_fused_array/g_stripe[2].u_stripe/u_o_bank/g_row[3].g_group[0].u_mem/g_byte[3].u_sram/A[2]
                                0.10           0.07 r        -0.03  (VIOLATED)
   u_fused_array/g_stripe[2].u_stripe/u_o_bank/g_row[3].g_group[0].u_mem/g_byte[3].u_sram/A[3]
                                0.10           0.07 r        -0.03  (VIOLATED)
   u_fused_array/g_stripe[2].u_stripe/u_o_bank/g_row[3].g_group[0].u_mem/g_byte[3].u_sram/A[4]
                                0.10           0.07 r        -0.03  (VIOLATED)
   u_fused_array/g_stripe[2].u_stripe/u_o_bank/g_row[4].g_group[0].u_mem/g_byte[0].u_sram/A[1]
                                0.10           0.07 r        -0.03  (VIOLATED)
   u_fused_array/g_stripe[2].u_stripe/u_o_bank/g_row[4].g_group[0].u_mem/g_byte[0].u_sram/A[2]
                                0.10           0.07 r        -0.03  (VIOLATED)
   u_fused_array/g_stripe[2].u_stripe/u_o_bank/g_row[4].g_group[0].u_mem/g_byte[0].u_sram/A[3]
                                0.10           0.07 r        -0.03  (VIOLATED)
   u_fused_array/g_stripe[2].u_stripe/u_o_bank/g_row[4].g_group[0].u_mem/g_byte[0].u_sram/A[4]
                                0.10           0.07 r        -0.03  (VIOLATED)
   u_fused_array/g_stripe[2].u_stripe/u_o_bank/g_row[4].g_group[0].u_mem/g_byte[1].u_sram/A[1]
                                0.10           0.07 r        -0.03  (VIOLATED)
   u_fused_array/g_stripe[2].u_stripe/u_o_bank/g_row[4].g_group[0].u_mem/g_byte[1].u_sram/A[2]
                                0.10           0.07 r        -0.03  (VIOLATED)
   u_fused_array/g_stripe[2].u_stripe/u_o_bank/g_row[4].g_group[0].u_mem/g_byte[1].u_sram/A[3]
                                0.10           0.07 r        -0.03  (VIOLATED)
   u_fused_array/g_stripe[2].u_stripe/u_o_bank/g_row[4].g_group[0].u_mem/g_byte[1].u_sram/A[4]
                                0.10           0.07 r        -0.03  (VIOLATED)
   u_fused_array/g_stripe[2].u_stripe/u_o_bank/g_row[4].g_group[0].u_mem/g_byte[2].u_sram/A[1]
                                0.10           0.07 r        -0.03  (VIOLATED)
   u_fused_array/g_stripe[2].u_stripe/u_o_bank/g_row[4].g_group[0].u_mem/g_byte[2].u_sram/A[2]
                                0.10           0.07 r        -0.03  (VIOLATED)
   u_fused_array/g_stripe[2].u_stripe/u_o_bank/g_row[4].g_group[0].u_mem/g_byte[2].u_sram/A[3]
                                0.10           0.07 r        -0.03  (VIOLATED)
   u_fused_array/g_stripe[2].u_stripe/u_o_bank/g_row[4].g_group[0].u_mem/g_byte[2].u_sram/A[4]
                                0.10           0.07 r        -0.03  (VIOLATED)
   u_fused_array/g_stripe[2].u_stripe/u_o_bank/g_row[4].g_group[0].u_mem/g_byte[3].u_sram/A[1]
                                0.10           0.07 r        -0.03  (VIOLATED)
   u_fused_array/g_stripe[2].u_stripe/u_o_bank/g_row[4].g_group[0].u_mem/g_byte[3].u_sram/A[2]
                                0.10           0.07 r        -0.03  (VIOLATED)
   u_fused_array/g_stripe[2].u_stripe/u_o_bank/g_row[4].g_group[0].u_mem/g_byte[3].u_sram/A[3]
                                0.10           0.07 r        -0.03  (VIOLATED)
   u_fused_array/g_stripe[2].u_stripe/u_o_bank/g_row[4].g_group[0].u_mem/g_byte[3].u_sram/A[4]
                                0.10           0.07 r        -0.03  (VIOLATED)
   u_fused_array/g_stripe[2].u_stripe/u_o_bank/g_row[5].g_group[0].u_mem/g_byte[0].u_sram/A[1]
                                0.10           0.07 r        -0.03  (VIOLATED)
   u_fused_array/g_stripe[2].u_stripe/u_o_bank/g_row[5].g_group[0].u_mem/g_byte[0].u_sram/A[2]
                                0.10           0.07 r        -0.03  (VIOLATED)
   u_fused_array/g_stripe[2].u_stripe/u_o_bank/g_row[5].g_group[0].u_mem/g_byte[0].u_sram/A[3]
                                0.10           0.07 r        -0.03  (VIOLATED)
   u_fused_array/g_stripe[2].u_stripe/u_o_bank/g_row[5].g_group[0].u_mem/g_byte[0].u_sram/A[4]
                                0.10           0.07 r        -0.03  (VIOLATED)
   u_fused_array/g_stripe[2].u_stripe/u_o_bank/g_row[5].g_group[0].u_mem/g_byte[1].u_sram/A[1]
                                0.10           0.07 r        -0.03  (VIOLATED)
   u_fused_array/g_stripe[2].u_stripe/u_o_bank/g_row[5].g_group[0].u_mem/g_byte[1].u_sram/A[2]
                                0.10           0.07 r        -0.03  (VIOLATED)
   u_fused_array/g_stripe[2].u_stripe/u_o_bank/g_row[5].g_group[0].u_mem/g_byte[1].u_sram/A[3]
                                0.10           0.07 r        -0.03  (VIOLATED)
   u_fused_array/g_stripe[2].u_stripe/u_o_bank/g_row[5].g_group[0].u_mem/g_byte[1].u_sram/A[4]
                                0.10           0.07 r        -0.03  (VIOLATED)
   u_fused_array/g_stripe[2].u_stripe/u_o_bank/g_row[5].g_group[0].u_mem/g_byte[2].u_sram/A[1]
                                0.10           0.07 r        -0.03  (VIOLATED)
   u_fused_array/g_stripe[2].u_stripe/u_o_bank/g_row[5].g_group[0].u_mem/g_byte[2].u_sram/A[2]
                                0.10           0.07 r        -0.03  (VIOLATED)
   u_fused_array/g_stripe[2].u_stripe/u_o_bank/g_row[5].g_group[0].u_mem/g_byte[2].u_sram/A[3]
                                0.10           0.07 r        -0.03  (VIOLATED)
   u_fused_array/g_stripe[2].u_stripe/u_o_bank/g_row[5].g_group[0].u_mem/g_byte[2].u_sram/A[4]
                                0.10           0.07 r        -0.03  (VIOLATED)
   u_fused_array/g_stripe[2].u_stripe/u_o_bank/g_row[5].g_group[0].u_mem/g_byte[3].u_sram/A[1]
                                0.10           0.07 r        -0.03  (VIOLATED)
   u_fused_array/g_stripe[2].u_stripe/u_o_bank/g_row[5].g_group[0].u_mem/g_byte[3].u_sram/A[2]
                                0.10           0.07 r        -0.03  (VIOLATED)
   u_fused_array/g_stripe[2].u_stripe/u_o_bank/g_row[5].g_group[0].u_mem/g_byte[3].u_sram/A[3]
                                0.10           0.07 r        -0.03  (VIOLATED)
   u_fused_array/g_stripe[2].u_stripe/u_o_bank/g_row[5].g_group[0].u_mem/g_byte[3].u_sram/A[4]
                                0.10           0.07 r        -0.03  (VIOLATED)
   u_fused_array/g_stripe[2].u_stripe/u_o_bank/g_row[6].g_group[0].u_mem/g_byte[0].u_sram/A[1]
                                0.10           0.07 r        -0.03  (VIOLATED)
   u_fused_array/g_stripe[2].u_stripe/u_o_bank/g_row[6].g_group[0].u_mem/g_byte[0].u_sram/A[2]
                                0.10           0.07 r        -0.03  (VIOLATED)
   u_fused_array/g_stripe[2].u_stripe/u_o_bank/g_row[6].g_group[0].u_mem/g_byte[0].u_sram/A[3]
                                0.10           0.07 r        -0.03  (VIOLATED)
   u_fused_array/g_stripe[2].u_stripe/u_o_bank/g_row[6].g_group[0].u_mem/g_byte[0].u_sram/A[4]
                                0.10           0.07 r        -0.03  (VIOLATED)
   u_fused_array/g_stripe[2].u_stripe/u_o_bank/g_row[6].g_group[0].u_mem/g_byte[1].u_sram/A[1]
                                0.10           0.07 r        -0.03  (VIOLATED)
   u_fused_array/g_stripe[2].u_stripe/u_o_bank/g_row[6].g_group[0].u_mem/g_byte[1].u_sram/A[2]
                                0.10           0.07 r        -0.03  (VIOLATED)
   u_fused_array/g_stripe[2].u_stripe/u_o_bank/g_row[6].g_group[0].u_mem/g_byte[1].u_sram/A[3]
                                0.10           0.07 r        -0.03  (VIOLATED)
   u_fused_array/g_stripe[2].u_stripe/u_o_bank/g_row[6].g_group[0].u_mem/g_byte[1].u_sram/A[4]
                                0.10           0.07 r        -0.03  (VIOLATED)
   u_fused_array/g_stripe[2].u_stripe/u_o_bank/g_row[6].g_group[0].u_mem/g_byte[2].u_sram/A[1]
                                0.10           0.07 r        -0.03  (VIOLATED)
   u_fused_array/g_stripe[2].u_stripe/u_o_bank/g_row[6].g_group[0].u_mem/g_byte[2].u_sram/A[2]
                                0.10           0.07 r        -0.03  (VIOLATED)
   u_fused_array/g_stripe[2].u_stripe/u_o_bank/g_row[6].g_group[0].u_mem/g_byte[2].u_sram/A[3]
                                0.10           0.07 r        -0.03  (VIOLATED)
   u_fused_array/g_stripe[2].u_stripe/u_o_bank/g_row[6].g_group[0].u_mem/g_byte[2].u_sram/A[4]
                                0.10           0.07 r        -0.03  (VIOLATED)
   u_fused_array/g_stripe[2].u_stripe/u_o_bank/g_row[6].g_group[0].u_mem/g_byte[3].u_sram/A[1]
                                0.10           0.07 r        -0.03  (VIOLATED)
   u_fused_array/g_stripe[2].u_stripe/u_o_bank/g_row[6].g_group[0].u_mem/g_byte[3].u_sram/A[2]
                                0.10           0.07 r        -0.03  (VIOLATED)
   u_fused_array/g_stripe[2].u_stripe/u_o_bank/g_row[6].g_group[0].u_mem/g_byte[3].u_sram/A[3]
                                0.10           0.07 r        -0.03  (VIOLATED)
   u_fused_array/g_stripe[2].u_stripe/u_o_bank/g_row[6].g_group[0].u_mem/g_byte[3].u_sram/A[4]
                                0.10           0.07 r        -0.03  (VIOLATED)
   u_fused_array/g_stripe[2].u_stripe/u_o_bank/g_row[7].g_group[0].u_mem/g_byte[0].u_sram/A[1]
                                0.10           0.07 r        -0.03  (VIOLATED)
   u_fused_array/g_stripe[2].u_stripe/u_o_bank/g_row[7].g_group[0].u_mem/g_byte[0].u_sram/A[2]
                                0.10           0.07 r        -0.03  (VIOLATED)
   u_fused_array/g_stripe[2].u_stripe/u_o_bank/g_row[7].g_group[0].u_mem/g_byte[0].u_sram/A[3]
                                0.10           0.07 r        -0.03  (VIOLATED)
   u_fused_array/g_stripe[2].u_stripe/u_o_bank/g_row[7].g_group[0].u_mem/g_byte[0].u_sram/A[4]
                                0.10           0.07 r        -0.03  (VIOLATED)
   u_fused_array/g_stripe[2].u_stripe/u_o_bank/g_row[7].g_group[0].u_mem/g_byte[1].u_sram/A[1]
                                0.10           0.07 r        -0.03  (VIOLATED)
   u_fused_array/g_stripe[2].u_stripe/u_o_bank/g_row[7].g_group[0].u_mem/g_byte[1].u_sram/A[2]
                                0.10           0.07 r        -0.03  (VIOLATED)
   u_fused_array/g_stripe[2].u_stripe/u_o_bank/g_row[7].g_group[0].u_mem/g_byte[1].u_sram/A[3]
                                0.10           0.07 r        -0.03  (VIOLATED)
   u_fused_array/g_stripe[2].u_stripe/u_o_bank/g_row[7].g_group[0].u_mem/g_byte[1].u_sram/A[4]
                                0.10           0.07 r        -0.03  (VIOLATED)
   u_fused_array/g_stripe[2].u_stripe/u_o_bank/g_row[7].g_group[0].u_mem/g_byte[2].u_sram/A[1]
                                0.10           0.07 r        -0.03  (VIOLATED)
   u_fused_array/g_stripe[2].u_stripe/u_o_bank/g_row[7].g_group[0].u_mem/g_byte[2].u_sram/A[2]
                                0.10           0.07 r        -0.03  (VIOLATED)
   u_fused_array/g_stripe[2].u_stripe/u_o_bank/g_row[7].g_group[0].u_mem/g_byte[2].u_sram/A[3]
                                0.10           0.07 r        -0.03  (VIOLATED)
   u_fused_array/g_stripe[2].u_stripe/u_o_bank/g_row[7].g_group[0].u_mem/g_byte[2].u_sram/A[4]
                                0.10           0.07 r        -0.03  (VIOLATED)
   u_fused_array/g_stripe[2].u_stripe/u_o_bank/g_row[7].g_group[0].u_mem/g_byte[3].u_sram/A[1]
                                0.10           0.07 r        -0.03  (VIOLATED)
   u_fused_array/g_stripe[2].u_stripe/u_o_bank/g_row[7].g_group[0].u_mem/g_byte[3].u_sram/A[2]
                                0.10           0.07 r        -0.03  (VIOLATED)
   u_fused_array/g_stripe[2].u_stripe/u_o_bank/g_row[7].g_group[0].u_mem/g_byte[3].u_sram/A[3]
                                0.10           0.07 r        -0.03  (VIOLATED)
   u_fused_array/g_stripe[2].u_stripe/u_o_bank/g_row[7].g_group[0].u_mem/g_byte[3].u_sram/A[4]
                                0.10           0.07 r        -0.03  (VIOLATED)
   u_fused_array/g_stripe[3].u_stripe/u_o_bank/g_row[1].g_group[0].u_mem/g_byte[0].u_sram/A[1]
                                0.10           0.07 r        -0.03  (VIOLATED)
   u_fused_array/g_stripe[3].u_stripe/u_o_bank/g_row[1].g_group[0].u_mem/g_byte[0].u_sram/A[2]
                                0.10           0.07 r        -0.03  (VIOLATED)
   u_fused_array/g_stripe[3].u_stripe/u_o_bank/g_row[1].g_group[0].u_mem/g_byte[0].u_sram/A[3]
                                0.10           0.07 r        -0.03  (VIOLATED)
   u_fused_array/g_stripe[3].u_stripe/u_o_bank/g_row[1].g_group[0].u_mem/g_byte[0].u_sram/A[4]
                                0.10           0.07 r        -0.03  (VIOLATED)
   u_fused_array/g_stripe[3].u_stripe/u_o_bank/g_row[1].g_group[0].u_mem/g_byte[1].u_sram/A[1]
                                0.10           0.07 r        -0.03  (VIOLATED)
   u_fused_array/g_stripe[3].u_stripe/u_o_bank/g_row[1].g_group[0].u_mem/g_byte[1].u_sram/A[2]
                                0.10           0.07 r        -0.03  (VIOLATED)
   u_fused_array/g_stripe[3].u_stripe/u_o_bank/g_row[1].g_group[0].u_mem/g_byte[1].u_sram/A[3]
                                0.10           0.07 r        -0.03  (VIOLATED)
   u_fused_array/g_stripe[3].u_stripe/u_o_bank/g_row[1].g_group[0].u_mem/g_byte[1].u_sram/A[4]
                                0.10           0.07 r        -0.03  (VIOLATED)
   u_fused_array/g_stripe[3].u_stripe/u_o_bank/g_row[1].g_group[0].u_mem/g_byte[2].u_sram/A[1]
                                0.10           0.07 r        -0.03  (VIOLATED)
   u_fused_array/g_stripe[3].u_stripe/u_o_bank/g_row[1].g_group[0].u_mem/g_byte[2].u_sram/A[2]
                                0.10           0.07 r        -0.03  (VIOLATED)
   u_fused_array/g_stripe[3].u_stripe/u_o_bank/g_row[1].g_group[0].u_mem/g_byte[2].u_sram/A[3]
                                0.10           0.07 r        -0.03  (VIOLATED)
   u_fused_array/g_stripe[3].u_stripe/u_o_bank/g_row[1].g_group[0].u_mem/g_byte[2].u_sram/A[4]
                                0.10           0.07 r        -0.03  (VIOLATED)
   u_fused_array/g_stripe[3].u_stripe/u_o_bank/g_row[1].g_group[0].u_mem/g_byte[3].u_sram/A[1]
                                0.10           0.07 r        -0.03  (VIOLATED)
   u_fused_array/g_stripe[3].u_stripe/u_o_bank/g_row[1].g_group[0].u_mem/g_byte[3].u_sram/A[2]
                                0.10           0.07 r        -0.03  (VIOLATED)
   u_fused_array/g_stripe[3].u_stripe/u_o_bank/g_row[1].g_group[0].u_mem/g_byte[3].u_sram/A[3]
                                0.10           0.07 r        -0.03  (VIOLATED)
   u_fused_array/g_stripe[3].u_stripe/u_o_bank/g_row[1].g_group[0].u_mem/g_byte[3].u_sram/A[4]
                                0.10           0.07 r        -0.03  (VIOLATED)
   u_fused_array/g_stripe[3].u_stripe/u_o_bank/g_row[2].g_group[0].u_mem/g_byte[0].u_sram/A[1]
                                0.10           0.07 r        -0.03  (VIOLATED)
   u_fused_array/g_stripe[3].u_stripe/u_o_bank/g_row[2].g_group[0].u_mem/g_byte[0].u_sram/A[2]
                                0.10           0.07 r        -0.03  (VIOLATED)
   u_fused_array/g_stripe[3].u_stripe/u_o_bank/g_row[2].g_group[0].u_mem/g_byte[0].u_sram/A[3]
                                0.10           0.07 r        -0.03  (VIOLATED)
   u_fused_array/g_stripe[3].u_stripe/u_o_bank/g_row[2].g_group[0].u_mem/g_byte[0].u_sram/A[4]
                                0.10           0.07 r        -0.03  (VIOLATED)
   u_fused_array/g_stripe[3].u_stripe/u_o_bank/g_row[2].g_group[0].u_mem/g_byte[1].u_sram/A[1]
                                0.10           0.07 r        -0.03  (VIOLATED)
   u_fused_array/g_stripe[3].u_stripe/u_o_bank/g_row[2].g_group[0].u_mem/g_byte[1].u_sram/A[2]
                                0.10           0.07 r        -0.03  (VIOLATED)
   u_fused_array/g_stripe[3].u_stripe/u_o_bank/g_row[2].g_group[0].u_mem/g_byte[1].u_sram/A[3]
                                0.10           0.07 r        -0.03  (VIOLATED)
   u_fused_array/g_stripe[3].u_stripe/u_o_bank/g_row[2].g_group[0].u_mem/g_byte[1].u_sram/A[4]
                                0.10           0.07 r        -0.03  (VIOLATED)
   u_fused_array/g_stripe[3].u_stripe/u_o_bank/g_row[2].g_group[0].u_mem/g_byte[2].u_sram/A[1]
                                0.10           0.07 r        -0.03  (VIOLATED)
   u_fused_array/g_stripe[3].u_stripe/u_o_bank/g_row[2].g_group[0].u_mem/g_byte[2].u_sram/A[2]
                                0.10           0.07 r        -0.03  (VIOLATED)
   u_fused_array/g_stripe[3].u_stripe/u_o_bank/g_row[2].g_group[0].u_mem/g_byte[2].u_sram/A[3]
                                0.10           0.07 r        -0.03  (VIOLATED)
   u_fused_array/g_stripe[3].u_stripe/u_o_bank/g_row[2].g_group[0].u_mem/g_byte[2].u_sram/A[4]
                                0.10           0.07 r        -0.03  (VIOLATED)
   u_fused_array/g_stripe[3].u_stripe/u_o_bank/g_row[2].g_group[0].u_mem/g_byte[3].u_sram/A[1]
                                0.10           0.07 r        -0.03  (VIOLATED)
   u_fused_array/g_stripe[3].u_stripe/u_o_bank/g_row[2].g_group[0].u_mem/g_byte[3].u_sram/A[2]
                                0.10           0.07 r        -0.03  (VIOLATED)
   u_fused_array/g_stripe[3].u_stripe/u_o_bank/g_row[2].g_group[0].u_mem/g_byte[3].u_sram/A[3]
                                0.10           0.07 r        -0.03  (VIOLATED)
   u_fused_array/g_stripe[3].u_stripe/u_o_bank/g_row[2].g_group[0].u_mem/g_byte[3].u_sram/A[4]
                                0.10           0.07 r        -0.03  (VIOLATED)
   u_fused_array/g_stripe[3].u_stripe/u_o_bank/g_row[3].g_group[0].u_mem/g_byte[0].u_sram/A[1]
                                0.10           0.07 r        -0.03  (VIOLATED)
   u_fused_array/g_stripe[3].u_stripe/u_o_bank/g_row[3].g_group[0].u_mem/g_byte[0].u_sram/A[2]
                                0.10           0.07 r        -0.03  (VIOLATED)
   u_fused_array/g_stripe[3].u_stripe/u_o_bank/g_row[3].g_group[0].u_mem/g_byte[0].u_sram/A[3]
                                0.10           0.07 r        -0.03  (VIOLATED)
   u_fused_array/g_stripe[3].u_stripe/u_o_bank/g_row[3].g_group[0].u_mem/g_byte[0].u_sram/A[4]
                                0.10           0.07 r        -0.03  (VIOLATED)
   u_fused_array/g_stripe[3].u_stripe/u_o_bank/g_row[3].g_group[0].u_mem/g_byte[1].u_sram/A[1]
                                0.10           0.07 r        -0.03  (VIOLATED)
   u_fused_array/g_stripe[3].u_stripe/u_o_bank/g_row[3].g_group[0].u_mem/g_byte[1].u_sram/A[2]
                                0.10           0.07 r        -0.03  (VIOLATED)
   u_fused_array/g_stripe[3].u_stripe/u_o_bank/g_row[3].g_group[0].u_mem/g_byte[1].u_sram/A[3]
                                0.10           0.07 r        -0.03  (VIOLATED)
   u_fused_array/g_stripe[3].u_stripe/u_o_bank/g_row[3].g_group[0].u_mem/g_byte[1].u_sram/A[4]
                                0.10           0.07 r        -0.03  (VIOLATED)
   u_fused_array/g_stripe[3].u_stripe/u_o_bank/g_row[3].g_group[0].u_mem/g_byte[2].u_sram/A[1]
                                0.10           0.07 r        -0.03  (VIOLATED)
   u_fused_array/g_stripe[3].u_stripe/u_o_bank/g_row[3].g_group[0].u_mem/g_byte[2].u_sram/A[2]
                                0.10           0.07 r        -0.03  (VIOLATED)
   u_fused_array/g_stripe[3].u_stripe/u_o_bank/g_row[3].g_group[0].u_mem/g_byte[2].u_sram/A[3]
                                0.10           0.07 r        -0.03  (VIOLATED)
   u_fused_array/g_stripe[3].u_stripe/u_o_bank/g_row[3].g_group[0].u_mem/g_byte[2].u_sram/A[4]
                                0.10           0.07 r        -0.03  (VIOLATED)
   u_fused_array/g_stripe[3].u_stripe/u_o_bank/g_row[3].g_group[0].u_mem/g_byte[3].u_sram/A[1]
                                0.10           0.07 r        -0.03  (VIOLATED)
   u_fused_array/g_stripe[3].u_stripe/u_o_bank/g_row[3].g_group[0].u_mem/g_byte[3].u_sram/A[2]
                                0.10           0.07 r        -0.03  (VIOLATED)
   u_fused_array/g_stripe[3].u_stripe/u_o_bank/g_row[3].g_group[0].u_mem/g_byte[3].u_sram/A[3]
                                0.10           0.07 r        -0.03  (VIOLATED)
   u_fused_array/g_stripe[3].u_stripe/u_o_bank/g_row[3].g_group[0].u_mem/g_byte[3].u_sram/A[4]
                                0.10           0.07 r        -0.03  (VIOLATED)
   u_fused_array/g_stripe[3].u_stripe/u_o_bank/g_row[4].g_group[0].u_mem/g_byte[0].u_sram/A[1]
                                0.10           0.07 r        -0.03  (VIOLATED)
   u_fused_array/g_stripe[3].u_stripe/u_o_bank/g_row[4].g_group[0].u_mem/g_byte[0].u_sram/A[2]
                                0.10           0.07 r        -0.03  (VIOLATED)
   u_fused_array/g_stripe[3].u_stripe/u_o_bank/g_row[4].g_group[0].u_mem/g_byte[0].u_sram/A[3]
                                0.10           0.07 r        -0.03  (VIOLATED)
   u_fused_array/g_stripe[3].u_stripe/u_o_bank/g_row[4].g_group[0].u_mem/g_byte[0].u_sram/A[4]
                                0.10           0.07 r        -0.03  (VIOLATED)
   u_fused_array/g_stripe[3].u_stripe/u_o_bank/g_row[4].g_group[0].u_mem/g_byte[1].u_sram/A[1]
                                0.10           0.07 r        -0.03  (VIOLATED)
   u_fused_array/g_stripe[3].u_stripe/u_o_bank/g_row[4].g_group[0].u_mem/g_byte[1].u_sram/A[2]
                                0.10           0.07 r        -0.03  (VIOLATED)
   u_fused_array/g_stripe[3].u_stripe/u_o_bank/g_row[4].g_group[0].u_mem/g_byte[1].u_sram/A[3]
                                0.10           0.07 r        -0.03  (VIOLATED)
   u_fused_array/g_stripe[3].u_stripe/u_o_bank/g_row[4].g_group[0].u_mem/g_byte[1].u_sram/A[4]
                                0.10           0.07 r        -0.03  (VIOLATED)
   u_fused_array/g_stripe[3].u_stripe/u_o_bank/g_row[4].g_group[0].u_mem/g_byte[2].u_sram/A[1]
                                0.10           0.07 r        -0.03  (VIOLATED)
   u_fused_array/g_stripe[3].u_stripe/u_o_bank/g_row[4].g_group[0].u_mem/g_byte[2].u_sram/A[2]
                                0.10           0.07 r        -0.03  (VIOLATED)
   u_fused_array/g_stripe[3].u_stripe/u_o_bank/g_row[4].g_group[0].u_mem/g_byte[2].u_sram/A[3]
                                0.10           0.07 r        -0.03  (VIOLATED)
   u_fused_array/g_stripe[3].u_stripe/u_o_bank/g_row[4].g_group[0].u_mem/g_byte[2].u_sram/A[4]
                                0.10           0.07 r        -0.03  (VIOLATED)
   u_fused_array/g_stripe[3].u_stripe/u_o_bank/g_row[4].g_group[0].u_mem/g_byte[3].u_sram/A[1]
                                0.10           0.07 r        -0.03  (VIOLATED)
   u_fused_array/g_stripe[3].u_stripe/u_o_bank/g_row[4].g_group[0].u_mem/g_byte[3].u_sram/A[2]
                                0.10           0.07 r        -0.03  (VIOLATED)
   u_fused_array/g_stripe[3].u_stripe/u_o_bank/g_row[4].g_group[0].u_mem/g_byte[3].u_sram/A[3]
                                0.10           0.07 r        -0.03  (VIOLATED)
   u_fused_array/g_stripe[3].u_stripe/u_o_bank/g_row[4].g_group[0].u_mem/g_byte[3].u_sram/A[4]
                                0.10           0.07 r        -0.03  (VIOLATED)
   u_fused_array/g_stripe[3].u_stripe/u_o_bank/g_row[5].g_group[0].u_mem/g_byte[0].u_sram/A[1]
                                0.10           0.07 r        -0.03  (VIOLATED)
   u_fused_array/g_stripe[3].u_stripe/u_o_bank/g_row[5].g_group[0].u_mem/g_byte[0].u_sram/A[2]
                                0.10           0.07 r        -0.03  (VIOLATED)
   u_fused_array/g_stripe[3].u_stripe/u_o_bank/g_row[5].g_group[0].u_mem/g_byte[0].u_sram/A[3]
                                0.10           0.07 r        -0.03  (VIOLATED)
   u_fused_array/g_stripe[3].u_stripe/u_o_bank/g_row[5].g_group[0].u_mem/g_byte[0].u_sram/A[4]
                                0.10           0.07 r        -0.03  (VIOLATED)
   u_fused_array/g_stripe[3].u_stripe/u_o_bank/g_row[5].g_group[0].u_mem/g_byte[1].u_sram/A[1]
                                0.10           0.07 r        -0.03  (VIOLATED)
   u_fused_array/g_stripe[3].u_stripe/u_o_bank/g_row[5].g_group[0].u_mem/g_byte[1].u_sram/A[2]
                                0.10           0.07 r        -0.03  (VIOLATED)
   u_fused_array/g_stripe[3].u_stripe/u_o_bank/g_row[5].g_group[0].u_mem/g_byte[1].u_sram/A[3]
                                0.10           0.07 r        -0.03  (VIOLATED)
   u_fused_array/g_stripe[3].u_stripe/u_o_bank/g_row[5].g_group[0].u_mem/g_byte[1].u_sram/A[4]
                                0.10           0.07 r        -0.03  (VIOLATED)
   u_fused_array/g_stripe[3].u_stripe/u_o_bank/g_row[5].g_group[0].u_mem/g_byte[2].u_sram/A[1]
                                0.10           0.07 r        -0.03  (VIOLATED)
   u_fused_array/g_stripe[3].u_stripe/u_o_bank/g_row[5].g_group[0].u_mem/g_byte[2].u_sram/A[2]
                                0.10           0.07 r        -0.03  (VIOLATED)
   u_fused_array/g_stripe[3].u_stripe/u_o_bank/g_row[5].g_group[0].u_mem/g_byte[2].u_sram/A[3]
                                0.10           0.07 r        -0.03  (VIOLATED)
   u_fused_array/g_stripe[3].u_stripe/u_o_bank/g_row[5].g_group[0].u_mem/g_byte[2].u_sram/A[4]
                                0.10           0.07 r        -0.03  (VIOLATED)
   u_fused_array/g_stripe[3].u_stripe/u_o_bank/g_row[5].g_group[0].u_mem/g_byte[3].u_sram/A[1]
                                0.10           0.07 r        -0.03  (VIOLATED)
   u_fused_array/g_stripe[3].u_stripe/u_o_bank/g_row[5].g_group[0].u_mem/g_byte[3].u_sram/A[2]
                                0.10           0.07 r        -0.03  (VIOLATED)
   u_fused_array/g_stripe[3].u_stripe/u_o_bank/g_row[5].g_group[0].u_mem/g_byte[3].u_sram/A[3]
                                0.10           0.07 r        -0.03  (VIOLATED)
   u_fused_array/g_stripe[3].u_stripe/u_o_bank/g_row[5].g_group[0].u_mem/g_byte[3].u_sram/A[4]
                                0.10           0.07 r        -0.03  (VIOLATED)
   u_fused_array/g_stripe[3].u_stripe/u_o_bank/g_row[6].g_group[0].u_mem/g_byte[0].u_sram/A[1]
                                0.10           0.07 r        -0.03  (VIOLATED)
   u_fused_array/g_stripe[3].u_stripe/u_o_bank/g_row[6].g_group[0].u_mem/g_byte[0].u_sram/A[2]
                                0.10           0.07 r        -0.03  (VIOLATED)
   u_fused_array/g_stripe[3].u_stripe/u_o_bank/g_row[6].g_group[0].u_mem/g_byte[0].u_sram/A[3]
                                0.10           0.07 r        -0.03  (VIOLATED)
   u_fused_array/g_stripe[3].u_stripe/u_o_bank/g_row[6].g_group[0].u_mem/g_byte[0].u_sram/A[4]
                                0.10           0.07 r        -0.03  (VIOLATED)
   u_fused_array/g_stripe[3].u_stripe/u_o_bank/g_row[6].g_group[0].u_mem/g_byte[1].u_sram/A[1]
                                0.10           0.07 r        -0.03  (VIOLATED)
   u_fused_array/g_stripe[3].u_stripe/u_o_bank/g_row[6].g_group[0].u_mem/g_byte[1].u_sram/A[2]
                                0.10           0.07 r        -0.03  (VIOLATED)
   u_fused_array/g_stripe[3].u_stripe/u_o_bank/g_row[6].g_group[0].u_mem/g_byte[1].u_sram/A[3]
                                0.10           0.07 r        -0.03  (VIOLATED)
   u_fused_array/g_stripe[3].u_stripe/u_o_bank/g_row[6].g_group[0].u_mem/g_byte[1].u_sram/A[4]
                                0.10           0.07 r        -0.03  (VIOLATED)
   u_fused_array/g_stripe[3].u_stripe/u_o_bank/g_row[6].g_group[0].u_mem/g_byte[2].u_sram/A[1]
                                0.10           0.07 r        -0.03  (VIOLATED)
   u_fused_array/g_stripe[3].u_stripe/u_o_bank/g_row[6].g_group[0].u_mem/g_byte[2].u_sram/A[2]
                                0.10           0.07 r        -0.03  (VIOLATED)
   u_fused_array/g_stripe[3].u_stripe/u_o_bank/g_row[6].g_group[0].u_mem/g_byte[2].u_sram/A[3]
                                0.10           0.07 r        -0.03  (VIOLATED)
   u_fused_array/g_stripe[3].u_stripe/u_o_bank/g_row[6].g_group[0].u_mem/g_byte[2].u_sram/A[4]
                                0.10           0.07 r        -0.03  (VIOLATED)
   u_fused_array/g_stripe[3].u_stripe/u_o_bank/g_row[6].g_group[0].u_mem/g_byte[3].u_sram/A[1]
                                0.10           0.07 r        -0.03  (VIOLATED)
   u_fused_array/g_stripe[3].u_stripe/u_o_bank/g_row[6].g_group[0].u_mem/g_byte[3].u_sram/A[2]
                                0.10           0.07 r        -0.03  (VIOLATED)
   u_fused_array/g_stripe[3].u_stripe/u_o_bank/g_row[6].g_group[0].u_mem/g_byte[3].u_sram/A[3]
                                0.10           0.07 r        -0.03  (VIOLATED)
   u_fused_array/g_stripe[3].u_stripe/u_o_bank/g_row[6].g_group[0].u_mem/g_byte[3].u_sram/A[4]
                                0.10           0.07 r        -0.03  (VIOLATED)
   u_fused_array/g_stripe[0].u_stripe/u_o_bank/g_row[0].g_group[1].u_mem/g_byte[0].u_sram/A[0]
                                0.10           0.07 r        -0.03  (VIOLATED)
   u_fused_array/g_stripe[0].u_stripe/u_o_bank/g_row[0].g_group[1].u_mem/g_byte[0].u_sram/A[1]
                                0.10           0.07 r        -0.03  (VIOLATED)
   u_fused_array/g_stripe[0].u_stripe/u_o_bank/g_row[0].g_group[1].u_mem/g_byte[0].u_sram/A[2]
                                0.10           0.07 r        -0.03  (VIOLATED)
   u_fused_array/g_stripe[0].u_stripe/u_o_bank/g_row[0].g_group[1].u_mem/g_byte[0].u_sram/A[3]
                                0.10           0.07 r        -0.03  (VIOLATED)
   u_fused_array/g_stripe[0].u_stripe/u_o_bank/g_row[0].g_group[1].u_mem/g_byte[0].u_sram/A[4]
                                0.10           0.07 r        -0.03  (VIOLATED)
   u_fused_array/g_stripe[0].u_stripe/u_o_bank/g_row[0].g_group[1].u_mem/g_byte[1].u_sram/A[0]
                                0.10           0.07 r        -0.03  (VIOLATED)
   u_fused_array/g_stripe[0].u_stripe/u_o_bank/g_row[0].g_group[1].u_mem/g_byte[1].u_sram/A[1]
                                0.10           0.07 r        -0.03  (VIOLATED)
   u_fused_array/g_stripe[0].u_stripe/u_o_bank/g_row[0].g_group[1].u_mem/g_byte[1].u_sram/A[2]
                                0.10           0.07 r        -0.03  (VIOLATED)
   u_fused_array/g_stripe[0].u_stripe/u_o_bank/g_row[0].g_group[1].u_mem/g_byte[1].u_sram/A[3]
                                0.10           0.07 r        -0.03  (VIOLATED)
   u_fused_array/g_stripe[0].u_stripe/u_o_bank/g_row[0].g_group[1].u_mem/g_byte[1].u_sram/A[4]
                                0.10           0.07 r        -0.03  (VIOLATED)
   u_fused_array/g_stripe[0].u_stripe/u_o_bank/g_row[0].g_group[1].u_mem/g_byte[2].u_sram/A[0]
                                0.10           0.07 r        -0.03  (VIOLATED)
   u_fused_array/g_stripe[0].u_stripe/u_o_bank/g_row[0].g_group[1].u_mem/g_byte[2].u_sram/A[1]
                                0.10           0.07 r        -0.03  (VIOLATED)
   u_fused_array/g_stripe[0].u_stripe/u_o_bank/g_row[0].g_group[1].u_mem/g_byte[2].u_sram/A[2]
                                0.10           0.07 r        -0.03  (VIOLATED)
   u_fused_array/g_stripe[0].u_stripe/u_o_bank/g_row[0].g_group[1].u_mem/g_byte[2].u_sram/A[3]
                                0.10           0.07 r        -0.03  (VIOLATED)
   u_fused_array/g_stripe[0].u_stripe/u_o_bank/g_row[0].g_group[1].u_mem/g_byte[2].u_sram/A[4]
                                0.10           0.07 r        -0.03  (VIOLATED)
   u_fused_array/g_stripe[0].u_stripe/u_o_bank/g_row[0].g_group[1].u_mem/g_byte[3].u_sram/A[0]
                                0.10           0.07 r        -0.03  (VIOLATED)
   u_fused_array/g_stripe[0].u_stripe/u_o_bank/g_row[0].g_group[1].u_mem/g_byte[3].u_sram/A[1]
                                0.10           0.07 r        -0.03  (VIOLATED)
   u_fused_array/g_stripe[0].u_stripe/u_o_bank/g_row[0].g_group[1].u_mem/g_byte[3].u_sram/A[2]
                                0.10           0.07 r        -0.03  (VIOLATED)
   u_fused_array/g_stripe[0].u_stripe/u_o_bank/g_row[0].g_group[1].u_mem/g_byte[3].u_sram/A[3]
                                0.10           0.07 r        -0.03  (VIOLATED)
   u_fused_array/g_stripe[0].u_stripe/u_o_bank/g_row[0].g_group[1].u_mem/g_byte[3].u_sram/A[4]
                                0.10           0.07 r        -0.03  (VIOLATED)
   u_fused_array/g_stripe[0].u_stripe/u_o_bank/g_row[1].g_group[1].u_mem/g_byte[0].u_sram/A[0]
                                0.10           0.07 r        -0.03  (VIOLATED)
   u_fused_array/g_stripe[0].u_stripe/u_o_bank/g_row[1].g_group[1].u_mem/g_byte[1].u_sram/A[0]
                                0.10           0.07 r        -0.03  (VIOLATED)
   u_fused_array/g_stripe[0].u_stripe/u_o_bank/g_row[1].g_group[1].u_mem/g_byte[2].u_sram/A[0]
                                0.10           0.07 r        -0.03  (VIOLATED)
   u_fused_array/g_stripe[0].u_stripe/u_o_bank/g_row[1].g_group[1].u_mem/g_byte[3].u_sram/A[0]
                                0.10           0.07 r        -0.03  (VIOLATED)
   u_fused_array/g_stripe[0].u_stripe/u_o_bank/g_row[2].g_group[1].u_mem/g_byte[0].u_sram/A[0]
                                0.10           0.07 r        -0.03  (VIOLATED)
   u_fused_array/g_stripe[0].u_stripe/u_o_bank/g_row[2].g_group[1].u_mem/g_byte[1].u_sram/A[0]
                                0.10           0.07 r        -0.03  (VIOLATED)
   u_fused_array/g_stripe[0].u_stripe/u_o_bank/g_row[2].g_group[1].u_mem/g_byte[2].u_sram/A[0]
                                0.10           0.07 r        -0.03  (VIOLATED)
   u_fused_array/g_stripe[0].u_stripe/u_o_bank/g_row[2].g_group[1].u_mem/g_byte[3].u_sram/A[0]
                                0.10           0.07 r        -0.03  (VIOLATED)
   u_fused_array/g_stripe[0].u_stripe/u_o_bank/g_row[3].g_group[1].u_mem/g_byte[0].u_sram/A[0]
                                0.10           0.07 r        -0.03  (VIOLATED)
   u_fused_array/g_stripe[0].u_stripe/u_o_bank/g_row[3].g_group[1].u_mem/g_byte[1].u_sram/A[0]
                                0.10           0.07 r        -0.03  (VIOLATED)
   u_fused_array/g_stripe[0].u_stripe/u_o_bank/g_row[3].g_group[1].u_mem/g_byte[2].u_sram/A[0]
                                0.10           0.07 r        -0.03  (VIOLATED)
   u_fused_array/g_stripe[0].u_stripe/u_o_bank/g_row[3].g_group[1].u_mem/g_byte[3].u_sram/A[0]
                                0.10           0.07 r        -0.03  (VIOLATED)
   u_fused_array/g_stripe[0].u_stripe/u_o_bank/g_row[4].g_group[1].u_mem/g_byte[0].u_sram/A[0]
                                0.10           0.07 r        -0.03  (VIOLATED)
   u_fused_array/g_stripe[0].u_stripe/u_o_bank/g_row[4].g_group[1].u_mem/g_byte[1].u_sram/A[0]
                                0.10           0.07 r        -0.03  (VIOLATED)
   u_fused_array/g_stripe[0].u_stripe/u_o_bank/g_row[4].g_group[1].u_mem/g_byte[2].u_sram/A[0]
                                0.10           0.07 r        -0.03  (VIOLATED)
   u_fused_array/g_stripe[0].u_stripe/u_o_bank/g_row[4].g_group[1].u_mem/g_byte[3].u_sram/A[0]
                                0.10           0.07 r        -0.03  (VIOLATED)
   u_fused_array/g_stripe[0].u_stripe/u_o_bank/g_row[5].g_group[1].u_mem/g_byte[0].u_sram/A[0]
                                0.10           0.07 r        -0.03  (VIOLATED)
   u_fused_array/g_stripe[0].u_stripe/u_o_bank/g_row[5].g_group[1].u_mem/g_byte[1].u_sram/A[0]
                                0.10           0.07 r        -0.03  (VIOLATED)
   u_fused_array/g_stripe[0].u_stripe/u_o_bank/g_row[5].g_group[1].u_mem/g_byte[2].u_sram/A[0]
                                0.10           0.07 r        -0.03  (VIOLATED)
   u_fused_array/g_stripe[0].u_stripe/u_o_bank/g_row[5].g_group[1].u_mem/g_byte[3].u_sram/A[0]
                                0.10           0.07 r        -0.03  (VIOLATED)
   u_fused_array/g_stripe[0].u_stripe/u_o_bank/g_row[6].g_group[1].u_mem/g_byte[0].u_sram/A[0]
                                0.10           0.07 r        -0.03  (VIOLATED)
   u_fused_array/g_stripe[0].u_stripe/u_o_bank/g_row[6].g_group[1].u_mem/g_byte[1].u_sram/A[0]
                                0.10           0.07 r        -0.03  (VIOLATED)
   u_fused_array/g_stripe[0].u_stripe/u_o_bank/g_row[6].g_group[1].u_mem/g_byte[2].u_sram/A[0]
                                0.10           0.07 r        -0.03  (VIOLATED)
   u_fused_array/g_stripe[0].u_stripe/u_o_bank/g_row[6].g_group[1].u_mem/g_byte[3].u_sram/A[0]
                                0.10           0.07 r        -0.03  (VIOLATED)
   u_fused_array/g_stripe[0].u_stripe/u_o_bank/g_row[7].g_group[1].u_mem/g_byte[0].u_sram/A[0]
                                0.10           0.07 r        -0.03  (VIOLATED)
   u_fused_array/g_stripe[0].u_stripe/u_o_bank/g_row[7].g_group[1].u_mem/g_byte[1].u_sram/A[0]
                                0.10           0.07 r        -0.03  (VIOLATED)
   u_fused_array/g_stripe[0].u_stripe/u_o_bank/g_row[7].g_group[1].u_mem/g_byte[2].u_sram/A[0]
                                0.10           0.07 r        -0.03  (VIOLATED)
   u_fused_array/g_stripe[0].u_stripe/u_o_bank/g_row[7].g_group[1].u_mem/g_byte[3].u_sram/A[0]
                                0.10           0.07 r        -0.03  (VIOLATED)
   u_fused_array/g_stripe[1].u_stripe/u_o_bank/g_row[0].g_group[1].u_mem/g_byte[0].u_sram/A[0]
                                0.10           0.07 r        -0.03  (VIOLATED)
   u_fused_array/g_stripe[1].u_stripe/u_o_bank/g_row[0].g_group[1].u_mem/g_byte[0].u_sram/A[1]
                                0.10           0.07 r        -0.03  (VIOLATED)
   u_fused_array/g_stripe[1].u_stripe/u_o_bank/g_row[0].g_group[1].u_mem/g_byte[0].u_sram/A[2]
                                0.10           0.07 r        -0.03  (VIOLATED)
   u_fused_array/g_stripe[1].u_stripe/u_o_bank/g_row[0].g_group[1].u_mem/g_byte[0].u_sram/A[3]
                                0.10           0.07 r        -0.03  (VIOLATED)
   u_fused_array/g_stripe[1].u_stripe/u_o_bank/g_row[0].g_group[1].u_mem/g_byte[0].u_sram/A[4]
                                0.10           0.07 r        -0.03  (VIOLATED)
   u_fused_array/g_stripe[1].u_stripe/u_o_bank/g_row[0].g_group[1].u_mem/g_byte[1].u_sram/A[0]
                                0.10           0.07 r        -0.03  (VIOLATED)
   u_fused_array/g_stripe[1].u_stripe/u_o_bank/g_row[0].g_group[1].u_mem/g_byte[1].u_sram/A[1]
                                0.10           0.07 r        -0.03  (VIOLATED)
   u_fused_array/g_stripe[1].u_stripe/u_o_bank/g_row[0].g_group[1].u_mem/g_byte[1].u_sram/A[2]
                                0.10           0.07 r        -0.03  (VIOLATED)
   u_fused_array/g_stripe[1].u_stripe/u_o_bank/g_row[0].g_group[1].u_mem/g_byte[1].u_sram/A[3]
                                0.10           0.07 r        -0.03  (VIOLATED)
   u_fused_array/g_stripe[1].u_stripe/u_o_bank/g_row[0].g_group[1].u_mem/g_byte[1].u_sram/A[4]
                                0.10           0.07 r        -0.03  (VIOLATED)
   u_fused_array/g_stripe[1].u_stripe/u_o_bank/g_row[0].g_group[1].u_mem/g_byte[2].u_sram/A[0]
                                0.10           0.07 r        -0.03  (VIOLATED)
   u_fused_array/g_stripe[1].u_stripe/u_o_bank/g_row[0].g_group[1].u_mem/g_byte[2].u_sram/A[1]
                                0.10           0.07 r        -0.03  (VIOLATED)
   u_fused_array/g_stripe[1].u_stripe/u_o_bank/g_row[0].g_group[1].u_mem/g_byte[2].u_sram/A[2]
                                0.10           0.07 r        -0.03  (VIOLATED)
   u_fused_array/g_stripe[1].u_stripe/u_o_bank/g_row[0].g_group[1].u_mem/g_byte[2].u_sram/A[3]
                                0.10           0.07 r        -0.03  (VIOLATED)
   u_fused_array/g_stripe[1].u_stripe/u_o_bank/g_row[0].g_group[1].u_mem/g_byte[2].u_sram/A[4]
                                0.10           0.07 r        -0.03  (VIOLATED)
   u_fused_array/g_stripe[1].u_stripe/u_o_bank/g_row[0].g_group[1].u_mem/g_byte[3].u_sram/A[0]
                                0.10           0.07 r        -0.03  (VIOLATED)
   u_fused_array/g_stripe[1].u_stripe/u_o_bank/g_row[0].g_group[1].u_mem/g_byte[3].u_sram/A[1]
                                0.10           0.07 r        -0.03  (VIOLATED)
   u_fused_array/g_stripe[1].u_stripe/u_o_bank/g_row[0].g_group[1].u_mem/g_byte[3].u_sram/A[2]
                                0.10           0.07 r        -0.03  (VIOLATED)
   u_fused_array/g_stripe[1].u_stripe/u_o_bank/g_row[0].g_group[1].u_mem/g_byte[3].u_sram/A[3]
                                0.10           0.07 r        -0.03  (VIOLATED)
   u_fused_array/g_stripe[1].u_stripe/u_o_bank/g_row[0].g_group[1].u_mem/g_byte[3].u_sram/A[4]
                                0.10           0.07 r        -0.03  (VIOLATED)
   u_fused_array/g_stripe[1].u_stripe/u_o_bank/g_row[1].g_group[1].u_mem/g_byte[0].u_sram/A[0]
                                0.10           0.07 r        -0.03  (VIOLATED)
   u_fused_array/g_stripe[1].u_stripe/u_o_bank/g_row[1].g_group[1].u_mem/g_byte[1].u_sram/A[0]
                                0.10           0.07 r        -0.03  (VIOLATED)
   u_fused_array/g_stripe[1].u_stripe/u_o_bank/g_row[1].g_group[1].u_mem/g_byte[2].u_sram/A[0]
                                0.10           0.07 r        -0.03  (VIOLATED)
   u_fused_array/g_stripe[1].u_stripe/u_o_bank/g_row[1].g_group[1].u_mem/g_byte[3].u_sram/A[0]
                                0.10           0.07 r        -0.03  (VIOLATED)
   u_fused_array/g_stripe[1].u_stripe/u_o_bank/g_row[2].g_group[1].u_mem/g_byte[0].u_sram/A[0]
                                0.10           0.07 r        -0.03  (VIOLATED)
   u_fused_array/g_stripe[1].u_stripe/u_o_bank/g_row[2].g_group[1].u_mem/g_byte[1].u_sram/A[0]
                                0.10           0.07 r        -0.03  (VIOLATED)
   u_fused_array/g_stripe[1].u_stripe/u_o_bank/g_row[2].g_group[1].u_mem/g_byte[2].u_sram/A[0]
                                0.10           0.07 r        -0.03  (VIOLATED)
   u_fused_array/g_stripe[1].u_stripe/u_o_bank/g_row[2].g_group[1].u_mem/g_byte[3].u_sram/A[0]
                                0.10           0.07 r        -0.03  (VIOLATED)
   u_fused_array/g_stripe[1].u_stripe/u_o_bank/g_row[3].g_group[1].u_mem/g_byte[0].u_sram/A[0]
                                0.10           0.07 r        -0.03  (VIOLATED)
   u_fused_array/g_stripe[1].u_stripe/u_o_bank/g_row[3].g_group[1].u_mem/g_byte[1].u_sram/A[0]
                                0.10           0.07 r        -0.03  (VIOLATED)
   u_fused_array/g_stripe[1].u_stripe/u_o_bank/g_row[3].g_group[1].u_mem/g_byte[2].u_sram/A[0]
                                0.10           0.07 r        -0.03  (VIOLATED)
   u_fused_array/g_stripe[1].u_stripe/u_o_bank/g_row[3].g_group[1].u_mem/g_byte[3].u_sram/A[0]
                                0.10           0.07 r        -0.03  (VIOLATED)
   u_fused_array/g_stripe[1].u_stripe/u_o_bank/g_row[4].g_group[1].u_mem/g_byte[0].u_sram/A[0]
                                0.10           0.07 r        -0.03  (VIOLATED)
   u_fused_array/g_stripe[1].u_stripe/u_o_bank/g_row[4].g_group[1].u_mem/g_byte[1].u_sram/A[0]
                                0.10           0.07 r        -0.03  (VIOLATED)
   u_fused_array/g_stripe[1].u_stripe/u_o_bank/g_row[4].g_group[1].u_mem/g_byte[2].u_sram/A[0]
                                0.10           0.07 r        -0.03  (VIOLATED)
   u_fused_array/g_stripe[1].u_stripe/u_o_bank/g_row[4].g_group[1].u_mem/g_byte[3].u_sram/A[0]
                                0.10           0.07 r        -0.03  (VIOLATED)
   u_fused_array/g_stripe[1].u_stripe/u_o_bank/g_row[5].g_group[1].u_mem/g_byte[0].u_sram/A[0]
                                0.10           0.07 r        -0.03  (VIOLATED)
   u_fused_array/g_stripe[1].u_stripe/u_o_bank/g_row[5].g_group[1].u_mem/g_byte[1].u_sram/A[0]
                                0.10           0.07 r        -0.03  (VIOLATED)
   u_fused_array/g_stripe[1].u_stripe/u_o_bank/g_row[5].g_group[1].u_mem/g_byte[2].u_sram/A[0]
                                0.10           0.07 r        -0.03  (VIOLATED)
   u_fused_array/g_stripe[1].u_stripe/u_o_bank/g_row[5].g_group[1].u_mem/g_byte[3].u_sram/A[0]
                                0.10           0.07 r        -0.03  (VIOLATED)
   u_fused_array/g_stripe[1].u_stripe/u_o_bank/g_row[6].g_group[1].u_mem/g_byte[0].u_sram/A[0]
                                0.10           0.07 r        -0.03  (VIOLATED)
   u_fused_array/g_stripe[1].u_stripe/u_o_bank/g_row[6].g_group[1].u_mem/g_byte[1].u_sram/A[0]
                                0.10           0.07 r        -0.03  (VIOLATED)
   u_fused_array/g_stripe[1].u_stripe/u_o_bank/g_row[6].g_group[1].u_mem/g_byte[2].u_sram/A[0]
                                0.10           0.07 r        -0.03  (VIOLATED)
   u_fused_array/g_stripe[1].u_stripe/u_o_bank/g_row[6].g_group[1].u_mem/g_byte[3].u_sram/A[0]
                                0.10           0.07 r        -0.03  (VIOLATED)
   u_fused_array/g_stripe[1].u_stripe/u_o_bank/g_row[7].g_group[1].u_mem/g_byte[0].u_sram/A[0]
                                0.10           0.07 r        -0.03  (VIOLATED)
   u_fused_array/g_stripe[1].u_stripe/u_o_bank/g_row[7].g_group[1].u_mem/g_byte[1].u_sram/A[0]
                                0.10           0.07 r        -0.03  (VIOLATED)
   u_fused_array/g_stripe[1].u_stripe/u_o_bank/g_row[7].g_group[1].u_mem/g_byte[2].u_sram/A[0]
                                0.10           0.07 r        -0.03  (VIOLATED)
   u_fused_array/g_stripe[1].u_stripe/u_o_bank/g_row[7].g_group[1].u_mem/g_byte[3].u_sram/A[0]
                                0.10           0.07 r        -0.03  (VIOLATED)
   u_fused_array/g_stripe[2].u_stripe/u_o_bank/g_row[0].g_group[1].u_mem/g_byte[0].u_sram/A[0]
                                0.10           0.07 r        -0.03  (VIOLATED)
   u_fused_array/g_stripe[2].u_stripe/u_o_bank/g_row[0].g_group[1].u_mem/g_byte[0].u_sram/A[1]
                                0.10           0.07 r        -0.03  (VIOLATED)
   u_fused_array/g_stripe[2].u_stripe/u_o_bank/g_row[0].g_group[1].u_mem/g_byte[0].u_sram/A[2]
                                0.10           0.07 r        -0.03  (VIOLATED)
   u_fused_array/g_stripe[2].u_stripe/u_o_bank/g_row[0].g_group[1].u_mem/g_byte[0].u_sram/A[3]
                                0.10           0.07 r        -0.03  (VIOLATED)
   u_fused_array/g_stripe[2].u_stripe/u_o_bank/g_row[0].g_group[1].u_mem/g_byte[0].u_sram/A[4]
                                0.10           0.07 r        -0.03  (VIOLATED)
   u_fused_array/g_stripe[2].u_stripe/u_o_bank/g_row[0].g_group[1].u_mem/g_byte[1].u_sram/A[0]
                                0.10           0.07 r        -0.03  (VIOLATED)
   u_fused_array/g_stripe[2].u_stripe/u_o_bank/g_row[0].g_group[1].u_mem/g_byte[1].u_sram/A[1]
                                0.10           0.07 r        -0.03  (VIOLATED)
   u_fused_array/g_stripe[2].u_stripe/u_o_bank/g_row[0].g_group[1].u_mem/g_byte[1].u_sram/A[2]
                                0.10           0.07 r        -0.03  (VIOLATED)
   u_fused_array/g_stripe[2].u_stripe/u_o_bank/g_row[0].g_group[1].u_mem/g_byte[1].u_sram/A[3]
                                0.10           0.07 r        -0.03  (VIOLATED)
   u_fused_array/g_stripe[2].u_stripe/u_o_bank/g_row[0].g_group[1].u_mem/g_byte[1].u_sram/A[4]
                                0.10           0.07 r        -0.03  (VIOLATED)
   u_fused_array/g_stripe[2].u_stripe/u_o_bank/g_row[0].g_group[1].u_mem/g_byte[2].u_sram/A[0]
                                0.10           0.07 r        -0.03  (VIOLATED)
   u_fused_array/g_stripe[2].u_stripe/u_o_bank/g_row[0].g_group[1].u_mem/g_byte[2].u_sram/A[1]
                                0.10           0.07 r        -0.03  (VIOLATED)
   u_fused_array/g_stripe[2].u_stripe/u_o_bank/g_row[0].g_group[1].u_mem/g_byte[2].u_sram/A[2]
                                0.10           0.07 r        -0.03  (VIOLATED)
   u_fused_array/g_stripe[2].u_stripe/u_o_bank/g_row[0].g_group[1].u_mem/g_byte[2].u_sram/A[3]
                                0.10           0.07 r        -0.03  (VIOLATED)
   u_fused_array/g_stripe[2].u_stripe/u_o_bank/g_row[0].g_group[1].u_mem/g_byte[2].u_sram/A[4]
                                0.10           0.07 r        -0.03  (VIOLATED)
   u_fused_array/g_stripe[2].u_stripe/u_o_bank/g_row[0].g_group[1].u_mem/g_byte[3].u_sram/A[0]
                                0.10           0.07 r        -0.03  (VIOLATED)
   u_fused_array/g_stripe[2].u_stripe/u_o_bank/g_row[0].g_group[1].u_mem/g_byte[3].u_sram/A[1]
                                0.10           0.07 r        -0.03  (VIOLATED)
   u_fused_array/g_stripe[2].u_stripe/u_o_bank/g_row[0].g_group[1].u_mem/g_byte[3].u_sram/A[2]
                                0.10           0.07 r        -0.03  (VIOLATED)
   u_fused_array/g_stripe[2].u_stripe/u_o_bank/g_row[0].g_group[1].u_mem/g_byte[3].u_sram/A[3]
                                0.10           0.07 r        -0.03  (VIOLATED)
   u_fused_array/g_stripe[2].u_stripe/u_o_bank/g_row[0].g_group[1].u_mem/g_byte[3].u_sram/A[4]
                                0.10           0.07 r        -0.03  (VIOLATED)
   u_fused_array/g_stripe[2].u_stripe/u_o_bank/g_row[1].g_group[1].u_mem/g_byte[0].u_sram/A[0]
                                0.10           0.07 r        -0.03  (VIOLATED)
   u_fused_array/g_stripe[2].u_stripe/u_o_bank/g_row[1].g_group[1].u_mem/g_byte[1].u_sram/A[0]
                                0.10           0.07 r        -0.03  (VIOLATED)
   u_fused_array/g_stripe[2].u_stripe/u_o_bank/g_row[1].g_group[1].u_mem/g_byte[2].u_sram/A[0]
                                0.10           0.07 r        -0.03  (VIOLATED)
   u_fused_array/g_stripe[2].u_stripe/u_o_bank/g_row[1].g_group[1].u_mem/g_byte[3].u_sram/A[0]
                                0.10           0.07 r        -0.03  (VIOLATED)
   u_fused_array/g_stripe[2].u_stripe/u_o_bank/g_row[2].g_group[1].u_mem/g_byte[0].u_sram/A[0]
                                0.10           0.07 r        -0.03  (VIOLATED)
   u_fused_array/g_stripe[2].u_stripe/u_o_bank/g_row[2].g_group[1].u_mem/g_byte[1].u_sram/A[0]
                                0.10           0.07 r        -0.03  (VIOLATED)
   u_fused_array/g_stripe[2].u_stripe/u_o_bank/g_row[2].g_group[1].u_mem/g_byte[2].u_sram/A[0]
                                0.10           0.07 r        -0.03  (VIOLATED)
   u_fused_array/g_stripe[2].u_stripe/u_o_bank/g_row[2].g_group[1].u_mem/g_byte[3].u_sram/A[0]
                                0.10           0.07 r        -0.03  (VIOLATED)
   u_fused_array/g_stripe[2].u_stripe/u_o_bank/g_row[3].g_group[1].u_mem/g_byte[0].u_sram/A[0]
                                0.10           0.07 r        -0.03  (VIOLATED)
   u_fused_array/g_stripe[2].u_stripe/u_o_bank/g_row[3].g_group[1].u_mem/g_byte[1].u_sram/A[0]
                                0.10           0.07 r        -0.03  (VIOLATED)
   u_fused_array/g_stripe[2].u_stripe/u_o_bank/g_row[3].g_group[1].u_mem/g_byte[2].u_sram/A[0]
                                0.10           0.07 r        -0.03  (VIOLATED)
   u_fused_array/g_stripe[2].u_stripe/u_o_bank/g_row[3].g_group[1].u_mem/g_byte[3].u_sram/A[0]
                                0.10           0.07 r        -0.03  (VIOLATED)
   u_fused_array/g_stripe[2].u_stripe/u_o_bank/g_row[4].g_group[1].u_mem/g_byte[0].u_sram/A[0]
                                0.10           0.07 r        -0.03  (VIOLATED)
   u_fused_array/g_stripe[2].u_stripe/u_o_bank/g_row[4].g_group[1].u_mem/g_byte[1].u_sram/A[0]
                                0.10           0.07 r        -0.03  (VIOLATED)
   u_fused_array/g_stripe[2].u_stripe/u_o_bank/g_row[4].g_group[1].u_mem/g_byte[2].u_sram/A[0]
                                0.10           0.07 r        -0.03  (VIOLATED)
   u_fused_array/g_stripe[2].u_stripe/u_o_bank/g_row[4].g_group[1].u_mem/g_byte[3].u_sram/A[0]
                                0.10           0.07 r        -0.03  (VIOLATED)
   u_fused_array/g_stripe[2].u_stripe/u_o_bank/g_row[5].g_group[1].u_mem/g_byte[0].u_sram/A[0]
                                0.10           0.07 r        -0.03  (VIOLATED)
   u_fused_array/g_stripe[2].u_stripe/u_o_bank/g_row[5].g_group[1].u_mem/g_byte[1].u_sram/A[0]
                                0.10           0.07 r        -0.03  (VIOLATED)
   u_fused_array/g_stripe[2].u_stripe/u_o_bank/g_row[5].g_group[1].u_mem/g_byte[2].u_sram/A[0]
                                0.10           0.07 r        -0.03  (VIOLATED)
   u_fused_array/g_stripe[2].u_stripe/u_o_bank/g_row[5].g_group[1].u_mem/g_byte[3].u_sram/A[0]
                                0.10           0.07 r        -0.03  (VIOLATED)
   u_fused_array/g_stripe[2].u_stripe/u_o_bank/g_row[6].g_group[1].u_mem/g_byte[0].u_sram/A[0]
                                0.10           0.07 r        -0.03  (VIOLATED)
   u_fused_array/g_stripe[2].u_stripe/u_o_bank/g_row[6].g_group[1].u_mem/g_byte[1].u_sram/A[0]
                                0.10           0.07 r        -0.03  (VIOLATED)
   u_fused_array/g_stripe[2].u_stripe/u_o_bank/g_row[6].g_group[1].u_mem/g_byte[2].u_sram/A[0]
                                0.10           0.07 r        -0.03  (VIOLATED)
   u_fused_array/g_stripe[2].u_stripe/u_o_bank/g_row[6].g_group[1].u_mem/g_byte[3].u_sram/A[0]
                                0.10           0.07 r        -0.03  (VIOLATED)
   u_fused_array/g_stripe[2].u_stripe/u_o_bank/g_row[7].g_group[1].u_mem/g_byte[0].u_sram/A[0]
                                0.10           0.07 r        -0.03  (VIOLATED)
   u_fused_array/g_stripe[2].u_stripe/u_o_bank/g_row[7].g_group[1].u_mem/g_byte[1].u_sram/A[0]
                                0.10           0.07 r        -0.03  (VIOLATED)
   u_fused_array/g_stripe[2].u_stripe/u_o_bank/g_row[7].g_group[1].u_mem/g_byte[2].u_sram/A[0]
                                0.10           0.07 r        -0.03  (VIOLATED)
   u_fused_array/g_stripe[2].u_stripe/u_o_bank/g_row[7].g_group[1].u_mem/g_byte[3].u_sram/A[0]
                                0.10           0.07 r        -0.03  (VIOLATED)
   u_fused_array/g_stripe[3].u_stripe/u_o_bank/g_row[0].g_group[1].u_mem/g_byte[0].u_sram/A[0]
                                0.10           0.07 r        -0.03  (VIOLATED)
   u_fused_array/g_stripe[3].u_stripe/u_o_bank/g_row[0].g_group[1].u_mem/g_byte[0].u_sram/A[1]
                                0.10           0.07 r        -0.03  (VIOLATED)
   u_fused_array/g_stripe[3].u_stripe/u_o_bank/g_row[0].g_group[1].u_mem/g_byte[0].u_sram/A[2]
                                0.10           0.07 r        -0.03  (VIOLATED)
   u_fused_array/g_stripe[3].u_stripe/u_o_bank/g_row[0].g_group[1].u_mem/g_byte[0].u_sram/A[3]
                                0.10           0.07 r        -0.03  (VIOLATED)
   u_fused_array/g_stripe[3].u_stripe/u_o_bank/g_row[0].g_group[1].u_mem/g_byte[0].u_sram/A[4]
                                0.10           0.07 r        -0.03  (VIOLATED)
   u_fused_array/g_stripe[3].u_stripe/u_o_bank/g_row[0].g_group[1].u_mem/g_byte[1].u_sram/A[0]
                                0.10           0.07 r        -0.03  (VIOLATED)
   u_fused_array/g_stripe[3].u_stripe/u_o_bank/g_row[0].g_group[1].u_mem/g_byte[1].u_sram/A[1]
                                0.10           0.07 r        -0.03  (VIOLATED)
   u_fused_array/g_stripe[3].u_stripe/u_o_bank/g_row[0].g_group[1].u_mem/g_byte[1].u_sram/A[2]
                                0.10           0.07 r        -0.03  (VIOLATED)
   u_fused_array/g_stripe[3].u_stripe/u_o_bank/g_row[0].g_group[1].u_mem/g_byte[1].u_sram/A[3]
                                0.10           0.07 r        -0.03  (VIOLATED)
   u_fused_array/g_stripe[3].u_stripe/u_o_bank/g_row[0].g_group[1].u_mem/g_byte[1].u_sram/A[4]
                                0.10           0.07 r        -0.03  (VIOLATED)
   u_fused_array/g_stripe[3].u_stripe/u_o_bank/g_row[0].g_group[1].u_mem/g_byte[2].u_sram/A[0]
                                0.10           0.07 r        -0.03  (VIOLATED)
   u_fused_array/g_stripe[3].u_stripe/u_o_bank/g_row[0].g_group[1].u_mem/g_byte[2].u_sram/A[1]
                                0.10           0.07 r        -0.03  (VIOLATED)
   u_fused_array/g_stripe[3].u_stripe/u_o_bank/g_row[0].g_group[1].u_mem/g_byte[2].u_sram/A[2]
                                0.10           0.07 r        -0.03  (VIOLATED)
   u_fused_array/g_stripe[3].u_stripe/u_o_bank/g_row[0].g_group[1].u_mem/g_byte[2].u_sram/A[3]
                                0.10           0.07 r        -0.03  (VIOLATED)
   u_fused_array/g_stripe[3].u_stripe/u_o_bank/g_row[0].g_group[1].u_mem/g_byte[2].u_sram/A[4]
                                0.10           0.07 r        -0.03  (VIOLATED)
   u_fused_array/g_stripe[3].u_stripe/u_o_bank/g_row[0].g_group[1].u_mem/g_byte[3].u_sram/A[0]
                                0.10           0.07 r        -0.03  (VIOLATED)
   u_fused_array/g_stripe[3].u_stripe/u_o_bank/g_row[0].g_group[1].u_mem/g_byte[3].u_sram/A[1]
                                0.10           0.07 r        -0.03  (VIOLATED)
   u_fused_array/g_stripe[3].u_stripe/u_o_bank/g_row[0].g_group[1].u_mem/g_byte[3].u_sram/A[2]
                                0.10           0.07 r        -0.03  (VIOLATED)
   u_fused_array/g_stripe[3].u_stripe/u_o_bank/g_row[0].g_group[1].u_mem/g_byte[3].u_sram/A[3]
                                0.10           0.07 r        -0.03  (VIOLATED)
   u_fused_array/g_stripe[3].u_stripe/u_o_bank/g_row[0].g_group[1].u_mem/g_byte[3].u_sram/A[4]
                                0.10           0.07 r        -0.03  (VIOLATED)
   u_fused_array/g_stripe[3].u_stripe/u_o_bank/g_row[1].g_group[1].u_mem/g_byte[0].u_sram/A[0]
                                0.10           0.07 r        -0.03  (VIOLATED)
   u_fused_array/g_stripe[3].u_stripe/u_o_bank/g_row[1].g_group[1].u_mem/g_byte[1].u_sram/A[0]
                                0.10           0.07 r        -0.03  (VIOLATED)
   u_fused_array/g_stripe[3].u_stripe/u_o_bank/g_row[1].g_group[1].u_mem/g_byte[2].u_sram/A[0]
                                0.10           0.07 r        -0.03  (VIOLATED)
   u_fused_array/g_stripe[3].u_stripe/u_o_bank/g_row[1].g_group[1].u_mem/g_byte[3].u_sram/A[0]
                                0.10           0.07 r        -0.03  (VIOLATED)
   u_fused_array/g_stripe[3].u_stripe/u_o_bank/g_row[2].g_group[1].u_mem/g_byte[0].u_sram/A[0]
                                0.10           0.07 r        -0.03  (VIOLATED)
   u_fused_array/g_stripe[3].u_stripe/u_o_bank/g_row[2].g_group[1].u_mem/g_byte[1].u_sram/A[0]
                                0.10           0.07 r        -0.03  (VIOLATED)
   u_fused_array/g_stripe[3].u_stripe/u_o_bank/g_row[2].g_group[1].u_mem/g_byte[2].u_sram/A[0]
                                0.10           0.07 r        -0.03  (VIOLATED)
   u_fused_array/g_stripe[3].u_stripe/u_o_bank/g_row[2].g_group[1].u_mem/g_byte[3].u_sram/A[0]
                                0.10           0.07 r        -0.03  (VIOLATED)
   u_fused_array/g_stripe[3].u_stripe/u_o_bank/g_row[3].g_group[1].u_mem/g_byte[0].u_sram/A[0]
                                0.10           0.07 r        -0.03  (VIOLATED)
   u_fused_array/g_stripe[3].u_stripe/u_o_bank/g_row[3].g_group[1].u_mem/g_byte[1].u_sram/A[0]
                                0.10           0.07 r        -0.03  (VIOLATED)
   u_fused_array/g_stripe[3].u_stripe/u_o_bank/g_row[3].g_group[1].u_mem/g_byte[2].u_sram/A[0]
                                0.10           0.07 r        -0.03  (VIOLATED)
   u_fused_array/g_stripe[3].u_stripe/u_o_bank/g_row[3].g_group[1].u_mem/g_byte[3].u_sram/A[0]
                                0.10           0.07 r        -0.03  (VIOLATED)
   u_fused_array/g_stripe[3].u_stripe/u_o_bank/g_row[4].g_group[1].u_mem/g_byte[0].u_sram/A[0]
                                0.10           0.07 r        -0.03  (VIOLATED)
   u_fused_array/g_stripe[3].u_stripe/u_o_bank/g_row[4].g_group[1].u_mem/g_byte[1].u_sram/A[0]
                                0.10           0.07 r        -0.03  (VIOLATED)
   u_fused_array/g_stripe[3].u_stripe/u_o_bank/g_row[4].g_group[1].u_mem/g_byte[2].u_sram/A[0]
                                0.10           0.07 r        -0.03  (VIOLATED)
   u_fused_array/g_stripe[3].u_stripe/u_o_bank/g_row[4].g_group[1].u_mem/g_byte[3].u_sram/A[0]
                                0.10           0.07 r        -0.03  (VIOLATED)
   u_fused_array/g_stripe[3].u_stripe/u_o_bank/g_row[5].g_group[1].u_mem/g_byte[0].u_sram/A[0]
                                0.10           0.07 r        -0.03  (VIOLATED)
   u_fused_array/g_stripe[3].u_stripe/u_o_bank/g_row[5].g_group[1].u_mem/g_byte[1].u_sram/A[0]
                                0.10           0.07 r        -0.03  (VIOLATED)
   u_fused_array/g_stripe[3].u_stripe/u_o_bank/g_row[5].g_group[1].u_mem/g_byte[2].u_sram/A[0]
                                0.10           0.07 r        -0.03  (VIOLATED)
   u_fused_array/g_stripe[3].u_stripe/u_o_bank/g_row[5].g_group[1].u_mem/g_byte[3].u_sram/A[0]
                                0.10           0.07 r        -0.03  (VIOLATED)
   u_fused_array/g_stripe[3].u_stripe/u_o_bank/g_row[6].g_group[1].u_mem/g_byte[0].u_sram/A[0]
                                0.10           0.07 r        -0.03  (VIOLATED)
   u_fused_array/g_stripe[3].u_stripe/u_o_bank/g_row[6].g_group[1].u_mem/g_byte[1].u_sram/A[0]
                                0.10           0.07 r        -0.03  (VIOLATED)
   u_fused_array/g_stripe[3].u_stripe/u_o_bank/g_row[6].g_group[1].u_mem/g_byte[2].u_sram/A[0]
                                0.10           0.07 r        -0.03  (VIOLATED)
   u_fused_array/g_stripe[3].u_stripe/u_o_bank/g_row[6].g_group[1].u_mem/g_byte[3].u_sram/A[0]
                                0.10           0.07 r        -0.03  (VIOLATED)
   u_fused_array/g_stripe[0].u_stripe/u_o_bank/g_row[1].g_group[1].u_mem/g_byte[0].u_sram/A[1]
                                0.10           0.07 r        -0.03  (VIOLATED)
   u_fused_array/g_stripe[0].u_stripe/u_o_bank/g_row[1].g_group[1].u_mem/g_byte[0].u_sram/A[2]
                                0.10           0.07 r        -0.03  (VIOLATED)
   u_fused_array/g_stripe[0].u_stripe/u_o_bank/g_row[1].g_group[1].u_mem/g_byte[0].u_sram/A[3]
                                0.10           0.07 r        -0.03  (VIOLATED)
   u_fused_array/g_stripe[0].u_stripe/u_o_bank/g_row[1].g_group[1].u_mem/g_byte[0].u_sram/A[4]
                                0.10           0.07 r        -0.03  (VIOLATED)
   u_fused_array/g_stripe[0].u_stripe/u_o_bank/g_row[1].g_group[1].u_mem/g_byte[1].u_sram/A[1]
                                0.10           0.07 r        -0.03  (VIOLATED)
   u_fused_array/g_stripe[0].u_stripe/u_o_bank/g_row[1].g_group[1].u_mem/g_byte[1].u_sram/A[2]
                                0.10           0.07 r        -0.03  (VIOLATED)
   u_fused_array/g_stripe[0].u_stripe/u_o_bank/g_row[1].g_group[1].u_mem/g_byte[1].u_sram/A[3]
                                0.10           0.07 r        -0.03  (VIOLATED)
   u_fused_array/g_stripe[0].u_stripe/u_o_bank/g_row[1].g_group[1].u_mem/g_byte[1].u_sram/A[4]
                                0.10           0.07 r        -0.03  (VIOLATED)
   u_fused_array/g_stripe[0].u_stripe/u_o_bank/g_row[1].g_group[1].u_mem/g_byte[2].u_sram/A[1]
                                0.10           0.07 r        -0.03  (VIOLATED)
   u_fused_array/g_stripe[0].u_stripe/u_o_bank/g_row[1].g_group[1].u_mem/g_byte[2].u_sram/A[2]
                                0.10           0.07 r        -0.03  (VIOLATED)
   u_fused_array/g_stripe[0].u_stripe/u_o_bank/g_row[1].g_group[1].u_mem/g_byte[2].u_sram/A[3]
                                0.10           0.07 r        -0.03  (VIOLATED)
   u_fused_array/g_stripe[0].u_stripe/u_o_bank/g_row[1].g_group[1].u_mem/g_byte[2].u_sram/A[4]
                                0.10           0.07 r        -0.03  (VIOLATED)
   u_fused_array/g_stripe[0].u_stripe/u_o_bank/g_row[1].g_group[1].u_mem/g_byte[3].u_sram/A[1]
                                0.10           0.07 r        -0.03  (VIOLATED)
   u_fused_array/g_stripe[0].u_stripe/u_o_bank/g_row[1].g_group[1].u_mem/g_byte[3].u_sram/A[2]
                                0.10           0.07 r        -0.03  (VIOLATED)
   u_fused_array/g_stripe[0].u_stripe/u_o_bank/g_row[1].g_group[1].u_mem/g_byte[3].u_sram/A[3]
                                0.10           0.07 r        -0.03  (VIOLATED)
   u_fused_array/g_stripe[0].u_stripe/u_o_bank/g_row[1].g_group[1].u_mem/g_byte[3].u_sram/A[4]
                                0.10           0.07 r        -0.03  (VIOLATED)
   u_fused_array/g_stripe[0].u_stripe/u_o_bank/g_row[2].g_group[1].u_mem/g_byte[0].u_sram/A[1]
                                0.10           0.07 r        -0.03  (VIOLATED)
   u_fused_array/g_stripe[0].u_stripe/u_o_bank/g_row[2].g_group[1].u_mem/g_byte[0].u_sram/A[2]
                                0.10           0.07 r        -0.03  (VIOLATED)
   u_fused_array/g_stripe[0].u_stripe/u_o_bank/g_row[2].g_group[1].u_mem/g_byte[0].u_sram/A[3]
                                0.10           0.07 r        -0.03  (VIOLATED)
   u_fused_array/g_stripe[0].u_stripe/u_o_bank/g_row[2].g_group[1].u_mem/g_byte[0].u_sram/A[4]
                                0.10           0.07 r        -0.03  (VIOLATED)
   u_fused_array/g_stripe[0].u_stripe/u_o_bank/g_row[2].g_group[1].u_mem/g_byte[1].u_sram/A[1]
                                0.10           0.07 r        -0.03  (VIOLATED)
   u_fused_array/g_stripe[0].u_stripe/u_o_bank/g_row[2].g_group[1].u_mem/g_byte[1].u_sram/A[2]
                                0.10           0.07 r        -0.03  (VIOLATED)
   u_fused_array/g_stripe[0].u_stripe/u_o_bank/g_row[2].g_group[1].u_mem/g_byte[1].u_sram/A[3]
                                0.10           0.07 r        -0.03  (VIOLATED)
   u_fused_array/g_stripe[0].u_stripe/u_o_bank/g_row[2].g_group[1].u_mem/g_byte[1].u_sram/A[4]
                                0.10           0.07 r        -0.03  (VIOLATED)
   u_fused_array/g_stripe[0].u_stripe/u_o_bank/g_row[2].g_group[1].u_mem/g_byte[2].u_sram/A[1]
                                0.10           0.07 r        -0.03  (VIOLATED)
   u_fused_array/g_stripe[0].u_stripe/u_o_bank/g_row[2].g_group[1].u_mem/g_byte[2].u_sram/A[2]
                                0.10           0.07 r        -0.03  (VIOLATED)
   u_fused_array/g_stripe[0].u_stripe/u_o_bank/g_row[2].g_group[1].u_mem/g_byte[2].u_sram/A[3]
                                0.10           0.07 r        -0.03  (VIOLATED)
   u_fused_array/g_stripe[0].u_stripe/u_o_bank/g_row[2].g_group[1].u_mem/g_byte[2].u_sram/A[4]
                                0.10           0.07 r        -0.03  (VIOLATED)
   u_fused_array/g_stripe[0].u_stripe/u_o_bank/g_row[2].g_group[1].u_mem/g_byte[3].u_sram/A[1]
                                0.10           0.07 r        -0.03  (VIOLATED)
   u_fused_array/g_stripe[0].u_stripe/u_o_bank/g_row[2].g_group[1].u_mem/g_byte[3].u_sram/A[2]
                                0.10           0.07 r        -0.03  (VIOLATED)
   u_fused_array/g_stripe[0].u_stripe/u_o_bank/g_row[2].g_group[1].u_mem/g_byte[3].u_sram/A[3]
                                0.10           0.07 r        -0.03  (VIOLATED)
   u_fused_array/g_stripe[0].u_stripe/u_o_bank/g_row[2].g_group[1].u_mem/g_byte[3].u_sram/A[4]
                                0.10           0.07 r        -0.03  (VIOLATED)
   u_fused_array/g_stripe[0].u_stripe/u_o_bank/g_row[3].g_group[1].u_mem/g_byte[0].u_sram/A[1]
                                0.10           0.07 r        -0.03  (VIOLATED)
   u_fused_array/g_stripe[0].u_stripe/u_o_bank/g_row[3].g_group[1].u_mem/g_byte[0].u_sram/A[2]
                                0.10           0.07 r        -0.03  (VIOLATED)
   u_fused_array/g_stripe[0].u_stripe/u_o_bank/g_row[3].g_group[1].u_mem/g_byte[0].u_sram/A[3]
                                0.10           0.07 r        -0.03  (VIOLATED)
   u_fused_array/g_stripe[0].u_stripe/u_o_bank/g_row[3].g_group[1].u_mem/g_byte[0].u_sram/A[4]
                                0.10           0.07 r        -0.03  (VIOLATED)
   u_fused_array/g_stripe[0].u_stripe/u_o_bank/g_row[3].g_group[1].u_mem/g_byte[1].u_sram/A[1]
                                0.10           0.07 r        -0.03  (VIOLATED)
   u_fused_array/g_stripe[0].u_stripe/u_o_bank/g_row[3].g_group[1].u_mem/g_byte[1].u_sram/A[2]
                                0.10           0.07 r        -0.03  (VIOLATED)
   u_fused_array/g_stripe[0].u_stripe/u_o_bank/g_row[3].g_group[1].u_mem/g_byte[1].u_sram/A[3]
                                0.10           0.07 r        -0.03  (VIOLATED)
   u_fused_array/g_stripe[0].u_stripe/u_o_bank/g_row[3].g_group[1].u_mem/g_byte[1].u_sram/A[4]
                                0.10           0.07 r        -0.03  (VIOLATED)
   u_fused_array/g_stripe[0].u_stripe/u_o_bank/g_row[3].g_group[1].u_mem/g_byte[2].u_sram/A[1]
                                0.10           0.07 r        -0.03  (VIOLATED)
   u_fused_array/g_stripe[0].u_stripe/u_o_bank/g_row[3].g_group[1].u_mem/g_byte[2].u_sram/A[2]
                                0.10           0.07 r        -0.03  (VIOLATED)
   u_fused_array/g_stripe[0].u_stripe/u_o_bank/g_row[3].g_group[1].u_mem/g_byte[2].u_sram/A[3]
                                0.10           0.07 r        -0.03  (VIOLATED)
   u_fused_array/g_stripe[0].u_stripe/u_o_bank/g_row[3].g_group[1].u_mem/g_byte[2].u_sram/A[4]
                                0.10           0.07 r        -0.03  (VIOLATED)
   u_fused_array/g_stripe[0].u_stripe/u_o_bank/g_row[3].g_group[1].u_mem/g_byte[3].u_sram/A[1]
                                0.10           0.07 r        -0.03  (VIOLATED)
   u_fused_array/g_stripe[0].u_stripe/u_o_bank/g_row[3].g_group[1].u_mem/g_byte[3].u_sram/A[2]
                                0.10           0.07 r        -0.03  (VIOLATED)
   u_fused_array/g_stripe[0].u_stripe/u_o_bank/g_row[3].g_group[1].u_mem/g_byte[3].u_sram/A[3]
                                0.10           0.07 r        -0.03  (VIOLATED)
   u_fused_array/g_stripe[0].u_stripe/u_o_bank/g_row[3].g_group[1].u_mem/g_byte[3].u_sram/A[4]
                                0.10           0.07 r        -0.03  (VIOLATED)
   u_fused_array/g_stripe[0].u_stripe/u_o_bank/g_row[4].g_group[1].u_mem/g_byte[0].u_sram/A[1]
                                0.10           0.07 r        -0.03  (VIOLATED)
   u_fused_array/g_stripe[0].u_stripe/u_o_bank/g_row[4].g_group[1].u_mem/g_byte[0].u_sram/A[2]
                                0.10           0.07 r        -0.03  (VIOLATED)
   u_fused_array/g_stripe[0].u_stripe/u_o_bank/g_row[4].g_group[1].u_mem/g_byte[0].u_sram/A[3]
                                0.10           0.07 r        -0.03  (VIOLATED)
   u_fused_array/g_stripe[0].u_stripe/u_o_bank/g_row[4].g_group[1].u_mem/g_byte[0].u_sram/A[4]
                                0.10           0.07 r        -0.03  (VIOLATED)
   u_fused_array/g_stripe[0].u_stripe/u_o_bank/g_row[4].g_group[1].u_mem/g_byte[1].u_sram/A[1]
                                0.10           0.07 r        -0.03  (VIOLATED)
   u_fused_array/g_stripe[0].u_stripe/u_o_bank/g_row[4].g_group[1].u_mem/g_byte[1].u_sram/A[2]
                                0.10           0.07 r        -0.03  (VIOLATED)
   u_fused_array/g_stripe[0].u_stripe/u_o_bank/g_row[4].g_group[1].u_mem/g_byte[1].u_sram/A[3]
                                0.10           0.07 r        -0.03  (VIOLATED)
   u_fused_array/g_stripe[0].u_stripe/u_o_bank/g_row[4].g_group[1].u_mem/g_byte[1].u_sram/A[4]
                                0.10           0.07 r        -0.03  (VIOLATED)
   u_fused_array/g_stripe[0].u_stripe/u_o_bank/g_row[4].g_group[1].u_mem/g_byte[2].u_sram/A[1]
                                0.10           0.07 r        -0.03  (VIOLATED)
   u_fused_array/g_stripe[0].u_stripe/u_o_bank/g_row[4].g_group[1].u_mem/g_byte[2].u_sram/A[2]
                                0.10           0.07 r        -0.03  (VIOLATED)
   u_fused_array/g_stripe[0].u_stripe/u_o_bank/g_row[4].g_group[1].u_mem/g_byte[2].u_sram/A[3]
                                0.10           0.07 r        -0.03  (VIOLATED)
   u_fused_array/g_stripe[0].u_stripe/u_o_bank/g_row[4].g_group[1].u_mem/g_byte[2].u_sram/A[4]
                                0.10           0.07 r        -0.03  (VIOLATED)
   u_fused_array/g_stripe[0].u_stripe/u_o_bank/g_row[4].g_group[1].u_mem/g_byte[3].u_sram/A[1]
                                0.10           0.07 r        -0.03  (VIOLATED)
   u_fused_array/g_stripe[0].u_stripe/u_o_bank/g_row[4].g_group[1].u_mem/g_byte[3].u_sram/A[2]
                                0.10           0.07 r        -0.03  (VIOLATED)
   u_fused_array/g_stripe[0].u_stripe/u_o_bank/g_row[4].g_group[1].u_mem/g_byte[3].u_sram/A[3]
                                0.10           0.07 r        -0.03  (VIOLATED)
   u_fused_array/g_stripe[0].u_stripe/u_o_bank/g_row[4].g_group[1].u_mem/g_byte[3].u_sram/A[4]
                                0.10           0.07 r        -0.03  (VIOLATED)
   u_fused_array/g_stripe[0].u_stripe/u_o_bank/g_row[5].g_group[1].u_mem/g_byte[0].u_sram/A[1]
                                0.10           0.07 r        -0.03  (VIOLATED)
   u_fused_array/g_stripe[0].u_stripe/u_o_bank/g_row[5].g_group[1].u_mem/g_byte[0].u_sram/A[2]
                                0.10           0.07 r        -0.03  (VIOLATED)
   u_fused_array/g_stripe[0].u_stripe/u_o_bank/g_row[5].g_group[1].u_mem/g_byte[0].u_sram/A[3]
                                0.10           0.07 r        -0.03  (VIOLATED)
   u_fused_array/g_stripe[0].u_stripe/u_o_bank/g_row[5].g_group[1].u_mem/g_byte[0].u_sram/A[4]
                                0.10           0.07 r        -0.03  (VIOLATED)
   u_fused_array/g_stripe[0].u_stripe/u_o_bank/g_row[5].g_group[1].u_mem/g_byte[1].u_sram/A[1]
                                0.10           0.07 r        -0.03  (VIOLATED)
   u_fused_array/g_stripe[0].u_stripe/u_o_bank/g_row[5].g_group[1].u_mem/g_byte[1].u_sram/A[2]
                                0.10           0.07 r        -0.03  (VIOLATED)
   u_fused_array/g_stripe[0].u_stripe/u_o_bank/g_row[5].g_group[1].u_mem/g_byte[1].u_sram/A[3]
                                0.10           0.07 r        -0.03  (VIOLATED)
   u_fused_array/g_stripe[0].u_stripe/u_o_bank/g_row[5].g_group[1].u_mem/g_byte[1].u_sram/A[4]
                                0.10           0.07 r        -0.03  (VIOLATED)
   u_fused_array/g_stripe[0].u_stripe/u_o_bank/g_row[5].g_group[1].u_mem/g_byte[2].u_sram/A[1]
                                0.10           0.07 r        -0.03  (VIOLATED)
   u_fused_array/g_stripe[0].u_stripe/u_o_bank/g_row[5].g_group[1].u_mem/g_byte[2].u_sram/A[2]
                                0.10           0.07 r        -0.03  (VIOLATED)
   u_fused_array/g_stripe[0].u_stripe/u_o_bank/g_row[5].g_group[1].u_mem/g_byte[2].u_sram/A[3]
                                0.10           0.07 r        -0.03  (VIOLATED)
   u_fused_array/g_stripe[0].u_stripe/u_o_bank/g_row[5].g_group[1].u_mem/g_byte[2].u_sram/A[4]
                                0.10           0.07 r        -0.03  (VIOLATED)
   u_fused_array/g_stripe[0].u_stripe/u_o_bank/g_row[5].g_group[1].u_mem/g_byte[3].u_sram/A[1]
                                0.10           0.07 r        -0.03  (VIOLATED)
   u_fused_array/g_stripe[0].u_stripe/u_o_bank/g_row[5].g_group[1].u_mem/g_byte[3].u_sram/A[2]
                                0.10           0.07 r        -0.03  (VIOLATED)
   u_fused_array/g_stripe[0].u_stripe/u_o_bank/g_row[5].g_group[1].u_mem/g_byte[3].u_sram/A[3]
                                0.10           0.07 r        -0.03  (VIOLATED)
   u_fused_array/g_stripe[0].u_stripe/u_o_bank/g_row[5].g_group[1].u_mem/g_byte[3].u_sram/A[4]
                                0.10           0.07 r        -0.03  (VIOLATED)
   u_fused_array/g_stripe[0].u_stripe/u_o_bank/g_row[6].g_group[1].u_mem/g_byte[0].u_sram/A[1]
                                0.10           0.07 r        -0.03  (VIOLATED)
   u_fused_array/g_stripe[0].u_stripe/u_o_bank/g_row[6].g_group[1].u_mem/g_byte[0].u_sram/A[2]
                                0.10           0.07 r        -0.03  (VIOLATED)
   u_fused_array/g_stripe[0].u_stripe/u_o_bank/g_row[6].g_group[1].u_mem/g_byte[0].u_sram/A[3]
                                0.10           0.07 r        -0.03  (VIOLATED)
   u_fused_array/g_stripe[0].u_stripe/u_o_bank/g_row[6].g_group[1].u_mem/g_byte[0].u_sram/A[4]
                                0.10           0.07 r        -0.03  (VIOLATED)
   u_fused_array/g_stripe[0].u_stripe/u_o_bank/g_row[6].g_group[1].u_mem/g_byte[1].u_sram/A[1]
                                0.10           0.07 r        -0.03  (VIOLATED)
   u_fused_array/g_stripe[0].u_stripe/u_o_bank/g_row[6].g_group[1].u_mem/g_byte[1].u_sram/A[2]
                                0.10           0.07 r        -0.03  (VIOLATED)
   u_fused_array/g_stripe[0].u_stripe/u_o_bank/g_row[6].g_group[1].u_mem/g_byte[1].u_sram/A[3]
                                0.10           0.07 r        -0.03  (VIOLATED)
   u_fused_array/g_stripe[0].u_stripe/u_o_bank/g_row[6].g_group[1].u_mem/g_byte[1].u_sram/A[4]
                                0.10           0.07 r        -0.03  (VIOLATED)
   u_fused_array/g_stripe[0].u_stripe/u_o_bank/g_row[6].g_group[1].u_mem/g_byte[2].u_sram/A[1]
                                0.10           0.07 r        -0.03  (VIOLATED)
   u_fused_array/g_stripe[0].u_stripe/u_o_bank/g_row[6].g_group[1].u_mem/g_byte[2].u_sram/A[2]
                                0.10           0.07 r        -0.03  (VIOLATED)
   u_fused_array/g_stripe[0].u_stripe/u_o_bank/g_row[6].g_group[1].u_mem/g_byte[2].u_sram/A[3]
                                0.10           0.07 r        -0.03  (VIOLATED)
   u_fused_array/g_stripe[0].u_stripe/u_o_bank/g_row[6].g_group[1].u_mem/g_byte[2].u_sram/A[4]
                                0.10           0.07 r        -0.03  (VIOLATED)
   u_fused_array/g_stripe[0].u_stripe/u_o_bank/g_row[6].g_group[1].u_mem/g_byte[3].u_sram/A[1]
                                0.10           0.07 r        -0.03  (VIOLATED)
   u_fused_array/g_stripe[0].u_stripe/u_o_bank/g_row[6].g_group[1].u_mem/g_byte[3].u_sram/A[2]
                                0.10           0.07 r        -0.03  (VIOLATED)
   u_fused_array/g_stripe[0].u_stripe/u_o_bank/g_row[6].g_group[1].u_mem/g_byte[3].u_sram/A[3]
                                0.10           0.07 r        -0.03  (VIOLATED)
   u_fused_array/g_stripe[0].u_stripe/u_o_bank/g_row[6].g_group[1].u_mem/g_byte[3].u_sram/A[4]
                                0.10           0.07 r        -0.03  (VIOLATED)
   u_fused_array/g_stripe[0].u_stripe/u_o_bank/g_row[7].g_group[1].u_mem/g_byte[0].u_sram/A[1]
                                0.10           0.07 r        -0.03  (VIOLATED)
   u_fused_array/g_stripe[0].u_stripe/u_o_bank/g_row[7].g_group[1].u_mem/g_byte[0].u_sram/A[2]
                                0.10           0.07 r        -0.03  (VIOLATED)
   u_fused_array/g_stripe[0].u_stripe/u_o_bank/g_row[7].g_group[1].u_mem/g_byte[0].u_sram/A[3]
                                0.10           0.07 r        -0.03  (VIOLATED)
   u_fused_array/g_stripe[0].u_stripe/u_o_bank/g_row[7].g_group[1].u_mem/g_byte[0].u_sram/A[4]
                                0.10           0.07 r        -0.03  (VIOLATED)
   u_fused_array/g_stripe[0].u_stripe/u_o_bank/g_row[7].g_group[1].u_mem/g_byte[1].u_sram/A[1]
                                0.10           0.07 r        -0.03  (VIOLATED)
   u_fused_array/g_stripe[0].u_stripe/u_o_bank/g_row[7].g_group[1].u_mem/g_byte[1].u_sram/A[2]
                                0.10           0.07 r        -0.03  (VIOLATED)
   u_fused_array/g_stripe[0].u_stripe/u_o_bank/g_row[7].g_group[1].u_mem/g_byte[1].u_sram/A[3]
                                0.10           0.07 r        -0.03  (VIOLATED)
   u_fused_array/g_stripe[0].u_stripe/u_o_bank/g_row[7].g_group[1].u_mem/g_byte[1].u_sram/A[4]
                                0.10           0.07 r        -0.03  (VIOLATED)
   u_fused_array/g_stripe[0].u_stripe/u_o_bank/g_row[7].g_group[1].u_mem/g_byte[2].u_sram/A[1]
                                0.10           0.07 r        -0.03  (VIOLATED)
   u_fused_array/g_stripe[0].u_stripe/u_o_bank/g_row[7].g_group[1].u_mem/g_byte[2].u_sram/A[2]
                                0.10           0.07 r        -0.03  (VIOLATED)
   u_fused_array/g_stripe[0].u_stripe/u_o_bank/g_row[7].g_group[1].u_mem/g_byte[2].u_sram/A[3]
                                0.10           0.07 r        -0.03  (VIOLATED)
   u_fused_array/g_stripe[0].u_stripe/u_o_bank/g_row[7].g_group[1].u_mem/g_byte[2].u_sram/A[4]
                                0.10           0.07 r        -0.03  (VIOLATED)
   u_fused_array/g_stripe[0].u_stripe/u_o_bank/g_row[7].g_group[1].u_mem/g_byte[3].u_sram/A[1]
                                0.10           0.07 r        -0.03  (VIOLATED)
   u_fused_array/g_stripe[0].u_stripe/u_o_bank/g_row[7].g_group[1].u_mem/g_byte[3].u_sram/A[2]
                                0.10           0.07 r        -0.03  (VIOLATED)
   u_fused_array/g_stripe[0].u_stripe/u_o_bank/g_row[7].g_group[1].u_mem/g_byte[3].u_sram/A[3]
                                0.10           0.07 r        -0.03  (VIOLATED)
   u_fused_array/g_stripe[0].u_stripe/u_o_bank/g_row[7].g_group[1].u_mem/g_byte[3].u_sram/A[4]
                                0.10           0.07 r        -0.03  (VIOLATED)
   u_fused_array/g_stripe[1].u_stripe/u_o_bank/g_row[1].g_group[1].u_mem/g_byte[0].u_sram/A[1]
                                0.10           0.07 r        -0.03  (VIOLATED)
   u_fused_array/g_stripe[1].u_stripe/u_o_bank/g_row[1].g_group[1].u_mem/g_byte[0].u_sram/A[2]
                                0.10           0.07 r        -0.03  (VIOLATED)
   u_fused_array/g_stripe[1].u_stripe/u_o_bank/g_row[1].g_group[1].u_mem/g_byte[0].u_sram/A[3]
                                0.10           0.07 r        -0.03  (VIOLATED)
   u_fused_array/g_stripe[1].u_stripe/u_o_bank/g_row[1].g_group[1].u_mem/g_byte[0].u_sram/A[4]
                                0.10           0.07 r        -0.03  (VIOLATED)
   u_fused_array/g_stripe[1].u_stripe/u_o_bank/g_row[1].g_group[1].u_mem/g_byte[1].u_sram/A[1]
                                0.10           0.07 r        -0.03  (VIOLATED)
   u_fused_array/g_stripe[1].u_stripe/u_o_bank/g_row[1].g_group[1].u_mem/g_byte[1].u_sram/A[2]
                                0.10           0.07 r        -0.03  (VIOLATED)
   u_fused_array/g_stripe[1].u_stripe/u_o_bank/g_row[1].g_group[1].u_mem/g_byte[1].u_sram/A[3]
                                0.10           0.07 r        -0.03  (VIOLATED)
   u_fused_array/g_stripe[1].u_stripe/u_o_bank/g_row[1].g_group[1].u_mem/g_byte[1].u_sram/A[4]
                                0.10           0.07 r        -0.03  (VIOLATED)
   u_fused_array/g_stripe[1].u_stripe/u_o_bank/g_row[1].g_group[1].u_mem/g_byte[2].u_sram/A[1]
                                0.10           0.07 r        -0.03  (VIOLATED)
   u_fused_array/g_stripe[1].u_stripe/u_o_bank/g_row[1].g_group[1].u_mem/g_byte[2].u_sram/A[2]
                                0.10           0.07 r        -0.03  (VIOLATED)
   u_fused_array/g_stripe[1].u_stripe/u_o_bank/g_row[1].g_group[1].u_mem/g_byte[2].u_sram/A[3]
                                0.10           0.07 r        -0.03  (VIOLATED)
   u_fused_array/g_stripe[1].u_stripe/u_o_bank/g_row[1].g_group[1].u_mem/g_byte[2].u_sram/A[4]
                                0.10           0.07 r        -0.03  (VIOLATED)
   u_fused_array/g_stripe[1].u_stripe/u_o_bank/g_row[1].g_group[1].u_mem/g_byte[3].u_sram/A[1]
                                0.10           0.07 r        -0.03  (VIOLATED)
   u_fused_array/g_stripe[1].u_stripe/u_o_bank/g_row[1].g_group[1].u_mem/g_byte[3].u_sram/A[2]
                                0.10           0.07 r        -0.03  (VIOLATED)
   u_fused_array/g_stripe[1].u_stripe/u_o_bank/g_row[1].g_group[1].u_mem/g_byte[3].u_sram/A[3]
                                0.10           0.07 r        -0.03  (VIOLATED)
   u_fused_array/g_stripe[1].u_stripe/u_o_bank/g_row[1].g_group[1].u_mem/g_byte[3].u_sram/A[4]
                                0.10           0.07 r        -0.03  (VIOLATED)
   u_fused_array/g_stripe[1].u_stripe/u_o_bank/g_row[2].g_group[1].u_mem/g_byte[0].u_sram/A[1]
                                0.10           0.07 r        -0.03  (VIOLATED)
   u_fused_array/g_stripe[1].u_stripe/u_o_bank/g_row[2].g_group[1].u_mem/g_byte[0].u_sram/A[2]
                                0.10           0.07 r        -0.03  (VIOLATED)
   u_fused_array/g_stripe[1].u_stripe/u_o_bank/g_row[2].g_group[1].u_mem/g_byte[0].u_sram/A[3]
                                0.10           0.07 r        -0.03  (VIOLATED)
   u_fused_array/g_stripe[1].u_stripe/u_o_bank/g_row[2].g_group[1].u_mem/g_byte[0].u_sram/A[4]
                                0.10           0.07 r        -0.03  (VIOLATED)
   u_fused_array/g_stripe[1].u_stripe/u_o_bank/g_row[2].g_group[1].u_mem/g_byte[1].u_sram/A[1]
                                0.10           0.07 r        -0.03  (VIOLATED)
   u_fused_array/g_stripe[1].u_stripe/u_o_bank/g_row[2].g_group[1].u_mem/g_byte[1].u_sram/A[2]
                                0.10           0.07 r        -0.03  (VIOLATED)
   u_fused_array/g_stripe[1].u_stripe/u_o_bank/g_row[2].g_group[1].u_mem/g_byte[1].u_sram/A[3]
                                0.10           0.07 r        -0.03  (VIOLATED)
   u_fused_array/g_stripe[1].u_stripe/u_o_bank/g_row[2].g_group[1].u_mem/g_byte[1].u_sram/A[4]
                                0.10           0.07 r        -0.03  (VIOLATED)
   u_fused_array/g_stripe[1].u_stripe/u_o_bank/g_row[2].g_group[1].u_mem/g_byte[2].u_sram/A[1]
                                0.10           0.07 r        -0.03  (VIOLATED)
   u_fused_array/g_stripe[1].u_stripe/u_o_bank/g_row[2].g_group[1].u_mem/g_byte[2].u_sram/A[2]
                                0.10           0.07 r        -0.03  (VIOLATED)
   u_fused_array/g_stripe[1].u_stripe/u_o_bank/g_row[2].g_group[1].u_mem/g_byte[2].u_sram/A[3]
                                0.10           0.07 r        -0.03  (VIOLATED)
   u_fused_array/g_stripe[1].u_stripe/u_o_bank/g_row[2].g_group[1].u_mem/g_byte[2].u_sram/A[4]
                                0.10           0.07 r        -0.03  (VIOLATED)
   u_fused_array/g_stripe[1].u_stripe/u_o_bank/g_row[2].g_group[1].u_mem/g_byte[3].u_sram/A[1]
                                0.10           0.07 r        -0.03  (VIOLATED)
   u_fused_array/g_stripe[1].u_stripe/u_o_bank/g_row[2].g_group[1].u_mem/g_byte[3].u_sram/A[2]
                                0.10           0.07 r        -0.03  (VIOLATED)
   u_fused_array/g_stripe[1].u_stripe/u_o_bank/g_row[2].g_group[1].u_mem/g_byte[3].u_sram/A[3]
                                0.10           0.07 r        -0.03  (VIOLATED)
   u_fused_array/g_stripe[1].u_stripe/u_o_bank/g_row[2].g_group[1].u_mem/g_byte[3].u_sram/A[4]
                                0.10           0.07 r        -0.03  (VIOLATED)
   u_fused_array/g_stripe[1].u_stripe/u_o_bank/g_row[3].g_group[1].u_mem/g_byte[0].u_sram/A[1]
                                0.10           0.07 r        -0.03  (VIOLATED)
   u_fused_array/g_stripe[1].u_stripe/u_o_bank/g_row[3].g_group[1].u_mem/g_byte[0].u_sram/A[2]
                                0.10           0.07 r        -0.03  (VIOLATED)
   u_fused_array/g_stripe[1].u_stripe/u_o_bank/g_row[3].g_group[1].u_mem/g_byte[0].u_sram/A[3]
                                0.10           0.07 r        -0.03  (VIOLATED)
   u_fused_array/g_stripe[1].u_stripe/u_o_bank/g_row[3].g_group[1].u_mem/g_byte[0].u_sram/A[4]
                                0.10           0.07 r        -0.03  (VIOLATED)
   u_fused_array/g_stripe[1].u_stripe/u_o_bank/g_row[3].g_group[1].u_mem/g_byte[1].u_sram/A[1]
                                0.10           0.07 r        -0.03  (VIOLATED)
   u_fused_array/g_stripe[1].u_stripe/u_o_bank/g_row[3].g_group[1].u_mem/g_byte[1].u_sram/A[2]
                                0.10           0.07 r        -0.03  (VIOLATED)
   u_fused_array/g_stripe[1].u_stripe/u_o_bank/g_row[3].g_group[1].u_mem/g_byte[1].u_sram/A[3]
                                0.10           0.07 r        -0.03  (VIOLATED)
   u_fused_array/g_stripe[1].u_stripe/u_o_bank/g_row[3].g_group[1].u_mem/g_byte[1].u_sram/A[4]
                                0.10           0.07 r        -0.03  (VIOLATED)
   u_fused_array/g_stripe[1].u_stripe/u_o_bank/g_row[3].g_group[1].u_mem/g_byte[2].u_sram/A[1]
                                0.10           0.07 r        -0.03  (VIOLATED)
   u_fused_array/g_stripe[1].u_stripe/u_o_bank/g_row[3].g_group[1].u_mem/g_byte[2].u_sram/A[2]
                                0.10           0.07 r        -0.03  (VIOLATED)
   u_fused_array/g_stripe[1].u_stripe/u_o_bank/g_row[3].g_group[1].u_mem/g_byte[2].u_sram/A[3]
                                0.10           0.07 r        -0.03  (VIOLATED)
   u_fused_array/g_stripe[1].u_stripe/u_o_bank/g_row[3].g_group[1].u_mem/g_byte[2].u_sram/A[4]
                                0.10           0.07 r        -0.03  (VIOLATED)
   u_fused_array/g_stripe[1].u_stripe/u_o_bank/g_row[3].g_group[1].u_mem/g_byte[3].u_sram/A[1]
                                0.10           0.07 r        -0.03  (VIOLATED)
   u_fused_array/g_stripe[1].u_stripe/u_o_bank/g_row[3].g_group[1].u_mem/g_byte[3].u_sram/A[2]
                                0.10           0.07 r        -0.03  (VIOLATED)
   u_fused_array/g_stripe[1].u_stripe/u_o_bank/g_row[3].g_group[1].u_mem/g_byte[3].u_sram/A[3]
                                0.10           0.07 r        -0.03  (VIOLATED)
   u_fused_array/g_stripe[1].u_stripe/u_o_bank/g_row[3].g_group[1].u_mem/g_byte[3].u_sram/A[4]
                                0.10           0.07 r        -0.03  (VIOLATED)
   u_fused_array/g_stripe[1].u_stripe/u_o_bank/g_row[4].g_group[1].u_mem/g_byte[0].u_sram/A[1]
                                0.10           0.07 r        -0.03  (VIOLATED)
   u_fused_array/g_stripe[1].u_stripe/u_o_bank/g_row[4].g_group[1].u_mem/g_byte[0].u_sram/A[2]
                                0.10           0.07 r        -0.03  (VIOLATED)
   u_fused_array/g_stripe[1].u_stripe/u_o_bank/g_row[4].g_group[1].u_mem/g_byte[0].u_sram/A[3]
                                0.10           0.07 r        -0.03  (VIOLATED)
   u_fused_array/g_stripe[1].u_stripe/u_o_bank/g_row[4].g_group[1].u_mem/g_byte[0].u_sram/A[4]
                                0.10           0.07 r        -0.03  (VIOLATED)
   u_fused_array/g_stripe[1].u_stripe/u_o_bank/g_row[4].g_group[1].u_mem/g_byte[1].u_sram/A[1]
                                0.10           0.07 r        -0.03  (VIOLATED)
   u_fused_array/g_stripe[1].u_stripe/u_o_bank/g_row[4].g_group[1].u_mem/g_byte[1].u_sram/A[2]
                                0.10           0.07 r        -0.03  (VIOLATED)
   u_fused_array/g_stripe[1].u_stripe/u_o_bank/g_row[4].g_group[1].u_mem/g_byte[1].u_sram/A[3]
                                0.10           0.07 r        -0.03  (VIOLATED)
   u_fused_array/g_stripe[1].u_stripe/u_o_bank/g_row[4].g_group[1].u_mem/g_byte[1].u_sram/A[4]
                                0.10           0.07 r        -0.03  (VIOLATED)
   u_fused_array/g_stripe[1].u_stripe/u_o_bank/g_row[4].g_group[1].u_mem/g_byte[2].u_sram/A[1]
                                0.10           0.07 r        -0.03  (VIOLATED)
   u_fused_array/g_stripe[1].u_stripe/u_o_bank/g_row[4].g_group[1].u_mem/g_byte[2].u_sram/A[2]
                                0.10           0.07 r        -0.03  (VIOLATED)
   u_fused_array/g_stripe[1].u_stripe/u_o_bank/g_row[4].g_group[1].u_mem/g_byte[2].u_sram/A[3]
                                0.10           0.07 r        -0.03  (VIOLATED)
   u_fused_array/g_stripe[1].u_stripe/u_o_bank/g_row[4].g_group[1].u_mem/g_byte[2].u_sram/A[4]
                                0.10           0.07 r        -0.03  (VIOLATED)
   u_fused_array/g_stripe[1].u_stripe/u_o_bank/g_row[4].g_group[1].u_mem/g_byte[3].u_sram/A[1]
                                0.10           0.07 r        -0.03  (VIOLATED)
   u_fused_array/g_stripe[1].u_stripe/u_o_bank/g_row[4].g_group[1].u_mem/g_byte[3].u_sram/A[2]
                                0.10           0.07 r        -0.03  (VIOLATED)
   u_fused_array/g_stripe[1].u_stripe/u_o_bank/g_row[4].g_group[1].u_mem/g_byte[3].u_sram/A[3]
                                0.10           0.07 r        -0.03  (VIOLATED)
   u_fused_array/g_stripe[1].u_stripe/u_o_bank/g_row[4].g_group[1].u_mem/g_byte[3].u_sram/A[4]
                                0.10           0.07 r        -0.03  (VIOLATED)
   u_fused_array/g_stripe[1].u_stripe/u_o_bank/g_row[5].g_group[1].u_mem/g_byte[0].u_sram/A[1]
                                0.10           0.07 r        -0.03  (VIOLATED)
   u_fused_array/g_stripe[1].u_stripe/u_o_bank/g_row[5].g_group[1].u_mem/g_byte[0].u_sram/A[2]
                                0.10           0.07 r        -0.03  (VIOLATED)
   u_fused_array/g_stripe[1].u_stripe/u_o_bank/g_row[5].g_group[1].u_mem/g_byte[0].u_sram/A[3]
                                0.10           0.07 r        -0.03  (VIOLATED)
   u_fused_array/g_stripe[1].u_stripe/u_o_bank/g_row[5].g_group[1].u_mem/g_byte[0].u_sram/A[4]
                                0.10           0.07 r        -0.03  (VIOLATED)
   u_fused_array/g_stripe[1].u_stripe/u_o_bank/g_row[5].g_group[1].u_mem/g_byte[1].u_sram/A[1]
                                0.10           0.07 r        -0.03  (VIOLATED)
   u_fused_array/g_stripe[1].u_stripe/u_o_bank/g_row[5].g_group[1].u_mem/g_byte[1].u_sram/A[2]
                                0.10           0.07 r        -0.03  (VIOLATED)
   u_fused_array/g_stripe[1].u_stripe/u_o_bank/g_row[5].g_group[1].u_mem/g_byte[1].u_sram/A[3]
                                0.10           0.07 r        -0.03  (VIOLATED)
   u_fused_array/g_stripe[1].u_stripe/u_o_bank/g_row[5].g_group[1].u_mem/g_byte[1].u_sram/A[4]
                                0.10           0.07 r        -0.03  (VIOLATED)
   u_fused_array/g_stripe[1].u_stripe/u_o_bank/g_row[5].g_group[1].u_mem/g_byte[2].u_sram/A[1]
                                0.10           0.07 r        -0.03  (VIOLATED)
   u_fused_array/g_stripe[1].u_stripe/u_o_bank/g_row[5].g_group[1].u_mem/g_byte[2].u_sram/A[2]
                                0.10           0.07 r        -0.03  (VIOLATED)
   u_fused_array/g_stripe[1].u_stripe/u_o_bank/g_row[5].g_group[1].u_mem/g_byte[2].u_sram/A[3]
                                0.10           0.07 r        -0.03  (VIOLATED)
   u_fused_array/g_stripe[1].u_stripe/u_o_bank/g_row[5].g_group[1].u_mem/g_byte[2].u_sram/A[4]
                                0.10           0.07 r        -0.03  (VIOLATED)
   u_fused_array/g_stripe[1].u_stripe/u_o_bank/g_row[5].g_group[1].u_mem/g_byte[3].u_sram/A[1]
                                0.10           0.07 r        -0.03  (VIOLATED)
   u_fused_array/g_stripe[1].u_stripe/u_o_bank/g_row[5].g_group[1].u_mem/g_byte[3].u_sram/A[2]
                                0.10           0.07 r        -0.03  (VIOLATED)
   u_fused_array/g_stripe[1].u_stripe/u_o_bank/g_row[5].g_group[1].u_mem/g_byte[3].u_sram/A[3]
                                0.10           0.07 r        -0.03  (VIOLATED)
   u_fused_array/g_stripe[1].u_stripe/u_o_bank/g_row[5].g_group[1].u_mem/g_byte[3].u_sram/A[4]
                                0.10           0.07 r        -0.03  (VIOLATED)
   u_fused_array/g_stripe[1].u_stripe/u_o_bank/g_row[6].g_group[1].u_mem/g_byte[0].u_sram/A[1]
                                0.10           0.07 r        -0.03  (VIOLATED)
   u_fused_array/g_stripe[1].u_stripe/u_o_bank/g_row[6].g_group[1].u_mem/g_byte[0].u_sram/A[2]
                                0.10           0.07 r        -0.03  (VIOLATED)
   u_fused_array/g_stripe[1].u_stripe/u_o_bank/g_row[6].g_group[1].u_mem/g_byte[0].u_sram/A[3]
                                0.10           0.07 r        -0.03  (VIOLATED)
   u_fused_array/g_stripe[1].u_stripe/u_o_bank/g_row[6].g_group[1].u_mem/g_byte[0].u_sram/A[4]
                                0.10           0.07 r        -0.03  (VIOLATED)
   u_fused_array/g_stripe[1].u_stripe/u_o_bank/g_row[6].g_group[1].u_mem/g_byte[1].u_sram/A[1]
                                0.10           0.07 r        -0.03  (VIOLATED)
   u_fused_array/g_stripe[1].u_stripe/u_o_bank/g_row[6].g_group[1].u_mem/g_byte[1].u_sram/A[2]
                                0.10           0.07 r        -0.03  (VIOLATED)
   u_fused_array/g_stripe[1].u_stripe/u_o_bank/g_row[6].g_group[1].u_mem/g_byte[1].u_sram/A[3]
                                0.10           0.07 r        -0.03  (VIOLATED)
   u_fused_array/g_stripe[1].u_stripe/u_o_bank/g_row[6].g_group[1].u_mem/g_byte[1].u_sram/A[4]
                                0.10           0.07 r        -0.03  (VIOLATED)
   u_fused_array/g_stripe[1].u_stripe/u_o_bank/g_row[6].g_group[1].u_mem/g_byte[2].u_sram/A[1]
                                0.10           0.07 r        -0.03  (VIOLATED)
   u_fused_array/g_stripe[1].u_stripe/u_o_bank/g_row[6].g_group[1].u_mem/g_byte[2].u_sram/A[2]
                                0.10           0.07 r        -0.03  (VIOLATED)
   u_fused_array/g_stripe[1].u_stripe/u_o_bank/g_row[6].g_group[1].u_mem/g_byte[2].u_sram/A[3]
                                0.10           0.07 r        -0.03  (VIOLATED)
   u_fused_array/g_stripe[1].u_stripe/u_o_bank/g_row[6].g_group[1].u_mem/g_byte[2].u_sram/A[4]
                                0.10           0.07 r        -0.03  (VIOLATED)
   u_fused_array/g_stripe[1].u_stripe/u_o_bank/g_row[6].g_group[1].u_mem/g_byte[3].u_sram/A[1]
                                0.10           0.07 r        -0.03  (VIOLATED)
   u_fused_array/g_stripe[1].u_stripe/u_o_bank/g_row[6].g_group[1].u_mem/g_byte[3].u_sram/A[2]
                                0.10           0.07 r        -0.03  (VIOLATED)
   u_fused_array/g_stripe[1].u_stripe/u_o_bank/g_row[6].g_group[1].u_mem/g_byte[3].u_sram/A[3]
                                0.10           0.07 r        -0.03  (VIOLATED)
   u_fused_array/g_stripe[1].u_stripe/u_o_bank/g_row[6].g_group[1].u_mem/g_byte[3].u_sram/A[4]
                                0.10           0.07 r        -0.03  (VIOLATED)
   u_fused_array/g_stripe[1].u_stripe/u_o_bank/g_row[7].g_group[1].u_mem/g_byte[0].u_sram/A[1]
                                0.10           0.07 r        -0.03  (VIOLATED)
   u_fused_array/g_stripe[1].u_stripe/u_o_bank/g_row[7].g_group[1].u_mem/g_byte[0].u_sram/A[2]
                                0.10           0.07 r        -0.03  (VIOLATED)
   u_fused_array/g_stripe[1].u_stripe/u_o_bank/g_row[7].g_group[1].u_mem/g_byte[0].u_sram/A[3]
                                0.10           0.07 r        -0.03  (VIOLATED)
   u_fused_array/g_stripe[1].u_stripe/u_o_bank/g_row[7].g_group[1].u_mem/g_byte[0].u_sram/A[4]
                                0.10           0.07 r        -0.03  (VIOLATED)
   u_fused_array/g_stripe[1].u_stripe/u_o_bank/g_row[7].g_group[1].u_mem/g_byte[1].u_sram/A[1]
                                0.10           0.07 r        -0.03  (VIOLATED)
   u_fused_array/g_stripe[1].u_stripe/u_o_bank/g_row[7].g_group[1].u_mem/g_byte[1].u_sram/A[2]
                                0.10           0.07 r        -0.03  (VIOLATED)
   u_fused_array/g_stripe[1].u_stripe/u_o_bank/g_row[7].g_group[1].u_mem/g_byte[1].u_sram/A[3]
                                0.10           0.07 r        -0.03  (VIOLATED)
   u_fused_array/g_stripe[1].u_stripe/u_o_bank/g_row[7].g_group[1].u_mem/g_byte[1].u_sram/A[4]
                                0.10           0.07 r        -0.03  (VIOLATED)
   u_fused_array/g_stripe[1].u_stripe/u_o_bank/g_row[7].g_group[1].u_mem/g_byte[2].u_sram/A[1]
                                0.10           0.07 r        -0.03  (VIOLATED)
   u_fused_array/g_stripe[1].u_stripe/u_o_bank/g_row[7].g_group[1].u_mem/g_byte[2].u_sram/A[2]
                                0.10           0.07 r        -0.03  (VIOLATED)
   u_fused_array/g_stripe[1].u_stripe/u_o_bank/g_row[7].g_group[1].u_mem/g_byte[2].u_sram/A[3]
                                0.10           0.07 r        -0.03  (VIOLATED)
   u_fused_array/g_stripe[1].u_stripe/u_o_bank/g_row[7].g_group[1].u_mem/g_byte[2].u_sram/A[4]
                                0.10           0.07 r        -0.03  (VIOLATED)
   u_fused_array/g_stripe[1].u_stripe/u_o_bank/g_row[7].g_group[1].u_mem/g_byte[3].u_sram/A[1]
                                0.10           0.07 r        -0.03  (VIOLATED)
   u_fused_array/g_stripe[1].u_stripe/u_o_bank/g_row[7].g_group[1].u_mem/g_byte[3].u_sram/A[2]
                                0.10           0.07 r        -0.03  (VIOLATED)
   u_fused_array/g_stripe[1].u_stripe/u_o_bank/g_row[7].g_group[1].u_mem/g_byte[3].u_sram/A[3]
                                0.10           0.07 r        -0.03  (VIOLATED)
   u_fused_array/g_stripe[1].u_stripe/u_o_bank/g_row[7].g_group[1].u_mem/g_byte[3].u_sram/A[4]
                                0.10           0.07 r        -0.03  (VIOLATED)
   u_fused_array/g_stripe[2].u_stripe/u_o_bank/g_row[1].g_group[1].u_mem/g_byte[0].u_sram/A[1]
                                0.10           0.07 r        -0.03  (VIOLATED)
   u_fused_array/g_stripe[2].u_stripe/u_o_bank/g_row[1].g_group[1].u_mem/g_byte[0].u_sram/A[2]
                                0.10           0.07 r        -0.03  (VIOLATED)
   u_fused_array/g_stripe[2].u_stripe/u_o_bank/g_row[1].g_group[1].u_mem/g_byte[0].u_sram/A[3]
                                0.10           0.07 r        -0.03  (VIOLATED)
   u_fused_array/g_stripe[2].u_stripe/u_o_bank/g_row[1].g_group[1].u_mem/g_byte[0].u_sram/A[4]
                                0.10           0.07 r        -0.03  (VIOLATED)
   u_fused_array/g_stripe[2].u_stripe/u_o_bank/g_row[1].g_group[1].u_mem/g_byte[1].u_sram/A[1]
                                0.10           0.07 r        -0.03  (VIOLATED)
   u_fused_array/g_stripe[2].u_stripe/u_o_bank/g_row[1].g_group[1].u_mem/g_byte[1].u_sram/A[2]
                                0.10           0.07 r        -0.03  (VIOLATED)
   u_fused_array/g_stripe[2].u_stripe/u_o_bank/g_row[1].g_group[1].u_mem/g_byte[1].u_sram/A[3]
                                0.10           0.07 r        -0.03  (VIOLATED)
   u_fused_array/g_stripe[2].u_stripe/u_o_bank/g_row[1].g_group[1].u_mem/g_byte[1].u_sram/A[4]
                                0.10           0.07 r        -0.03  (VIOLATED)
   u_fused_array/g_stripe[2].u_stripe/u_o_bank/g_row[1].g_group[1].u_mem/g_byte[2].u_sram/A[1]
                                0.10           0.07 r        -0.03  (VIOLATED)
   u_fused_array/g_stripe[2].u_stripe/u_o_bank/g_row[1].g_group[1].u_mem/g_byte[2].u_sram/A[2]
                                0.10           0.07 r        -0.03  (VIOLATED)
   u_fused_array/g_stripe[2].u_stripe/u_o_bank/g_row[1].g_group[1].u_mem/g_byte[2].u_sram/A[3]
                                0.10           0.07 r        -0.03  (VIOLATED)
   u_fused_array/g_stripe[2].u_stripe/u_o_bank/g_row[1].g_group[1].u_mem/g_byte[2].u_sram/A[4]
                                0.10           0.07 r        -0.03  (VIOLATED)
   u_fused_array/g_stripe[2].u_stripe/u_o_bank/g_row[1].g_group[1].u_mem/g_byte[3].u_sram/A[1]
                                0.10           0.07 r        -0.03  (VIOLATED)
   u_fused_array/g_stripe[2].u_stripe/u_o_bank/g_row[1].g_group[1].u_mem/g_byte[3].u_sram/A[2]
                                0.10           0.07 r        -0.03  (VIOLATED)
   u_fused_array/g_stripe[2].u_stripe/u_o_bank/g_row[1].g_group[1].u_mem/g_byte[3].u_sram/A[3]
                                0.10           0.07 r        -0.03  (VIOLATED)
   u_fused_array/g_stripe[2].u_stripe/u_o_bank/g_row[1].g_group[1].u_mem/g_byte[3].u_sram/A[4]
                                0.10           0.07 r        -0.03  (VIOLATED)
   u_fused_array/g_stripe[2].u_stripe/u_o_bank/g_row[2].g_group[1].u_mem/g_byte[0].u_sram/A[1]
                                0.10           0.07 r        -0.03  (VIOLATED)
   u_fused_array/g_stripe[2].u_stripe/u_o_bank/g_row[2].g_group[1].u_mem/g_byte[0].u_sram/A[2]
                                0.10           0.07 r        -0.03  (VIOLATED)
   u_fused_array/g_stripe[2].u_stripe/u_o_bank/g_row[2].g_group[1].u_mem/g_byte[0].u_sram/A[3]
                                0.10           0.07 r        -0.03  (VIOLATED)
   u_fused_array/g_stripe[2].u_stripe/u_o_bank/g_row[2].g_group[1].u_mem/g_byte[0].u_sram/A[4]
                                0.10           0.07 r        -0.03  (VIOLATED)
   u_fused_array/g_stripe[2].u_stripe/u_o_bank/g_row[2].g_group[1].u_mem/g_byte[1].u_sram/A[1]
                                0.10           0.07 r        -0.03  (VIOLATED)
   u_fused_array/g_stripe[2].u_stripe/u_o_bank/g_row[2].g_group[1].u_mem/g_byte[1].u_sram/A[2]
                                0.10           0.07 r        -0.03  (VIOLATED)
   u_fused_array/g_stripe[2].u_stripe/u_o_bank/g_row[2].g_group[1].u_mem/g_byte[1].u_sram/A[3]
                                0.10           0.07 r        -0.03  (VIOLATED)
   u_fused_array/g_stripe[2].u_stripe/u_o_bank/g_row[2].g_group[1].u_mem/g_byte[1].u_sram/A[4]
                                0.10           0.07 r        -0.03  (VIOLATED)
   u_fused_array/g_stripe[2].u_stripe/u_o_bank/g_row[2].g_group[1].u_mem/g_byte[2].u_sram/A[1]
                                0.10           0.07 r        -0.03  (VIOLATED)
   u_fused_array/g_stripe[2].u_stripe/u_o_bank/g_row[2].g_group[1].u_mem/g_byte[2].u_sram/A[2]
                                0.10           0.07 r        -0.03  (VIOLATED)
   u_fused_array/g_stripe[2].u_stripe/u_o_bank/g_row[2].g_group[1].u_mem/g_byte[2].u_sram/A[3]
                                0.10           0.07 r        -0.03  (VIOLATED)
   u_fused_array/g_stripe[2].u_stripe/u_o_bank/g_row[2].g_group[1].u_mem/g_byte[2].u_sram/A[4]
                                0.10           0.07 r        -0.03  (VIOLATED)
   u_fused_array/g_stripe[2].u_stripe/u_o_bank/g_row[2].g_group[1].u_mem/g_byte[3].u_sram/A[1]
                                0.10           0.07 r        -0.03  (VIOLATED)
   u_fused_array/g_stripe[2].u_stripe/u_o_bank/g_row[2].g_group[1].u_mem/g_byte[3].u_sram/A[2]
                                0.10           0.07 r        -0.03  (VIOLATED)
   u_fused_array/g_stripe[2].u_stripe/u_o_bank/g_row[2].g_group[1].u_mem/g_byte[3].u_sram/A[3]
                                0.10           0.07 r        -0.03  (VIOLATED)
   u_fused_array/g_stripe[2].u_stripe/u_o_bank/g_row[2].g_group[1].u_mem/g_byte[3].u_sram/A[4]
                                0.10           0.07 r        -0.03  (VIOLATED)
   u_fused_array/g_stripe[2].u_stripe/u_o_bank/g_row[3].g_group[1].u_mem/g_byte[0].u_sram/A[1]
                                0.10           0.07 r        -0.03  (VIOLATED)
   u_fused_array/g_stripe[2].u_stripe/u_o_bank/g_row[3].g_group[1].u_mem/g_byte[0].u_sram/A[2]
                                0.10           0.07 r        -0.03  (VIOLATED)
   u_fused_array/g_stripe[2].u_stripe/u_o_bank/g_row[3].g_group[1].u_mem/g_byte[0].u_sram/A[3]
                                0.10           0.07 r        -0.03  (VIOLATED)
   u_fused_array/g_stripe[2].u_stripe/u_o_bank/g_row[3].g_group[1].u_mem/g_byte[0].u_sram/A[4]
                                0.10           0.07 r        -0.03  (VIOLATED)
   u_fused_array/g_stripe[2].u_stripe/u_o_bank/g_row[3].g_group[1].u_mem/g_byte[1].u_sram/A[1]
                                0.10           0.07 r        -0.03  (VIOLATED)
   u_fused_array/g_stripe[2].u_stripe/u_o_bank/g_row[3].g_group[1].u_mem/g_byte[1].u_sram/A[2]
                                0.10           0.07 r        -0.03  (VIOLATED)
   u_fused_array/g_stripe[2].u_stripe/u_o_bank/g_row[3].g_group[1].u_mem/g_byte[1].u_sram/A[3]
                                0.10           0.07 r        -0.03  (VIOLATED)
   u_fused_array/g_stripe[2].u_stripe/u_o_bank/g_row[3].g_group[1].u_mem/g_byte[1].u_sram/A[4]
                                0.10           0.07 r        -0.03  (VIOLATED)
   u_fused_array/g_stripe[2].u_stripe/u_o_bank/g_row[3].g_group[1].u_mem/g_byte[2].u_sram/A[1]
                                0.10           0.07 r        -0.03  (VIOLATED)
   u_fused_array/g_stripe[2].u_stripe/u_o_bank/g_row[3].g_group[1].u_mem/g_byte[2].u_sram/A[2]
                                0.10           0.07 r        -0.03  (VIOLATED)
   u_fused_array/g_stripe[2].u_stripe/u_o_bank/g_row[3].g_group[1].u_mem/g_byte[2].u_sram/A[3]
                                0.10           0.07 r        -0.03  (VIOLATED)
   u_fused_array/g_stripe[2].u_stripe/u_o_bank/g_row[3].g_group[1].u_mem/g_byte[2].u_sram/A[4]
                                0.10           0.07 r        -0.03  (VIOLATED)
   u_fused_array/g_stripe[2].u_stripe/u_o_bank/g_row[3].g_group[1].u_mem/g_byte[3].u_sram/A[1]
                                0.10           0.07 r        -0.03  (VIOLATED)
   u_fused_array/g_stripe[2].u_stripe/u_o_bank/g_row[3].g_group[1].u_mem/g_byte[3].u_sram/A[2]
                                0.10           0.07 r        -0.03  (VIOLATED)
   u_fused_array/g_stripe[2].u_stripe/u_o_bank/g_row[3].g_group[1].u_mem/g_byte[3].u_sram/A[3]
                                0.10           0.07 r        -0.03  (VIOLATED)
   u_fused_array/g_stripe[2].u_stripe/u_o_bank/g_row[3].g_group[1].u_mem/g_byte[3].u_sram/A[4]
                                0.10           0.07 r        -0.03  (VIOLATED)
   u_fused_array/g_stripe[2].u_stripe/u_o_bank/g_row[4].g_group[1].u_mem/g_byte[0].u_sram/A[1]
                                0.10           0.07 r        -0.03  (VIOLATED)
   u_fused_array/g_stripe[2].u_stripe/u_o_bank/g_row[4].g_group[1].u_mem/g_byte[0].u_sram/A[2]
                                0.10           0.07 r        -0.03  (VIOLATED)
   u_fused_array/g_stripe[2].u_stripe/u_o_bank/g_row[4].g_group[1].u_mem/g_byte[0].u_sram/A[3]
                                0.10           0.07 r        -0.03  (VIOLATED)
   u_fused_array/g_stripe[2].u_stripe/u_o_bank/g_row[4].g_group[1].u_mem/g_byte[0].u_sram/A[4]
                                0.10           0.07 r        -0.03  (VIOLATED)
   u_fused_array/g_stripe[2].u_stripe/u_o_bank/g_row[4].g_group[1].u_mem/g_byte[1].u_sram/A[1]
                                0.10           0.07 r        -0.03  (VIOLATED)
   u_fused_array/g_stripe[2].u_stripe/u_o_bank/g_row[4].g_group[1].u_mem/g_byte[1].u_sram/A[2]
                                0.10           0.07 r        -0.03  (VIOLATED)
   u_fused_array/g_stripe[2].u_stripe/u_o_bank/g_row[4].g_group[1].u_mem/g_byte[1].u_sram/A[3]
                                0.10           0.07 r        -0.03  (VIOLATED)
   u_fused_array/g_stripe[2].u_stripe/u_o_bank/g_row[4].g_group[1].u_mem/g_byte[1].u_sram/A[4]
                                0.10           0.07 r        -0.03  (VIOLATED)
   u_fused_array/g_stripe[2].u_stripe/u_o_bank/g_row[4].g_group[1].u_mem/g_byte[2].u_sram/A[1]
                                0.10           0.07 r        -0.03  (VIOLATED)
   u_fused_array/g_stripe[2].u_stripe/u_o_bank/g_row[4].g_group[1].u_mem/g_byte[2].u_sram/A[2]
                                0.10           0.07 r        -0.03  (VIOLATED)
   u_fused_array/g_stripe[2].u_stripe/u_o_bank/g_row[4].g_group[1].u_mem/g_byte[2].u_sram/A[3]
                                0.10           0.07 r        -0.03  (VIOLATED)
   u_fused_array/g_stripe[2].u_stripe/u_o_bank/g_row[4].g_group[1].u_mem/g_byte[2].u_sram/A[4]
                                0.10           0.07 r        -0.03  (VIOLATED)
   u_fused_array/g_stripe[2].u_stripe/u_o_bank/g_row[4].g_group[1].u_mem/g_byte[3].u_sram/A[1]
                                0.10           0.07 r        -0.03  (VIOLATED)
   u_fused_array/g_stripe[2].u_stripe/u_o_bank/g_row[4].g_group[1].u_mem/g_byte[3].u_sram/A[2]
                                0.10           0.07 r        -0.03  (VIOLATED)
   u_fused_array/g_stripe[2].u_stripe/u_o_bank/g_row[4].g_group[1].u_mem/g_byte[3].u_sram/A[3]
                                0.10           0.07 r        -0.03  (VIOLATED)
   u_fused_array/g_stripe[2].u_stripe/u_o_bank/g_row[4].g_group[1].u_mem/g_byte[3].u_sram/A[4]
                                0.10           0.07 r        -0.03  (VIOLATED)
   u_fused_array/g_stripe[2].u_stripe/u_o_bank/g_row[5].g_group[1].u_mem/g_byte[0].u_sram/A[1]
                                0.10           0.07 r        -0.03  (VIOLATED)
   u_fused_array/g_stripe[2].u_stripe/u_o_bank/g_row[5].g_group[1].u_mem/g_byte[0].u_sram/A[2]
                                0.10           0.07 r        -0.03  (VIOLATED)
   u_fused_array/g_stripe[2].u_stripe/u_o_bank/g_row[5].g_group[1].u_mem/g_byte[0].u_sram/A[3]
                                0.10           0.07 r        -0.03  (VIOLATED)
   u_fused_array/g_stripe[2].u_stripe/u_o_bank/g_row[5].g_group[1].u_mem/g_byte[0].u_sram/A[4]
                                0.10           0.07 r        -0.03  (VIOLATED)
   u_fused_array/g_stripe[2].u_stripe/u_o_bank/g_row[5].g_group[1].u_mem/g_byte[1].u_sram/A[1]
                                0.10           0.07 r        -0.03  (VIOLATED)
   u_fused_array/g_stripe[2].u_stripe/u_o_bank/g_row[5].g_group[1].u_mem/g_byte[1].u_sram/A[2]
                                0.10           0.07 r        -0.03  (VIOLATED)
   u_fused_array/g_stripe[2].u_stripe/u_o_bank/g_row[5].g_group[1].u_mem/g_byte[1].u_sram/A[3]
                                0.10           0.07 r        -0.03  (VIOLATED)
   u_fused_array/g_stripe[2].u_stripe/u_o_bank/g_row[5].g_group[1].u_mem/g_byte[1].u_sram/A[4]
                                0.10           0.07 r        -0.03  (VIOLATED)
   u_fused_array/g_stripe[2].u_stripe/u_o_bank/g_row[5].g_group[1].u_mem/g_byte[2].u_sram/A[1]
                                0.10           0.07 r        -0.03  (VIOLATED)
   u_fused_array/g_stripe[2].u_stripe/u_o_bank/g_row[5].g_group[1].u_mem/g_byte[2].u_sram/A[2]
                                0.10           0.07 r        -0.03  (VIOLATED)
   u_fused_array/g_stripe[2].u_stripe/u_o_bank/g_row[5].g_group[1].u_mem/g_byte[2].u_sram/A[3]
                                0.10           0.07 r        -0.03  (VIOLATED)
   u_fused_array/g_stripe[2].u_stripe/u_o_bank/g_row[5].g_group[1].u_mem/g_byte[2].u_sram/A[4]
                                0.10           0.07 r        -0.03  (VIOLATED)
   u_fused_array/g_stripe[2].u_stripe/u_o_bank/g_row[5].g_group[1].u_mem/g_byte[3].u_sram/A[1]
                                0.10           0.07 r        -0.03  (VIOLATED)
   u_fused_array/g_stripe[2].u_stripe/u_o_bank/g_row[5].g_group[1].u_mem/g_byte[3].u_sram/A[2]
                                0.10           0.07 r        -0.03  (VIOLATED)
   u_fused_array/g_stripe[2].u_stripe/u_o_bank/g_row[5].g_group[1].u_mem/g_byte[3].u_sram/A[3]
                                0.10           0.07 r        -0.03  (VIOLATED)
   u_fused_array/g_stripe[2].u_stripe/u_o_bank/g_row[5].g_group[1].u_mem/g_byte[3].u_sram/A[4]
                                0.10           0.07 r        -0.03  (VIOLATED)
   u_fused_array/g_stripe[2].u_stripe/u_o_bank/g_row[6].g_group[1].u_mem/g_byte[0].u_sram/A[1]
                                0.10           0.07 r        -0.03  (VIOLATED)
   u_fused_array/g_stripe[2].u_stripe/u_o_bank/g_row[6].g_group[1].u_mem/g_byte[0].u_sram/A[2]
                                0.10           0.07 r        -0.03  (VIOLATED)
   u_fused_array/g_stripe[2].u_stripe/u_o_bank/g_row[6].g_group[1].u_mem/g_byte[0].u_sram/A[3]
                                0.10           0.07 r        -0.03  (VIOLATED)
   u_fused_array/g_stripe[2].u_stripe/u_o_bank/g_row[6].g_group[1].u_mem/g_byte[0].u_sram/A[4]
                                0.10           0.07 r        -0.03  (VIOLATED)
   u_fused_array/g_stripe[2].u_stripe/u_o_bank/g_row[6].g_group[1].u_mem/g_byte[1].u_sram/A[1]
                                0.10           0.07 r        -0.03  (VIOLATED)
   u_fused_array/g_stripe[2].u_stripe/u_o_bank/g_row[6].g_group[1].u_mem/g_byte[1].u_sram/A[2]
                                0.10           0.07 r        -0.03  (VIOLATED)
   u_fused_array/g_stripe[2].u_stripe/u_o_bank/g_row[6].g_group[1].u_mem/g_byte[1].u_sram/A[3]
                                0.10           0.07 r        -0.03  (VIOLATED)
   u_fused_array/g_stripe[2].u_stripe/u_o_bank/g_row[6].g_group[1].u_mem/g_byte[1].u_sram/A[4]
                                0.10           0.07 r        -0.03  (VIOLATED)
   u_fused_array/g_stripe[2].u_stripe/u_o_bank/g_row[6].g_group[1].u_mem/g_byte[2].u_sram/A[1]
                                0.10           0.07 r        -0.03  (VIOLATED)
   u_fused_array/g_stripe[2].u_stripe/u_o_bank/g_row[6].g_group[1].u_mem/g_byte[2].u_sram/A[2]
                                0.10           0.07 r        -0.03  (VIOLATED)
   u_fused_array/g_stripe[2].u_stripe/u_o_bank/g_row[6].g_group[1].u_mem/g_byte[2].u_sram/A[3]
                                0.10           0.07 r        -0.03  (VIOLATED)
   u_fused_array/g_stripe[2].u_stripe/u_o_bank/g_row[6].g_group[1].u_mem/g_byte[2].u_sram/A[4]
                                0.10           0.07 r        -0.03  (VIOLATED)
   u_fused_array/g_stripe[2].u_stripe/u_o_bank/g_row[6].g_group[1].u_mem/g_byte[3].u_sram/A[1]
                                0.10           0.07 r        -0.03  (VIOLATED)
   u_fused_array/g_stripe[2].u_stripe/u_o_bank/g_row[6].g_group[1].u_mem/g_byte[3].u_sram/A[2]
                                0.10           0.07 r        -0.03  (VIOLATED)
   u_fused_array/g_stripe[2].u_stripe/u_o_bank/g_row[6].g_group[1].u_mem/g_byte[3].u_sram/A[3]
                                0.10           0.07 r        -0.03  (VIOLATED)
   u_fused_array/g_stripe[2].u_stripe/u_o_bank/g_row[6].g_group[1].u_mem/g_byte[3].u_sram/A[4]
                                0.10           0.07 r        -0.03  (VIOLATED)
   u_fused_array/g_stripe[2].u_stripe/u_o_bank/g_row[7].g_group[1].u_mem/g_byte[0].u_sram/A[1]
                                0.10           0.07 r        -0.03  (VIOLATED)
   u_fused_array/g_stripe[2].u_stripe/u_o_bank/g_row[7].g_group[1].u_mem/g_byte[0].u_sram/A[2]
                                0.10           0.07 r        -0.03  (VIOLATED)
   u_fused_array/g_stripe[2].u_stripe/u_o_bank/g_row[7].g_group[1].u_mem/g_byte[0].u_sram/A[3]
                                0.10           0.07 r        -0.03  (VIOLATED)
   u_fused_array/g_stripe[2].u_stripe/u_o_bank/g_row[7].g_group[1].u_mem/g_byte[0].u_sram/A[4]
                                0.10           0.07 r        -0.03  (VIOLATED)
   u_fused_array/g_stripe[2].u_stripe/u_o_bank/g_row[7].g_group[1].u_mem/g_byte[1].u_sram/A[1]
                                0.10           0.07 r        -0.03  (VIOLATED)
   u_fused_array/g_stripe[2].u_stripe/u_o_bank/g_row[7].g_group[1].u_mem/g_byte[1].u_sram/A[2]
                                0.10           0.07 r        -0.03  (VIOLATED)
   u_fused_array/g_stripe[2].u_stripe/u_o_bank/g_row[7].g_group[1].u_mem/g_byte[1].u_sram/A[3]
                                0.10           0.07 r        -0.03  (VIOLATED)
   u_fused_array/g_stripe[2].u_stripe/u_o_bank/g_row[7].g_group[1].u_mem/g_byte[1].u_sram/A[4]
                                0.10           0.07 r        -0.03  (VIOLATED)
   u_fused_array/g_stripe[2].u_stripe/u_o_bank/g_row[7].g_group[1].u_mem/g_byte[2].u_sram/A[1]
                                0.10           0.07 r        -0.03  (VIOLATED)
   u_fused_array/g_stripe[2].u_stripe/u_o_bank/g_row[7].g_group[1].u_mem/g_byte[2].u_sram/A[2]
                                0.10           0.07 r        -0.03  (VIOLATED)
   u_fused_array/g_stripe[2].u_stripe/u_o_bank/g_row[7].g_group[1].u_mem/g_byte[2].u_sram/A[3]
                                0.10           0.07 r        -0.03  (VIOLATED)
   u_fused_array/g_stripe[2].u_stripe/u_o_bank/g_row[7].g_group[1].u_mem/g_byte[2].u_sram/A[4]
                                0.10           0.07 r        -0.03  (VIOLATED)
   u_fused_array/g_stripe[2].u_stripe/u_o_bank/g_row[7].g_group[1].u_mem/g_byte[3].u_sram/A[1]
                                0.10           0.07 r        -0.03  (VIOLATED)
   u_fused_array/g_stripe[2].u_stripe/u_o_bank/g_row[7].g_group[1].u_mem/g_byte[3].u_sram/A[2]
                                0.10           0.07 r        -0.03  (VIOLATED)
   u_fused_array/g_stripe[2].u_stripe/u_o_bank/g_row[7].g_group[1].u_mem/g_byte[3].u_sram/A[3]
                                0.10           0.07 r        -0.03  (VIOLATED)
   u_fused_array/g_stripe[2].u_stripe/u_o_bank/g_row[7].g_group[1].u_mem/g_byte[3].u_sram/A[4]
                                0.10           0.07 r        -0.03  (VIOLATED)
   u_fused_array/g_stripe[3].u_stripe/u_o_bank/g_row[1].g_group[1].u_mem/g_byte[0].u_sram/A[1]
                                0.10           0.07 r        -0.03  (VIOLATED)
   u_fused_array/g_stripe[3].u_stripe/u_o_bank/g_row[1].g_group[1].u_mem/g_byte[0].u_sram/A[2]
                                0.10           0.07 r        -0.03  (VIOLATED)
   u_fused_array/g_stripe[3].u_stripe/u_o_bank/g_row[1].g_group[1].u_mem/g_byte[0].u_sram/A[3]
                                0.10           0.07 r        -0.03  (VIOLATED)
   u_fused_array/g_stripe[3].u_stripe/u_o_bank/g_row[1].g_group[1].u_mem/g_byte[0].u_sram/A[4]
                                0.10           0.07 r        -0.03  (VIOLATED)
   u_fused_array/g_stripe[3].u_stripe/u_o_bank/g_row[1].g_group[1].u_mem/g_byte[1].u_sram/A[1]
                                0.10           0.07 r        -0.03  (VIOLATED)
   u_fused_array/g_stripe[3].u_stripe/u_o_bank/g_row[1].g_group[1].u_mem/g_byte[1].u_sram/A[2]
                                0.10           0.07 r        -0.03  (VIOLATED)
   u_fused_array/g_stripe[3].u_stripe/u_o_bank/g_row[1].g_group[1].u_mem/g_byte[1].u_sram/A[3]
                                0.10           0.07 r        -0.03  (VIOLATED)
   u_fused_array/g_stripe[3].u_stripe/u_o_bank/g_row[1].g_group[1].u_mem/g_byte[1].u_sram/A[4]
                                0.10           0.07 r        -0.03  (VIOLATED)
   u_fused_array/g_stripe[3].u_stripe/u_o_bank/g_row[1].g_group[1].u_mem/g_byte[2].u_sram/A[1]
                                0.10           0.07 r        -0.03  (VIOLATED)
   u_fused_array/g_stripe[3].u_stripe/u_o_bank/g_row[1].g_group[1].u_mem/g_byte[2].u_sram/A[2]
                                0.10           0.07 r        -0.03  (VIOLATED)
   u_fused_array/g_stripe[3].u_stripe/u_o_bank/g_row[1].g_group[1].u_mem/g_byte[2].u_sram/A[3]
                                0.10           0.07 r        -0.03  (VIOLATED)
   u_fused_array/g_stripe[3].u_stripe/u_o_bank/g_row[1].g_group[1].u_mem/g_byte[2].u_sram/A[4]
                                0.10           0.07 r        -0.03  (VIOLATED)
   u_fused_array/g_stripe[3].u_stripe/u_o_bank/g_row[1].g_group[1].u_mem/g_byte[3].u_sram/A[1]
                                0.10           0.07 r        -0.03  (VIOLATED)
   u_fused_array/g_stripe[3].u_stripe/u_o_bank/g_row[1].g_group[1].u_mem/g_byte[3].u_sram/A[2]
                                0.10           0.07 r        -0.03  (VIOLATED)
   u_fused_array/g_stripe[3].u_stripe/u_o_bank/g_row[1].g_group[1].u_mem/g_byte[3].u_sram/A[3]
                                0.10           0.07 r        -0.03  (VIOLATED)
   u_fused_array/g_stripe[3].u_stripe/u_o_bank/g_row[1].g_group[1].u_mem/g_byte[3].u_sram/A[4]
                                0.10           0.07 r        -0.03  (VIOLATED)
   u_fused_array/g_stripe[3].u_stripe/u_o_bank/g_row[2].g_group[1].u_mem/g_byte[0].u_sram/A[1]
                                0.10           0.07 r        -0.03  (VIOLATED)
   u_fused_array/g_stripe[3].u_stripe/u_o_bank/g_row[2].g_group[1].u_mem/g_byte[0].u_sram/A[2]
                                0.10           0.07 r        -0.03  (VIOLATED)
   u_fused_array/g_stripe[3].u_stripe/u_o_bank/g_row[2].g_group[1].u_mem/g_byte[0].u_sram/A[3]
                                0.10           0.07 r        -0.03  (VIOLATED)
   u_fused_array/g_stripe[3].u_stripe/u_o_bank/g_row[2].g_group[1].u_mem/g_byte[0].u_sram/A[4]
                                0.10           0.07 r        -0.03  (VIOLATED)
   u_fused_array/g_stripe[3].u_stripe/u_o_bank/g_row[2].g_group[1].u_mem/g_byte[1].u_sram/A[1]
                                0.10           0.07 r        -0.03  (VIOLATED)
   u_fused_array/g_stripe[3].u_stripe/u_o_bank/g_row[2].g_group[1].u_mem/g_byte[1].u_sram/A[2]
                                0.10           0.07 r        -0.03  (VIOLATED)
   u_fused_array/g_stripe[3].u_stripe/u_o_bank/g_row[2].g_group[1].u_mem/g_byte[1].u_sram/A[3]
                                0.10           0.07 r        -0.03  (VIOLATED)
   u_fused_array/g_stripe[3].u_stripe/u_o_bank/g_row[2].g_group[1].u_mem/g_byte[1].u_sram/A[4]
                                0.10           0.07 r        -0.03  (VIOLATED)
   u_fused_array/g_stripe[3].u_stripe/u_o_bank/g_row[2].g_group[1].u_mem/g_byte[2].u_sram/A[1]
                                0.10           0.07 r        -0.03  (VIOLATED)
   u_fused_array/g_stripe[3].u_stripe/u_o_bank/g_row[2].g_group[1].u_mem/g_byte[2].u_sram/A[2]
                                0.10           0.07 r        -0.03  (VIOLATED)
   u_fused_array/g_stripe[3].u_stripe/u_o_bank/g_row[2].g_group[1].u_mem/g_byte[2].u_sram/A[3]
                                0.10           0.07 r        -0.03  (VIOLATED)
   u_fused_array/g_stripe[3].u_stripe/u_o_bank/g_row[2].g_group[1].u_mem/g_byte[2].u_sram/A[4]
                                0.10           0.07 r        -0.03  (VIOLATED)
   u_fused_array/g_stripe[3].u_stripe/u_o_bank/g_row[2].g_group[1].u_mem/g_byte[3].u_sram/A[1]
                                0.10           0.07 r        -0.03  (VIOLATED)
   u_fused_array/g_stripe[3].u_stripe/u_o_bank/g_row[2].g_group[1].u_mem/g_byte[3].u_sram/A[2]
                                0.10           0.07 r        -0.03  (VIOLATED)
   u_fused_array/g_stripe[3].u_stripe/u_o_bank/g_row[2].g_group[1].u_mem/g_byte[3].u_sram/A[3]
                                0.10           0.07 r        -0.03  (VIOLATED)
   u_fused_array/g_stripe[3].u_stripe/u_o_bank/g_row[2].g_group[1].u_mem/g_byte[3].u_sram/A[4]
                                0.10           0.07 r        -0.03  (VIOLATED)
   u_fused_array/g_stripe[3].u_stripe/u_o_bank/g_row[3].g_group[1].u_mem/g_byte[0].u_sram/A[1]
                                0.10           0.07 r        -0.03  (VIOLATED)
   u_fused_array/g_stripe[3].u_stripe/u_o_bank/g_row[3].g_group[1].u_mem/g_byte[0].u_sram/A[2]
                                0.10           0.07 r        -0.03  (VIOLATED)
   u_fused_array/g_stripe[3].u_stripe/u_o_bank/g_row[3].g_group[1].u_mem/g_byte[0].u_sram/A[3]
                                0.10           0.07 r        -0.03  (VIOLATED)
   u_fused_array/g_stripe[3].u_stripe/u_o_bank/g_row[3].g_group[1].u_mem/g_byte[0].u_sram/A[4]
                                0.10           0.07 r        -0.03  (VIOLATED)
   u_fused_array/g_stripe[3].u_stripe/u_o_bank/g_row[3].g_group[1].u_mem/g_byte[1].u_sram/A[1]
                                0.10           0.07 r        -0.03  (VIOLATED)
   u_fused_array/g_stripe[3].u_stripe/u_o_bank/g_row[3].g_group[1].u_mem/g_byte[1].u_sram/A[2]
                                0.10           0.07 r        -0.03  (VIOLATED)
   u_fused_array/g_stripe[3].u_stripe/u_o_bank/g_row[3].g_group[1].u_mem/g_byte[1].u_sram/A[3]
                                0.10           0.07 r        -0.03  (VIOLATED)
   u_fused_array/g_stripe[3].u_stripe/u_o_bank/g_row[3].g_group[1].u_mem/g_byte[1].u_sram/A[4]
                                0.10           0.07 r        -0.03  (VIOLATED)
   u_fused_array/g_stripe[3].u_stripe/u_o_bank/g_row[3].g_group[1].u_mem/g_byte[2].u_sram/A[1]
                                0.10           0.07 r        -0.03  (VIOLATED)
   u_fused_array/g_stripe[3].u_stripe/u_o_bank/g_row[3].g_group[1].u_mem/g_byte[2].u_sram/A[2]
                                0.10           0.07 r        -0.03  (VIOLATED)
   u_fused_array/g_stripe[3].u_stripe/u_o_bank/g_row[3].g_group[1].u_mem/g_byte[2].u_sram/A[3]
                                0.10           0.07 r        -0.03  (VIOLATED)
   u_fused_array/g_stripe[3].u_stripe/u_o_bank/g_row[3].g_group[1].u_mem/g_byte[2].u_sram/A[4]
                                0.10           0.07 r        -0.03  (VIOLATED)
   u_fused_array/g_stripe[3].u_stripe/u_o_bank/g_row[3].g_group[1].u_mem/g_byte[3].u_sram/A[1]
                                0.10           0.07 r        -0.03  (VIOLATED)
   u_fused_array/g_stripe[3].u_stripe/u_o_bank/g_row[3].g_group[1].u_mem/g_byte[3].u_sram/A[2]
                                0.10           0.07 r        -0.03  (VIOLATED)
   u_fused_array/g_stripe[3].u_stripe/u_o_bank/g_row[3].g_group[1].u_mem/g_byte[3].u_sram/A[3]
                                0.10           0.07 r        -0.03  (VIOLATED)
   u_fused_array/g_stripe[3].u_stripe/u_o_bank/g_row[3].g_group[1].u_mem/g_byte[3].u_sram/A[4]
                                0.10           0.07 r        -0.03  (VIOLATED)
   u_fused_array/g_stripe[3].u_stripe/u_o_bank/g_row[4].g_group[1].u_mem/g_byte[0].u_sram/A[1]
                                0.10           0.07 r        -0.03  (VIOLATED)
   u_fused_array/g_stripe[3].u_stripe/u_o_bank/g_row[4].g_group[1].u_mem/g_byte[0].u_sram/A[2]
                                0.10           0.07 r        -0.03  (VIOLATED)
   u_fused_array/g_stripe[3].u_stripe/u_o_bank/g_row[4].g_group[1].u_mem/g_byte[0].u_sram/A[3]
                                0.10           0.07 r        -0.03  (VIOLATED)
   u_fused_array/g_stripe[3].u_stripe/u_o_bank/g_row[4].g_group[1].u_mem/g_byte[0].u_sram/A[4]
                                0.10           0.07 r        -0.03  (VIOLATED)
   u_fused_array/g_stripe[3].u_stripe/u_o_bank/g_row[4].g_group[1].u_mem/g_byte[1].u_sram/A[1]
                                0.10           0.07 r        -0.03  (VIOLATED)
   u_fused_array/g_stripe[3].u_stripe/u_o_bank/g_row[4].g_group[1].u_mem/g_byte[1].u_sram/A[2]
                                0.10           0.07 r        -0.03  (VIOLATED)
   u_fused_array/g_stripe[3].u_stripe/u_o_bank/g_row[4].g_group[1].u_mem/g_byte[1].u_sram/A[3]
                                0.10           0.07 r        -0.03  (VIOLATED)
   u_fused_array/g_stripe[3].u_stripe/u_o_bank/g_row[4].g_group[1].u_mem/g_byte[1].u_sram/A[4]
                                0.10           0.07 r        -0.03  (VIOLATED)
   u_fused_array/g_stripe[3].u_stripe/u_o_bank/g_row[4].g_group[1].u_mem/g_byte[2].u_sram/A[1]
                                0.10           0.07 r        -0.03  (VIOLATED)
   u_fused_array/g_stripe[3].u_stripe/u_o_bank/g_row[4].g_group[1].u_mem/g_byte[2].u_sram/A[2]
                                0.10           0.07 r        -0.03  (VIOLATED)
   u_fused_array/g_stripe[3].u_stripe/u_o_bank/g_row[4].g_group[1].u_mem/g_byte[2].u_sram/A[3]
                                0.10           0.07 r        -0.03  (VIOLATED)
   u_fused_array/g_stripe[3].u_stripe/u_o_bank/g_row[4].g_group[1].u_mem/g_byte[2].u_sram/A[4]
                                0.10           0.07 r        -0.03  (VIOLATED)
   u_fused_array/g_stripe[3].u_stripe/u_o_bank/g_row[4].g_group[1].u_mem/g_byte[3].u_sram/A[1]
                                0.10           0.07 r        -0.03  (VIOLATED)
   u_fused_array/g_stripe[3].u_stripe/u_o_bank/g_row[4].g_group[1].u_mem/g_byte[3].u_sram/A[2]
                                0.10           0.07 r        -0.03  (VIOLATED)
   u_fused_array/g_stripe[3].u_stripe/u_o_bank/g_row[4].g_group[1].u_mem/g_byte[3].u_sram/A[3]
                                0.10           0.07 r        -0.03  (VIOLATED)
   u_fused_array/g_stripe[3].u_stripe/u_o_bank/g_row[4].g_group[1].u_mem/g_byte[3].u_sram/A[4]
                                0.10           0.07 r        -0.03  (VIOLATED)
   u_fused_array/g_stripe[3].u_stripe/u_o_bank/g_row[5].g_group[1].u_mem/g_byte[0].u_sram/A[1]
                                0.10           0.07 r        -0.03  (VIOLATED)
   u_fused_array/g_stripe[3].u_stripe/u_o_bank/g_row[5].g_group[1].u_mem/g_byte[0].u_sram/A[2]
                                0.10           0.07 r        -0.03  (VIOLATED)
   u_fused_array/g_stripe[3].u_stripe/u_o_bank/g_row[5].g_group[1].u_mem/g_byte[0].u_sram/A[3]
                                0.10           0.07 r        -0.03  (VIOLATED)
   u_fused_array/g_stripe[3].u_stripe/u_o_bank/g_row[5].g_group[1].u_mem/g_byte[0].u_sram/A[4]
                                0.10           0.07 r        -0.03  (VIOLATED)
   u_fused_array/g_stripe[3].u_stripe/u_o_bank/g_row[5].g_group[1].u_mem/g_byte[1].u_sram/A[1]
                                0.10           0.07 r        -0.03  (VIOLATED)
   u_fused_array/g_stripe[3].u_stripe/u_o_bank/g_row[5].g_group[1].u_mem/g_byte[1].u_sram/A[2]
                                0.10           0.07 r        -0.03  (VIOLATED)
   u_fused_array/g_stripe[3].u_stripe/u_o_bank/g_row[5].g_group[1].u_mem/g_byte[1].u_sram/A[3]
                                0.10           0.07 r        -0.03  (VIOLATED)
   u_fused_array/g_stripe[3].u_stripe/u_o_bank/g_row[5].g_group[1].u_mem/g_byte[1].u_sram/A[4]
                                0.10           0.07 r        -0.03  (VIOLATED)
   u_fused_array/g_stripe[3].u_stripe/u_o_bank/g_row[5].g_group[1].u_mem/g_byte[2].u_sram/A[1]
                                0.10           0.07 r        -0.03  (VIOLATED)
   u_fused_array/g_stripe[3].u_stripe/u_o_bank/g_row[5].g_group[1].u_mem/g_byte[2].u_sram/A[2]
                                0.10           0.07 r        -0.03  (VIOLATED)
   u_fused_array/g_stripe[3].u_stripe/u_o_bank/g_row[5].g_group[1].u_mem/g_byte[2].u_sram/A[3]
                                0.10           0.07 r        -0.03  (VIOLATED)
   u_fused_array/g_stripe[3].u_stripe/u_o_bank/g_row[5].g_group[1].u_mem/g_byte[2].u_sram/A[4]
                                0.10           0.07 r        -0.03  (VIOLATED)
   u_fused_array/g_stripe[3].u_stripe/u_o_bank/g_row[5].g_group[1].u_mem/g_byte[3].u_sram/A[1]
                                0.10           0.07 r        -0.03  (VIOLATED)
   u_fused_array/g_stripe[3].u_stripe/u_o_bank/g_row[5].g_group[1].u_mem/g_byte[3].u_sram/A[2]
                                0.10           0.07 r        -0.03  (VIOLATED)
   u_fused_array/g_stripe[3].u_stripe/u_o_bank/g_row[5].g_group[1].u_mem/g_byte[3].u_sram/A[3]
                                0.10           0.07 r        -0.03  (VIOLATED)
   u_fused_array/g_stripe[3].u_stripe/u_o_bank/g_row[5].g_group[1].u_mem/g_byte[3].u_sram/A[4]
                                0.10           0.07 r        -0.03  (VIOLATED)
   u_fused_array/g_stripe[3].u_stripe/u_o_bank/g_row[6].g_group[1].u_mem/g_byte[0].u_sram/A[1]
                                0.10           0.07 r        -0.03  (VIOLATED)
   u_fused_array/g_stripe[3].u_stripe/u_o_bank/g_row[6].g_group[1].u_mem/g_byte[0].u_sram/A[2]
                                0.10           0.07 r        -0.03  (VIOLATED)
   u_fused_array/g_stripe[3].u_stripe/u_o_bank/g_row[6].g_group[1].u_mem/g_byte[0].u_sram/A[3]
                                0.10           0.07 r        -0.03  (VIOLATED)
   u_fused_array/g_stripe[3].u_stripe/u_o_bank/g_row[6].g_group[1].u_mem/g_byte[0].u_sram/A[4]
                                0.10           0.07 r        -0.03  (VIOLATED)
   u_fused_array/g_stripe[3].u_stripe/u_o_bank/g_row[6].g_group[1].u_mem/g_byte[1].u_sram/A[1]
                                0.10           0.07 r        -0.03  (VIOLATED)
   u_fused_array/g_stripe[3].u_stripe/u_o_bank/g_row[6].g_group[1].u_mem/g_byte[1].u_sram/A[2]
                                0.10           0.07 r        -0.03  (VIOLATED)
   u_fused_array/g_stripe[3].u_stripe/u_o_bank/g_row[6].g_group[1].u_mem/g_byte[1].u_sram/A[3]
                                0.10           0.07 r        -0.03  (VIOLATED)
   u_fused_array/g_stripe[3].u_stripe/u_o_bank/g_row[6].g_group[1].u_mem/g_byte[1].u_sram/A[4]
                                0.10           0.07 r        -0.03  (VIOLATED)
   u_fused_array/g_stripe[3].u_stripe/u_o_bank/g_row[6].g_group[1].u_mem/g_byte[2].u_sram/A[1]
                                0.10           0.07 r        -0.03  (VIOLATED)
   u_fused_array/g_stripe[3].u_stripe/u_o_bank/g_row[6].g_group[1].u_mem/g_byte[2].u_sram/A[2]
                                0.10           0.07 r        -0.03  (VIOLATED)
   u_fused_array/g_stripe[3].u_stripe/u_o_bank/g_row[6].g_group[1].u_mem/g_byte[2].u_sram/A[3]
                                0.10           0.07 r        -0.03  (VIOLATED)
   u_fused_array/g_stripe[3].u_stripe/u_o_bank/g_row[6].g_group[1].u_mem/g_byte[2].u_sram/A[4]
                                0.10           0.07 r        -0.03  (VIOLATED)
   u_fused_array/g_stripe[3].u_stripe/u_o_bank/g_row[6].g_group[1].u_mem/g_byte[3].u_sram/A[1]
                                0.10           0.07 r        -0.03  (VIOLATED)
   u_fused_array/g_stripe[3].u_stripe/u_o_bank/g_row[6].g_group[1].u_mem/g_byte[3].u_sram/A[2]
                                0.10           0.07 r        -0.03  (VIOLATED)
   u_fused_array/g_stripe[3].u_stripe/u_o_bank/g_row[6].g_group[1].u_mem/g_byte[3].u_sram/A[3]
                                0.10           0.07 r        -0.03  (VIOLATED)
   u_fused_array/g_stripe[3].u_stripe/u_o_bank/g_row[6].g_group[1].u_mem/g_byte[3].u_sram/A[4]
                                0.10           0.07 r        -0.03  (VIOLATED)
   u_fused_array/g_stripe[3].u_stripe/u_o_bank/g_row[7].g_group[0].u_mem/g_byte[0].u_sram/A[0]
                                0.10           0.07 r        -0.03  (VIOLATED)
   u_fused_array/g_stripe[3].u_stripe/u_o_bank/g_row[7].g_group[0].u_mem/g_byte[1].u_sram/A[0]
                                0.10           0.07 r        -0.03  (VIOLATED)
   u_fused_array/g_stripe[3].u_stripe/u_o_bank/g_row[7].g_group[0].u_mem/g_byte[2].u_sram/A[0]
                                0.10           0.07 r        -0.03  (VIOLATED)
   u_fused_array/g_stripe[3].u_stripe/u_o_bank/g_row[7].g_group[0].u_mem/g_byte[3].u_sram/A[0]
                                0.10           0.07 r        -0.03  (VIOLATED)
   u_fused_array/g_stripe[3].u_stripe/u_o_bank/g_row[7].g_group[0].u_mem/g_byte[0].u_sram/A[1]
                                0.10           0.07 r        -0.03  (VIOLATED)
   u_fused_array/g_stripe[3].u_stripe/u_o_bank/g_row[7].g_group[0].u_mem/g_byte[0].u_sram/A[2]
                                0.10           0.07 r        -0.03  (VIOLATED)
   u_fused_array/g_stripe[3].u_stripe/u_o_bank/g_row[7].g_group[0].u_mem/g_byte[0].u_sram/A[3]
                                0.10           0.07 r        -0.03  (VIOLATED)
   u_fused_array/g_stripe[3].u_stripe/u_o_bank/g_row[7].g_group[0].u_mem/g_byte[0].u_sram/A[4]
                                0.10           0.07 r        -0.03  (VIOLATED)
   u_fused_array/g_stripe[3].u_stripe/u_o_bank/g_row[7].g_group[0].u_mem/g_byte[1].u_sram/A[1]
                                0.10           0.07 r        -0.03  (VIOLATED)
   u_fused_array/g_stripe[3].u_stripe/u_o_bank/g_row[7].g_group[0].u_mem/g_byte[1].u_sram/A[2]
                                0.10           0.07 r        -0.03  (VIOLATED)
   u_fused_array/g_stripe[3].u_stripe/u_o_bank/g_row[7].g_group[0].u_mem/g_byte[1].u_sram/A[3]
                                0.10           0.07 r        -0.03  (VIOLATED)
   u_fused_array/g_stripe[3].u_stripe/u_o_bank/g_row[7].g_group[0].u_mem/g_byte[1].u_sram/A[4]
                                0.10           0.07 r        -0.03  (VIOLATED)
   u_fused_array/g_stripe[3].u_stripe/u_o_bank/g_row[7].g_group[0].u_mem/g_byte[2].u_sram/A[1]
                                0.10           0.07 r        -0.03  (VIOLATED)
   u_fused_array/g_stripe[3].u_stripe/u_o_bank/g_row[7].g_group[0].u_mem/g_byte[2].u_sram/A[2]
                                0.10           0.07 r        -0.03  (VIOLATED)
   u_fused_array/g_stripe[3].u_stripe/u_o_bank/g_row[7].g_group[0].u_mem/g_byte[2].u_sram/A[3]
                                0.10           0.07 r        -0.03  (VIOLATED)
   u_fused_array/g_stripe[3].u_stripe/u_o_bank/g_row[7].g_group[0].u_mem/g_byte[2].u_sram/A[4]
                                0.10           0.07 r        -0.03  (VIOLATED)
   u_fused_array/g_stripe[3].u_stripe/u_o_bank/g_row[7].g_group[0].u_mem/g_byte[3].u_sram/A[1]
                                0.10           0.07 r        -0.03  (VIOLATED)
   u_fused_array/g_stripe[3].u_stripe/u_o_bank/g_row[7].g_group[0].u_mem/g_byte[3].u_sram/A[2]
                                0.10           0.07 r        -0.03  (VIOLATED)
   u_fused_array/g_stripe[3].u_stripe/u_o_bank/g_row[7].g_group[0].u_mem/g_byte[3].u_sram/A[3]
                                0.10           0.07 r        -0.03  (VIOLATED)
   u_fused_array/g_stripe[3].u_stripe/u_o_bank/g_row[7].g_group[0].u_mem/g_byte[3].u_sram/A[4]
                                0.10           0.07 r        -0.03  (VIOLATED)
   u_fused_array/g_stripe[3].u_stripe/u_o_bank/g_row[7].g_group[1].u_mem/g_byte[0].u_sram/A[0]
                                0.10           0.07 r        -0.03  (VIOLATED)
   u_fused_array/g_stripe[3].u_stripe/u_o_bank/g_row[7].g_group[1].u_mem/g_byte[1].u_sram/A[0]
                                0.10           0.07 r        -0.03  (VIOLATED)
   u_fused_array/g_stripe[3].u_stripe/u_o_bank/g_row[7].g_group[1].u_mem/g_byte[2].u_sram/A[0]
                                0.10           0.07 r        -0.03  (VIOLATED)
   u_fused_array/g_stripe[3].u_stripe/u_o_bank/g_row[7].g_group[1].u_mem/g_byte[3].u_sram/A[0]
                                0.10           0.07 r        -0.03  (VIOLATED)
   u_fused_array/g_stripe[3].u_stripe/u_o_bank/g_row[7].g_group[1].u_mem/g_byte[0].u_sram/A[1]
                                0.10           0.07 r        -0.03  (VIOLATED)
   u_fused_array/g_stripe[3].u_stripe/u_o_bank/g_row[7].g_group[1].u_mem/g_byte[0].u_sram/A[2]
                                0.10           0.07 r        -0.03  (VIOLATED)
   u_fused_array/g_stripe[3].u_stripe/u_o_bank/g_row[7].g_group[1].u_mem/g_byte[0].u_sram/A[3]
                                0.10           0.07 r        -0.03  (VIOLATED)
   u_fused_array/g_stripe[3].u_stripe/u_o_bank/g_row[7].g_group[1].u_mem/g_byte[0].u_sram/A[4]
                                0.10           0.07 r        -0.03  (VIOLATED)
   u_fused_array/g_stripe[3].u_stripe/u_o_bank/g_row[7].g_group[1].u_mem/g_byte[1].u_sram/A[1]
                                0.10           0.07 r        -0.03  (VIOLATED)
   u_fused_array/g_stripe[3].u_stripe/u_o_bank/g_row[7].g_group[1].u_mem/g_byte[1].u_sram/A[2]
                                0.10           0.07 r        -0.03  (VIOLATED)
   u_fused_array/g_stripe[3].u_stripe/u_o_bank/g_row[7].g_group[1].u_mem/g_byte[1].u_sram/A[3]
                                0.10           0.07 r        -0.03  (VIOLATED)
   u_fused_array/g_stripe[3].u_stripe/u_o_bank/g_row[7].g_group[1].u_mem/g_byte[1].u_sram/A[4]
                                0.10           0.07 r        -0.03  (VIOLATED)
   u_fused_array/g_stripe[3].u_stripe/u_o_bank/g_row[7].g_group[1].u_mem/g_byte[2].u_sram/A[1]
                                0.10           0.07 r        -0.03  (VIOLATED)
   u_fused_array/g_stripe[3].u_stripe/u_o_bank/g_row[7].g_group[1].u_mem/g_byte[2].u_sram/A[2]
                                0.10           0.07 r        -0.03  (VIOLATED)
   u_fused_array/g_stripe[3].u_stripe/u_o_bank/g_row[7].g_group[1].u_mem/g_byte[2].u_sram/A[3]
                                0.10           0.07 r        -0.03  (VIOLATED)
   u_fused_array/g_stripe[3].u_stripe/u_o_bank/g_row[7].g_group[1].u_mem/g_byte[2].u_sram/A[4]
                                0.10           0.07 r        -0.03  (VIOLATED)
   u_fused_array/g_stripe[3].u_stripe/u_o_bank/g_row[7].g_group[1].u_mem/g_byte[3].u_sram/A[1]
                                0.10           0.07 r        -0.03  (VIOLATED)
   u_fused_array/g_stripe[3].u_stripe/u_o_bank/g_row[7].g_group[1].u_mem/g_byte[3].u_sram/A[2]
                                0.10           0.07 r        -0.03  (VIOLATED)
   u_fused_array/g_stripe[3].u_stripe/u_o_bank/g_row[7].g_group[1].u_mem/g_byte[3].u_sram/A[3]
                                0.10           0.07 r        -0.03  (VIOLATED)
   u_fused_array/g_stripe[3].u_stripe/u_o_bank/g_row[7].g_group[1].u_mem/g_byte[3].u_sram/A[4]
                                0.10           0.07 r        -0.03  (VIOLATED)
   u_output_buffer/u_out_mem/g_byte[0].u_sram/A[0]
                                0.09           0.09 f        -0.01  (VIOLATED)
   u_output_buffer/u_out_mem/g_byte[0].u_sram/A[4]
                                0.09           0.09 f        -0.01  (VIOLATED)
   u_output_buffer/u_out_mem/g_byte[0].u_sram/A[5]
                                0.09           0.09 f        -0.01  (VIOLATED)
   u_output_buffer/u_out_mem/g_byte[1].u_sram/A[0]
                                0.09           0.09 f        -0.01  (VIOLATED)
   u_output_buffer/u_out_mem/g_byte[1].u_sram/A[4]
                                0.09           0.09 f        -0.01  (VIOLATED)
   u_output_buffer/u_out_mem/g_byte[1].u_sram/A[5]
                                0.09           0.09 f        -0.01  (VIOLATED)
   u_output_buffer/u_out_mem/g_byte[2].u_sram/A[0]
                                0.09           0.09 f        -0.01  (VIOLATED)
   u_output_buffer/u_out_mem/g_byte[2].u_sram/A[4]
                                0.09           0.09 f        -0.01  (VIOLATED)
   u_output_buffer/u_out_mem/g_byte[2].u_sram/A[5]
                                0.09           0.09 f        -0.01  (VIOLATED)
   u_output_buffer/u_out_mem/g_byte[3].u_sram/A[0]
                                0.09           0.09 f        -0.01  (VIOLATED)
   u_output_buffer/u_out_mem/g_byte[3].u_sram/A[4]
                                0.09           0.09 f        -0.01  (VIOLATED)
   u_output_buffer/u_out_mem/g_byte[3].u_sram/A[5]
                                0.09           0.09 f        -0.01  (VIOLATED)
   u_output_buffer/u_out_mem/g_byte[4].u_sram/A[0]
                                0.09           0.09 f        -0.01  (VIOLATED)
   u_output_buffer/u_out_mem/g_byte[4].u_sram/A[4]
                                0.09           0.09 f        -0.01  (VIOLATED)
   u_output_buffer/u_out_mem/g_byte[4].u_sram/A[5]
                                0.09           0.09 f        -0.01  (VIOLATED)
   u_output_buffer/u_out_mem/g_byte[5].u_sram/A[0]
                                0.09           0.09 f        -0.01  (VIOLATED)
   u_output_buffer/u_out_mem/g_byte[5].u_sram/A[4]
                                0.09           0.09 f        -0.01  (VIOLATED)
   u_output_buffer/u_out_mem/g_byte[5].u_sram/A[5]
                                0.09           0.09 f        -0.01  (VIOLATED)
   u_output_buffer/u_out_mem/g_byte[6].u_sram/A[0]
                                0.09           0.09 f        -0.01  (VIOLATED)
   u_output_buffer/u_out_mem/g_byte[6].u_sram/A[4]
                                0.09           0.09 f        -0.01  (VIOLATED)
   u_output_buffer/u_out_mem/g_byte[6].u_sram/A[5]
                                0.09           0.09 f        -0.01  (VIOLATED)
   u_output_buffer/u_out_mem/g_byte[7].u_sram/A[0]
                                0.09           0.09 f        -0.01  (VIOLATED)
   u_output_buffer/u_out_mem/g_byte[7].u_sram/A[4]
                                0.09           0.09 f        -0.01  (VIOLATED)
   u_output_buffer/u_out_mem/g_byte[7].u_sram/A[5]
                                0.09           0.09 f        -0.01  (VIOLATED)
   u_output_buffer/u_out_mem/g_byte[8].u_sram/A[0]
                                0.09           0.09 f        -0.01  (VIOLATED)
   u_output_buffer/u_out_mem/g_byte[8].u_sram/A[4]
                                0.09           0.09 f        -0.01  (VIOLATED)
   u_output_buffer/u_out_mem/g_byte[8].u_sram/A[5]
                                0.09           0.09 f        -0.01  (VIOLATED)
   u_output_buffer/u_out_mem/g_byte[9].u_sram/A[0]
                                0.09           0.09 f        -0.01  (VIOLATED)
   u_output_buffer/u_out_mem/g_byte[9].u_sram/A[4]
                                0.09           0.09 f        -0.01  (VIOLATED)
   u_output_buffer/u_out_mem/g_byte[9].u_sram/A[5]
                                0.09           0.09 f        -0.01  (VIOLATED)
   u_output_buffer/u_out_mem/g_byte[24].u_sram/A[0]
                                0.09           0.09 f        -0.01  (VIOLATED)
   u_output_buffer/u_out_mem/g_byte[24].u_sram/A[4]
                                0.09           0.09 f        -0.01  (VIOLATED)
   u_output_buffer/u_out_mem/g_byte[24].u_sram/A[5]
                                0.09           0.09 f        -0.01  (VIOLATED)
   u_output_buffer/u_out_mem/g_byte[25].u_sram/A[0]
                                0.09           0.09 f        -0.01  (VIOLATED)
   u_output_buffer/u_out_mem/g_byte[25].u_sram/A[4]
                                0.09           0.09 f        -0.01  (VIOLATED)
   u_output_buffer/u_out_mem/g_byte[25].u_sram/A[5]
                                0.09           0.09 f        -0.01  (VIOLATED)
   u_output_buffer/u_out_mem/g_byte[26].u_sram/A[0]
                                0.09           0.09 f        -0.01  (VIOLATED)
   u_output_buffer/u_out_mem/g_byte[26].u_sram/A[4]
                                0.09           0.09 f        -0.01  (VIOLATED)
   u_output_buffer/u_out_mem/g_byte[26].u_sram/A[5]
                                0.09           0.09 f        -0.01  (VIOLATED)
   u_output_buffer/u_out_mem/g_byte[27].u_sram/A[0]
                                0.09           0.09 f        -0.01  (VIOLATED)
   u_output_buffer/u_out_mem/g_byte[27].u_sram/A[4]
                                0.09           0.09 f        -0.01  (VIOLATED)
   u_output_buffer/u_out_mem/g_byte[27].u_sram/A[5]
                                0.09           0.09 f        -0.01  (VIOLATED)
   u_output_buffer/u_out_mem/g_byte[28].u_sram/A[0]
                                0.09           0.09 f        -0.01  (VIOLATED)
   u_output_buffer/u_out_mem/g_byte[28].u_sram/A[4]
                                0.09           0.09 f        -0.01  (VIOLATED)
   u_output_buffer/u_out_mem/g_byte[28].u_sram/A[5]
                                0.09           0.09 f        -0.01  (VIOLATED)
   u_output_buffer/u_out_mem/g_byte[29].u_sram/A[0]
                                0.09           0.09 f        -0.01  (VIOLATED)
   u_output_buffer/u_out_mem/g_byte[29].u_sram/A[4]
                                0.09           0.09 f        -0.01  (VIOLATED)
   u_output_buffer/u_out_mem/g_byte[29].u_sram/A[5]
                                0.09           0.09 f        -0.01  (VIOLATED)
   u_output_buffer/u_out_mem/g_byte[30].u_sram/A[0]
                                0.09           0.09 f        -0.01  (VIOLATED)
   u_output_buffer/u_out_mem/g_byte[30].u_sram/A[4]
                                0.09           0.09 f        -0.01  (VIOLATED)
   u_output_buffer/u_out_mem/g_byte[30].u_sram/A[5]
                                0.09           0.09 f        -0.01  (VIOLATED)
   u_tile_cache/u_k0/g_bank[0].g_shallow.u_bank/g_byte[0].u_sram/A[0]
                                0.09           0.09 r        -0.01  (VIOLATED)
   u_tile_cache/u_k0/g_bank[0].g_shallow.u_bank/g_byte[0].u_sram/A[1]
                                0.09           0.09 r        -0.01  (VIOLATED)
   u_tile_cache/u_k0/g_bank[0].g_shallow.u_bank/g_byte[0].u_sram/A[2]
                                0.09           0.09 r        -0.01  (VIOLATED)
   u_tile_cache/u_k0/g_bank[0].g_shallow.u_bank/g_byte[0].u_sram/A[3]
                                0.09           0.09 r        -0.01  (VIOLATED)
   u_tile_cache/u_k0/g_bank[0].g_shallow.u_bank/g_byte[0].u_sram/A[4]
                                0.09           0.09 r        -0.01  (VIOLATED)
   u_tile_cache/u_k0/g_bank[0].g_shallow.u_bank/g_byte[0].u_sram/A[5]
                                0.09           0.09 r        -0.01  (VIOLATED)
   u_tile_cache/u_k0/g_bank[1].g_shallow.u_bank/g_byte[1].u_sram/A[0]
                                0.09           0.09 r        -0.01  (VIOLATED)
   u_tile_cache/u_k0/g_bank[1].g_shallow.u_bank/g_byte[1].u_sram/A[1]
                                0.09           0.09 r        -0.01  (VIOLATED)
   u_tile_cache/u_k0/g_bank[1].g_shallow.u_bank/g_byte[1].u_sram/A[2]
                                0.09           0.09 r        -0.01  (VIOLATED)
   u_tile_cache/u_k0/g_bank[1].g_shallow.u_bank/g_byte[1].u_sram/A[3]
                                0.09           0.09 r        -0.01  (VIOLATED)
   u_tile_cache/u_k0/g_bank[1].g_shallow.u_bank/g_byte[1].u_sram/A[4]
                                0.09           0.09 r        -0.01  (VIOLATED)
   u_tile_cache/u_k0/g_bank[1].g_shallow.u_bank/g_byte[1].u_sram/A[5]
                                0.09           0.09 r        -0.01  (VIOLATED)
   u_tile_cache/u_k0/g_bank[2].g_shallow.u_bank/g_byte[0].u_sram/A[0]
                                0.09           0.09 r        -0.01  (VIOLATED)
   u_tile_cache/u_k0/g_bank[2].g_shallow.u_bank/g_byte[0].u_sram/A[1]
                                0.09           0.09 r        -0.01  (VIOLATED)
   u_tile_cache/u_k0/g_bank[2].g_shallow.u_bank/g_byte[0].u_sram/A[2]
                                0.09           0.09 r        -0.01  (VIOLATED)
   u_tile_cache/u_k0/g_bank[2].g_shallow.u_bank/g_byte[0].u_sram/A[3]
                                0.09           0.09 r        -0.01  (VIOLATED)
   u_tile_cache/u_k0/g_bank[2].g_shallow.u_bank/g_byte[0].u_sram/A[4]
                                0.09           0.09 r        -0.01  (VIOLATED)
   u_tile_cache/u_k0/g_bank[2].g_shallow.u_bank/g_byte[0].u_sram/A[5]
                                0.09           0.09 r        -0.01  (VIOLATED)
   u_tile_cache/u_k0/g_bank[2].g_shallow.u_bank/g_byte[1].u_sram/A[0]
                                0.09           0.09 r        -0.01  (VIOLATED)
   u_tile_cache/u_k0/g_bank[2].g_shallow.u_bank/g_byte[1].u_sram/A[1]
                                0.09           0.09 r        -0.01  (VIOLATED)
   u_tile_cache/u_k0/g_bank[2].g_shallow.u_bank/g_byte[1].u_sram/A[2]
                                0.09           0.09 r        -0.01  (VIOLATED)
   u_tile_cache/u_k0/g_bank[2].g_shallow.u_bank/g_byte[1].u_sram/A[3]
                                0.09           0.09 r        -0.01  (VIOLATED)
   u_tile_cache/u_k0/g_bank[2].g_shallow.u_bank/g_byte[1].u_sram/A[4]
                                0.09           0.09 r        -0.01  (VIOLATED)
   u_tile_cache/u_k0/g_bank[2].g_shallow.u_bank/g_byte[1].u_sram/A[5]
                                0.09           0.09 r        -0.01  (VIOLATED)
   u_tile_cache/u_k0/g_bank[3].g_shallow.u_bank/g_byte[0].u_sram/A[0]
                                0.09           0.09 r        -0.01  (VIOLATED)
   u_tile_cache/u_k0/g_bank[3].g_shallow.u_bank/g_byte[0].u_sram/A[1]
                                0.09           0.09 r        -0.01  (VIOLATED)
   u_tile_cache/u_k0/g_bank[3].g_shallow.u_bank/g_byte[0].u_sram/A[2]
                                0.09           0.09 r        -0.01  (VIOLATED)
   u_tile_cache/u_k0/g_bank[3].g_shallow.u_bank/g_byte[0].u_sram/A[3]
                                0.09           0.09 r        -0.01  (VIOLATED)
   u_tile_cache/u_k0/g_bank[3].g_shallow.u_bank/g_byte[0].u_sram/A[4]
                                0.09           0.09 r        -0.01  (VIOLATED)
   u_tile_cache/u_k0/g_bank[3].g_shallow.u_bank/g_byte[0].u_sram/A[5]
                                0.09           0.09 r        -0.01  (VIOLATED)
   u_tile_cache/u_k0/g_bank[3].g_shallow.u_bank/g_byte[1].u_sram/A[0]
                                0.09           0.09 r        -0.01  (VIOLATED)
   u_tile_cache/u_k0/g_bank[3].g_shallow.u_bank/g_byte[1].u_sram/A[1]
                                0.09           0.09 r        -0.01  (VIOLATED)
   u_tile_cache/u_k0/g_bank[3].g_shallow.u_bank/g_byte[1].u_sram/A[2]
                                0.09           0.09 r        -0.01  (VIOLATED)
   u_tile_cache/u_k0/g_bank[3].g_shallow.u_bank/g_byte[1].u_sram/A[3]
                                0.09           0.09 r        -0.01  (VIOLATED)
   u_tile_cache/u_k0/g_bank[3].g_shallow.u_bank/g_byte[1].u_sram/A[4]
                                0.09           0.09 r        -0.01  (VIOLATED)
   u_tile_cache/u_k0/g_bank[3].g_shallow.u_bank/g_byte[1].u_sram/A[5]
                                0.09           0.09 r        -0.01  (VIOLATED)
   u_tile_cache/u_k0/g_bank[11].g_shallow.u_bank/g_byte[0].u_sram/A[0]
                                0.09           0.09 r        -0.01  (VIOLATED)
   u_tile_cache/u_k0/g_bank[11].g_shallow.u_bank/g_byte[0].u_sram/A[1]
                                0.09           0.09 r        -0.01  (VIOLATED)
   u_tile_cache/u_k0/g_bank[11].g_shallow.u_bank/g_byte[0].u_sram/A[2]
                                0.09           0.09 r        -0.01  (VIOLATED)
   u_tile_cache/u_k0/g_bank[11].g_shallow.u_bank/g_byte[0].u_sram/A[3]
                                0.09           0.09 r        -0.01  (VIOLATED)
   u_tile_cache/u_k0/g_bank[11].g_shallow.u_bank/g_byte[0].u_sram/A[4]
                                0.09           0.09 r        -0.01  (VIOLATED)
   u_tile_cache/u_k0/g_bank[11].g_shallow.u_bank/g_byte[0].u_sram/A[5]
                                0.09           0.09 r        -0.01  (VIOLATED)
   u_tile_cache/u_k0/g_bank[11].g_shallow.u_bank/g_byte[1].u_sram/A[0]
                                0.09           0.09 r        -0.01  (VIOLATED)
   u_tile_cache/u_k0/g_bank[11].g_shallow.u_bank/g_byte[1].u_sram/A[1]
                                0.09           0.09 r        -0.01  (VIOLATED)
   u_tile_cache/u_k0/g_bank[11].g_shallow.u_bank/g_byte[1].u_sram/A[2]
                                0.09           0.09 r        -0.01  (VIOLATED)
   u_tile_cache/u_k0/g_bank[11].g_shallow.u_bank/g_byte[1].u_sram/A[3]
                                0.09           0.09 r        -0.01  (VIOLATED)
   u_tile_cache/u_k0/g_bank[11].g_shallow.u_bank/g_byte[1].u_sram/A[4]
                                0.09           0.09 r        -0.01  (VIOLATED)
   u_tile_cache/u_k0/g_bank[11].g_shallow.u_bank/g_byte[1].u_sram/A[5]
                                0.09           0.09 r        -0.01  (VIOLATED)
   u_tile_cache/u_k0/g_bank[12].g_shallow.u_bank/g_byte[0].u_sram/A[0]
                                0.09           0.09 r        -0.01  (VIOLATED)
   u_tile_cache/u_k0/g_bank[12].g_shallow.u_bank/g_byte[0].u_sram/A[1]
                                0.09           0.09 r        -0.01  (VIOLATED)
   u_tile_cache/u_k0/g_bank[12].g_shallow.u_bank/g_byte[0].u_sram/A[2]
                                0.09           0.09 r        -0.01  (VIOLATED)
   u_tile_cache/u_k0/g_bank[12].g_shallow.u_bank/g_byte[0].u_sram/A[3]
                                0.09           0.09 r        -0.01  (VIOLATED)
   u_tile_cache/u_k0/g_bank[12].g_shallow.u_bank/g_byte[0].u_sram/A[4]
                                0.09           0.09 r        -0.01  (VIOLATED)
   u_tile_cache/u_k0/g_bank[12].g_shallow.u_bank/g_byte[0].u_sram/A[5]
                                0.09           0.09 r        -0.01  (VIOLATED)
   u_tile_cache/u_k0/g_bank[12].g_shallow.u_bank/g_byte[1].u_sram/A[0]
                                0.09           0.09 r        -0.01  (VIOLATED)
   u_tile_cache/u_k0/g_bank[12].g_shallow.u_bank/g_byte[1].u_sram/A[1]
                                0.09           0.09 r        -0.01  (VIOLATED)
   u_tile_cache/u_k0/g_bank[12].g_shallow.u_bank/g_byte[1].u_sram/A[2]
                                0.09           0.09 r        -0.01  (VIOLATED)
   u_tile_cache/u_k0/g_bank[12].g_shallow.u_bank/g_byte[1].u_sram/A[3]
                                0.09           0.09 r        -0.01  (VIOLATED)
   u_tile_cache/u_k0/g_bank[12].g_shallow.u_bank/g_byte[1].u_sram/A[4]
                                0.09           0.09 r        -0.01  (VIOLATED)
   u_tile_cache/u_k0/g_bank[12].g_shallow.u_bank/g_byte[1].u_sram/A[5]
                                0.09           0.09 r        -0.01  (VIOLATED)
   u_tile_cache/u_k0/g_bank[13].g_shallow.u_bank/g_byte[0].u_sram/A[0]
                                0.09           0.09 r        -0.01  (VIOLATED)
   u_tile_cache/u_k0/g_bank[13].g_shallow.u_bank/g_byte[0].u_sram/A[1]
                                0.09           0.09 r        -0.01  (VIOLATED)
   u_tile_cache/u_k0/g_bank[13].g_shallow.u_bank/g_byte[0].u_sram/A[2]
                                0.09           0.09 r        -0.01  (VIOLATED)
   u_tile_cache/u_k0/g_bank[13].g_shallow.u_bank/g_byte[0].u_sram/A[3]
                                0.09           0.09 r        -0.01  (VIOLATED)
   u_tile_cache/u_k0/g_bank[13].g_shallow.u_bank/g_byte[0].u_sram/A[4]
                                0.09           0.09 r        -0.01  (VIOLATED)
   u_tile_cache/u_k0/g_bank[13].g_shallow.u_bank/g_byte[0].u_sram/A[5]
                                0.09           0.09 r        -0.01  (VIOLATED)
   u_tile_cache/u_k0/g_bank[13].g_shallow.u_bank/g_byte[1].u_sram/A[0]
                                0.09           0.09 r        -0.01  (VIOLATED)
   u_tile_cache/u_k0/g_bank[13].g_shallow.u_bank/g_byte[1].u_sram/A[1]
                                0.09           0.09 r        -0.01  (VIOLATED)
   u_tile_cache/u_k0/g_bank[13].g_shallow.u_bank/g_byte[1].u_sram/A[2]
                                0.09           0.09 r        -0.01  (VIOLATED)
   u_tile_cache/u_k0/g_bank[13].g_shallow.u_bank/g_byte[1].u_sram/A[3]
                                0.09           0.09 r        -0.01  (VIOLATED)
   u_tile_cache/u_k0/g_bank[13].g_shallow.u_bank/g_byte[1].u_sram/A[4]
                                0.09           0.09 r        -0.01  (VIOLATED)
   u_tile_cache/u_k0/g_bank[13].g_shallow.u_bank/g_byte[1].u_sram/A[5]
                                0.09           0.09 r        -0.01  (VIOLATED)
   u_tile_cache/u_k0/g_bank[14].g_shallow.u_bank/g_byte[0].u_sram/A[0]
                                0.09           0.09 r        -0.01  (VIOLATED)
   u_tile_cache/u_k0/g_bank[14].g_shallow.u_bank/g_byte[0].u_sram/A[1]
                                0.09           0.09 r        -0.01  (VIOLATED)
   u_tile_cache/u_k0/g_bank[14].g_shallow.u_bank/g_byte[0].u_sram/A[2]
                                0.09           0.09 r        -0.01  (VIOLATED)
   u_tile_cache/u_k0/g_bank[14].g_shallow.u_bank/g_byte[0].u_sram/A[3]
                                0.09           0.09 r        -0.01  (VIOLATED)
   u_tile_cache/u_k0/g_bank[14].g_shallow.u_bank/g_byte[0].u_sram/A[4]
                                0.09           0.09 r        -0.01  (VIOLATED)
   u_tile_cache/u_k0/g_bank[14].g_shallow.u_bank/g_byte[0].u_sram/A[5]
                                0.09           0.09 r        -0.01  (VIOLATED)
   u_tile_cache/u_k0/g_bank[14].g_shallow.u_bank/g_byte[1].u_sram/A[0]
                                0.09           0.09 r        -0.01  (VIOLATED)
   u_tile_cache/u_k0/g_bank[14].g_shallow.u_bank/g_byte[1].u_sram/A[1]
                                0.09           0.09 r        -0.01  (VIOLATED)
   u_tile_cache/u_k0/g_bank[14].g_shallow.u_bank/g_byte[1].u_sram/A[2]
                                0.09           0.09 r        -0.01  (VIOLATED)
   u_tile_cache/u_k0/g_bank[14].g_shallow.u_bank/g_byte[1].u_sram/A[3]
                                0.09           0.09 r        -0.01  (VIOLATED)
   u_tile_cache/u_k0/g_bank[14].g_shallow.u_bank/g_byte[1].u_sram/A[4]
                                0.09           0.09 r        -0.01  (VIOLATED)
   u_tile_cache/u_k0/g_bank[14].g_shallow.u_bank/g_byte[1].u_sram/A[5]
                                0.09           0.09 r        -0.01  (VIOLATED)
   u_tile_cache/u_k0/g_bank[15].g_shallow.u_bank/g_byte[0].u_sram/A[0]
                                0.09           0.09 r        -0.01  (VIOLATED)
   u_tile_cache/u_k0/g_bank[15].g_shallow.u_bank/g_byte[0].u_sram/A[1]
                                0.09           0.09 r        -0.01  (VIOLATED)
   u_tile_cache/u_k0/g_bank[15].g_shallow.u_bank/g_byte[0].u_sram/A[2]
                                0.09           0.09 r        -0.01  (VIOLATED)
   u_tile_cache/u_k0/g_bank[15].g_shallow.u_bank/g_byte[0].u_sram/A[3]
                                0.09           0.09 r        -0.01  (VIOLATED)
   u_tile_cache/u_k0/g_bank[15].g_shallow.u_bank/g_byte[0].u_sram/A[4]
                                0.09           0.09 r        -0.01  (VIOLATED)
   u_tile_cache/u_k0/g_bank[15].g_shallow.u_bank/g_byte[0].u_sram/A[5]
                                0.09           0.09 r        -0.01  (VIOLATED)
   u_tile_cache/u_k0/g_bank[15].g_shallow.u_bank/g_byte[1].u_sram/A[0]
                                0.09           0.09 r        -0.01  (VIOLATED)
   u_tile_cache/u_k0/g_bank[15].g_shallow.u_bank/g_byte[1].u_sram/A[1]
                                0.09           0.09 r        -0.01  (VIOLATED)
   u_tile_cache/u_k0/g_bank[15].g_shallow.u_bank/g_byte[1].u_sram/A[2]
                                0.09           0.09 r        -0.01  (VIOLATED)
   u_tile_cache/u_k0/g_bank[15].g_shallow.u_bank/g_byte[1].u_sram/A[3]
                                0.09           0.09 r        -0.01  (VIOLATED)
   u_tile_cache/u_k0/g_bank[15].g_shallow.u_bank/g_byte[1].u_sram/A[4]
                                0.09           0.09 r        -0.01  (VIOLATED)
   u_tile_cache/u_k0/g_bank[15].g_shallow.u_bank/g_byte[1].u_sram/A[5]
                                0.09           0.09 r        -0.01  (VIOLATED)
   u_tile_cache/u_k1/g_bank[0].g_shallow.u_bank/g_byte[0].u_sram/A[0]
                                0.09           0.09 r        -0.01  (VIOLATED)
   u_tile_cache/u_k1/g_bank[0].g_shallow.u_bank/g_byte[0].u_sram/A[1]
                                0.09           0.09 r        -0.01  (VIOLATED)
   u_tile_cache/u_k1/g_bank[0].g_shallow.u_bank/g_byte[0].u_sram/A[2]
                                0.09           0.09 r        -0.01  (VIOLATED)
   u_tile_cache/u_k1/g_bank[0].g_shallow.u_bank/g_byte[0].u_sram/A[3]
                                0.09           0.09 r        -0.01  (VIOLATED)
   u_tile_cache/u_k1/g_bank[0].g_shallow.u_bank/g_byte[0].u_sram/A[4]
                                0.09           0.09 r        -0.01  (VIOLATED)
   u_tile_cache/u_k1/g_bank[0].g_shallow.u_bank/g_byte[0].u_sram/A[5]
                                0.09           0.09 r        -0.01  (VIOLATED)
   u_tile_cache/u_k1/g_bank[1].g_shallow.u_bank/g_byte[1].u_sram/A[0]
                                0.09           0.09 r        -0.01  (VIOLATED)
   u_tile_cache/u_k1/g_bank[1].g_shallow.u_bank/g_byte[1].u_sram/A[1]
                                0.09           0.09 r        -0.01  (VIOLATED)
   u_tile_cache/u_k1/g_bank[1].g_shallow.u_bank/g_byte[1].u_sram/A[2]
                                0.09           0.09 r        -0.01  (VIOLATED)
   u_tile_cache/u_k1/g_bank[1].g_shallow.u_bank/g_byte[1].u_sram/A[3]
                                0.09           0.09 r        -0.01  (VIOLATED)
   u_tile_cache/u_k1/g_bank[1].g_shallow.u_bank/g_byte[1].u_sram/A[4]
                                0.09           0.09 r        -0.01  (VIOLATED)
   u_tile_cache/u_k1/g_bank[1].g_shallow.u_bank/g_byte[1].u_sram/A[5]
                                0.09           0.09 r        -0.01  (VIOLATED)
   u_tile_cache/u_k1/g_bank[2].g_shallow.u_bank/g_byte[0].u_sram/A[0]
                                0.09           0.09 r        -0.01  (VIOLATED)
   u_tile_cache/u_k1/g_bank[2].g_shallow.u_bank/g_byte[0].u_sram/A[1]
                                0.09           0.09 r        -0.01  (VIOLATED)
   u_tile_cache/u_k1/g_bank[2].g_shallow.u_bank/g_byte[0].u_sram/A[2]
                                0.09           0.09 r        -0.01  (VIOLATED)
   u_tile_cache/u_k1/g_bank[2].g_shallow.u_bank/g_byte[0].u_sram/A[3]
                                0.09           0.09 r        -0.01  (VIOLATED)
   u_tile_cache/u_k1/g_bank[2].g_shallow.u_bank/g_byte[0].u_sram/A[4]
                                0.09           0.09 r        -0.01  (VIOLATED)
   u_tile_cache/u_k1/g_bank[2].g_shallow.u_bank/g_byte[0].u_sram/A[5]
                                0.09           0.09 r        -0.01  (VIOLATED)
   u_tile_cache/u_k1/g_bank[2].g_shallow.u_bank/g_byte[1].u_sram/A[0]
                                0.09           0.09 r        -0.01  (VIOLATED)
   u_tile_cache/u_k1/g_bank[2].g_shallow.u_bank/g_byte[1].u_sram/A[1]
                                0.09           0.09 r        -0.01  (VIOLATED)
   u_tile_cache/u_k1/g_bank[2].g_shallow.u_bank/g_byte[1].u_sram/A[2]
                                0.09           0.09 r        -0.01  (VIOLATED)
   u_tile_cache/u_k1/g_bank[2].g_shallow.u_bank/g_byte[1].u_sram/A[3]
                                0.09           0.09 r        -0.01  (VIOLATED)
   u_tile_cache/u_k1/g_bank[2].g_shallow.u_bank/g_byte[1].u_sram/A[4]
                                0.09           0.09 r        -0.01  (VIOLATED)
   u_tile_cache/u_k1/g_bank[2].g_shallow.u_bank/g_byte[1].u_sram/A[5]
                                0.09           0.09 r        -0.01  (VIOLATED)
   u_tile_cache/u_k1/g_bank[3].g_shallow.u_bank/g_byte[0].u_sram/A[0]
                                0.09           0.09 r        -0.01  (VIOLATED)
   u_tile_cache/u_k1/g_bank[3].g_shallow.u_bank/g_byte[0].u_sram/A[1]
                                0.09           0.09 r        -0.01  (VIOLATED)
   u_tile_cache/u_k1/g_bank[3].g_shallow.u_bank/g_byte[0].u_sram/A[2]
                                0.09           0.09 r        -0.01  (VIOLATED)
   u_tile_cache/u_k1/g_bank[3].g_shallow.u_bank/g_byte[0].u_sram/A[3]
                                0.09           0.09 r        -0.01  (VIOLATED)
   u_tile_cache/u_k1/g_bank[3].g_shallow.u_bank/g_byte[0].u_sram/A[4]
                                0.09           0.09 r        -0.01  (VIOLATED)
   u_tile_cache/u_k1/g_bank[3].g_shallow.u_bank/g_byte[0].u_sram/A[5]
                                0.09           0.09 r        -0.01  (VIOLATED)
   u_tile_cache/u_k1/g_bank[3].g_shallow.u_bank/g_byte[1].u_sram/A[0]
                                0.09           0.09 r        -0.01  (VIOLATED)
   u_tile_cache/u_k1/g_bank[3].g_shallow.u_bank/g_byte[1].u_sram/A[1]
                                0.09           0.09 r        -0.01  (VIOLATED)
   u_tile_cache/u_k1/g_bank[3].g_shallow.u_bank/g_byte[1].u_sram/A[2]
                                0.09           0.09 r        -0.01  (VIOLATED)
   u_tile_cache/u_k1/g_bank[3].g_shallow.u_bank/g_byte[1].u_sram/A[3]
                                0.09           0.09 r        -0.01  (VIOLATED)
   u_tile_cache/u_k1/g_bank[3].g_shallow.u_bank/g_byte[1].u_sram/A[4]
                                0.09           0.09 r        -0.01  (VIOLATED)
   u_tile_cache/u_k1/g_bank[3].g_shallow.u_bank/g_byte[1].u_sram/A[5]
                                0.09           0.09 r        -0.01  (VIOLATED)
   u_tile_cache/u_k1/g_bank[11].g_shallow.u_bank/g_byte[0].u_sram/A[0]
                                0.09           0.09 r        -0.01  (VIOLATED)
   u_tile_cache/u_k1/g_bank[11].g_shallow.u_bank/g_byte[0].u_sram/A[1]
                                0.09           0.09 r        -0.01  (VIOLATED)
   u_tile_cache/u_k1/g_bank[11].g_shallow.u_bank/g_byte[0].u_sram/A[2]
                                0.09           0.09 r        -0.01  (VIOLATED)
   u_tile_cache/u_k1/g_bank[11].g_shallow.u_bank/g_byte[0].u_sram/A[3]
                                0.09           0.09 r        -0.01  (VIOLATED)
   u_tile_cache/u_k1/g_bank[11].g_shallow.u_bank/g_byte[0].u_sram/A[4]
                                0.09           0.09 r        -0.01  (VIOLATED)
   u_tile_cache/u_k1/g_bank[11].g_shallow.u_bank/g_byte[0].u_sram/A[5]
                                0.09           0.09 r        -0.01  (VIOLATED)
   u_tile_cache/u_k1/g_bank[11].g_shallow.u_bank/g_byte[1].u_sram/A[0]
                                0.09           0.09 r        -0.01  (VIOLATED)
   u_tile_cache/u_k1/g_bank[11].g_shallow.u_bank/g_byte[1].u_sram/A[1]
                                0.09           0.09 r        -0.01  (VIOLATED)
   u_tile_cache/u_k1/g_bank[11].g_shallow.u_bank/g_byte[1].u_sram/A[2]
                                0.09           0.09 r        -0.01  (VIOLATED)
   u_tile_cache/u_k1/g_bank[11].g_shallow.u_bank/g_byte[1].u_sram/A[3]
                                0.09           0.09 r        -0.01  (VIOLATED)
   u_tile_cache/u_k1/g_bank[11].g_shallow.u_bank/g_byte[1].u_sram/A[4]
                                0.09           0.09 r        -0.01  (VIOLATED)
   u_tile_cache/u_k1/g_bank[11].g_shallow.u_bank/g_byte[1].u_sram/A[5]
                                0.09           0.09 r        -0.01  (VIOLATED)
   u_tile_cache/u_k1/g_bank[12].g_shallow.u_bank/g_byte[0].u_sram/A[0]
                                0.09           0.09 r        -0.01  (VIOLATED)
   u_tile_cache/u_k1/g_bank[12].g_shallow.u_bank/g_byte[0].u_sram/A[1]
                                0.09           0.09 r        -0.01  (VIOLATED)
   u_tile_cache/u_k1/g_bank[12].g_shallow.u_bank/g_byte[0].u_sram/A[2]
                                0.09           0.09 r        -0.01  (VIOLATED)
   u_tile_cache/u_k1/g_bank[12].g_shallow.u_bank/g_byte[0].u_sram/A[3]
                                0.09           0.09 r        -0.01  (VIOLATED)
   u_tile_cache/u_k1/g_bank[12].g_shallow.u_bank/g_byte[0].u_sram/A[4]
                                0.09           0.09 r        -0.01  (VIOLATED)
   u_tile_cache/u_k1/g_bank[12].g_shallow.u_bank/g_byte[0].u_sram/A[5]
                                0.09           0.09 r        -0.01  (VIOLATED)
   u_tile_cache/u_k1/g_bank[12].g_shallow.u_bank/g_byte[1].u_sram/A[0]
                                0.09           0.09 r        -0.01  (VIOLATED)
   u_tile_cache/u_k1/g_bank[12].g_shallow.u_bank/g_byte[1].u_sram/A[1]
                                0.09           0.09 r        -0.01  (VIOLATED)
   u_tile_cache/u_k1/g_bank[12].g_shallow.u_bank/g_byte[1].u_sram/A[2]
                                0.09           0.09 r        -0.01  (VIOLATED)
   u_tile_cache/u_k1/g_bank[12].g_shallow.u_bank/g_byte[1].u_sram/A[3]
                                0.09           0.09 r        -0.01  (VIOLATED)
   u_tile_cache/u_k1/g_bank[12].g_shallow.u_bank/g_byte[1].u_sram/A[4]
                                0.09           0.09 r        -0.01  (VIOLATED)
   u_tile_cache/u_k1/g_bank[12].g_shallow.u_bank/g_byte[1].u_sram/A[5]
                                0.09           0.09 r        -0.01  (VIOLATED)
   u_tile_cache/u_k1/g_bank[13].g_shallow.u_bank/g_byte[0].u_sram/A[0]
                                0.09           0.09 r        -0.01  (VIOLATED)
   u_tile_cache/u_k1/g_bank[13].g_shallow.u_bank/g_byte[0].u_sram/A[1]
                                0.09           0.09 r        -0.01  (VIOLATED)
   u_tile_cache/u_k1/g_bank[13].g_shallow.u_bank/g_byte[0].u_sram/A[2]
                                0.09           0.09 r        -0.01  (VIOLATED)
   u_tile_cache/u_k1/g_bank[13].g_shallow.u_bank/g_byte[0].u_sram/A[3]
                                0.09           0.09 r        -0.01  (VIOLATED)
   u_tile_cache/u_k1/g_bank[13].g_shallow.u_bank/g_byte[0].u_sram/A[4]
                                0.09           0.09 r        -0.01  (VIOLATED)
   u_tile_cache/u_k1/g_bank[13].g_shallow.u_bank/g_byte[0].u_sram/A[5]
                                0.09           0.09 r        -0.01  (VIOLATED)
   u_tile_cache/u_k1/g_bank[13].g_shallow.u_bank/g_byte[1].u_sram/A[0]
                                0.09           0.09 r        -0.01  (VIOLATED)
   u_tile_cache/u_k1/g_bank[13].g_shallow.u_bank/g_byte[1].u_sram/A[1]
                                0.09           0.09 r        -0.01  (VIOLATED)
   u_tile_cache/u_k1/g_bank[13].g_shallow.u_bank/g_byte[1].u_sram/A[2]
                                0.09           0.09 r        -0.01  (VIOLATED)
   u_tile_cache/u_k1/g_bank[13].g_shallow.u_bank/g_byte[1].u_sram/A[3]
                                0.09           0.09 r        -0.01  (VIOLATED)
   u_tile_cache/u_k1/g_bank[13].g_shallow.u_bank/g_byte[1].u_sram/A[4]
                                0.09           0.09 r        -0.01  (VIOLATED)
   u_tile_cache/u_k1/g_bank[13].g_shallow.u_bank/g_byte[1].u_sram/A[5]
                                0.09           0.09 r        -0.01  (VIOLATED)
   u_tile_cache/u_k1/g_bank[14].g_shallow.u_bank/g_byte[0].u_sram/A[0]
                                0.09           0.09 r        -0.01  (VIOLATED)
   u_tile_cache/u_k1/g_bank[14].g_shallow.u_bank/g_byte[0].u_sram/A[1]
                                0.09           0.09 r        -0.01  (VIOLATED)
   u_tile_cache/u_k1/g_bank[14].g_shallow.u_bank/g_byte[0].u_sram/A[2]
                                0.09           0.09 r        -0.01  (VIOLATED)
   u_tile_cache/u_k1/g_bank[14].g_shallow.u_bank/g_byte[0].u_sram/A[3]
                                0.09           0.09 r        -0.01  (VIOLATED)
   u_tile_cache/u_k1/g_bank[14].g_shallow.u_bank/g_byte[0].u_sram/A[4]
                                0.09           0.09 r        -0.01  (VIOLATED)
   u_tile_cache/u_k1/g_bank[14].g_shallow.u_bank/g_byte[0].u_sram/A[5]
                                0.09           0.09 r        -0.01  (VIOLATED)
   u_tile_cache/u_k1/g_bank[14].g_shallow.u_bank/g_byte[1].u_sram/A[0]
                                0.09           0.09 r        -0.01  (VIOLATED)
   u_tile_cache/u_k1/g_bank[14].g_shallow.u_bank/g_byte[1].u_sram/A[1]
                                0.09           0.09 r        -0.01  (VIOLATED)
   u_tile_cache/u_k1/g_bank[14].g_shallow.u_bank/g_byte[1].u_sram/A[2]
                                0.09           0.09 r        -0.01  (VIOLATED)
   u_tile_cache/u_k1/g_bank[14].g_shallow.u_bank/g_byte[1].u_sram/A[3]
                                0.09           0.09 r        -0.01  (VIOLATED)
   u_tile_cache/u_k1/g_bank[14].g_shallow.u_bank/g_byte[1].u_sram/A[4]
                                0.09           0.09 r        -0.01  (VIOLATED)
   u_tile_cache/u_k1/g_bank[14].g_shallow.u_bank/g_byte[1].u_sram/A[5]
                                0.09           0.09 r        -0.01  (VIOLATED)
   u_tile_cache/u_k1/g_bank[15].g_shallow.u_bank/g_byte[0].u_sram/A[0]
                                0.09           0.09 r        -0.01  (VIOLATED)
   u_tile_cache/u_k1/g_bank[15].g_shallow.u_bank/g_byte[0].u_sram/A[1]
                                0.09           0.09 r        -0.01  (VIOLATED)
   u_tile_cache/u_k1/g_bank[15].g_shallow.u_bank/g_byte[0].u_sram/A[2]
                                0.09           0.09 r        -0.01  (VIOLATED)
   u_tile_cache/u_k1/g_bank[15].g_shallow.u_bank/g_byte[0].u_sram/A[3]
                                0.09           0.09 r        -0.01  (VIOLATED)
   u_tile_cache/u_k1/g_bank[15].g_shallow.u_bank/g_byte[0].u_sram/A[4]
                                0.09           0.09 r        -0.01  (VIOLATED)
   u_tile_cache/u_k1/g_bank[15].g_shallow.u_bank/g_byte[0].u_sram/A[5]
                                0.09           0.09 r        -0.01  (VIOLATED)
   u_tile_cache/u_k1/g_bank[15].g_shallow.u_bank/g_byte[1].u_sram/A[0]
                                0.09           0.09 r        -0.01  (VIOLATED)
   u_tile_cache/u_k1/g_bank[15].g_shallow.u_bank/g_byte[1].u_sram/A[1]
                                0.09           0.09 r        -0.01  (VIOLATED)
   u_tile_cache/u_k1/g_bank[15].g_shallow.u_bank/g_byte[1].u_sram/A[2]
                                0.09           0.09 r        -0.01  (VIOLATED)
   u_tile_cache/u_k1/g_bank[15].g_shallow.u_bank/g_byte[1].u_sram/A[3]
                                0.09           0.09 r        -0.01  (VIOLATED)
   u_tile_cache/u_k1/g_bank[15].g_shallow.u_bank/g_byte[1].u_sram/A[4]
                                0.09           0.09 r        -0.01  (VIOLATED)
   u_tile_cache/u_k1/g_bank[15].g_shallow.u_bank/g_byte[1].u_sram/A[5]
                                0.09           0.09 r        -0.01  (VIOLATED)
   u_tile_cache/u_q0/g_bank[0].g_shallow.u_bank/g_byte[0].u_sram/A[0]
                                0.09           0.09 r        -0.01  (VIOLATED)
   u_tile_cache/u_q0/g_bank[0].g_shallow.u_bank/g_byte[0].u_sram/A[1]
                                0.09           0.09 r        -0.01  (VIOLATED)
   u_tile_cache/u_q0/g_bank[0].g_shallow.u_bank/g_byte[0].u_sram/A[2]
                                0.09           0.09 r        -0.01  (VIOLATED)
   u_tile_cache/u_q0/g_bank[0].g_shallow.u_bank/g_byte[0].u_sram/A[3]
                                0.09           0.09 r        -0.01  (VIOLATED)
   u_tile_cache/u_q0/g_bank[0].g_shallow.u_bank/g_byte[0].u_sram/A[4]
                                0.09           0.09 r        -0.01  (VIOLATED)
   u_tile_cache/u_q0/g_bank[0].g_shallow.u_bank/g_byte[0].u_sram/A[5]
                                0.09           0.09 r        -0.01  (VIOLATED)
   u_tile_cache/u_q0/g_bank[1].g_shallow.u_bank/g_byte[1].u_sram/A[0]
                                0.09           0.09 r        -0.01  (VIOLATED)
   u_tile_cache/u_q0/g_bank[1].g_shallow.u_bank/g_byte[1].u_sram/A[1]
                                0.09           0.09 r        -0.01  (VIOLATED)
   u_tile_cache/u_q0/g_bank[1].g_shallow.u_bank/g_byte[1].u_sram/A[2]
                                0.09           0.09 r        -0.01  (VIOLATED)
   u_tile_cache/u_q0/g_bank[1].g_shallow.u_bank/g_byte[1].u_sram/A[3]
                                0.09           0.09 r        -0.01  (VIOLATED)
   u_tile_cache/u_q0/g_bank[1].g_shallow.u_bank/g_byte[1].u_sram/A[4]
                                0.09           0.09 r        -0.01  (VIOLATED)
   u_tile_cache/u_q0/g_bank[1].g_shallow.u_bank/g_byte[1].u_sram/A[5]
                                0.09           0.09 r        -0.01  (VIOLATED)
   u_tile_cache/u_q0/g_bank[2].g_shallow.u_bank/g_byte[0].u_sram/A[0]
                                0.09           0.09 r        -0.01  (VIOLATED)
   u_tile_cache/u_q0/g_bank[2].g_shallow.u_bank/g_byte[0].u_sram/A[1]
                                0.09           0.09 r        -0.01  (VIOLATED)
   u_tile_cache/u_q0/g_bank[2].g_shallow.u_bank/g_byte[0].u_sram/A[2]
                                0.09           0.09 r        -0.01  (VIOLATED)
   u_tile_cache/u_q0/g_bank[2].g_shallow.u_bank/g_byte[0].u_sram/A[3]
                                0.09           0.09 r        -0.01  (VIOLATED)
   u_tile_cache/u_q0/g_bank[2].g_shallow.u_bank/g_byte[0].u_sram/A[4]
                                0.09           0.09 r        -0.01  (VIOLATED)
   u_tile_cache/u_q0/g_bank[2].g_shallow.u_bank/g_byte[0].u_sram/A[5]
                                0.09           0.09 r        -0.01  (VIOLATED)
   u_tile_cache/u_q0/g_bank[2].g_shallow.u_bank/g_byte[1].u_sram/A[0]
                                0.09           0.09 r        -0.01  (VIOLATED)
   u_tile_cache/u_q0/g_bank[2].g_shallow.u_bank/g_byte[1].u_sram/A[1]
                                0.09           0.09 r        -0.01  (VIOLATED)
   u_tile_cache/u_q0/g_bank[2].g_shallow.u_bank/g_byte[1].u_sram/A[2]
                                0.09           0.09 r        -0.01  (VIOLATED)
   u_tile_cache/u_q0/g_bank[2].g_shallow.u_bank/g_byte[1].u_sram/A[3]
                                0.09           0.09 r        -0.01  (VIOLATED)
   u_tile_cache/u_q0/g_bank[2].g_shallow.u_bank/g_byte[1].u_sram/A[4]
                                0.09           0.09 r        -0.01  (VIOLATED)
   u_tile_cache/u_q0/g_bank[2].g_shallow.u_bank/g_byte[1].u_sram/A[5]
                                0.09           0.09 r        -0.01  (VIOLATED)
   u_tile_cache/u_q0/g_bank[3].g_shallow.u_bank/g_byte[0].u_sram/A[0]
                                0.09           0.09 r        -0.01  (VIOLATED)
   u_tile_cache/u_q0/g_bank[3].g_shallow.u_bank/g_byte[0].u_sram/A[1]
                                0.09           0.09 r        -0.01  (VIOLATED)
   u_tile_cache/u_q0/g_bank[3].g_shallow.u_bank/g_byte[0].u_sram/A[2]
                                0.09           0.09 r        -0.01  (VIOLATED)
   u_tile_cache/u_q0/g_bank[3].g_shallow.u_bank/g_byte[0].u_sram/A[3]
                                0.09           0.09 r        -0.01  (VIOLATED)
   u_tile_cache/u_q0/g_bank[3].g_shallow.u_bank/g_byte[0].u_sram/A[4]
                                0.09           0.09 r        -0.01  (VIOLATED)
   u_tile_cache/u_q0/g_bank[3].g_shallow.u_bank/g_byte[0].u_sram/A[5]
                                0.09           0.09 r        -0.01  (VIOLATED)
   u_tile_cache/u_q0/g_bank[3].g_shallow.u_bank/g_byte[1].u_sram/A[0]
                                0.09           0.09 r        -0.01  (VIOLATED)
   u_tile_cache/u_q0/g_bank[3].g_shallow.u_bank/g_byte[1].u_sram/A[1]
                                0.09           0.09 r        -0.01  (VIOLATED)
   u_tile_cache/u_q0/g_bank[3].g_shallow.u_bank/g_byte[1].u_sram/A[2]
                                0.09           0.09 r        -0.01  (VIOLATED)
   u_tile_cache/u_q0/g_bank[3].g_shallow.u_bank/g_byte[1].u_sram/A[3]
                                0.09           0.09 r        -0.01  (VIOLATED)
   u_tile_cache/u_q0/g_bank[3].g_shallow.u_bank/g_byte[1].u_sram/A[4]
                                0.09           0.09 r        -0.01  (VIOLATED)
   u_tile_cache/u_q0/g_bank[3].g_shallow.u_bank/g_byte[1].u_sram/A[5]
                                0.09           0.09 r        -0.01  (VIOLATED)
   u_tile_cache/u_q0/g_bank[11].g_shallow.u_bank/g_byte[0].u_sram/A[0]
                                0.09           0.09 r        -0.01  (VIOLATED)
   u_tile_cache/u_q0/g_bank[11].g_shallow.u_bank/g_byte[0].u_sram/A[1]
                                0.09           0.09 r        -0.01  (VIOLATED)
   u_tile_cache/u_q0/g_bank[11].g_shallow.u_bank/g_byte[0].u_sram/A[2]
                                0.09           0.09 r        -0.01  (VIOLATED)
   u_tile_cache/u_q0/g_bank[11].g_shallow.u_bank/g_byte[0].u_sram/A[3]
                                0.09           0.09 r        -0.01  (VIOLATED)
   u_tile_cache/u_q0/g_bank[11].g_shallow.u_bank/g_byte[0].u_sram/A[4]
                                0.09           0.09 r        -0.01  (VIOLATED)
   u_tile_cache/u_q0/g_bank[11].g_shallow.u_bank/g_byte[0].u_sram/A[5]
                                0.09           0.09 r        -0.01  (VIOLATED)
   u_tile_cache/u_q0/g_bank[11].g_shallow.u_bank/g_byte[1].u_sram/A[0]
                                0.09           0.09 r        -0.01  (VIOLATED)
   u_tile_cache/u_q0/g_bank[11].g_shallow.u_bank/g_byte[1].u_sram/A[1]
                                0.09           0.09 r        -0.01  (VIOLATED)
   u_tile_cache/u_q0/g_bank[11].g_shallow.u_bank/g_byte[1].u_sram/A[2]
                                0.09           0.09 r        -0.01  (VIOLATED)
   u_tile_cache/u_q0/g_bank[11].g_shallow.u_bank/g_byte[1].u_sram/A[3]
                                0.09           0.09 r        -0.01  (VIOLATED)
   u_tile_cache/u_q0/g_bank[11].g_shallow.u_bank/g_byte[1].u_sram/A[4]
                                0.09           0.09 r        -0.01  (VIOLATED)
   u_tile_cache/u_q0/g_bank[11].g_shallow.u_bank/g_byte[1].u_sram/A[5]
                                0.09           0.09 r        -0.01  (VIOLATED)
   u_tile_cache/u_q0/g_bank[12].g_shallow.u_bank/g_byte[0].u_sram/A[0]
                                0.09           0.09 r        -0.01  (VIOLATED)
   u_tile_cache/u_q0/g_bank[12].g_shallow.u_bank/g_byte[0].u_sram/A[1]
                                0.09           0.09 r        -0.01  (VIOLATED)
   u_tile_cache/u_q0/g_bank[12].g_shallow.u_bank/g_byte[0].u_sram/A[2]
                                0.09           0.09 r        -0.01  (VIOLATED)
   u_tile_cache/u_q0/g_bank[12].g_shallow.u_bank/g_byte[0].u_sram/A[3]
                                0.09           0.09 r        -0.01  (VIOLATED)
   u_tile_cache/u_q0/g_bank[12].g_shallow.u_bank/g_byte[0].u_sram/A[4]
                                0.09           0.09 r        -0.01  (VIOLATED)
   u_tile_cache/u_q0/g_bank[12].g_shallow.u_bank/g_byte[0].u_sram/A[5]
                                0.09           0.09 r        -0.01  (VIOLATED)
   u_tile_cache/u_q0/g_bank[12].g_shallow.u_bank/g_byte[1].u_sram/A[0]
                                0.09           0.09 r        -0.01  (VIOLATED)
   u_tile_cache/u_q0/g_bank[12].g_shallow.u_bank/g_byte[1].u_sram/A[1]
                                0.09           0.09 r        -0.01  (VIOLATED)
   u_tile_cache/u_q0/g_bank[12].g_shallow.u_bank/g_byte[1].u_sram/A[2]
                                0.09           0.09 r        -0.01  (VIOLATED)
   u_tile_cache/u_q0/g_bank[12].g_shallow.u_bank/g_byte[1].u_sram/A[3]
                                0.09           0.09 r        -0.01  (VIOLATED)
   u_tile_cache/u_q0/g_bank[12].g_shallow.u_bank/g_byte[1].u_sram/A[4]
                                0.09           0.09 r        -0.01  (VIOLATED)
   u_tile_cache/u_q0/g_bank[12].g_shallow.u_bank/g_byte[1].u_sram/A[5]
                                0.09           0.09 r        -0.01  (VIOLATED)
   u_tile_cache/u_q0/g_bank[13].g_shallow.u_bank/g_byte[0].u_sram/A[0]
                                0.09           0.09 r        -0.01  (VIOLATED)
   u_tile_cache/u_q0/g_bank[13].g_shallow.u_bank/g_byte[0].u_sram/A[1]
                                0.09           0.09 r        -0.01  (VIOLATED)
   u_tile_cache/u_q0/g_bank[13].g_shallow.u_bank/g_byte[0].u_sram/A[2]
                                0.09           0.09 r        -0.01  (VIOLATED)
   u_tile_cache/u_q0/g_bank[13].g_shallow.u_bank/g_byte[0].u_sram/A[3]
                                0.09           0.09 r        -0.01  (VIOLATED)
   u_tile_cache/u_q0/g_bank[13].g_shallow.u_bank/g_byte[0].u_sram/A[4]
                                0.09           0.09 r        -0.01  (VIOLATED)
   u_tile_cache/u_q0/g_bank[13].g_shallow.u_bank/g_byte[0].u_sram/A[5]
                                0.09           0.09 r        -0.01  (VIOLATED)
   u_tile_cache/u_q0/g_bank[13].g_shallow.u_bank/g_byte[1].u_sram/A[0]
                                0.09           0.09 r        -0.01  (VIOLATED)
   u_tile_cache/u_q0/g_bank[13].g_shallow.u_bank/g_byte[1].u_sram/A[1]
                                0.09           0.09 r        -0.01  (VIOLATED)
   u_tile_cache/u_q0/g_bank[13].g_shallow.u_bank/g_byte[1].u_sram/A[2]
                                0.09           0.09 r        -0.01  (VIOLATED)
   u_tile_cache/u_q0/g_bank[13].g_shallow.u_bank/g_byte[1].u_sram/A[3]
                                0.09           0.09 r        -0.01  (VIOLATED)
   u_tile_cache/u_q0/g_bank[13].g_shallow.u_bank/g_byte[1].u_sram/A[4]
                                0.09           0.09 r        -0.01  (VIOLATED)
   u_tile_cache/u_q0/g_bank[13].g_shallow.u_bank/g_byte[1].u_sram/A[5]
                                0.09           0.09 r        -0.01  (VIOLATED)
   u_tile_cache/u_q0/g_bank[14].g_shallow.u_bank/g_byte[0].u_sram/A[0]
                                0.09           0.09 r        -0.01  (VIOLATED)
   u_tile_cache/u_q0/g_bank[14].g_shallow.u_bank/g_byte[0].u_sram/A[1]
                                0.09           0.09 r        -0.01  (VIOLATED)
   u_tile_cache/u_q0/g_bank[14].g_shallow.u_bank/g_byte[0].u_sram/A[2]
                                0.09           0.09 r        -0.01  (VIOLATED)
   u_tile_cache/u_q0/g_bank[14].g_shallow.u_bank/g_byte[0].u_sram/A[3]
                                0.09           0.09 r        -0.01  (VIOLATED)
   u_tile_cache/u_q0/g_bank[14].g_shallow.u_bank/g_byte[0].u_sram/A[4]
                                0.09           0.09 r        -0.01  (VIOLATED)
   u_tile_cache/u_q0/g_bank[14].g_shallow.u_bank/g_byte[0].u_sram/A[5]
                                0.09           0.09 r        -0.01  (VIOLATED)
   u_tile_cache/u_q0/g_bank[14].g_shallow.u_bank/g_byte[1].u_sram/A[0]
                                0.09           0.09 r        -0.01  (VIOLATED)
   u_tile_cache/u_q0/g_bank[14].g_shallow.u_bank/g_byte[1].u_sram/A[1]
                                0.09           0.09 r        -0.01  (VIOLATED)
   u_tile_cache/u_q0/g_bank[14].g_shallow.u_bank/g_byte[1].u_sram/A[2]
                                0.09           0.09 r        -0.01  (VIOLATED)
   u_tile_cache/u_q0/g_bank[14].g_shallow.u_bank/g_byte[1].u_sram/A[3]
                                0.09           0.09 r        -0.01  (VIOLATED)
   u_tile_cache/u_q0/g_bank[14].g_shallow.u_bank/g_byte[1].u_sram/A[4]
                                0.09           0.09 r        -0.01  (VIOLATED)
   u_tile_cache/u_q0/g_bank[14].g_shallow.u_bank/g_byte[1].u_sram/A[5]
                                0.09           0.09 r        -0.01  (VIOLATED)
   u_tile_cache/u_q0/g_bank[15].g_shallow.u_bank/g_byte[0].u_sram/A[0]
                                0.09           0.09 r        -0.01  (VIOLATED)
   u_tile_cache/u_q0/g_bank[15].g_shallow.u_bank/g_byte[0].u_sram/A[1]
                                0.09           0.09 r        -0.01  (VIOLATED)
   u_tile_cache/u_q0/g_bank[15].g_shallow.u_bank/g_byte[0].u_sram/A[2]
                                0.09           0.09 r        -0.01  (VIOLATED)
   u_tile_cache/u_q0/g_bank[15].g_shallow.u_bank/g_byte[0].u_sram/A[3]
                                0.09           0.09 r        -0.01  (VIOLATED)
   u_tile_cache/u_q0/g_bank[15].g_shallow.u_bank/g_byte[0].u_sram/A[4]
                                0.09           0.09 r        -0.01  (VIOLATED)
   u_tile_cache/u_q0/g_bank[15].g_shallow.u_bank/g_byte[0].u_sram/A[5]
                                0.09           0.09 r        -0.01  (VIOLATED)
   u_tile_cache/u_q0/g_bank[15].g_shallow.u_bank/g_byte[1].u_sram/A[0]
                                0.09           0.09 r        -0.01  (VIOLATED)
   u_tile_cache/u_q0/g_bank[15].g_shallow.u_bank/g_byte[1].u_sram/A[1]
                                0.09           0.09 r        -0.01  (VIOLATED)
   u_tile_cache/u_q0/g_bank[15].g_shallow.u_bank/g_byte[1].u_sram/A[2]
                                0.09           0.09 r        -0.01  (VIOLATED)
   u_tile_cache/u_q0/g_bank[15].g_shallow.u_bank/g_byte[1].u_sram/A[3]
                                0.09           0.09 r        -0.01  (VIOLATED)
   u_tile_cache/u_q0/g_bank[15].g_shallow.u_bank/g_byte[1].u_sram/A[4]
                                0.09           0.09 r        -0.01  (VIOLATED)
   u_tile_cache/u_q0/g_bank[15].g_shallow.u_bank/g_byte[1].u_sram/A[5]
                                0.09           0.09 r        -0.01  (VIOLATED)
   u_tile_cache/u_q1/g_bank[0].g_shallow.u_bank/g_byte[0].u_sram/A[0]
                                0.09           0.09 r        -0.01  (VIOLATED)
   u_tile_cache/u_q1/g_bank[0].g_shallow.u_bank/g_byte[0].u_sram/A[1]
                                0.09           0.09 r        -0.01  (VIOLATED)
   u_tile_cache/u_q1/g_bank[0].g_shallow.u_bank/g_byte[0].u_sram/A[2]
                                0.09           0.09 r        -0.01  (VIOLATED)
   u_tile_cache/u_q1/g_bank[0].g_shallow.u_bank/g_byte[0].u_sram/A[3]
                                0.09           0.09 r        -0.01  (VIOLATED)
   u_tile_cache/u_q1/g_bank[0].g_shallow.u_bank/g_byte[0].u_sram/A[4]
                                0.09           0.09 r        -0.01  (VIOLATED)
   u_tile_cache/u_q1/g_bank[0].g_shallow.u_bank/g_byte[0].u_sram/A[5]
                                0.09           0.09 r        -0.01  (VIOLATED)
   u_tile_cache/u_q1/g_bank[1].g_shallow.u_bank/g_byte[1].u_sram/A[0]
                                0.09           0.09 r        -0.01  (VIOLATED)
   u_tile_cache/u_q1/g_bank[1].g_shallow.u_bank/g_byte[1].u_sram/A[1]
                                0.09           0.09 r        -0.01  (VIOLATED)
   u_tile_cache/u_q1/g_bank[1].g_shallow.u_bank/g_byte[1].u_sram/A[2]
                                0.09           0.09 r        -0.01  (VIOLATED)
   u_tile_cache/u_q1/g_bank[1].g_shallow.u_bank/g_byte[1].u_sram/A[3]
                                0.09           0.09 r        -0.01  (VIOLATED)
   u_tile_cache/u_q1/g_bank[1].g_shallow.u_bank/g_byte[1].u_sram/A[4]
                                0.09           0.09 r        -0.01  (VIOLATED)
   u_tile_cache/u_q1/g_bank[1].g_shallow.u_bank/g_byte[1].u_sram/A[5]
                                0.09           0.09 r        -0.01  (VIOLATED)
   u_tile_cache/u_q1/g_bank[2].g_shallow.u_bank/g_byte[0].u_sram/A[0]
                                0.09           0.09 r        -0.01  (VIOLATED)
   u_tile_cache/u_q1/g_bank[2].g_shallow.u_bank/g_byte[0].u_sram/A[1]
                                0.09           0.09 r        -0.01  (VIOLATED)
   u_tile_cache/u_q1/g_bank[2].g_shallow.u_bank/g_byte[0].u_sram/A[2]
                                0.09           0.09 r        -0.01  (VIOLATED)
   u_tile_cache/u_q1/g_bank[2].g_shallow.u_bank/g_byte[0].u_sram/A[3]
                                0.09           0.09 r        -0.01  (VIOLATED)
   u_tile_cache/u_q1/g_bank[2].g_shallow.u_bank/g_byte[0].u_sram/A[4]
                                0.09           0.09 r        -0.01  (VIOLATED)
   u_tile_cache/u_q1/g_bank[2].g_shallow.u_bank/g_byte[0].u_sram/A[5]
                                0.09           0.09 r        -0.01  (VIOLATED)
   u_tile_cache/u_q1/g_bank[2].g_shallow.u_bank/g_byte[1].u_sram/A[0]
                                0.09           0.09 r        -0.01  (VIOLATED)
   u_tile_cache/u_q1/g_bank[2].g_shallow.u_bank/g_byte[1].u_sram/A[1]
                                0.09           0.09 r        -0.01  (VIOLATED)
   u_tile_cache/u_q1/g_bank[2].g_shallow.u_bank/g_byte[1].u_sram/A[2]
                                0.09           0.09 r        -0.01  (VIOLATED)
   u_tile_cache/u_q1/g_bank[2].g_shallow.u_bank/g_byte[1].u_sram/A[3]
                                0.09           0.09 r        -0.01  (VIOLATED)
   u_tile_cache/u_q1/g_bank[2].g_shallow.u_bank/g_byte[1].u_sram/A[4]
                                0.09           0.09 r        -0.01  (VIOLATED)
   u_tile_cache/u_q1/g_bank[2].g_shallow.u_bank/g_byte[1].u_sram/A[5]
                                0.09           0.09 r        -0.01  (VIOLATED)
   u_tile_cache/u_q1/g_bank[3].g_shallow.u_bank/g_byte[0].u_sram/A[0]
                                0.09           0.09 r        -0.01  (VIOLATED)
   u_tile_cache/u_q1/g_bank[3].g_shallow.u_bank/g_byte[0].u_sram/A[1]
                                0.09           0.09 r        -0.01  (VIOLATED)
   u_tile_cache/u_q1/g_bank[3].g_shallow.u_bank/g_byte[0].u_sram/A[2]
                                0.09           0.09 r        -0.01  (VIOLATED)
   u_tile_cache/u_q1/g_bank[3].g_shallow.u_bank/g_byte[0].u_sram/A[3]
                                0.09           0.09 r        -0.01  (VIOLATED)
   u_tile_cache/u_q1/g_bank[3].g_shallow.u_bank/g_byte[0].u_sram/A[4]
                                0.09           0.09 r        -0.01  (VIOLATED)
   u_tile_cache/u_q1/g_bank[3].g_shallow.u_bank/g_byte[0].u_sram/A[5]
                                0.09           0.09 r        -0.01  (VIOLATED)
   u_tile_cache/u_q1/g_bank[3].g_shallow.u_bank/g_byte[1].u_sram/A[0]
                                0.09           0.09 r        -0.01  (VIOLATED)
   u_tile_cache/u_q1/g_bank[3].g_shallow.u_bank/g_byte[1].u_sram/A[1]
                                0.09           0.09 r        -0.01  (VIOLATED)
   u_tile_cache/u_q1/g_bank[3].g_shallow.u_bank/g_byte[1].u_sram/A[2]
                                0.09           0.09 r        -0.01  (VIOLATED)
   u_tile_cache/u_q1/g_bank[3].g_shallow.u_bank/g_byte[1].u_sram/A[3]
                                0.09           0.09 r        -0.01  (VIOLATED)
   u_tile_cache/u_q1/g_bank[3].g_shallow.u_bank/g_byte[1].u_sram/A[4]
                                0.09           0.09 r        -0.01  (VIOLATED)
   u_tile_cache/u_q1/g_bank[3].g_shallow.u_bank/g_byte[1].u_sram/A[5]
                                0.09           0.09 r        -0.01  (VIOLATED)
   u_tile_cache/u_q1/g_bank[11].g_shallow.u_bank/g_byte[0].u_sram/A[0]
                                0.09           0.09 r        -0.01  (VIOLATED)
   u_tile_cache/u_q1/g_bank[11].g_shallow.u_bank/g_byte[0].u_sram/A[1]
                                0.09           0.09 r        -0.01  (VIOLATED)
   u_tile_cache/u_q1/g_bank[11].g_shallow.u_bank/g_byte[0].u_sram/A[2]
                                0.09           0.09 r        -0.01  (VIOLATED)
   u_tile_cache/u_q1/g_bank[11].g_shallow.u_bank/g_byte[0].u_sram/A[3]
                                0.09           0.09 r        -0.01  (VIOLATED)
   u_tile_cache/u_q1/g_bank[11].g_shallow.u_bank/g_byte[0].u_sram/A[4]
                                0.09           0.09 r        -0.01  (VIOLATED)
   u_tile_cache/u_q1/g_bank[11].g_shallow.u_bank/g_byte[0].u_sram/A[5]
                                0.09           0.09 r        -0.01  (VIOLATED)
   u_tile_cache/u_q1/g_bank[11].g_shallow.u_bank/g_byte[1].u_sram/A[0]
                                0.09           0.09 r        -0.01  (VIOLATED)
   u_tile_cache/u_q1/g_bank[11].g_shallow.u_bank/g_byte[1].u_sram/A[1]
                                0.09           0.09 r        -0.01  (VIOLATED)
   u_tile_cache/u_q1/g_bank[11].g_shallow.u_bank/g_byte[1].u_sram/A[2]
                                0.09           0.09 r        -0.01  (VIOLATED)
   u_tile_cache/u_q1/g_bank[11].g_shallow.u_bank/g_byte[1].u_sram/A[3]
                                0.09           0.09 r        -0.01  (VIOLATED)
   u_tile_cache/u_q1/g_bank[11].g_shallow.u_bank/g_byte[1].u_sram/A[4]
                                0.09           0.09 r        -0.01  (VIOLATED)
   u_tile_cache/u_q1/g_bank[11].g_shallow.u_bank/g_byte[1].u_sram/A[5]
                                0.09           0.09 r        -0.01  (VIOLATED)
   u_tile_cache/u_q1/g_bank[12].g_shallow.u_bank/g_byte[0].u_sram/A[0]
                                0.09           0.09 r        -0.01  (VIOLATED)
   u_tile_cache/u_q1/g_bank[12].g_shallow.u_bank/g_byte[0].u_sram/A[1]
                                0.09           0.09 r        -0.01  (VIOLATED)
   u_tile_cache/u_q1/g_bank[12].g_shallow.u_bank/g_byte[0].u_sram/A[2]
                                0.09           0.09 r        -0.01  (VIOLATED)
   u_tile_cache/u_q1/g_bank[12].g_shallow.u_bank/g_byte[0].u_sram/A[3]
                                0.09           0.09 r        -0.01  (VIOLATED)
   u_tile_cache/u_q1/g_bank[12].g_shallow.u_bank/g_byte[0].u_sram/A[4]
                                0.09           0.09 r        -0.01  (VIOLATED)
   u_tile_cache/u_q1/g_bank[12].g_shallow.u_bank/g_byte[0].u_sram/A[5]
                                0.09           0.09 r        -0.01  (VIOLATED)
   u_tile_cache/u_q1/g_bank[12].g_shallow.u_bank/g_byte[1].u_sram/A[0]
                                0.09           0.09 r        -0.01  (VIOLATED)
   u_tile_cache/u_q1/g_bank[12].g_shallow.u_bank/g_byte[1].u_sram/A[1]
                                0.09           0.09 r        -0.01  (VIOLATED)
   u_tile_cache/u_q1/g_bank[12].g_shallow.u_bank/g_byte[1].u_sram/A[2]
                                0.09           0.09 r        -0.01  (VIOLATED)
   u_tile_cache/u_q1/g_bank[12].g_shallow.u_bank/g_byte[1].u_sram/A[3]
                                0.09           0.09 r        -0.01  (VIOLATED)
   u_tile_cache/u_q1/g_bank[12].g_shallow.u_bank/g_byte[1].u_sram/A[4]
                                0.09           0.09 r        -0.01  (VIOLATED)
   u_tile_cache/u_q1/g_bank[12].g_shallow.u_bank/g_byte[1].u_sram/A[5]
                                0.09           0.09 r        -0.01  (VIOLATED)
   u_tile_cache/u_q1/g_bank[13].g_shallow.u_bank/g_byte[0].u_sram/A[0]
                                0.09           0.09 r        -0.01  (VIOLATED)
   u_tile_cache/u_q1/g_bank[13].g_shallow.u_bank/g_byte[0].u_sram/A[1]
                                0.09           0.09 r        -0.01  (VIOLATED)
   u_tile_cache/u_q1/g_bank[13].g_shallow.u_bank/g_byte[0].u_sram/A[2]
                                0.09           0.09 r        -0.01  (VIOLATED)
   u_tile_cache/u_q1/g_bank[13].g_shallow.u_bank/g_byte[0].u_sram/A[3]
                                0.09           0.09 r        -0.01  (VIOLATED)
   u_tile_cache/u_q1/g_bank[13].g_shallow.u_bank/g_byte[0].u_sram/A[4]
                                0.09           0.09 r        -0.01  (VIOLATED)
   u_tile_cache/u_q1/g_bank[13].g_shallow.u_bank/g_byte[0].u_sram/A[5]
                                0.09           0.09 r        -0.01  (VIOLATED)
   u_tile_cache/u_q1/g_bank[13].g_shallow.u_bank/g_byte[1].u_sram/A[0]
                                0.09           0.09 r        -0.01  (VIOLATED)
   u_tile_cache/u_q1/g_bank[13].g_shallow.u_bank/g_byte[1].u_sram/A[1]
                                0.09           0.09 r        -0.01  (VIOLATED)
   u_tile_cache/u_q1/g_bank[13].g_shallow.u_bank/g_byte[1].u_sram/A[2]
                                0.09           0.09 r        -0.01  (VIOLATED)
   u_tile_cache/u_q1/g_bank[13].g_shallow.u_bank/g_byte[1].u_sram/A[3]
                                0.09           0.09 r        -0.01  (VIOLATED)
   u_tile_cache/u_q1/g_bank[13].g_shallow.u_bank/g_byte[1].u_sram/A[4]
                                0.09           0.09 r        -0.01  (VIOLATED)
   u_tile_cache/u_q1/g_bank[13].g_shallow.u_bank/g_byte[1].u_sram/A[5]
                                0.09           0.09 r        -0.01  (VIOLATED)
   u_tile_cache/u_q1/g_bank[14].g_shallow.u_bank/g_byte[0].u_sram/A[0]
                                0.09           0.09 r        -0.01  (VIOLATED)
   u_tile_cache/u_q1/g_bank[14].g_shallow.u_bank/g_byte[0].u_sram/A[1]
                                0.09           0.09 r        -0.01  (VIOLATED)
   u_tile_cache/u_q1/g_bank[14].g_shallow.u_bank/g_byte[0].u_sram/A[2]
                                0.09           0.09 r        -0.01  (VIOLATED)
   u_tile_cache/u_q1/g_bank[14].g_shallow.u_bank/g_byte[0].u_sram/A[3]
                                0.09           0.09 r        -0.01  (VIOLATED)
   u_tile_cache/u_q1/g_bank[14].g_shallow.u_bank/g_byte[0].u_sram/A[4]
                                0.09           0.09 r        -0.01  (VIOLATED)
   u_tile_cache/u_q1/g_bank[14].g_shallow.u_bank/g_byte[0].u_sram/A[5]
                                0.09           0.09 r        -0.01  (VIOLATED)
   u_tile_cache/u_q1/g_bank[14].g_shallow.u_bank/g_byte[1].u_sram/A[0]
                                0.09           0.09 r        -0.01  (VIOLATED)
   u_tile_cache/u_q1/g_bank[14].g_shallow.u_bank/g_byte[1].u_sram/A[1]
                                0.09           0.09 r        -0.01  (VIOLATED)
   u_tile_cache/u_q1/g_bank[14].g_shallow.u_bank/g_byte[1].u_sram/A[2]
                                0.09           0.09 r        -0.01  (VIOLATED)
   u_tile_cache/u_q1/g_bank[14].g_shallow.u_bank/g_byte[1].u_sram/A[3]
                                0.09           0.09 r        -0.01  (VIOLATED)
   u_tile_cache/u_q1/g_bank[14].g_shallow.u_bank/g_byte[1].u_sram/A[4]
                                0.09           0.09 r        -0.01  (VIOLATED)
   u_tile_cache/u_q1/g_bank[14].g_shallow.u_bank/g_byte[1].u_sram/A[5]
                                0.09           0.09 r        -0.01  (VIOLATED)
   u_tile_cache/u_q1/g_bank[15].g_shallow.u_bank/g_byte[0].u_sram/A[0]
                                0.09           0.09 r        -0.01  (VIOLATED)
   u_tile_cache/u_q1/g_bank[15].g_shallow.u_bank/g_byte[0].u_sram/A[1]
                                0.09           0.09 r        -0.01  (VIOLATED)
   u_tile_cache/u_q1/g_bank[15].g_shallow.u_bank/g_byte[0].u_sram/A[2]
                                0.09           0.09 r        -0.01  (VIOLATED)
   u_tile_cache/u_q1/g_bank[15].g_shallow.u_bank/g_byte[0].u_sram/A[3]
                                0.09           0.09 r        -0.01  (VIOLATED)
   u_tile_cache/u_q1/g_bank[15].g_shallow.u_bank/g_byte[0].u_sram/A[4]
                                0.09           0.09 r        -0.01  (VIOLATED)
   u_tile_cache/u_q1/g_bank[15].g_shallow.u_bank/g_byte[0].u_sram/A[5]
                                0.09           0.09 r        -0.01  (VIOLATED)
   u_tile_cache/u_q1/g_bank[15].g_shallow.u_bank/g_byte[1].u_sram/A[0]
                                0.09           0.09 r        -0.01  (VIOLATED)
   u_tile_cache/u_q1/g_bank[15].g_shallow.u_bank/g_byte[1].u_sram/A[1]
                                0.09           0.09 r        -0.01  (VIOLATED)
   u_tile_cache/u_q1/g_bank[15].g_shallow.u_bank/g_byte[1].u_sram/A[2]
                                0.09           0.09 r        -0.01  (VIOLATED)
   u_tile_cache/u_q1/g_bank[15].g_shallow.u_bank/g_byte[1].u_sram/A[3]
                                0.09           0.09 r        -0.01  (VIOLATED)
   u_tile_cache/u_q1/g_bank[15].g_shallow.u_bank/g_byte[1].u_sram/A[4]
                                0.09           0.09 r        -0.01  (VIOLATED)
   u_tile_cache/u_q1/g_bank[15].g_shallow.u_bank/g_byte[1].u_sram/A[5]
                                0.09           0.09 r        -0.01  (VIOLATED)
   u_tile_cache/u_v0/g_bank[0].g_shallow.u_bank/g_byte[0].u_sram/A[0]
                                0.09           0.09 r        -0.01  (VIOLATED)
   u_tile_cache/u_v0/g_bank[0].g_shallow.u_bank/g_byte[0].u_sram/A[1]
                                0.09           0.09 r        -0.01  (VIOLATED)
   u_tile_cache/u_v0/g_bank[0].g_shallow.u_bank/g_byte[0].u_sram/A[2]
                                0.09           0.09 r        -0.01  (VIOLATED)
   u_tile_cache/u_v0/g_bank[0].g_shallow.u_bank/g_byte[0].u_sram/A[3]
                                0.09           0.09 r        -0.01  (VIOLATED)
   u_tile_cache/u_v0/g_bank[0].g_shallow.u_bank/g_byte[0].u_sram/A[4]
                                0.09           0.09 r        -0.01  (VIOLATED)
   u_tile_cache/u_v0/g_bank[0].g_shallow.u_bank/g_byte[0].u_sram/A[5]
                                0.09           0.09 r        -0.01  (VIOLATED)
   u_tile_cache/u_v0/g_bank[1].g_shallow.u_bank/g_byte[1].u_sram/A[0]
                                0.09           0.09 r        -0.01  (VIOLATED)
   u_tile_cache/u_v0/g_bank[1].g_shallow.u_bank/g_byte[1].u_sram/A[1]
                                0.09           0.09 r        -0.01  (VIOLATED)
   u_tile_cache/u_v0/g_bank[1].g_shallow.u_bank/g_byte[1].u_sram/A[2]
                                0.09           0.09 r        -0.01  (VIOLATED)
   u_tile_cache/u_v0/g_bank[1].g_shallow.u_bank/g_byte[1].u_sram/A[3]
                                0.09           0.09 r        -0.01  (VIOLATED)
   u_tile_cache/u_v0/g_bank[1].g_shallow.u_bank/g_byte[1].u_sram/A[4]
                                0.09           0.09 r        -0.01  (VIOLATED)
   u_tile_cache/u_v0/g_bank[1].g_shallow.u_bank/g_byte[1].u_sram/A[5]
                                0.09           0.09 r        -0.01  (VIOLATED)
   u_tile_cache/u_v0/g_bank[2].g_shallow.u_bank/g_byte[0].u_sram/A[0]
                                0.09           0.09 r        -0.01  (VIOLATED)
   u_tile_cache/u_v0/g_bank[2].g_shallow.u_bank/g_byte[0].u_sram/A[1]
                                0.09           0.09 r        -0.01  (VIOLATED)
   u_tile_cache/u_v0/g_bank[2].g_shallow.u_bank/g_byte[0].u_sram/A[2]
                                0.09           0.09 r        -0.01  (VIOLATED)
   u_tile_cache/u_v0/g_bank[2].g_shallow.u_bank/g_byte[0].u_sram/A[3]
                                0.09           0.09 r        -0.01  (VIOLATED)
   u_tile_cache/u_v0/g_bank[2].g_shallow.u_bank/g_byte[0].u_sram/A[4]
                                0.09           0.09 r        -0.01  (VIOLATED)
   u_tile_cache/u_v0/g_bank[2].g_shallow.u_bank/g_byte[0].u_sram/A[5]
                                0.09           0.09 r        -0.01  (VIOLATED)
   u_tile_cache/u_v0/g_bank[2].g_shallow.u_bank/g_byte[1].u_sram/A[0]
                                0.09           0.09 r        -0.01  (VIOLATED)
   u_tile_cache/u_v0/g_bank[2].g_shallow.u_bank/g_byte[1].u_sram/A[1]
                                0.09           0.09 r        -0.01  (VIOLATED)
   u_tile_cache/u_v0/g_bank[2].g_shallow.u_bank/g_byte[1].u_sram/A[2]
                                0.09           0.09 r        -0.01  (VIOLATED)
   u_tile_cache/u_v0/g_bank[2].g_shallow.u_bank/g_byte[1].u_sram/A[3]
                                0.09           0.09 r        -0.01  (VIOLATED)
   u_tile_cache/u_v0/g_bank[2].g_shallow.u_bank/g_byte[1].u_sram/A[4]
                                0.09           0.09 r        -0.01  (VIOLATED)
   u_tile_cache/u_v0/g_bank[2].g_shallow.u_bank/g_byte[1].u_sram/A[5]
                                0.09           0.09 r        -0.01  (VIOLATED)
   u_tile_cache/u_v0/g_bank[3].g_shallow.u_bank/g_byte[0].u_sram/A[0]
                                0.09           0.09 r        -0.01  (VIOLATED)
   u_tile_cache/u_v0/g_bank[3].g_shallow.u_bank/g_byte[0].u_sram/A[1]
                                0.09           0.09 r        -0.01  (VIOLATED)
   u_tile_cache/u_v0/g_bank[3].g_shallow.u_bank/g_byte[0].u_sram/A[2]
                                0.09           0.09 r        -0.01  (VIOLATED)
   u_tile_cache/u_v0/g_bank[3].g_shallow.u_bank/g_byte[0].u_sram/A[3]
                                0.09           0.09 r        -0.01  (VIOLATED)
   u_tile_cache/u_v0/g_bank[3].g_shallow.u_bank/g_byte[0].u_sram/A[4]
                                0.09           0.09 r        -0.01  (VIOLATED)
   u_tile_cache/u_v0/g_bank[3].g_shallow.u_bank/g_byte[0].u_sram/A[5]
                                0.09           0.09 r        -0.01  (VIOLATED)
   u_tile_cache/u_v0/g_bank[3].g_shallow.u_bank/g_byte[1].u_sram/A[0]
                                0.09           0.09 r        -0.01  (VIOLATED)
   u_tile_cache/u_v0/g_bank[3].g_shallow.u_bank/g_byte[1].u_sram/A[1]
                                0.09           0.09 r        -0.01  (VIOLATED)
   u_tile_cache/u_v0/g_bank[3].g_shallow.u_bank/g_byte[1].u_sram/A[2]
                                0.09           0.09 r        -0.01  (VIOLATED)
   u_tile_cache/u_v0/g_bank[3].g_shallow.u_bank/g_byte[1].u_sram/A[3]
                                0.09           0.09 r        -0.01  (VIOLATED)
   u_tile_cache/u_v0/g_bank[3].g_shallow.u_bank/g_byte[1].u_sram/A[4]
                                0.09           0.09 r        -0.01  (VIOLATED)
   u_tile_cache/u_v0/g_bank[3].g_shallow.u_bank/g_byte[1].u_sram/A[5]
                                0.09           0.09 r        -0.01  (VIOLATED)
   u_tile_cache/u_v0/g_bank[11].g_shallow.u_bank/g_byte[0].u_sram/A[0]
                                0.09           0.09 r        -0.01  (VIOLATED)
   u_tile_cache/u_v0/g_bank[11].g_shallow.u_bank/g_byte[0].u_sram/A[1]
                                0.09           0.09 r        -0.01  (VIOLATED)
   u_tile_cache/u_v0/g_bank[11].g_shallow.u_bank/g_byte[0].u_sram/A[2]
                                0.09           0.09 r        -0.01  (VIOLATED)
   u_tile_cache/u_v0/g_bank[11].g_shallow.u_bank/g_byte[0].u_sram/A[3]
                                0.09           0.09 r        -0.01  (VIOLATED)
   u_tile_cache/u_v0/g_bank[11].g_shallow.u_bank/g_byte[0].u_sram/A[4]
                                0.09           0.09 r        -0.01  (VIOLATED)
   u_tile_cache/u_v0/g_bank[11].g_shallow.u_bank/g_byte[0].u_sram/A[5]
                                0.09           0.09 r        -0.01  (VIOLATED)
   u_tile_cache/u_v0/g_bank[11].g_shallow.u_bank/g_byte[1].u_sram/A[0]
                                0.09           0.09 r        -0.01  (VIOLATED)
   u_tile_cache/u_v0/g_bank[11].g_shallow.u_bank/g_byte[1].u_sram/A[1]
                                0.09           0.09 r        -0.01  (VIOLATED)
   u_tile_cache/u_v0/g_bank[11].g_shallow.u_bank/g_byte[1].u_sram/A[2]
                                0.09           0.09 r        -0.01  (VIOLATED)
   u_tile_cache/u_v0/g_bank[11].g_shallow.u_bank/g_byte[1].u_sram/A[3]
                                0.09           0.09 r        -0.01  (VIOLATED)
   u_tile_cache/u_v0/g_bank[11].g_shallow.u_bank/g_byte[1].u_sram/A[4]
                                0.09           0.09 r        -0.01  (VIOLATED)
   u_tile_cache/u_v0/g_bank[11].g_shallow.u_bank/g_byte[1].u_sram/A[5]
                                0.09           0.09 r        -0.01  (VIOLATED)
   u_tile_cache/u_v0/g_bank[12].g_shallow.u_bank/g_byte[0].u_sram/A[0]
                                0.09           0.09 r        -0.01  (VIOLATED)
   u_tile_cache/u_v0/g_bank[12].g_shallow.u_bank/g_byte[0].u_sram/A[1]
                                0.09           0.09 r        -0.01  (VIOLATED)
   u_tile_cache/u_v0/g_bank[12].g_shallow.u_bank/g_byte[0].u_sram/A[2]
                                0.09           0.09 r        -0.01  (VIOLATED)
   u_tile_cache/u_v0/g_bank[12].g_shallow.u_bank/g_byte[0].u_sram/A[3]
                                0.09           0.09 r        -0.01  (VIOLATED)
   u_tile_cache/u_v0/g_bank[12].g_shallow.u_bank/g_byte[0].u_sram/A[4]
                                0.09           0.09 r        -0.01  (VIOLATED)
   u_tile_cache/u_v0/g_bank[12].g_shallow.u_bank/g_byte[0].u_sram/A[5]
                                0.09           0.09 r        -0.01  (VIOLATED)
   u_tile_cache/u_v0/g_bank[12].g_shallow.u_bank/g_byte[1].u_sram/A[0]
                                0.09           0.09 r        -0.01  (VIOLATED)
   u_tile_cache/u_v0/g_bank[12].g_shallow.u_bank/g_byte[1].u_sram/A[1]
                                0.09           0.09 r        -0.01  (VIOLATED)
   u_tile_cache/u_v0/g_bank[12].g_shallow.u_bank/g_byte[1].u_sram/A[2]
                                0.09           0.09 r        -0.01  (VIOLATED)
   u_tile_cache/u_v0/g_bank[12].g_shallow.u_bank/g_byte[1].u_sram/A[3]
                                0.09           0.09 r        -0.01  (VIOLATED)
   u_tile_cache/u_v0/g_bank[12].g_shallow.u_bank/g_byte[1].u_sram/A[4]
                                0.09           0.09 r        -0.01  (VIOLATED)
   u_tile_cache/u_v0/g_bank[12].g_shallow.u_bank/g_byte[1].u_sram/A[5]
                                0.09           0.09 r        -0.01  (VIOLATED)
   u_tile_cache/u_v0/g_bank[13].g_shallow.u_bank/g_byte[0].u_sram/A[0]
                                0.09           0.09 r        -0.01  (VIOLATED)
   u_tile_cache/u_v0/g_bank[13].g_shallow.u_bank/g_byte[0].u_sram/A[1]
                                0.09           0.09 r        -0.01  (VIOLATED)
   u_tile_cache/u_v0/g_bank[13].g_shallow.u_bank/g_byte[0].u_sram/A[2]
                                0.09           0.09 r        -0.01  (VIOLATED)
   u_tile_cache/u_v0/g_bank[13].g_shallow.u_bank/g_byte[0].u_sram/A[3]
                                0.09           0.09 r        -0.01  (VIOLATED)
   u_tile_cache/u_v0/g_bank[13].g_shallow.u_bank/g_byte[0].u_sram/A[4]
                                0.09           0.09 r        -0.01  (VIOLATED)
   u_tile_cache/u_v0/g_bank[13].g_shallow.u_bank/g_byte[0].u_sram/A[5]
                                0.09           0.09 r        -0.01  (VIOLATED)
   u_tile_cache/u_v0/g_bank[13].g_shallow.u_bank/g_byte[1].u_sram/A[0]
                                0.09           0.09 r        -0.01  (VIOLATED)
   u_tile_cache/u_v0/g_bank[13].g_shallow.u_bank/g_byte[1].u_sram/A[1]
                                0.09           0.09 r        -0.01  (VIOLATED)
   u_tile_cache/u_v0/g_bank[13].g_shallow.u_bank/g_byte[1].u_sram/A[2]
                                0.09           0.09 r        -0.01  (VIOLATED)
   u_tile_cache/u_v0/g_bank[13].g_shallow.u_bank/g_byte[1].u_sram/A[3]
                                0.09           0.09 r        -0.01  (VIOLATED)
   u_tile_cache/u_v0/g_bank[13].g_shallow.u_bank/g_byte[1].u_sram/A[4]
                                0.09           0.09 r        -0.01  (VIOLATED)
   u_tile_cache/u_v0/g_bank[13].g_shallow.u_bank/g_byte[1].u_sram/A[5]
                                0.09           0.09 r        -0.01  (VIOLATED)
   u_tile_cache/u_v0/g_bank[14].g_shallow.u_bank/g_byte[0].u_sram/A[0]
                                0.09           0.09 r        -0.01  (VIOLATED)
   u_tile_cache/u_v0/g_bank[14].g_shallow.u_bank/g_byte[0].u_sram/A[1]
                                0.09           0.09 r        -0.01  (VIOLATED)
   u_tile_cache/u_v0/g_bank[14].g_shallow.u_bank/g_byte[0].u_sram/A[2]
                                0.09           0.09 r        -0.01  (VIOLATED)
   u_tile_cache/u_v0/g_bank[14].g_shallow.u_bank/g_byte[0].u_sram/A[3]
                                0.09           0.09 r        -0.01  (VIOLATED)
   u_tile_cache/u_v0/g_bank[14].g_shallow.u_bank/g_byte[0].u_sram/A[4]
                                0.09           0.09 r        -0.01  (VIOLATED)
   u_tile_cache/u_v0/g_bank[14].g_shallow.u_bank/g_byte[0].u_sram/A[5]
                                0.09           0.09 r        -0.01  (VIOLATED)
   u_tile_cache/u_v0/g_bank[14].g_shallow.u_bank/g_byte[1].u_sram/A[0]
                                0.09           0.09 r        -0.01  (VIOLATED)
   u_tile_cache/u_v0/g_bank[14].g_shallow.u_bank/g_byte[1].u_sram/A[1]
                                0.09           0.09 r        -0.01  (VIOLATED)
   u_tile_cache/u_v0/g_bank[14].g_shallow.u_bank/g_byte[1].u_sram/A[2]
                                0.09           0.09 r        -0.01  (VIOLATED)
   u_tile_cache/u_v0/g_bank[14].g_shallow.u_bank/g_byte[1].u_sram/A[3]
                                0.09           0.09 r        -0.01  (VIOLATED)
   u_tile_cache/u_v0/g_bank[14].g_shallow.u_bank/g_byte[1].u_sram/A[4]
                                0.09           0.09 r        -0.01  (VIOLATED)
   u_tile_cache/u_v0/g_bank[14].g_shallow.u_bank/g_byte[1].u_sram/A[5]
                                0.09           0.09 r        -0.01  (VIOLATED)
   u_tile_cache/u_v0/g_bank[15].g_shallow.u_bank/g_byte[0].u_sram/A[0]
                                0.09           0.09 r        -0.01  (VIOLATED)
   u_tile_cache/u_v0/g_bank[15].g_shallow.u_bank/g_byte[0].u_sram/A[1]
                                0.09           0.09 r        -0.01  (VIOLATED)
   u_tile_cache/u_v0/g_bank[15].g_shallow.u_bank/g_byte[0].u_sram/A[2]
                                0.09           0.09 r        -0.01  (VIOLATED)
   u_tile_cache/u_v0/g_bank[15].g_shallow.u_bank/g_byte[0].u_sram/A[3]
                                0.09           0.09 r        -0.01  (VIOLATED)
   u_tile_cache/u_v0/g_bank[15].g_shallow.u_bank/g_byte[0].u_sram/A[4]
                                0.09           0.09 r        -0.01  (VIOLATED)
   u_tile_cache/u_v0/g_bank[15].g_shallow.u_bank/g_byte[0].u_sram/A[5]
                                0.09           0.09 r        -0.01  (VIOLATED)
   u_tile_cache/u_v0/g_bank[15].g_shallow.u_bank/g_byte[1].u_sram/A[0]
                                0.09           0.09 r        -0.01  (VIOLATED)
   u_tile_cache/u_v0/g_bank[15].g_shallow.u_bank/g_byte[1].u_sram/A[1]
                                0.09           0.09 r        -0.01  (VIOLATED)
   u_tile_cache/u_v0/g_bank[15].g_shallow.u_bank/g_byte[1].u_sram/A[2]
                                0.09           0.09 r        -0.01  (VIOLATED)
   u_tile_cache/u_v0/g_bank[15].g_shallow.u_bank/g_byte[1].u_sram/A[3]
                                0.09           0.09 r        -0.01  (VIOLATED)
   u_tile_cache/u_v0/g_bank[15].g_shallow.u_bank/g_byte[1].u_sram/A[4]
                                0.09           0.09 r        -0.01  (VIOLATED)
   u_tile_cache/u_v0/g_bank[15].g_shallow.u_bank/g_byte[1].u_sram/A[5]
                                0.09           0.09 r        -0.01  (VIOLATED)
   u_tile_cache/u_v1/g_bank[0].g_shallow.u_bank/g_byte[0].u_sram/A[0]
                                0.09           0.09 r        -0.01  (VIOLATED)
   u_tile_cache/u_v1/g_bank[0].g_shallow.u_bank/g_byte[0].u_sram/A[1]
                                0.09           0.09 r        -0.01  (VIOLATED)
   u_tile_cache/u_v1/g_bank[0].g_shallow.u_bank/g_byte[0].u_sram/A[2]
                                0.09           0.09 r        -0.01  (VIOLATED)
   u_tile_cache/u_v1/g_bank[0].g_shallow.u_bank/g_byte[0].u_sram/A[3]
                                0.09           0.09 r        -0.01  (VIOLATED)
   u_tile_cache/u_v1/g_bank[0].g_shallow.u_bank/g_byte[0].u_sram/A[4]
                                0.09           0.09 r        -0.01  (VIOLATED)
   u_tile_cache/u_v1/g_bank[0].g_shallow.u_bank/g_byte[0].u_sram/A[5]
                                0.09           0.09 r        -0.01  (VIOLATED)
   u_tile_cache/u_v1/g_bank[1].g_shallow.u_bank/g_byte[1].u_sram/A[0]
                                0.09           0.09 r        -0.01  (VIOLATED)
   u_tile_cache/u_v1/g_bank[1].g_shallow.u_bank/g_byte[1].u_sram/A[1]
                                0.09           0.09 r        -0.01  (VIOLATED)
   u_tile_cache/u_v1/g_bank[1].g_shallow.u_bank/g_byte[1].u_sram/A[2]
                                0.09           0.09 r        -0.01  (VIOLATED)
   u_tile_cache/u_v1/g_bank[1].g_shallow.u_bank/g_byte[1].u_sram/A[3]
                                0.09           0.09 r        -0.01  (VIOLATED)
   u_tile_cache/u_v1/g_bank[1].g_shallow.u_bank/g_byte[1].u_sram/A[4]
                                0.09           0.09 r        -0.01  (VIOLATED)
   u_tile_cache/u_v1/g_bank[1].g_shallow.u_bank/g_byte[1].u_sram/A[5]
                                0.09           0.09 r        -0.01  (VIOLATED)
   u_tile_cache/u_v1/g_bank[2].g_shallow.u_bank/g_byte[0].u_sram/A[0]
                                0.09           0.09 r        -0.01  (VIOLATED)
   u_tile_cache/u_v1/g_bank[2].g_shallow.u_bank/g_byte[0].u_sram/A[1]
                                0.09           0.09 r        -0.01  (VIOLATED)
   u_tile_cache/u_v1/g_bank[2].g_shallow.u_bank/g_byte[0].u_sram/A[2]
                                0.09           0.09 r        -0.01  (VIOLATED)
   u_tile_cache/u_v1/g_bank[2].g_shallow.u_bank/g_byte[0].u_sram/A[3]
                                0.09           0.09 r        -0.01  (VIOLATED)
   u_tile_cache/u_v1/g_bank[2].g_shallow.u_bank/g_byte[0].u_sram/A[4]
                                0.09           0.09 r        -0.01  (VIOLATED)
   u_tile_cache/u_v1/g_bank[2].g_shallow.u_bank/g_byte[0].u_sram/A[5]
                                0.09           0.09 r        -0.01  (VIOLATED)
   u_tile_cache/u_v1/g_bank[2].g_shallow.u_bank/g_byte[1].u_sram/A[0]
                                0.09           0.09 r        -0.01  (VIOLATED)
   u_tile_cache/u_v1/g_bank[2].g_shallow.u_bank/g_byte[1].u_sram/A[1]
                                0.09           0.09 r        -0.01  (VIOLATED)
   u_tile_cache/u_v1/g_bank[2].g_shallow.u_bank/g_byte[1].u_sram/A[2]
                                0.09           0.09 r        -0.01  (VIOLATED)
   u_tile_cache/u_v1/g_bank[2].g_shallow.u_bank/g_byte[1].u_sram/A[3]
                                0.09           0.09 r        -0.01  (VIOLATED)
   u_tile_cache/u_v1/g_bank[2].g_shallow.u_bank/g_byte[1].u_sram/A[4]
                                0.09           0.09 r        -0.01  (VIOLATED)
   u_tile_cache/u_v1/g_bank[2].g_shallow.u_bank/g_byte[1].u_sram/A[5]
                                0.09           0.09 r        -0.01  (VIOLATED)
   u_tile_cache/u_v1/g_bank[3].g_shallow.u_bank/g_byte[0].u_sram/A[0]
                                0.09           0.09 r        -0.01  (VIOLATED)
   u_tile_cache/u_v1/g_bank[3].g_shallow.u_bank/g_byte[0].u_sram/A[1]
                                0.09           0.09 r        -0.01  (VIOLATED)
   u_tile_cache/u_v1/g_bank[3].g_shallow.u_bank/g_byte[0].u_sram/A[2]
                                0.09           0.09 r        -0.01  (VIOLATED)
   u_tile_cache/u_v1/g_bank[3].g_shallow.u_bank/g_byte[0].u_sram/A[3]
                                0.09           0.09 r        -0.01  (VIOLATED)
   u_tile_cache/u_v1/g_bank[3].g_shallow.u_bank/g_byte[0].u_sram/A[4]
                                0.09           0.09 r        -0.01  (VIOLATED)
   u_tile_cache/u_v1/g_bank[3].g_shallow.u_bank/g_byte[0].u_sram/A[5]
                                0.09           0.09 r        -0.01  (VIOLATED)
   u_tile_cache/u_v1/g_bank[3].g_shallow.u_bank/g_byte[1].u_sram/A[0]
                                0.09           0.09 r        -0.01  (VIOLATED)
   u_tile_cache/u_v1/g_bank[3].g_shallow.u_bank/g_byte[1].u_sram/A[1]
                                0.09           0.09 r        -0.01  (VIOLATED)
   u_tile_cache/u_v1/g_bank[3].g_shallow.u_bank/g_byte[1].u_sram/A[2]
                                0.09           0.09 r        -0.01  (VIOLATED)
   u_tile_cache/u_v1/g_bank[3].g_shallow.u_bank/g_byte[1].u_sram/A[3]
                                0.09           0.09 r        -0.01  (VIOLATED)
   u_tile_cache/u_v1/g_bank[3].g_shallow.u_bank/g_byte[1].u_sram/A[4]
                                0.09           0.09 r        -0.01  (VIOLATED)
   u_tile_cache/u_v1/g_bank[3].g_shallow.u_bank/g_byte[1].u_sram/A[5]
                                0.09           0.09 r        -0.01  (VIOLATED)
   u_tile_cache/u_v1/g_bank[11].g_shallow.u_bank/g_byte[0].u_sram/A[0]
                                0.09           0.09 r        -0.01  (VIOLATED)
   u_tile_cache/u_v1/g_bank[11].g_shallow.u_bank/g_byte[0].u_sram/A[1]
                                0.09           0.09 r        -0.01  (VIOLATED)
   u_tile_cache/u_v1/g_bank[11].g_shallow.u_bank/g_byte[0].u_sram/A[2]
                                0.09           0.09 r        -0.01  (VIOLATED)
   u_tile_cache/u_v1/g_bank[11].g_shallow.u_bank/g_byte[0].u_sram/A[3]
                                0.09           0.09 r        -0.01  (VIOLATED)
   u_tile_cache/u_v1/g_bank[11].g_shallow.u_bank/g_byte[0].u_sram/A[4]
                                0.09           0.09 r        -0.01  (VIOLATED)
   u_tile_cache/u_v1/g_bank[11].g_shallow.u_bank/g_byte[0].u_sram/A[5]
                                0.09           0.09 r        -0.01  (VIOLATED)
   u_tile_cache/u_v1/g_bank[11].g_shallow.u_bank/g_byte[1].u_sram/A[0]
                                0.09           0.09 r        -0.01  (VIOLATED)
   u_tile_cache/u_v1/g_bank[11].g_shallow.u_bank/g_byte[1].u_sram/A[1]
                                0.09           0.09 r        -0.01  (VIOLATED)
   u_tile_cache/u_v1/g_bank[11].g_shallow.u_bank/g_byte[1].u_sram/A[2]
                                0.09           0.09 r        -0.01  (VIOLATED)
   u_tile_cache/u_v1/g_bank[11].g_shallow.u_bank/g_byte[1].u_sram/A[3]
                                0.09           0.09 r        -0.01  (VIOLATED)
   u_tile_cache/u_v1/g_bank[11].g_shallow.u_bank/g_byte[1].u_sram/A[4]
                                0.09           0.09 r        -0.01  (VIOLATED)
   u_tile_cache/u_v1/g_bank[11].g_shallow.u_bank/g_byte[1].u_sram/A[5]
                                0.09           0.09 r        -0.01  (VIOLATED)
   u_tile_cache/u_v1/g_bank[12].g_shallow.u_bank/g_byte[0].u_sram/A[0]
                                0.09           0.09 r        -0.01  (VIOLATED)
   u_tile_cache/u_v1/g_bank[12].g_shallow.u_bank/g_byte[0].u_sram/A[1]
                                0.09           0.09 r        -0.01  (VIOLATED)
   u_tile_cache/u_v1/g_bank[12].g_shallow.u_bank/g_byte[0].u_sram/A[2]
                                0.09           0.09 r        -0.01  (VIOLATED)
   u_tile_cache/u_v1/g_bank[12].g_shallow.u_bank/g_byte[0].u_sram/A[3]
                                0.09           0.09 r        -0.01  (VIOLATED)
   u_tile_cache/u_v1/g_bank[12].g_shallow.u_bank/g_byte[0].u_sram/A[4]
                                0.09           0.09 r        -0.01  (VIOLATED)
   u_tile_cache/u_v1/g_bank[12].g_shallow.u_bank/g_byte[0].u_sram/A[5]
                                0.09           0.09 r        -0.01  (VIOLATED)
   u_tile_cache/u_v1/g_bank[12].g_shallow.u_bank/g_byte[1].u_sram/A[0]
                                0.09           0.09 r        -0.01  (VIOLATED)
   u_tile_cache/u_v1/g_bank[12].g_shallow.u_bank/g_byte[1].u_sram/A[1]
                                0.09           0.09 r        -0.01  (VIOLATED)
   u_tile_cache/u_v1/g_bank[12].g_shallow.u_bank/g_byte[1].u_sram/A[2]
                                0.09           0.09 r        -0.01  (VIOLATED)
   u_tile_cache/u_v1/g_bank[12].g_shallow.u_bank/g_byte[1].u_sram/A[3]
                                0.09           0.09 r        -0.01  (VIOLATED)
   u_tile_cache/u_v1/g_bank[12].g_shallow.u_bank/g_byte[1].u_sram/A[4]
                                0.09           0.09 r        -0.01  (VIOLATED)
   u_tile_cache/u_v1/g_bank[12].g_shallow.u_bank/g_byte[1].u_sram/A[5]
                                0.09           0.09 r        -0.01  (VIOLATED)
   u_tile_cache/u_v1/g_bank[13].g_shallow.u_bank/g_byte[0].u_sram/A[0]
                                0.09           0.09 r        -0.01  (VIOLATED)
   u_tile_cache/u_v1/g_bank[13].g_shallow.u_bank/g_byte[0].u_sram/A[1]
                                0.09           0.09 r        -0.01  (VIOLATED)
   u_tile_cache/u_v1/g_bank[13].g_shallow.u_bank/g_byte[0].u_sram/A[2]
                                0.09           0.09 r        -0.01  (VIOLATED)
   u_tile_cache/u_v1/g_bank[13].g_shallow.u_bank/g_byte[0].u_sram/A[3]
                                0.09           0.09 r        -0.01  (VIOLATED)
   u_tile_cache/u_v1/g_bank[13].g_shallow.u_bank/g_byte[0].u_sram/A[4]
                                0.09           0.09 r        -0.01  (VIOLATED)
   u_tile_cache/u_v1/g_bank[13].g_shallow.u_bank/g_byte[0].u_sram/A[5]
                                0.09           0.09 r        -0.01  (VIOLATED)
   u_tile_cache/u_v1/g_bank[13].g_shallow.u_bank/g_byte[1].u_sram/A[0]
                                0.09           0.09 r        -0.01  (VIOLATED)
   u_tile_cache/u_v1/g_bank[13].g_shallow.u_bank/g_byte[1].u_sram/A[1]
                                0.09           0.09 r        -0.01  (VIOLATED)
   u_tile_cache/u_v1/g_bank[13].g_shallow.u_bank/g_byte[1].u_sram/A[2]
                                0.09           0.09 r        -0.01  (VIOLATED)
   u_tile_cache/u_v1/g_bank[13].g_shallow.u_bank/g_byte[1].u_sram/A[3]
                                0.09           0.09 r        -0.01  (VIOLATED)
   u_tile_cache/u_v1/g_bank[13].g_shallow.u_bank/g_byte[1].u_sram/A[4]
                                0.09           0.09 r        -0.01  (VIOLATED)
   u_tile_cache/u_v1/g_bank[13].g_shallow.u_bank/g_byte[1].u_sram/A[5]
                                0.09           0.09 r        -0.01  (VIOLATED)
   u_tile_cache/u_v1/g_bank[14].g_shallow.u_bank/g_byte[0].u_sram/A[0]
                                0.09           0.09 r        -0.01  (VIOLATED)
   u_tile_cache/u_v1/g_bank[14].g_shallow.u_bank/g_byte[0].u_sram/A[1]
                                0.09           0.09 r        -0.01  (VIOLATED)
   u_tile_cache/u_v1/g_bank[14].g_shallow.u_bank/g_byte[0].u_sram/A[2]
                                0.09           0.09 r        -0.01  (VIOLATED)
   u_tile_cache/u_v1/g_bank[14].g_shallow.u_bank/g_byte[0].u_sram/A[3]
                                0.09           0.09 r        -0.01  (VIOLATED)
   u_tile_cache/u_v1/g_bank[14].g_shallow.u_bank/g_byte[0].u_sram/A[4]
                                0.09           0.09 r        -0.01  (VIOLATED)
   u_tile_cache/u_v1/g_bank[14].g_shallow.u_bank/g_byte[0].u_sram/A[5]
                                0.09           0.09 r        -0.01  (VIOLATED)
   u_tile_cache/u_v1/g_bank[14].g_shallow.u_bank/g_byte[1].u_sram/A[0]
                                0.09           0.09 r        -0.01  (VIOLATED)
   u_tile_cache/u_v1/g_bank[14].g_shallow.u_bank/g_byte[1].u_sram/A[1]
                                0.09           0.09 r        -0.01  (VIOLATED)
   u_tile_cache/u_v1/g_bank[14].g_shallow.u_bank/g_byte[1].u_sram/A[2]
                                0.09           0.09 r        -0.01  (VIOLATED)
   u_tile_cache/u_v1/g_bank[14].g_shallow.u_bank/g_byte[1].u_sram/A[3]
                                0.09           0.09 r        -0.01  (VIOLATED)
   u_tile_cache/u_v1/g_bank[14].g_shallow.u_bank/g_byte[1].u_sram/A[4]
                                0.09           0.09 r        -0.01  (VIOLATED)
   u_tile_cache/u_v1/g_bank[14].g_shallow.u_bank/g_byte[1].u_sram/A[5]
                                0.09           0.09 r        -0.01  (VIOLATED)
   u_tile_cache/u_v1/g_bank[15].g_shallow.u_bank/g_byte[0].u_sram/A[0]
                                0.09           0.09 r        -0.01  (VIOLATED)
   u_tile_cache/u_v1/g_bank[15].g_shallow.u_bank/g_byte[0].u_sram/A[1]
                                0.09           0.09 r        -0.01  (VIOLATED)
   u_tile_cache/u_v1/g_bank[15].g_shallow.u_bank/g_byte[0].u_sram/A[2]
                                0.09           0.09 r        -0.01  (VIOLATED)
   u_tile_cache/u_v1/g_bank[15].g_shallow.u_bank/g_byte[0].u_sram/A[3]
                                0.09           0.09 r        -0.01  (VIOLATED)
   u_tile_cache/u_v1/g_bank[15].g_shallow.u_bank/g_byte[0].u_sram/A[4]
                                0.09           0.09 r        -0.01  (VIOLATED)
   u_tile_cache/u_v1/g_bank[15].g_shallow.u_bank/g_byte[0].u_sram/A[5]
                                0.09           0.09 r        -0.01  (VIOLATED)
   u_tile_cache/u_v1/g_bank[15].g_shallow.u_bank/g_byte[1].u_sram/A[0]
                                0.09           0.09 r        -0.01  (VIOLATED)
   u_tile_cache/u_v1/g_bank[15].g_shallow.u_bank/g_byte[1].u_sram/A[1]
                                0.09           0.09 r        -0.01  (VIOLATED)
   u_tile_cache/u_v1/g_bank[15].g_shallow.u_bank/g_byte[1].u_sram/A[2]
                                0.09           0.09 r        -0.01  (VIOLATED)
   u_tile_cache/u_v1/g_bank[15].g_shallow.u_bank/g_byte[1].u_sram/A[3]
                                0.09           0.09 r        -0.01  (VIOLATED)
   u_tile_cache/u_v1/g_bank[15].g_shallow.u_bank/g_byte[1].u_sram/A[4]
                                0.09           0.09 r        -0.01  (VIOLATED)
   u_tile_cache/u_v1/g_bank[15].g_shallow.u_bank/g_byte[1].u_sram/A[5]
                                0.09           0.09 r        -0.01  (VIOLATED)
   u_output_buffer/u_out_mem/g_byte[0].u_sram/A[3]
                                0.09           0.09 r         0.00  (VIOLATED: increase significant digits)
   u_output_buffer/u_out_mem/g_byte[1].u_sram/A[3]
                                0.09           0.09 r         0.00  (VIOLATED: increase significant digits)
   u_output_buffer/u_out_mem/g_byte[2].u_sram/A[3]
                                0.09           0.09 r         0.00  (VIOLATED: increase significant digits)
   u_output_buffer/u_out_mem/g_byte[3].u_sram/A[3]
                                0.09           0.09 r         0.00  (VIOLATED: increase significant digits)
   u_output_buffer/u_out_mem/g_byte[4].u_sram/A[3]
                                0.09           0.09 r         0.00  (VIOLATED: increase significant digits)
   u_output_buffer/u_out_mem/g_byte[5].u_sram/A[3]
                                0.09           0.09 r         0.00  (VIOLATED: increase significant digits)
   u_output_buffer/u_out_mem/g_byte[6].u_sram/A[3]
                                0.09           0.09 r         0.00  (VIOLATED: increase significant digits)
   u_output_buffer/u_out_mem/g_byte[7].u_sram/A[3]
                                0.09           0.09 r         0.00  (VIOLATED: increase significant digits)
   u_output_buffer/u_out_mem/g_byte[8].u_sram/A[3]
                                0.09           0.09 r         0.00  (VIOLATED: increase significant digits)
   u_output_buffer/u_out_mem/g_byte[9].u_sram/A[3]
                                0.09           0.09 r         0.00  (VIOLATED: increase significant digits)
   u_output_buffer/u_out_mem/g_byte[24].u_sram/A[3]
                                0.09           0.09 r         0.00  (VIOLATED: increase significant digits)
   u_output_buffer/u_out_mem/g_byte[25].u_sram/A[3]
                                0.09           0.09 r         0.00  (VIOLATED: increase significant digits)
   u_output_buffer/u_out_mem/g_byte[26].u_sram/A[3]
                                0.09           0.09 r         0.00  (VIOLATED: increase significant digits)
   u_output_buffer/u_out_mem/g_byte[27].u_sram/A[3]
                                0.09           0.09 r         0.00  (VIOLATED: increase significant digits)
   u_output_buffer/u_out_mem/g_byte[28].u_sram/A[3]
                                0.09           0.09 r         0.00  (VIOLATED: increase significant digits)
   u_output_buffer/u_out_mem/g_byte[30].u_sram/A[3]
                                0.09           0.09 r         0.00  (VIOLATED: increase significant digits)
   u_output_buffer/u_out_mem/g_byte[0].u_sram/A[2]
                                0.09           0.09 r         0.00  (VIOLATED: increase significant digits)
   u_output_buffer/u_out_mem/g_byte[1].u_sram/A[2]
                                0.09           0.09 r         0.00  (VIOLATED: increase significant digits)
   u_output_buffer/u_out_mem/g_byte[2].u_sram/A[2]
                                0.09           0.09 r         0.00  (VIOLATED: increase significant digits)
   u_output_buffer/u_out_mem/g_byte[3].u_sram/A[2]
                                0.09           0.09 r         0.00  (VIOLATED: increase significant digits)
   u_output_buffer/u_out_mem/g_byte[4].u_sram/A[2]
                                0.09           0.09 r         0.00  (VIOLATED: increase significant digits)
   u_output_buffer/u_out_mem/g_byte[5].u_sram/A[2]
                                0.09           0.09 r         0.00  (VIOLATED: increase significant digits)
   u_output_buffer/u_out_mem/g_byte[6].u_sram/A[2]
                                0.09           0.09 r         0.00  (VIOLATED: increase significant digits)
   u_output_buffer/u_out_mem/g_byte[7].u_sram/A[2]
                                0.09           0.09 r         0.00  (VIOLATED: increase significant digits)
   u_output_buffer/u_out_mem/g_byte[8].u_sram/A[2]
                                0.09           0.09 r         0.00  (VIOLATED: increase significant digits)
   u_output_buffer/u_out_mem/g_byte[9].u_sram/A[2]
                                0.09           0.09 r         0.00  (VIOLATED: increase significant digits)
   u_output_buffer/u_out_mem/g_byte[24].u_sram/A[2]
                                0.09           0.09 r         0.00  (VIOLATED: increase significant digits)
   u_output_buffer/u_out_mem/g_byte[25].u_sram/A[2]
                                0.09           0.09 r         0.00  (VIOLATED: increase significant digits)
   u_output_buffer/u_out_mem/g_byte[26].u_sram/A[2]
                                0.09           0.09 r         0.00  (VIOLATED: increase significant digits)
   u_output_buffer/u_out_mem/g_byte[27].u_sram/A[2]
                                0.09           0.09 r         0.00  (VIOLATED: increase significant digits)
   u_output_buffer/u_out_mem/g_byte[28].u_sram/A[2]
                                0.09           0.09 r         0.00  (VIOLATED: increase significant digits)
   u_output_buffer/u_out_mem/g_byte[30].u_sram/A[2]
                                0.09           0.09 r         0.00  (VIOLATED: increase significant digits)
   u_fused_array/g_stripe[0].u_stripe/u_o_bank/g_row[0].g_group[0].u_mem/g_byte[0].u_sram/CEB
                                0.09           0.09 r         0.00  (VIOLATED: increase significant digits)
   u_fused_array/g_stripe[0].u_stripe/u_o_bank/g_row[0].g_group[0].u_mem/g_byte[1].u_sram/CEB
                                0.09           0.09 r         0.00  (VIOLATED: increase significant digits)
   u_fused_array/g_stripe[0].u_stripe/u_o_bank/g_row[0].g_group[0].u_mem/g_byte[2].u_sram/CEB
                                0.09           0.09 r         0.00  (VIOLATED: increase significant digits)
   u_fused_array/g_stripe[0].u_stripe/u_o_bank/g_row[0].g_group[0].u_mem/g_byte[3].u_sram/CEB
                                0.09           0.09 r         0.00  (VIOLATED: increase significant digits)
   u_fused_array/g_stripe[1].u_stripe/u_o_bank/g_row[0].g_group[0].u_mem/g_byte[0].u_sram/CEB
                                0.09           0.09 r         0.00  (VIOLATED: increase significant digits)
   u_fused_array/g_stripe[1].u_stripe/u_o_bank/g_row[0].g_group[0].u_mem/g_byte[1].u_sram/CEB
                                0.09           0.09 r         0.00  (VIOLATED: increase significant digits)
   u_fused_array/g_stripe[1].u_stripe/u_o_bank/g_row[0].g_group[0].u_mem/g_byte[2].u_sram/CEB
                                0.09           0.09 r         0.00  (VIOLATED: increase significant digits)
   u_fused_array/g_stripe[1].u_stripe/u_o_bank/g_row[0].g_group[0].u_mem/g_byte[3].u_sram/CEB
                                0.09           0.09 r         0.00  (VIOLATED: increase significant digits)
   u_fused_array/g_stripe[2].u_stripe/u_o_bank/g_row[0].g_group[0].u_mem/g_byte[0].u_sram/CEB
                                0.09           0.09 r         0.00  (VIOLATED: increase significant digits)
   u_fused_array/g_stripe[2].u_stripe/u_o_bank/g_row[0].g_group[0].u_mem/g_byte[1].u_sram/CEB
                                0.09           0.09 r         0.00  (VIOLATED: increase significant digits)
   u_fused_array/g_stripe[2].u_stripe/u_o_bank/g_row[0].g_group[0].u_mem/g_byte[2].u_sram/CEB
                                0.09           0.09 r         0.00  (VIOLATED: increase significant digits)
   u_fused_array/g_stripe[2].u_stripe/u_o_bank/g_row[0].g_group[0].u_mem/g_byte[3].u_sram/CEB
                                0.09           0.09 r         0.00  (VIOLATED: increase significant digits)
   u_fused_array/g_stripe[3].u_stripe/u_o_bank/g_row[0].g_group[0].u_mem/g_byte[0].u_sram/CEB
                                0.09           0.09 r         0.00  (VIOLATED: increase significant digits)
   u_fused_array/g_stripe[3].u_stripe/u_o_bank/g_row[0].g_group[0].u_mem/g_byte[1].u_sram/CEB
                                0.09           0.09 r         0.00  (VIOLATED: increase significant digits)
   u_fused_array/g_stripe[3].u_stripe/u_o_bank/g_row[0].g_group[0].u_mem/g_byte[2].u_sram/CEB
                                0.09           0.09 r         0.00  (VIOLATED: increase significant digits)
   u_fused_array/g_stripe[3].u_stripe/u_o_bank/g_row[0].g_group[0].u_mem/g_byte[3].u_sram/CEB
                                0.09           0.09 r         0.00  (VIOLATED: increase significant digits)
   u_fused_array/g_stripe[0].u_stripe/u_o_bank/g_row[1].g_group[0].u_mem/g_byte[0].u_sram/CEB
                                0.09           0.09 r         0.00  (VIOLATED: increase significant digits)
   u_fused_array/g_stripe[0].u_stripe/u_o_bank/g_row[1].g_group[0].u_mem/g_byte[1].u_sram/CEB
                                0.09           0.09 r         0.00  (VIOLATED: increase significant digits)
   u_fused_array/g_stripe[0].u_stripe/u_o_bank/g_row[1].g_group[0].u_mem/g_byte[2].u_sram/CEB
                                0.09           0.09 r         0.00  (VIOLATED: increase significant digits)
   u_fused_array/g_stripe[0].u_stripe/u_o_bank/g_row[1].g_group[0].u_mem/g_byte[3].u_sram/CEB
                                0.09           0.09 r         0.00  (VIOLATED: increase significant digits)
   u_fused_array/g_stripe[0].u_stripe/u_o_bank/g_row[2].g_group[0].u_mem/g_byte[0].u_sram/CEB
                                0.09           0.09 r         0.00  (VIOLATED: increase significant digits)
   u_fused_array/g_stripe[0].u_stripe/u_o_bank/g_row[2].g_group[0].u_mem/g_byte[1].u_sram/CEB
                                0.09           0.09 r         0.00  (VIOLATED: increase significant digits)
   u_fused_array/g_stripe[0].u_stripe/u_o_bank/g_row[2].g_group[0].u_mem/g_byte[2].u_sram/CEB
                                0.09           0.09 r         0.00  (VIOLATED: increase significant digits)
   u_fused_array/g_stripe[0].u_stripe/u_o_bank/g_row[2].g_group[0].u_mem/g_byte[3].u_sram/CEB
                                0.09           0.09 r         0.00  (VIOLATED: increase significant digits)
   u_fused_array/g_stripe[0].u_stripe/u_o_bank/g_row[3].g_group[0].u_mem/g_byte[0].u_sram/CEB
                                0.09           0.09 r         0.00  (VIOLATED: increase significant digits)
   u_fused_array/g_stripe[0].u_stripe/u_o_bank/g_row[3].g_group[0].u_mem/g_byte[1].u_sram/CEB
                                0.09           0.09 r         0.00  (VIOLATED: increase significant digits)
   u_fused_array/g_stripe[0].u_stripe/u_o_bank/g_row[3].g_group[0].u_mem/g_byte[2].u_sram/CEB
                                0.09           0.09 r         0.00  (VIOLATED: increase significant digits)
   u_fused_array/g_stripe[0].u_stripe/u_o_bank/g_row[3].g_group[0].u_mem/g_byte[3].u_sram/CEB
                                0.09           0.09 r         0.00  (VIOLATED: increase significant digits)
   u_fused_array/g_stripe[0].u_stripe/u_o_bank/g_row[4].g_group[0].u_mem/g_byte[0].u_sram/CEB
                                0.09           0.09 r         0.00  (VIOLATED: increase significant digits)
   u_fused_array/g_stripe[0].u_stripe/u_o_bank/g_row[4].g_group[0].u_mem/g_byte[1].u_sram/CEB
                                0.09           0.09 r         0.00  (VIOLATED: increase significant digits)
   u_fused_array/g_stripe[0].u_stripe/u_o_bank/g_row[4].g_group[0].u_mem/g_byte[2].u_sram/CEB
                                0.09           0.09 r         0.00  (VIOLATED: increase significant digits)
   u_fused_array/g_stripe[0].u_stripe/u_o_bank/g_row[4].g_group[0].u_mem/g_byte[3].u_sram/CEB
                                0.09           0.09 r         0.00  (VIOLATED: increase significant digits)
   u_fused_array/g_stripe[0].u_stripe/u_o_bank/g_row[5].g_group[0].u_mem/g_byte[0].u_sram/CEB
                                0.09           0.09 r         0.00  (VIOLATED: increase significant digits)
   u_fused_array/g_stripe[0].u_stripe/u_o_bank/g_row[5].g_group[0].u_mem/g_byte[1].u_sram/CEB
                                0.09           0.09 r         0.00  (VIOLATED: increase significant digits)
   u_fused_array/g_stripe[0].u_stripe/u_o_bank/g_row[5].g_group[0].u_mem/g_byte[2].u_sram/CEB
                                0.09           0.09 r         0.00  (VIOLATED: increase significant digits)
   u_fused_array/g_stripe[0].u_stripe/u_o_bank/g_row[5].g_group[0].u_mem/g_byte[3].u_sram/CEB
                                0.09           0.09 r         0.00  (VIOLATED: increase significant digits)
   u_fused_array/g_stripe[0].u_stripe/u_o_bank/g_row[6].g_group[0].u_mem/g_byte[0].u_sram/CEB
                                0.09           0.09 r         0.00  (VIOLATED: increase significant digits)
   u_fused_array/g_stripe[0].u_stripe/u_o_bank/g_row[6].g_group[0].u_mem/g_byte[1].u_sram/CEB
                                0.09           0.09 r         0.00  (VIOLATED: increase significant digits)
   u_fused_array/g_stripe[0].u_stripe/u_o_bank/g_row[6].g_group[0].u_mem/g_byte[2].u_sram/CEB
                                0.09           0.09 r         0.00  (VIOLATED: increase significant digits)
   u_fused_array/g_stripe[0].u_stripe/u_o_bank/g_row[6].g_group[0].u_mem/g_byte[3].u_sram/CEB
                                0.09           0.09 r         0.00  (VIOLATED: increase significant digits)
   u_fused_array/g_stripe[0].u_stripe/u_o_bank/g_row[7].g_group[0].u_mem/g_byte[0].u_sram/CEB
                                0.09           0.09 r         0.00  (VIOLATED: increase significant digits)
   u_fused_array/g_stripe[0].u_stripe/u_o_bank/g_row[7].g_group[0].u_mem/g_byte[1].u_sram/CEB
                                0.09           0.09 r         0.00  (VIOLATED: increase significant digits)
   u_fused_array/g_stripe[0].u_stripe/u_o_bank/g_row[7].g_group[0].u_mem/g_byte[2].u_sram/CEB
                                0.09           0.09 r         0.00  (VIOLATED: increase significant digits)
   u_fused_array/g_stripe[0].u_stripe/u_o_bank/g_row[7].g_group[0].u_mem/g_byte[3].u_sram/CEB
                                0.09           0.09 r         0.00  (VIOLATED: increase significant digits)
   u_fused_array/g_stripe[1].u_stripe/u_o_bank/g_row[1].g_group[0].u_mem/g_byte[0].u_sram/CEB
                                0.09           0.09 r         0.00  (VIOLATED: increase significant digits)
   u_fused_array/g_stripe[1].u_stripe/u_o_bank/g_row[1].g_group[0].u_mem/g_byte[1].u_sram/CEB
                                0.09           0.09 r         0.00  (VIOLATED: increase significant digits)
   u_fused_array/g_stripe[1].u_stripe/u_o_bank/g_row[1].g_group[0].u_mem/g_byte[2].u_sram/CEB
                                0.09           0.09 r         0.00  (VIOLATED: increase significant digits)
   u_fused_array/g_stripe[1].u_stripe/u_o_bank/g_row[1].g_group[0].u_mem/g_byte[3].u_sram/CEB
                                0.09           0.09 r         0.00  (VIOLATED: increase significant digits)
   u_fused_array/g_stripe[1].u_stripe/u_o_bank/g_row[2].g_group[0].u_mem/g_byte[0].u_sram/CEB
                                0.09           0.09 r         0.00  (VIOLATED: increase significant digits)
   u_fused_array/g_stripe[1].u_stripe/u_o_bank/g_row[2].g_group[0].u_mem/g_byte[1].u_sram/CEB
                                0.09           0.09 r         0.00  (VIOLATED: increase significant digits)
   u_fused_array/g_stripe[1].u_stripe/u_o_bank/g_row[2].g_group[0].u_mem/g_byte[2].u_sram/CEB
                                0.09           0.09 r         0.00  (VIOLATED: increase significant digits)
   u_fused_array/g_stripe[1].u_stripe/u_o_bank/g_row[2].g_group[0].u_mem/g_byte[3].u_sram/CEB
                                0.09           0.09 r         0.00  (VIOLATED: increase significant digits)
   u_fused_array/g_stripe[1].u_stripe/u_o_bank/g_row[3].g_group[0].u_mem/g_byte[0].u_sram/CEB
                                0.09           0.09 r         0.00  (VIOLATED: increase significant digits)
   u_fused_array/g_stripe[1].u_stripe/u_o_bank/g_row[3].g_group[0].u_mem/g_byte[1].u_sram/CEB
                                0.09           0.09 r         0.00  (VIOLATED: increase significant digits)
   u_fused_array/g_stripe[1].u_stripe/u_o_bank/g_row[3].g_group[0].u_mem/g_byte[2].u_sram/CEB
                                0.09           0.09 r         0.00  (VIOLATED: increase significant digits)
   u_fused_array/g_stripe[1].u_stripe/u_o_bank/g_row[3].g_group[0].u_mem/g_byte[3].u_sram/CEB
                                0.09           0.09 r         0.00  (VIOLATED: increase significant digits)
   u_fused_array/g_stripe[1].u_stripe/u_o_bank/g_row[4].g_group[0].u_mem/g_byte[0].u_sram/CEB
                                0.09           0.09 r         0.00  (VIOLATED: increase significant digits)
   u_fused_array/g_stripe[1].u_stripe/u_o_bank/g_row[4].g_group[0].u_mem/g_byte[1].u_sram/CEB
                                0.09           0.09 r         0.00  (VIOLATED: increase significant digits)
   u_fused_array/g_stripe[1].u_stripe/u_o_bank/g_row[4].g_group[0].u_mem/g_byte[2].u_sram/CEB
                                0.09           0.09 r         0.00  (VIOLATED: increase significant digits)
   u_fused_array/g_stripe[1].u_stripe/u_o_bank/g_row[4].g_group[0].u_mem/g_byte[3].u_sram/CEB
                                0.09           0.09 r         0.00  (VIOLATED: increase significant digits)
   u_fused_array/g_stripe[1].u_stripe/u_o_bank/g_row[5].g_group[0].u_mem/g_byte[0].u_sram/CEB
                                0.09           0.09 r         0.00  (VIOLATED: increase significant digits)
   u_fused_array/g_stripe[1].u_stripe/u_o_bank/g_row[5].g_group[0].u_mem/g_byte[1].u_sram/CEB
                                0.09           0.09 r         0.00  (VIOLATED: increase significant digits)
   u_fused_array/g_stripe[1].u_stripe/u_o_bank/g_row[5].g_group[0].u_mem/g_byte[2].u_sram/CEB
                                0.09           0.09 r         0.00  (VIOLATED: increase significant digits)
   u_fused_array/g_stripe[1].u_stripe/u_o_bank/g_row[5].g_group[0].u_mem/g_byte[3].u_sram/CEB
                                0.09           0.09 r         0.00  (VIOLATED: increase significant digits)
   u_fused_array/g_stripe[1].u_stripe/u_o_bank/g_row[6].g_group[0].u_mem/g_byte[0].u_sram/CEB
                                0.09           0.09 r         0.00  (VIOLATED: increase significant digits)
   u_fused_array/g_stripe[1].u_stripe/u_o_bank/g_row[6].g_group[0].u_mem/g_byte[1].u_sram/CEB
                                0.09           0.09 r         0.00  (VIOLATED: increase significant digits)
   u_fused_array/g_stripe[1].u_stripe/u_o_bank/g_row[6].g_group[0].u_mem/g_byte[2].u_sram/CEB
                                0.09           0.09 r         0.00  (VIOLATED: increase significant digits)
   u_fused_array/g_stripe[1].u_stripe/u_o_bank/g_row[6].g_group[0].u_mem/g_byte[3].u_sram/CEB
                                0.09           0.09 r         0.00  (VIOLATED: increase significant digits)
   u_fused_array/g_stripe[1].u_stripe/u_o_bank/g_row[7].g_group[0].u_mem/g_byte[0].u_sram/CEB
                                0.09           0.09 r         0.00  (VIOLATED: increase significant digits)
   u_fused_array/g_stripe[1].u_stripe/u_o_bank/g_row[7].g_group[0].u_mem/g_byte[1].u_sram/CEB
                                0.09           0.09 r         0.00  (VIOLATED: increase significant digits)
   u_fused_array/g_stripe[1].u_stripe/u_o_bank/g_row[7].g_group[0].u_mem/g_byte[2].u_sram/CEB
                                0.09           0.09 r         0.00  (VIOLATED: increase significant digits)
   u_fused_array/g_stripe[1].u_stripe/u_o_bank/g_row[7].g_group[0].u_mem/g_byte[3].u_sram/CEB
                                0.09           0.09 r         0.00  (VIOLATED: increase significant digits)
   u_fused_array/g_stripe[2].u_stripe/u_o_bank/g_row[1].g_group[0].u_mem/g_byte[0].u_sram/CEB
                                0.09           0.09 r         0.00  (VIOLATED: increase significant digits)
   u_fused_array/g_stripe[2].u_stripe/u_o_bank/g_row[1].g_group[0].u_mem/g_byte[1].u_sram/CEB
                                0.09           0.09 r         0.00  (VIOLATED: increase significant digits)
   u_fused_array/g_stripe[2].u_stripe/u_o_bank/g_row[1].g_group[0].u_mem/g_byte[2].u_sram/CEB
                                0.09           0.09 r         0.00  (VIOLATED: increase significant digits)
   u_fused_array/g_stripe[2].u_stripe/u_o_bank/g_row[1].g_group[0].u_mem/g_byte[3].u_sram/CEB
                                0.09           0.09 r         0.00  (VIOLATED: increase significant digits)
   u_fused_array/g_stripe[2].u_stripe/u_o_bank/g_row[2].g_group[0].u_mem/g_byte[0].u_sram/CEB
                                0.09           0.09 r         0.00  (VIOLATED: increase significant digits)
   u_fused_array/g_stripe[2].u_stripe/u_o_bank/g_row[2].g_group[0].u_mem/g_byte[1].u_sram/CEB
                                0.09           0.09 r         0.00  (VIOLATED: increase significant digits)
   u_fused_array/g_stripe[2].u_stripe/u_o_bank/g_row[2].g_group[0].u_mem/g_byte[2].u_sram/CEB
                                0.09           0.09 r         0.00  (VIOLATED: increase significant digits)
   u_fused_array/g_stripe[2].u_stripe/u_o_bank/g_row[2].g_group[0].u_mem/g_byte[3].u_sram/CEB
                                0.09           0.09 r         0.00  (VIOLATED: increase significant digits)
   u_fused_array/g_stripe[2].u_stripe/u_o_bank/g_row[3].g_group[0].u_mem/g_byte[0].u_sram/CEB
                                0.09           0.09 r         0.00  (VIOLATED: increase significant digits)
   u_fused_array/g_stripe[2].u_stripe/u_o_bank/g_row[3].g_group[0].u_mem/g_byte[1].u_sram/CEB
                                0.09           0.09 r         0.00  (VIOLATED: increase significant digits)
   u_fused_array/g_stripe[2].u_stripe/u_o_bank/g_row[3].g_group[0].u_mem/g_byte[2].u_sram/CEB
                                0.09           0.09 r         0.00  (VIOLATED: increase significant digits)
   u_fused_array/g_stripe[2].u_stripe/u_o_bank/g_row[3].g_group[0].u_mem/g_byte[3].u_sram/CEB
                                0.09           0.09 r         0.00  (VIOLATED: increase significant digits)
   u_fused_array/g_stripe[2].u_stripe/u_o_bank/g_row[4].g_group[0].u_mem/g_byte[0].u_sram/CEB
                                0.09           0.09 r         0.00  (VIOLATED: increase significant digits)
   u_fused_array/g_stripe[2].u_stripe/u_o_bank/g_row[4].g_group[0].u_mem/g_byte[1].u_sram/CEB
                                0.09           0.09 r         0.00  (VIOLATED: increase significant digits)
   u_fused_array/g_stripe[2].u_stripe/u_o_bank/g_row[4].g_group[0].u_mem/g_byte[2].u_sram/CEB
                                0.09           0.09 r         0.00  (VIOLATED: increase significant digits)
   u_fused_array/g_stripe[2].u_stripe/u_o_bank/g_row[4].g_group[0].u_mem/g_byte[3].u_sram/CEB
                                0.09           0.09 r         0.00  (VIOLATED: increase significant digits)
   u_fused_array/g_stripe[2].u_stripe/u_o_bank/g_row[5].g_group[0].u_mem/g_byte[0].u_sram/CEB
                                0.09           0.09 r         0.00  (VIOLATED: increase significant digits)
   u_fused_array/g_stripe[2].u_stripe/u_o_bank/g_row[5].g_group[0].u_mem/g_byte[1].u_sram/CEB
                                0.09           0.09 r         0.00  (VIOLATED: increase significant digits)
   u_fused_array/g_stripe[2].u_stripe/u_o_bank/g_row[5].g_group[0].u_mem/g_byte[2].u_sram/CEB
                                0.09           0.09 r         0.00  (VIOLATED: increase significant digits)
   u_fused_array/g_stripe[2].u_stripe/u_o_bank/g_row[5].g_group[0].u_mem/g_byte[3].u_sram/CEB
                                0.09           0.09 r         0.00  (VIOLATED: increase significant digits)
   u_fused_array/g_stripe[2].u_stripe/u_o_bank/g_row[6].g_group[0].u_mem/g_byte[0].u_sram/CEB
                                0.09           0.09 r         0.00  (VIOLATED: increase significant digits)
   u_fused_array/g_stripe[2].u_stripe/u_o_bank/g_row[6].g_group[0].u_mem/g_byte[1].u_sram/CEB
                                0.09           0.09 r         0.00  (VIOLATED: increase significant digits)
   u_fused_array/g_stripe[2].u_stripe/u_o_bank/g_row[6].g_group[0].u_mem/g_byte[2].u_sram/CEB
                                0.09           0.09 r         0.00  (VIOLATED: increase significant digits)
   u_fused_array/g_stripe[2].u_stripe/u_o_bank/g_row[6].g_group[0].u_mem/g_byte[3].u_sram/CEB
                                0.09           0.09 r         0.00  (VIOLATED: increase significant digits)
   u_fused_array/g_stripe[2].u_stripe/u_o_bank/g_row[7].g_group[0].u_mem/g_byte[0].u_sram/CEB
                                0.09           0.09 r         0.00  (VIOLATED: increase significant digits)
   u_fused_array/g_stripe[2].u_stripe/u_o_bank/g_row[7].g_group[0].u_mem/g_byte[1].u_sram/CEB
                                0.09           0.09 r         0.00  (VIOLATED: increase significant digits)
   u_fused_array/g_stripe[2].u_stripe/u_o_bank/g_row[7].g_group[0].u_mem/g_byte[2].u_sram/CEB
                                0.09           0.09 r         0.00  (VIOLATED: increase significant digits)
   u_fused_array/g_stripe[2].u_stripe/u_o_bank/g_row[7].g_group[0].u_mem/g_byte[3].u_sram/CEB
                                0.09           0.09 r         0.00  (VIOLATED: increase significant digits)
   u_fused_array/g_stripe[3].u_stripe/u_o_bank/g_row[1].g_group[0].u_mem/g_byte[0].u_sram/CEB
                                0.09           0.09 r         0.00  (VIOLATED: increase significant digits)
   u_fused_array/g_stripe[3].u_stripe/u_o_bank/g_row[1].g_group[0].u_mem/g_byte[1].u_sram/CEB
                                0.09           0.09 r         0.00  (VIOLATED: increase significant digits)
   u_fused_array/g_stripe[3].u_stripe/u_o_bank/g_row[1].g_group[0].u_mem/g_byte[2].u_sram/CEB
                                0.09           0.09 r         0.00  (VIOLATED: increase significant digits)
   u_fused_array/g_stripe[3].u_stripe/u_o_bank/g_row[1].g_group[0].u_mem/g_byte[3].u_sram/CEB
                                0.09           0.09 r         0.00  (VIOLATED: increase significant digits)
   u_fused_array/g_stripe[3].u_stripe/u_o_bank/g_row[2].g_group[0].u_mem/g_byte[0].u_sram/CEB
                                0.09           0.09 r         0.00  (VIOLATED: increase significant digits)
   u_fused_array/g_stripe[3].u_stripe/u_o_bank/g_row[2].g_group[0].u_mem/g_byte[1].u_sram/CEB
                                0.09           0.09 r         0.00  (VIOLATED: increase significant digits)
   u_fused_array/g_stripe[3].u_stripe/u_o_bank/g_row[2].g_group[0].u_mem/g_byte[2].u_sram/CEB
                                0.09           0.09 r         0.00  (VIOLATED: increase significant digits)
   u_fused_array/g_stripe[3].u_stripe/u_o_bank/g_row[2].g_group[0].u_mem/g_byte[3].u_sram/CEB
                                0.09           0.09 r         0.00  (VIOLATED: increase significant digits)
   u_fused_array/g_stripe[3].u_stripe/u_o_bank/g_row[3].g_group[0].u_mem/g_byte[0].u_sram/CEB
                                0.09           0.09 r         0.00  (VIOLATED: increase significant digits)
   u_fused_array/g_stripe[3].u_stripe/u_o_bank/g_row[3].g_group[0].u_mem/g_byte[1].u_sram/CEB
                                0.09           0.09 r         0.00  (VIOLATED: increase significant digits)
   u_fused_array/g_stripe[3].u_stripe/u_o_bank/g_row[3].g_group[0].u_mem/g_byte[2].u_sram/CEB
                                0.09           0.09 r         0.00  (VIOLATED: increase significant digits)
   u_fused_array/g_stripe[3].u_stripe/u_o_bank/g_row[3].g_group[0].u_mem/g_byte[3].u_sram/CEB
                                0.09           0.09 r         0.00  (VIOLATED: increase significant digits)
   u_fused_array/g_stripe[3].u_stripe/u_o_bank/g_row[4].g_group[0].u_mem/g_byte[0].u_sram/CEB
                                0.09           0.09 r         0.00  (VIOLATED: increase significant digits)
   u_fused_array/g_stripe[3].u_stripe/u_o_bank/g_row[4].g_group[0].u_mem/g_byte[1].u_sram/CEB
                                0.09           0.09 r         0.00  (VIOLATED: increase significant digits)
   u_fused_array/g_stripe[3].u_stripe/u_o_bank/g_row[4].g_group[0].u_mem/g_byte[2].u_sram/CEB
                                0.09           0.09 r         0.00  (VIOLATED: increase significant digits)
   u_fused_array/g_stripe[3].u_stripe/u_o_bank/g_row[4].g_group[0].u_mem/g_byte[3].u_sram/CEB
                                0.09           0.09 r         0.00  (VIOLATED: increase significant digits)
   u_fused_array/g_stripe[3].u_stripe/u_o_bank/g_row[5].g_group[0].u_mem/g_byte[0].u_sram/CEB
                                0.09           0.09 r         0.00  (VIOLATED: increase significant digits)
   u_fused_array/g_stripe[3].u_stripe/u_o_bank/g_row[5].g_group[0].u_mem/g_byte[1].u_sram/CEB
                                0.09           0.09 r         0.00  (VIOLATED: increase significant digits)
   u_fused_array/g_stripe[3].u_stripe/u_o_bank/g_row[5].g_group[0].u_mem/g_byte[2].u_sram/CEB
                                0.09           0.09 r         0.00  (VIOLATED: increase significant digits)
   u_fused_array/g_stripe[3].u_stripe/u_o_bank/g_row[5].g_group[0].u_mem/g_byte[3].u_sram/CEB
                                0.09           0.09 r         0.00  (VIOLATED: increase significant digits)
   u_fused_array/g_stripe[3].u_stripe/u_o_bank/g_row[6].g_group[0].u_mem/g_byte[0].u_sram/CEB
                                0.09           0.09 r         0.00  (VIOLATED: increase significant digits)
   u_fused_array/g_stripe[3].u_stripe/u_o_bank/g_row[6].g_group[0].u_mem/g_byte[1].u_sram/CEB
                                0.09           0.09 r         0.00  (VIOLATED: increase significant digits)
   u_fused_array/g_stripe[3].u_stripe/u_o_bank/g_row[6].g_group[0].u_mem/g_byte[2].u_sram/CEB
                                0.09           0.09 r         0.00  (VIOLATED: increase significant digits)
   u_fused_array/g_stripe[3].u_stripe/u_o_bank/g_row[6].g_group[0].u_mem/g_byte[3].u_sram/CEB
                                0.09           0.09 r         0.00  (VIOLATED: increase significant digits)
   u_output_buffer/u_out_mem/g_byte[0].u_sram/A[1]
                                0.09           0.09 r         0.00  (VIOLATED: increase significant digits)
   u_output_buffer/u_out_mem/g_byte[1].u_sram/A[1]
                                0.09           0.09 r         0.00  (VIOLATED: increase significant digits)
   u_output_buffer/u_out_mem/g_byte[2].u_sram/A[1]
                                0.09           0.09 r         0.00  (VIOLATED: increase significant digits)
   u_output_buffer/u_out_mem/g_byte[3].u_sram/A[1]
                                0.09           0.09 r         0.00  (VIOLATED: increase significant digits)
   u_output_buffer/u_out_mem/g_byte[4].u_sram/A[1]
                                0.09           0.09 r         0.00  (VIOLATED: increase significant digits)
   u_output_buffer/u_out_mem/g_byte[5].u_sram/A[1]
                                0.09           0.09 r         0.00  (VIOLATED: increase significant digits)
   u_output_buffer/u_out_mem/g_byte[6].u_sram/A[1]
                                0.09           0.09 r         0.00  (VIOLATED: increase significant digits)
   u_output_buffer/u_out_mem/g_byte[7].u_sram/A[1]
                                0.09           0.09 r         0.00  (VIOLATED: increase significant digits)
   u_output_buffer/u_out_mem/g_byte[8].u_sram/A[1]
                                0.09           0.09 r         0.00  (VIOLATED: increase significant digits)
   u_output_buffer/u_out_mem/g_byte[9].u_sram/A[1]
                                0.09           0.09 r         0.00  (VIOLATED: increase significant digits)
   u_output_buffer/u_out_mem/g_byte[24].u_sram/A[1]
                                0.09           0.09 r         0.00  (VIOLATED: increase significant digits)
   u_output_buffer/u_out_mem/g_byte[25].u_sram/A[1]
                                0.09           0.09 r         0.00  (VIOLATED: increase significant digits)
   u_output_buffer/u_out_mem/g_byte[26].u_sram/A[1]
                                0.09           0.09 r         0.00  (VIOLATED: increase significant digits)
   u_output_buffer/u_out_mem/g_byte[27].u_sram/A[1]
                                0.09           0.09 r         0.00  (VIOLATED: increase significant digits)
   u_output_buffer/u_out_mem/g_byte[28].u_sram/A[1]
                                0.09           0.09 r         0.00  (VIOLATED: increase significant digits)
   u_output_buffer/u_out_mem/g_byte[30].u_sram/A[1]
                                0.09           0.09 r         0.00  (VIOLATED: increase significant digits)
   u_fused_array/g_stripe[3].u_stripe/u_o_bank/g_row[7].g_group[0].u_mem/g_byte[0].u_sram/CEB
                                0.09           0.09 r         0.00  (VIOLATED: increase significant digits)
   u_fused_array/g_stripe[3].u_stripe/u_o_bank/g_row[7].g_group[0].u_mem/g_byte[1].u_sram/CEB
                                0.09           0.09 r         0.00  (VIOLATED: increase significant digits)
   u_fused_array/g_stripe[3].u_stripe/u_o_bank/g_row[7].g_group[0].u_mem/g_byte[2].u_sram/CEB
                                0.09           0.09 r         0.00  (VIOLATED: increase significant digits)
   u_fused_array/g_stripe[3].u_stripe/u_o_bank/g_row[7].g_group[0].u_mem/g_byte[3].u_sram/CEB
                                0.09           0.09 r         0.00  (VIOLATED: increase significant digits)
   u_fused_array/g_stripe[0].u_stripe/u_o_bank/g_row[0].g_group[1].u_mem/g_byte[0].u_sram/WEB
                                0.09           0.09 r         0.00  (VIOLATED: increase significant digits)
   u_fused_array/g_stripe[0].u_stripe/u_o_bank/g_row[0].g_group[1].u_mem/g_byte[1].u_sram/WEB
                                0.09           0.09 r         0.00  (VIOLATED: increase significant digits)
   u_fused_array/g_stripe[0].u_stripe/u_o_bank/g_row[0].g_group[1].u_mem/g_byte[2].u_sram/WEB
                                0.09           0.09 r         0.00  (VIOLATED: increase significant digits)
   u_fused_array/g_stripe[0].u_stripe/u_o_bank/g_row[0].g_group[1].u_mem/g_byte[3].u_sram/WEB
                                0.09           0.09 r         0.00  (VIOLATED: increase significant digits)
   u_fused_array/g_stripe[1].u_stripe/u_o_bank/g_row[0].g_group[1].u_mem/g_byte[0].u_sram/WEB
                                0.09           0.09 r         0.00  (VIOLATED: increase significant digits)
   u_fused_array/g_stripe[1].u_stripe/u_o_bank/g_row[0].g_group[1].u_mem/g_byte[1].u_sram/WEB
                                0.09           0.09 r         0.00  (VIOLATED: increase significant digits)
   u_fused_array/g_stripe[1].u_stripe/u_o_bank/g_row[0].g_group[1].u_mem/g_byte[2].u_sram/WEB
                                0.09           0.09 r         0.00  (VIOLATED: increase significant digits)
   u_fused_array/g_stripe[1].u_stripe/u_o_bank/g_row[0].g_group[1].u_mem/g_byte[3].u_sram/WEB
                                0.09           0.09 r         0.00  (VIOLATED: increase significant digits)
   u_fused_array/g_stripe[2].u_stripe/u_o_bank/g_row[0].g_group[1].u_mem/g_byte[0].u_sram/WEB
                                0.09           0.09 r         0.00  (VIOLATED: increase significant digits)
   u_fused_array/g_stripe[2].u_stripe/u_o_bank/g_row[0].g_group[1].u_mem/g_byte[1].u_sram/WEB
                                0.09           0.09 r         0.00  (VIOLATED: increase significant digits)
   u_fused_array/g_stripe[2].u_stripe/u_o_bank/g_row[0].g_group[1].u_mem/g_byte[2].u_sram/WEB
                                0.09           0.09 r         0.00  (VIOLATED: increase significant digits)
   u_fused_array/g_stripe[2].u_stripe/u_o_bank/g_row[0].g_group[1].u_mem/g_byte[3].u_sram/WEB
                                0.09           0.09 r         0.00  (VIOLATED: increase significant digits)
   u_fused_array/g_stripe[3].u_stripe/u_o_bank/g_row[0].g_group[1].u_mem/g_byte[0].u_sram/WEB
                                0.09           0.09 r         0.00  (VIOLATED: increase significant digits)
   u_fused_array/g_stripe[3].u_stripe/u_o_bank/g_row[0].g_group[1].u_mem/g_byte[1].u_sram/WEB
                                0.09           0.09 r         0.00  (VIOLATED: increase significant digits)
   u_fused_array/g_stripe[3].u_stripe/u_o_bank/g_row[0].g_group[1].u_mem/g_byte[2].u_sram/WEB
                                0.09           0.09 r         0.00  (VIOLATED: increase significant digits)
   u_fused_array/g_stripe[3].u_stripe/u_o_bank/g_row[0].g_group[1].u_mem/g_byte[3].u_sram/WEB
                                0.09           0.09 r         0.00  (VIOLATED: increase significant digits)


   max_fanout

                             Required        Actual
   Net                        Fanout         Fanout          Slack
   -----------------------------------------------------------------
   u_fused_array/g_stripe[1].u_stripe/n214776
                               24.00          32.00          -8.00  (VIOLATED)

   -----------------------------------------------------------------
   Total                      1                  -8.00  

   min_capacitance

                             Required        Actual
   Net                      Capacitance    Capacitance       Slack
   -----------------------------------------------------------------
   u_fused_array/n18378 (dont_touch)
                                0.00           0.00           0.00  (VIOLATED: increase significant digits)
   u_fused_array/n118991 (dont_touch)
                                0.00           0.00           0.00  (VIOLATED: increase significant digits)
   u_normalizer/n7194 (dont_touch)
                                0.00           0.00           0.00  (VIOLATED: increase significant digits)
   u_normalizer/n39818 (dont_touch)
                                0.00           0.00           0.00  (VIOLATED: increase significant digits)

   -----------------------------------------------------------------
   Total                      4                  -0.00  

   max_leakage_power

                             Required        Actual
   Design                   Leakage Power  Leakage Power     Slack
   -----------------------------------------------------------------
   attention_accel_top          0.00       11041711.00    -11041711.00
                                                                    (VIOLATED)


1
