 
****************************************
Report : timing
        -path full_clock_expanded
        -delay max
        -nworst 4
        -max_paths 20
Design : attention_accel_top
Version: V-2023.12-SP5
Date   : Tue Jul 28 17:35:58 2026
****************************************

 # A fanout number of 1000 was used for high fanout net computations.

Operating Conditions: tt0p9v25c   Library: tcbn28hpcplusbwp12t30p140tt0p9v25c_ccs
Wire Load Model Mode: segmented

  Startpoint: u_normalizer/g_lane[0].u_reciprocal/reciprocal_o_reg[0]
              (rising edge-triggered flip-flop clocked by core_clk)
  Endpoint: u_normalizer/g_lane[0].u_reciprocal_multiplier/lo_product_s1_q_reg[45]
            (rising edge-triggered flip-flop clocked by core_clk)
  Path Group: core_clk
  Path Type: max

  Des/Clust/Port     Wire Load Model       Library
  ------------------------------------------------
  fa_clear_replica_14
                     ZeroWireload          tcbn28hpcplusbwp12t30p140tt0p9v25c_ccs
  fa_clear_replica_13
                     ZeroWireload          tcbn28hpcplusbwp12t30p140tt0p9v25c_ccs
  fa_clear_replica_12
                     ZeroWireload          tcbn28hpcplusbwp12t30p140tt0p9v25c_ccs
  fa_clear_replica_11
                     ZeroWireload          tcbn28hpcplusbwp12t30p140tt0p9v25c_ccs
  fa_clear_replica_10
                     ZeroWireload          tcbn28hpcplusbwp12t30p140tt0p9v25c_ccs
  fa_clear_replica_9 ZeroWireload          tcbn28hpcplusbwp12t30p140tt0p9v25c_ccs
  fa_clear_replica_8 ZeroWireload          tcbn28hpcplusbwp12t30p140tt0p9v25c_ccs
  fa_clear_replica_7 ZeroWireload          tcbn28hpcplusbwp12t30p140tt0p9v25c_ccs
  fa_clear_replica_6 ZeroWireload          tcbn28hpcplusbwp12t30p140tt0p9v25c_ccs
  fa_clear_replica_5 ZeroWireload          tcbn28hpcplusbwp12t30p140tt0p9v25c_ccs
  fa_clear_replica_4 ZeroWireload          tcbn28hpcplusbwp12t30p140tt0p9v25c_ccs
  fa_clear_replica_3 ZeroWireload          tcbn28hpcplusbwp12t30p140tt0p9v25c_ccs
  fa_clear_replica_2 ZeroWireload          tcbn28hpcplusbwp12t30p140tt0p9v25c_ccs
  fa_clear_replica_1 ZeroWireload          tcbn28hpcplusbwp12t30p140tt0p9v25c_ccs
  fa_clear_replica_0 ZeroWireload          tcbn28hpcplusbwp12t30p140tt0p9v25c_ccs
  o_accumulator_bank_ROWS8_HEAD_DIM64_GROUP_SIZE32_DATA_W32_FEATURE_IDX_W6_1
                     ZeroWireload          tcbn28hpcplusbwp12t30p140tt0p9v25c_ccs
  o_accumulator_bank_ROWS8_HEAD_DIM64_GROUP_SIZE32_DATA_W32_FEATURE_IDX_W6_0
                     ZeroWireload          tcbn28hpcplusbwp12t30p140tt0p9v25c_ccs
  o_accumulator_bank_ROWS8_HEAD_DIM64_GROUP_SIZE32_DATA_W32_FEATURE_IDX_W6_2
                     ZeroWireload          tcbn28hpcplusbwp12t30p140tt0p9v25c_ccs
  o_accumulator_bank_ROWS8_HEAD_DIM64_GROUP_SIZE32_DATA_W32_FEATURE_IDX_W6_3
                     ZeroWireload          tcbn28hpcplusbwp12t30p140tt0p9v25c_ccs
  fa_clear_replica_15
                     ZeroWireload          tcbn28hpcplusbwp12t30p140tt0p9v25c_ccs
  fsa_stripe_STRIPE_ROWS8_COLS32_HEAD_DIM64_DATA_W8_SCORE_W32_PROB_W16_SUM_W32_TAG_W6_LOCAL_ROW_IDX_W3_0
                     ZeroWireload          tcbn28hpcplusbwp12t30p140tt0p9v25c_ccs
  fsa_stripe_STRIPE_ROWS8_COLS32_HEAD_DIM64_DATA_W8_SCORE_W32_PROB_W16_SUM_W32_TAG_W6_LOCAL_ROW_IDX_W3_1
                     ZeroWireload          tcbn28hpcplusbwp12t30p140tt0p9v25c_ccs
  fsa_stripe_STRIPE_ROWS8_COLS32_HEAD_DIM64_DATA_W8_SCORE_W32_PROB_W16_SUM_W32_TAG_W6_LOCAL_ROW_IDX_W3_2
                     ZeroWireload          tcbn28hpcplusbwp12t30p140tt0p9v25c_ccs
  fsa_stripe_STRIPE_ROWS8_COLS32_HEAD_DIM64_DATA_W8_SCORE_W32_PROB_W16_SUM_W32_TAG_W6_LOCAL_ROW_IDX_W3_3
                     ZeroWireload          tcbn28hpcplusbwp12t30p140tt0p9v25c_ccs
  fsa_delay_line_WIDTH38_DEPTH32
                     ZeroWireload          tcbn28hpcplusbwp12t30p140tt0p9v25c_ccs
  fsa_delay_line_WIDTH38_DEPTH31
                     ZeroWireload          tcbn28hpcplusbwp12t30p140tt0p9v25c_ccs
  fsa_delay_line_WIDTH38_DEPTH30
                     ZeroWireload          tcbn28hpcplusbwp12t30p140tt0p9v25c_ccs
  fsa_delay_line_WIDTH38_DEPTH29
                     ZeroWireload          tcbn28hpcplusbwp12t30p140tt0p9v25c_ccs
  fsa_delay_line_WIDTH38_DEPTH28
                     ZeroWireload          tcbn28hpcplusbwp12t30p140tt0p9v25c_ccs
  fsa_delay_line_WIDTH38_DEPTH27
                     ZeroWireload          tcbn28hpcplusbwp12t30p140tt0p9v25c_ccs
  fsa_delay_line_WIDTH38_DEPTH26
                     ZeroWireload          tcbn28hpcplusbwp12t30p140tt0p9v25c_ccs
  fsa_delay_line_WIDTH38_DEPTH25
                     ZeroWireload          tcbn28hpcplusbwp12t30p140tt0p9v25c_ccs
  fsa_delay_line_WIDTH38_DEPTH24
                     ZeroWireload          tcbn28hpcplusbwp12t30p140tt0p9v25c_ccs
  fsa_delay_line_WIDTH38_DEPTH23
                     ZeroWireload          tcbn28hpcplusbwp12t30p140tt0p9v25c_ccs
  fsa_delay_line_WIDTH38_DEPTH22
                     ZeroWireload          tcbn28hpcplusbwp12t30p140tt0p9v25c_ccs
  fsa_delay_line_WIDTH38_DEPTH21
                     ZeroWireload          tcbn28hpcplusbwp12t30p140tt0p9v25c_ccs
  fsa_delay_line_WIDTH38_DEPTH20
                     ZeroWireload          tcbn28hpcplusbwp12t30p140tt0p9v25c_ccs
  fsa_delay_line_WIDTH38_DEPTH19
                     ZeroWireload          tcbn28hpcplusbwp12t30p140tt0p9v25c_ccs
  fsa_delay_line_WIDTH38_DEPTH18
                     ZeroWireload          tcbn28hpcplusbwp12t30p140tt0p9v25c_ccs
  fsa_delay_line_WIDTH38_DEPTH17
                     ZeroWireload          tcbn28hpcplusbwp12t30p140tt0p9v25c_ccs
  fsa_delay_line_WIDTH38_DEPTH16
                     ZeroWireload          tcbn28hpcplusbwp12t30p140tt0p9v25c_ccs
  output_buffer_ROWS32_NORM_LANES8_HEAD_DIM64_OUT_W8_GROUP_SIZE32
                     ZeroWireload          tcbn28hpcplusbwp12t30p140tt0p9v25c_ccs
  online_normalizer_LANES8_ACC_W32_LSE_W32_OUT_W8_TAG_W8
                     ZeroWireload          tcbn28hpcplusbwp12t30p140tt0p9v25c_ccs
  fsa_fused_array_ROWS32_STRIPE_ROWS8_COLS32_DATA_W8_SCORE_W32_PROB_W16_ACC_W32_LSE_W32_HEAD_DIM64_FEATURE_IDX_W6
                     ZeroWireload          tcbn28hpcplusbwp12t30p140tt0p9v25c_ccs
  qkv_tile_cache_ADDR_W6
                     ZeroWireload          tcbn28hpcplusbwp12t30p140tt0p9v25c_ccs
  attention_accel_top
                     ZeroWireload          tcbn28hpcplusbwp12t30p140tt0p9v25c_ccs
  accel_regfile_HEAD_DIM64
                     ZeroWireload          tcbn28hpcplusbwp12t30p140tt0p9v25c_ccs

  Point                                                   Incr       Path
  --------------------------------------------------------------------------
  clock core_clk (rise edge)                            0.0000     0.0000
  clock network delay (ideal)                           0.0000     0.0000
  u_normalizer/g_lane[0].u_reciprocal/reciprocal_o_reg[0]/CP (DFQD1BWP12T30P140)
                                                        0.0000 #   0.0000 r
  u_normalizer/g_lane[0].u_reciprocal/reciprocal_o_reg[0]/Q (DFQD1BWP12T30P140)
                                                        0.0699     0.0699 f
  u_normalizer/U3552/ZN (INVD1BWP12T30P140)             0.0331     0.1030 r
  u_normalizer/U28442/ZN (AOI21D0BWP12T30P140)          0.0220     0.1250 f
  u_normalizer/intadd_1310/U16/S (FA1D1BWP12T30P140)    0.0550     0.1800 r
  u_normalizer/U28558/ZN (AOI22D1BWP12T30P140)          0.0130     0.1930 f
  u_normalizer/U28559/ZN (OAI21D1BWP12T30P140)          0.0129     0.2059 r
  u_normalizer/U28560/ZN (AOI21D1BWP12T30P140)          0.0110     0.2169 f
  u_normalizer/U28561/ZN (MUX2ND0BWP12T30P140)          0.0307     0.2476 f
  u_normalizer/U28562/CO (FA1D1BWP12T30P140)            0.0337     0.2813 f
  u_normalizer/U28563/ZN (INVD0BWP12T30P140)            0.0075     0.2888 r
  u_normalizer/U28564/ZN (MAOI222D0BWP12T30P140)        0.0205     0.3093 f
  u_normalizer/U28573/ZN (MAOI222D0BWP12T30P140)        0.0273     0.3367 r
  u_normalizer/U28577/ZN (MAOI222D0BWP12T30P140)        0.0259     0.3626 f
  u_normalizer/U28583/ZN (MAOI222D0BWP12T30P140)        0.0271     0.3897 r
  u_normalizer/U28589/ZN (MAOI222D0BWP12T30P140)        0.0284     0.4180 f
  u_normalizer/U28595/ZN (MAOI222D1BWP12T30P140)        0.0252     0.4432 r
  u_normalizer/U28601/ZN (MAOI222D1BWP12T30P140)        0.0255     0.4687 f
  u_normalizer/U28607/ZN (MAOI222D1BWP12T30P140)        0.0217     0.4904 r
  u_normalizer/U28613/ZN (MAOI222D0BWP12T30P140)        0.0244     0.5148 f
  u_normalizer/U28619/ZN (MAOI222D0BWP12T30P140)        0.0268     0.5416 r
  u_normalizer/U28624/ZN (MAOI222D0BWP12T30P140)        0.0343     0.5760 f
  u_normalizer/U28654/ZN (MAOI222D1BWP12T30P140)        0.0296     0.6055 r
  u_normalizer/U28682/ZN (MAOI222D0BWP12T30P140)        0.0324     0.6379 f
  u_normalizer/U28710/ZN (MAOI222D0BWP12T30P140)        0.0389     0.6768 r
  u_normalizer/U28737/ZN (MAOI222D1BWP12T30P140)        0.0334     0.7102 f
  u_normalizer/U28765/ZN (MAOI222D1BWP12T30P140)        0.0291     0.7393 r
  u_normalizer/U28793/ZN (MAOI222D1BWP12T30P140)        0.0306     0.7699 f
  u_normalizer/U28817/ZN (MAOI222D1BWP12T30P140)        0.0286     0.7986 r
  u_normalizer/U28844/ZN (MAOI222D1BWP12T30P140)        0.0305     0.8290 f
  u_normalizer/U28872/ZN (MAOI222D1BWP12T30P140)        0.0286     0.8577 r
  u_normalizer/U28899/ZN (MAOI222D1BWP12T30P140)        0.0305     0.8881 f
  u_normalizer/U28927/ZN (MAOI222D1BWP12T30P140)        0.0271     0.9152 r
  u_normalizer/U28954/ZN (MAOI222D0BWP12T30P140)        0.0318     0.9470 f
  u_normalizer/U28979/ZN (MAOI222D0BWP12T30P140)        0.0388     0.9858 r
  u_normalizer/U29007/ZN (MAOI222D1BWP12T30P140)        0.0334     1.0192 f
  u_normalizer/U29034/ZN (MAOI222D1BWP12T30P140)        0.0267     1.0459 r
  u_normalizer/U29056/ZN (OAI21D1BWP12T30P140)          0.0195     1.0654 f
  u_normalizer/U2986/ZN (NR2D1BWP12T30P140)             0.0126     1.0780 r
  u_normalizer/U625/Z (OR2D1BWP12T30P140)               0.0168     1.0948 r
  u_normalizer/U29090/ZN (MAOI222D1BWP12T30P140)        0.0256     1.1204 f
  u_normalizer/U29109/ZN (MAOI222D1BWP12T30P140)        0.0254     1.1458 r
  u_normalizer/U29110/ZN (ND2D1BWP12T30P140)            0.0175     1.1633 f
  u_normalizer/U29125/ZN (OAI21D2BWP12T30P140)          0.0107     1.1740 r
  u_normalizer/U590/ZN (OAI21OPTPBD1BWP12T30P140)       0.0135     1.1875 f
  u_normalizer/U29147/ZN (AOI21D1BWP12T30P140)          0.0122     1.1997 r
  u_normalizer/U29149/Z (OR2D2BWP12T30P140)             0.0153     1.2150 r
  u_normalizer/U29168/ZN (MAOI222D1BWP12T30P140)        0.0204     1.2353 f
  u_normalizer/U29169/ZN (CKND2D1BWP12T30P140)          0.0200     1.2553 r
  u_normalizer/U29182/ZN (AOI21D2BWP12T30P140)          0.0149     1.2702 f
  u_normalizer/U29188/ZN (MAOI222D1BWP12T30P140)        0.0233     1.2936 r
  u_normalizer/U29205/ZN (MAOI222D1BWP12T30P140)        0.0262     1.3198 f
  u_normalizer/U29206/ZN (CKND2D1BWP12T30P140)          0.0199     1.3397 r
  u_normalizer/U29219/ZN (AOI21D2BWP12T30P140)          0.0149     1.3546 f
  u_normalizer/U29224/ZN (MAOI222D1BWP12T30P140)        0.0233     1.3779 r
  u_normalizer/U29237/ZN (MAOI222D1BWP12T30P140)        0.0309     1.4088 f
  u_normalizer/U29244/ZN (MAOI222D1BWP12T30P140)        0.0275     1.4363 r
  u_normalizer/U29245/ZN (MUX2ND0BWP12T30P140)          0.0164     1.4527 f
  u_normalizer/U29246/ZN (MUX2ND0BWP12T30P140)          0.0220     1.4747 f
  u_normalizer/U29248/ZN (AOI22D1BWP12T30P140)          0.0146     1.4893 r
  u_normalizer/g_lane[0].u_reciprocal_multiplier/lo_product_s1_q_reg[45]/D (DFQD2BWP12T30P140)
                                                        0.0000     1.4893 r
  data arrival time                                                1.4893

  clock core_clk (rise edge)                            1.6000     1.6000
  clock network delay (ideal)                           0.0000     1.6000
  clock uncertainty                                    -0.1000     1.5000
  u_normalizer/g_lane[0].u_reciprocal_multiplier/lo_product_s1_q_reg[45]/CP (DFQD2BWP12T30P140)
                                                        0.0000     1.5000 r
  library setup time                                   -0.0107     1.4893
  data required time                                               1.4893
  --------------------------------------------------------------------------
  data required time                                               1.4893
  data arrival time                                               -1.4893
  --------------------------------------------------------------------------
  slack (MET)                                                      0.0000


  Startpoint: u_fused_array/g_stripe[1].u_stripe/ws_pv_q_reg
              (rising edge-triggered flip-flop clocked by core_clk)
  Endpoint: u_fused_array/g_stripe[1].u_stripe/g_pe_row[4].g_pe_col[5].u_pe/accum_q_reg[31]
            (rising edge-triggered flip-flop clocked by core_clk)
  Path Group: core_clk
  Path Type: max

  Des/Clust/Port     Wire Load Model       Library
  ------------------------------------------------
  fa_clear_replica_14
                     ZeroWireload          tcbn28hpcplusbwp12t30p140tt0p9v25c_ccs
  fa_clear_replica_13
                     ZeroWireload          tcbn28hpcplusbwp12t30p140tt0p9v25c_ccs
  fa_clear_replica_12
                     ZeroWireload          tcbn28hpcplusbwp12t30p140tt0p9v25c_ccs
  fa_clear_replica_11
                     ZeroWireload          tcbn28hpcplusbwp12t30p140tt0p9v25c_ccs
  fa_clear_replica_10
                     ZeroWireload          tcbn28hpcplusbwp12t30p140tt0p9v25c_ccs
  fa_clear_replica_9 ZeroWireload          tcbn28hpcplusbwp12t30p140tt0p9v25c_ccs
  fa_clear_replica_8 ZeroWireload          tcbn28hpcplusbwp12t30p140tt0p9v25c_ccs
  fa_clear_replica_7 ZeroWireload          tcbn28hpcplusbwp12t30p140tt0p9v25c_ccs
  fa_clear_replica_6 ZeroWireload          tcbn28hpcplusbwp12t30p140tt0p9v25c_ccs
  fa_clear_replica_5 ZeroWireload          tcbn28hpcplusbwp12t30p140tt0p9v25c_ccs
  fa_clear_replica_4 ZeroWireload          tcbn28hpcplusbwp12t30p140tt0p9v25c_ccs
  fa_clear_replica_3 ZeroWireload          tcbn28hpcplusbwp12t30p140tt0p9v25c_ccs
  fa_clear_replica_2 ZeroWireload          tcbn28hpcplusbwp12t30p140tt0p9v25c_ccs
  fa_clear_replica_1 ZeroWireload          tcbn28hpcplusbwp12t30p140tt0p9v25c_ccs
  fa_clear_replica_0 ZeroWireload          tcbn28hpcplusbwp12t30p140tt0p9v25c_ccs
  o_accumulator_bank_ROWS8_HEAD_DIM64_GROUP_SIZE32_DATA_W32_FEATURE_IDX_W6_1
                     ZeroWireload          tcbn28hpcplusbwp12t30p140tt0p9v25c_ccs
  o_accumulator_bank_ROWS8_HEAD_DIM64_GROUP_SIZE32_DATA_W32_FEATURE_IDX_W6_0
                     ZeroWireload          tcbn28hpcplusbwp12t30p140tt0p9v25c_ccs
  o_accumulator_bank_ROWS8_HEAD_DIM64_GROUP_SIZE32_DATA_W32_FEATURE_IDX_W6_2
                     ZeroWireload          tcbn28hpcplusbwp12t30p140tt0p9v25c_ccs
  o_accumulator_bank_ROWS8_HEAD_DIM64_GROUP_SIZE32_DATA_W32_FEATURE_IDX_W6_3
                     ZeroWireload          tcbn28hpcplusbwp12t30p140tt0p9v25c_ccs
  fa_clear_replica_15
                     ZeroWireload          tcbn28hpcplusbwp12t30p140tt0p9v25c_ccs
  fsa_stripe_STRIPE_ROWS8_COLS32_HEAD_DIM64_DATA_W8_SCORE_W32_PROB_W16_SUM_W32_TAG_W6_LOCAL_ROW_IDX_W3_0
                     ZeroWireload          tcbn28hpcplusbwp12t30p140tt0p9v25c_ccs
  fsa_stripe_STRIPE_ROWS8_COLS32_HEAD_DIM64_DATA_W8_SCORE_W32_PROB_W16_SUM_W32_TAG_W6_LOCAL_ROW_IDX_W3_1
                     ZeroWireload          tcbn28hpcplusbwp12t30p140tt0p9v25c_ccs
  fsa_stripe_STRIPE_ROWS8_COLS32_HEAD_DIM64_DATA_W8_SCORE_W32_PROB_W16_SUM_W32_TAG_W6_LOCAL_ROW_IDX_W3_2
                     ZeroWireload          tcbn28hpcplusbwp12t30p140tt0p9v25c_ccs
  fsa_stripe_STRIPE_ROWS8_COLS32_HEAD_DIM64_DATA_W8_SCORE_W32_PROB_W16_SUM_W32_TAG_W6_LOCAL_ROW_IDX_W3_3
                     ZeroWireload          tcbn28hpcplusbwp12t30p140tt0p9v25c_ccs
  fsa_delay_line_WIDTH38_DEPTH32
                     ZeroWireload          tcbn28hpcplusbwp12t30p140tt0p9v25c_ccs
  fsa_delay_line_WIDTH38_DEPTH31
                     ZeroWireload          tcbn28hpcplusbwp12t30p140tt0p9v25c_ccs
  fsa_delay_line_WIDTH38_DEPTH30
                     ZeroWireload          tcbn28hpcplusbwp12t30p140tt0p9v25c_ccs
  fsa_delay_line_WIDTH38_DEPTH29
                     ZeroWireload          tcbn28hpcplusbwp12t30p140tt0p9v25c_ccs
  fsa_delay_line_WIDTH38_DEPTH28
                     ZeroWireload          tcbn28hpcplusbwp12t30p140tt0p9v25c_ccs
  fsa_delay_line_WIDTH38_DEPTH27
                     ZeroWireload          tcbn28hpcplusbwp12t30p140tt0p9v25c_ccs
  fsa_delay_line_WIDTH38_DEPTH26
                     ZeroWireload          tcbn28hpcplusbwp12t30p140tt0p9v25c_ccs
  fsa_delay_line_WIDTH38_DEPTH25
                     ZeroWireload          tcbn28hpcplusbwp12t30p140tt0p9v25c_ccs
  fsa_delay_line_WIDTH38_DEPTH24
                     ZeroWireload          tcbn28hpcplusbwp12t30p140tt0p9v25c_ccs
  fsa_delay_line_WIDTH38_DEPTH23
                     ZeroWireload          tcbn28hpcplusbwp12t30p140tt0p9v25c_ccs
  fsa_delay_line_WIDTH38_DEPTH22
                     ZeroWireload          tcbn28hpcplusbwp12t30p140tt0p9v25c_ccs
  fsa_delay_line_WIDTH38_DEPTH21
                     ZeroWireload          tcbn28hpcplusbwp12t30p140tt0p9v25c_ccs
  fsa_delay_line_WIDTH38_DEPTH20
                     ZeroWireload          tcbn28hpcplusbwp12t30p140tt0p9v25c_ccs
  fsa_delay_line_WIDTH38_DEPTH19
                     ZeroWireload          tcbn28hpcplusbwp12t30p140tt0p9v25c_ccs
  fsa_delay_line_WIDTH38_DEPTH18
                     ZeroWireload          tcbn28hpcplusbwp12t30p140tt0p9v25c_ccs
  fsa_delay_line_WIDTH38_DEPTH17
                     ZeroWireload          tcbn28hpcplusbwp12t30p140tt0p9v25c_ccs
  fsa_delay_line_WIDTH38_DEPTH16
                     ZeroWireload          tcbn28hpcplusbwp12t30p140tt0p9v25c_ccs
  output_buffer_ROWS32_NORM_LANES8_HEAD_DIM64_OUT_W8_GROUP_SIZE32
                     ZeroWireload          tcbn28hpcplusbwp12t30p140tt0p9v25c_ccs
  online_normalizer_LANES8_ACC_W32_LSE_W32_OUT_W8_TAG_W8
                     ZeroWireload          tcbn28hpcplusbwp12t30p140tt0p9v25c_ccs
  fsa_fused_array_ROWS32_STRIPE_ROWS8_COLS32_DATA_W8_SCORE_W32_PROB_W16_ACC_W32_LSE_W32_HEAD_DIM64_FEATURE_IDX_W6
                     ZeroWireload          tcbn28hpcplusbwp12t30p140tt0p9v25c_ccs
  qkv_tile_cache_ADDR_W6
                     ZeroWireload          tcbn28hpcplusbwp12t30p140tt0p9v25c_ccs
  attention_accel_top
                     ZeroWireload          tcbn28hpcplusbwp12t30p140tt0p9v25c_ccs
  accel_regfile_HEAD_DIM64
                     ZeroWireload          tcbn28hpcplusbwp12t30p140tt0p9v25c_ccs

  Point                                                   Incr       Path
  --------------------------------------------------------------------------
  clock core_clk (rise edge)                            0.0000     0.0000
  clock network delay (ideal)                           0.0000     0.0000
  u_fused_array/g_stripe[1].u_stripe/ws_pv_q_reg/CP (DFCNQD1BWP12T30P140)
                                                        0.0000 #   0.0000 r
  u_fused_array/g_stripe[1].u_stripe/ws_pv_q_reg/Q (DFCNQD1BWP12T30P140)
                                                        0.0470     0.0470 r
  u_fused_array/g_stripe[1].u_stripe/U18476/ZN (INVD2BWP12T30P140)
                                                        0.0196     0.0666 f
  u_fused_array/g_stripe[1].u_stripe/U18602/Z (BUFFD1BWP12T30P140)
                                                        0.0430     0.1096 f
  u_fused_array/g_stripe[1].u_stripe/U18595/ZN (INVD1BWP12T30P140)
                                                        0.0492     0.1588 r
  u_fused_array/g_stripe[1].u_stripe/U18276/ZN (ND3D1BWP12T30P140)
                                                        0.0389     0.1977 f
  u_fused_array/g_stripe[1].u_stripe/U18211/ZN (INVD1BWP12T30P140)
                                                        0.0349     0.2326 r
  u_fused_array/g_stripe[1].u_stripe/U33727/ZN (OAI21D1BWP12T30P140)
                                                        0.0708     0.3034 f
  u_fused_array/g_stripe[1].u_stripe/U33728/ZN (INVD1BWP12T30P140)
                                                        0.0577     0.3611 r
  u_fused_array/g_stripe[1].u_stripe/U33729/ZN (AOI22D1BWP12T30P140)
                                                        0.0498     0.4110 f
  u_fused_array/g_stripe[1].u_stripe/U33730/ZN (INVD1BWP12T30P140)
                                                        0.0293     0.4403 r
  u_fused_array/g_stripe[1].u_stripe/U33731/ZN (AOI221D1BWP12T30P140)
                                                        0.0224     0.4627 f
  u_fused_array/g_stripe[1].u_stripe/U309/ZN (INVD0BWP12T30P140)
                                                        0.0462     0.5088 r
  u_fused_array/g_stripe[1].u_stripe/U178300/ZN (AOI221D1BWP12T30P140)
                                                        0.0159     0.5247 f
  u_fused_array/g_stripe[1].u_stripe/U178301/ZN (IAO21D1BWP12T30P140)
                                                        0.0231     0.5478 r
  u_fused_array/g_stripe[1].u_stripe/U178318/S (FA1D1BWP12T30P140)
                                                        0.0504     0.5982 f
  u_fused_array/g_stripe[1].u_stripe/U178313/S (FA1D1BWP12T30P140)
                                                        0.0551     0.6533 r
  u_fused_array/g_stripe[1].u_stripe/intadd_3098/U10/CO (FA1D1BWP12T30P140)
                                                        0.0261     0.6794 r
  u_fused_array/g_stripe[1].u_stripe/intadd_3098/U9/CO (FA1D1BWP12T30P140)
                                                        0.0236     0.7030 r
  u_fused_array/g_stripe[1].u_stripe/intadd_3098/U8/CO (FA1D1BWP12T30P140)
                                                        0.0236     0.7266 r
  u_fused_array/g_stripe[1].u_stripe/intadd_3098/U7/CO (FA1D1BWP12T30P140)
                                                        0.0236     0.7501 r
  u_fused_array/g_stripe[1].u_stripe/intadd_3098/U6/CO (FA1D1BWP12T30P140)
                                                        0.0236     0.7737 r
  u_fused_array/g_stripe[1].u_stripe/intadd_3098/U5/CO (FA1D1BWP12T30P140)
                                                        0.0236     0.7972 r
  u_fused_array/g_stripe[1].u_stripe/intadd_3098/U4/CO (FA1D1BWP12T30P140)
                                                        0.0236     0.8208 r
  u_fused_array/g_stripe[1].u_stripe/intadd_3098/U3/CO (FA1D1BWP12T30P140)
                                                        0.0236     0.8443 r
  u_fused_array/g_stripe[1].u_stripe/U257451/CO (FA1D1BWP12T30P140)
                                                        0.0241     0.8684 r
  u_fused_array/g_stripe[1].u_stripe/U5700/ZN (MAOI222D0BWP12T30P140)
                                                        0.0287     0.8971 f
  u_fused_array/g_stripe[1].u_stripe/U5484/ZN (MAOI222D0BWP12T30P140)
                                                        0.0315     0.9286 r
  u_fused_array/g_stripe[1].u_stripe/U5136/Z (CKAN2D0BWP12T30P140)
                                                        0.0198     0.9483 r
  u_fused_array/g_stripe[1].u_stripe/U33813/ZN (IAO21D1BWP12T30P140)
                                                        0.0227     0.9710 r
  u_fused_array/g_stripe[1].u_stripe/U198052/CO (FA1D1BWP12T30P140)
                                                        0.0264     0.9974 r
  u_fused_array/g_stripe[1].u_stripe/U4378/ZN (NR2D0BWP12T30P140)
                                                        0.0106     1.0080 f
  u_fused_array/g_stripe[1].u_stripe/U33815/ZN (OAI21D1BWP12T30P140)
                                                        0.0157     1.0237 r
  u_fused_array/g_stripe[1].u_stripe/U198054/CO (FA1D1BWP12T30P140)
                                                        0.0248     1.0485 r
  u_fused_array/g_stripe[1].u_stripe/U3558/ZN (INVD0BWP12T30P140)
                                                        0.0088     1.0572 f
  u_fused_array/g_stripe[1].u_stripe/U3481/ZN (AOI21D0BWP12T30P140)
                                                        0.0125     1.0698 r
  u_fused_array/g_stripe[1].u_stripe/U1862/ZN (AOI21D0BWP12T30P140)
                                                        0.1144     1.1842 f
  u_fused_array/g_stripe[1].u_stripe/intadd_2788/U9/CO (FA1D1BWP12T30P140)
                                                        0.0726     1.2568 f
  u_fused_array/g_stripe[1].u_stripe/intadd_2788/U8/CO (FA1D1BWP12T30P140)
                                                        0.0268     1.2837 f
  u_fused_array/g_stripe[1].u_stripe/intadd_2788/U7/CO (FA1D1BWP12T30P140)
                                                        0.0268     1.3105 f
  u_fused_array/g_stripe[1].u_stripe/intadd_2788/U6/CO (FA1D1BWP12T30P140)
                                                        0.0268     1.3373 f
  u_fused_array/g_stripe[1].u_stripe/intadd_2788/U5/CO (FA1D1BWP12T30P140)
                                                        0.0268     1.3642 f
  u_fused_array/g_stripe[1].u_stripe/intadd_2788/U4/CO (FA1D1BWP12T30P140)
                                                        0.0268     1.3910 f
  u_fused_array/g_stripe[1].u_stripe/intadd_2788/U3/CO (FA1D1BWP12T30P140)
                                                        0.0268     1.4179 f
  u_fused_array/g_stripe[1].u_stripe/U257450/CO (FA1D1BWP12T30P140)
                                                        0.0263     1.4441 f
  u_fused_array/g_stripe[1].u_stripe/U19313/ZN (XNR2D1BWP12T30P140)
                                                        0.0250     1.4691 r
  u_fused_array/g_stripe[1].u_stripe/U2558/ZN (OAI222D0BWP12T30P140)
                                                        0.0291     1.4982 f
  u_fused_array/g_stripe[1].u_stripe/g_pe_row[4].g_pe_col[5].u_pe/accum_q_reg[31]/D (DFQD1BWP12T30P140)
                                                        0.0000     1.4982 f
  data arrival time                                                1.4982

  clock core_clk (rise edge)                            1.6000     1.6000
  clock network delay (ideal)                           0.0000     1.6000
  clock uncertainty                                    -0.1000     1.5000
  u_fused_array/g_stripe[1].u_stripe/g_pe_row[4].g_pe_col[5].u_pe/accum_q_reg[31]/CP (DFQD1BWP12T30P140)
                                                        0.0000     1.5000 r
  library setup time                                   -0.0018     1.4982
  data required time                                               1.4982
  --------------------------------------------------------------------------
  data required time                                               1.4982
  data arrival time                                               -1.4982
  --------------------------------------------------------------------------
  slack (MET)                                                      0.0000


  Startpoint: u_fused_array/g_stripe[1].u_stripe/ws_pv_q_reg
              (rising edge-triggered flip-flop clocked by core_clk)
  Endpoint: u_fused_array/g_stripe[1].u_stripe/g_pe_row[4].g_pe_col[5].u_pe/accum_q_reg[31]
            (rising edge-triggered flip-flop clocked by core_clk)
  Path Group: core_clk
  Path Type: max

  Des/Clust/Port     Wire Load Model       Library
  ------------------------------------------------
  fa_clear_replica_14
                     ZeroWireload          tcbn28hpcplusbwp12t30p140tt0p9v25c_ccs
  fa_clear_replica_13
                     ZeroWireload          tcbn28hpcplusbwp12t30p140tt0p9v25c_ccs
  fa_clear_replica_12
                     ZeroWireload          tcbn28hpcplusbwp12t30p140tt0p9v25c_ccs
  fa_clear_replica_11
                     ZeroWireload          tcbn28hpcplusbwp12t30p140tt0p9v25c_ccs
  fa_clear_replica_10
                     ZeroWireload          tcbn28hpcplusbwp12t30p140tt0p9v25c_ccs
  fa_clear_replica_9 ZeroWireload          tcbn28hpcplusbwp12t30p140tt0p9v25c_ccs
  fa_clear_replica_8 ZeroWireload          tcbn28hpcplusbwp12t30p140tt0p9v25c_ccs
  fa_clear_replica_7 ZeroWireload          tcbn28hpcplusbwp12t30p140tt0p9v25c_ccs
  fa_clear_replica_6 ZeroWireload          tcbn28hpcplusbwp12t30p140tt0p9v25c_ccs
  fa_clear_replica_5 ZeroWireload          tcbn28hpcplusbwp12t30p140tt0p9v25c_ccs
  fa_clear_replica_4 ZeroWireload          tcbn28hpcplusbwp12t30p140tt0p9v25c_ccs
  fa_clear_replica_3 ZeroWireload          tcbn28hpcplusbwp12t30p140tt0p9v25c_ccs
  fa_clear_replica_2 ZeroWireload          tcbn28hpcplusbwp12t30p140tt0p9v25c_ccs
  fa_clear_replica_1 ZeroWireload          tcbn28hpcplusbwp12t30p140tt0p9v25c_ccs
  fa_clear_replica_0 ZeroWireload          tcbn28hpcplusbwp12t30p140tt0p9v25c_ccs
  o_accumulator_bank_ROWS8_HEAD_DIM64_GROUP_SIZE32_DATA_W32_FEATURE_IDX_W6_1
                     ZeroWireload          tcbn28hpcplusbwp12t30p140tt0p9v25c_ccs
  o_accumulator_bank_ROWS8_HEAD_DIM64_GROUP_SIZE32_DATA_W32_FEATURE_IDX_W6_0
                     ZeroWireload          tcbn28hpcplusbwp12t30p140tt0p9v25c_ccs
  o_accumulator_bank_ROWS8_HEAD_DIM64_GROUP_SIZE32_DATA_W32_FEATURE_IDX_W6_2
                     ZeroWireload          tcbn28hpcplusbwp12t30p140tt0p9v25c_ccs
  o_accumulator_bank_ROWS8_HEAD_DIM64_GROUP_SIZE32_DATA_W32_FEATURE_IDX_W6_3
                     ZeroWireload          tcbn28hpcplusbwp12t30p140tt0p9v25c_ccs
  fa_clear_replica_15
                     ZeroWireload          tcbn28hpcplusbwp12t30p140tt0p9v25c_ccs
  fsa_stripe_STRIPE_ROWS8_COLS32_HEAD_DIM64_DATA_W8_SCORE_W32_PROB_W16_SUM_W32_TAG_W6_LOCAL_ROW_IDX_W3_0
                     ZeroWireload          tcbn28hpcplusbwp12t30p140tt0p9v25c_ccs
  fsa_stripe_STRIPE_ROWS8_COLS32_HEAD_DIM64_DATA_W8_SCORE_W32_PROB_W16_SUM_W32_TAG_W6_LOCAL_ROW_IDX_W3_1
                     ZeroWireload          tcbn28hpcplusbwp12t30p140tt0p9v25c_ccs
  fsa_stripe_STRIPE_ROWS8_COLS32_HEAD_DIM64_DATA_W8_SCORE_W32_PROB_W16_SUM_W32_TAG_W6_LOCAL_ROW_IDX_W3_2
                     ZeroWireload          tcbn28hpcplusbwp12t30p140tt0p9v25c_ccs
  fsa_stripe_STRIPE_ROWS8_COLS32_HEAD_DIM64_DATA_W8_SCORE_W32_PROB_W16_SUM_W32_TAG_W6_LOCAL_ROW_IDX_W3_3
                     ZeroWireload          tcbn28hpcplusbwp12t30p140tt0p9v25c_ccs
  fsa_delay_line_WIDTH38_DEPTH32
                     ZeroWireload          tcbn28hpcplusbwp12t30p140tt0p9v25c_ccs
  fsa_delay_line_WIDTH38_DEPTH31
                     ZeroWireload          tcbn28hpcplusbwp12t30p140tt0p9v25c_ccs
  fsa_delay_line_WIDTH38_DEPTH30
                     ZeroWireload          tcbn28hpcplusbwp12t30p140tt0p9v25c_ccs
  fsa_delay_line_WIDTH38_DEPTH29
                     ZeroWireload          tcbn28hpcplusbwp12t30p140tt0p9v25c_ccs
  fsa_delay_line_WIDTH38_DEPTH28
                     ZeroWireload          tcbn28hpcplusbwp12t30p140tt0p9v25c_ccs
  fsa_delay_line_WIDTH38_DEPTH27
                     ZeroWireload          tcbn28hpcplusbwp12t30p140tt0p9v25c_ccs
  fsa_delay_line_WIDTH38_DEPTH26
                     ZeroWireload          tcbn28hpcplusbwp12t30p140tt0p9v25c_ccs
  fsa_delay_line_WIDTH38_DEPTH25
                     ZeroWireload          tcbn28hpcplusbwp12t30p140tt0p9v25c_ccs
  fsa_delay_line_WIDTH38_DEPTH24
                     ZeroWireload          tcbn28hpcplusbwp12t30p140tt0p9v25c_ccs
  fsa_delay_line_WIDTH38_DEPTH23
                     ZeroWireload          tcbn28hpcplusbwp12t30p140tt0p9v25c_ccs
  fsa_delay_line_WIDTH38_DEPTH22
                     ZeroWireload          tcbn28hpcplusbwp12t30p140tt0p9v25c_ccs
  fsa_delay_line_WIDTH38_DEPTH21
                     ZeroWireload          tcbn28hpcplusbwp12t30p140tt0p9v25c_ccs
  fsa_delay_line_WIDTH38_DEPTH20
                     ZeroWireload          tcbn28hpcplusbwp12t30p140tt0p9v25c_ccs
  fsa_delay_line_WIDTH38_DEPTH19
                     ZeroWireload          tcbn28hpcplusbwp12t30p140tt0p9v25c_ccs
  fsa_delay_line_WIDTH38_DEPTH18
                     ZeroWireload          tcbn28hpcplusbwp12t30p140tt0p9v25c_ccs
  fsa_delay_line_WIDTH38_DEPTH17
                     ZeroWireload          tcbn28hpcplusbwp12t30p140tt0p9v25c_ccs
  fsa_delay_line_WIDTH38_DEPTH16
                     ZeroWireload          tcbn28hpcplusbwp12t30p140tt0p9v25c_ccs
  output_buffer_ROWS32_NORM_LANES8_HEAD_DIM64_OUT_W8_GROUP_SIZE32
                     ZeroWireload          tcbn28hpcplusbwp12t30p140tt0p9v25c_ccs
  online_normalizer_LANES8_ACC_W32_LSE_W32_OUT_W8_TAG_W8
                     ZeroWireload          tcbn28hpcplusbwp12t30p140tt0p9v25c_ccs
  fsa_fused_array_ROWS32_STRIPE_ROWS8_COLS32_DATA_W8_SCORE_W32_PROB_W16_ACC_W32_LSE_W32_HEAD_DIM64_FEATURE_IDX_W6
                     ZeroWireload          tcbn28hpcplusbwp12t30p140tt0p9v25c_ccs
  qkv_tile_cache_ADDR_W6
                     ZeroWireload          tcbn28hpcplusbwp12t30p140tt0p9v25c_ccs
  attention_accel_top
                     ZeroWireload          tcbn28hpcplusbwp12t30p140tt0p9v25c_ccs
  accel_regfile_HEAD_DIM64
                     ZeroWireload          tcbn28hpcplusbwp12t30p140tt0p9v25c_ccs

  Point                                                   Incr       Path
  --------------------------------------------------------------------------
  clock core_clk (rise edge)                            0.0000     0.0000
  clock network delay (ideal)                           0.0000     0.0000
  u_fused_array/g_stripe[1].u_stripe/ws_pv_q_reg/CP (DFCNQD1BWP12T30P140)
                                                        0.0000 #   0.0000 r
  u_fused_array/g_stripe[1].u_stripe/ws_pv_q_reg/Q (DFCNQD1BWP12T30P140)
                                                        0.0470     0.0470 r
  u_fused_array/g_stripe[1].u_stripe/U18476/ZN (INVD2BWP12T30P140)
                                                        0.0196     0.0666 f
  u_fused_array/g_stripe[1].u_stripe/U18602/Z (BUFFD1BWP12T30P140)
                                                        0.0430     0.1096 f
  u_fused_array/g_stripe[1].u_stripe/U18595/ZN (INVD1BWP12T30P140)
                                                        0.0492     0.1588 r
  u_fused_array/g_stripe[1].u_stripe/U18276/ZN (ND3D1BWP12T30P140)
                                                        0.0389     0.1977 f
  u_fused_array/g_stripe[1].u_stripe/U18211/ZN (INVD1BWP12T30P140)
                                                        0.0349     0.2326 r
  u_fused_array/g_stripe[1].u_stripe/U33727/ZN (OAI21D1BWP12T30P140)
                                                        0.0708     0.3034 f
  u_fused_array/g_stripe[1].u_stripe/U33728/ZN (INVD1BWP12T30P140)
                                                        0.0577     0.3611 r
  u_fused_array/g_stripe[1].u_stripe/U33729/ZN (AOI22D1BWP12T30P140)
                                                        0.0498     0.4110 f
  u_fused_array/g_stripe[1].u_stripe/U33730/ZN (INVD1BWP12T30P140)
                                                        0.0293     0.4403 r
  u_fused_array/g_stripe[1].u_stripe/U33731/ZN (AOI221D1BWP12T30P140)
                                                        0.0224     0.4627 f
  u_fused_array/g_stripe[1].u_stripe/U309/ZN (INVD0BWP12T30P140)
                                                        0.0462     0.5088 r
  u_fused_array/g_stripe[1].u_stripe/U178300/ZN (AOI221D1BWP12T30P140)
                                                        0.0159     0.5247 f
  u_fused_array/g_stripe[1].u_stripe/U178301/ZN (IAO21D1BWP12T30P140)
                                                        0.0231     0.5478 r
  u_fused_array/g_stripe[1].u_stripe/U178318/S (FA1D1BWP12T30P140)
                                                        0.0504     0.5982 f
  u_fused_array/g_stripe[1].u_stripe/U178313/S (FA1D1BWP12T30P140)
                                                        0.0551     0.6533 r
  u_fused_array/g_stripe[1].u_stripe/intadd_3098/U10/CO (FA1D1BWP12T30P140)
                                                        0.0261     0.6794 r
  u_fused_array/g_stripe[1].u_stripe/intadd_3098/U9/CO (FA1D1BWP12T30P140)
                                                        0.0236     0.7030 r
  u_fused_array/g_stripe[1].u_stripe/intadd_3098/U8/CO (FA1D1BWP12T30P140)
                                                        0.0236     0.7266 r
  u_fused_array/g_stripe[1].u_stripe/intadd_3098/U7/CO (FA1D1BWP12T30P140)
                                                        0.0236     0.7501 r
  u_fused_array/g_stripe[1].u_stripe/intadd_3098/U6/CO (FA1D1BWP12T30P140)
                                                        0.0236     0.7737 r
  u_fused_array/g_stripe[1].u_stripe/intadd_3098/U5/CO (FA1D1BWP12T30P140)
                                                        0.0236     0.7972 r
  u_fused_array/g_stripe[1].u_stripe/intadd_3098/U4/CO (FA1D1BWP12T30P140)
                                                        0.0236     0.8208 r
  u_fused_array/g_stripe[1].u_stripe/intadd_3098/U3/CO (FA1D1BWP12T30P140)
                                                        0.0236     0.8443 r
  u_fused_array/g_stripe[1].u_stripe/U257451/CO (FA1D1BWP12T30P140)
                                                        0.0241     0.8684 r
  u_fused_array/g_stripe[1].u_stripe/U5700/ZN (MAOI222D0BWP12T30P140)
                                                        0.0287     0.8971 f
  u_fused_array/g_stripe[1].u_stripe/U5484/ZN (MAOI222D0BWP12T30P140)
                                                        0.0315     0.9286 r
  u_fused_array/g_stripe[1].u_stripe/U5136/Z (CKAN2D0BWP12T30P140)
                                                        0.0198     0.9483 r
  u_fused_array/g_stripe[1].u_stripe/U33813/ZN (IAO21D1BWP12T30P140)
                                                        0.0227     0.9710 r
  u_fused_array/g_stripe[1].u_stripe/U198052/CO (FA1D1BWP12T30P140)
                                                        0.0264     0.9974 r
  u_fused_array/g_stripe[1].u_stripe/U4378/ZN (NR2D0BWP12T30P140)
                                                        0.0106     1.0080 f
  u_fused_array/g_stripe[1].u_stripe/U33815/ZN (OAI21D1BWP12T30P140)
                                                        0.0157     1.0236 r
  u_fused_array/g_stripe[1].u_stripe/U198054/CO (FA1D1BWP12T30P140)
                                                        0.0248     1.0485 r
  u_fused_array/g_stripe[1].u_stripe/U3558/ZN (INVD0BWP12T30P140)
                                                        0.0088     1.0572 f
  u_fused_array/g_stripe[1].u_stripe/U3481/ZN (AOI21D0BWP12T30P140)
                                                        0.0125     1.0698 r
  u_fused_array/g_stripe[1].u_stripe/U1862/ZN (AOI21D0BWP12T30P140)
                                                        0.1144     1.1842 f
  u_fused_array/g_stripe[1].u_stripe/intadd_2788/U9/CO (FA1D1BWP12T30P140)
                                                        0.0726     1.2568 f
  u_fused_array/g_stripe[1].u_stripe/intadd_2788/U8/CO (FA1D1BWP12T30P140)
                                                        0.0268     1.2837 f
  u_fused_array/g_stripe[1].u_stripe/intadd_2788/U7/CO (FA1D1BWP12T30P140)
                                                        0.0268     1.3105 f
  u_fused_array/g_stripe[1].u_stripe/intadd_2788/U6/CO (FA1D1BWP12T30P140)
                                                        0.0268     1.3373 f
  u_fused_array/g_stripe[1].u_stripe/intadd_2788/U5/CO (FA1D1BWP12T30P140)
                                                        0.0268     1.3642 f
  u_fused_array/g_stripe[1].u_stripe/intadd_2788/U4/CO (FA1D1BWP12T30P140)
                                                        0.0268     1.3910 f
  u_fused_array/g_stripe[1].u_stripe/intadd_2788/U3/CO (FA1D1BWP12T30P140)
                                                        0.0268     1.4179 f
  u_fused_array/g_stripe[1].u_stripe/U257450/CO (FA1D1BWP12T30P140)
                                                        0.0263     1.4441 f
  u_fused_array/g_stripe[1].u_stripe/U19313/ZN (XNR2D1BWP12T30P140)
                                                        0.0250     1.4691 r
  u_fused_array/g_stripe[1].u_stripe/U2558/ZN (OAI222D0BWP12T30P140)
                                                        0.0291     1.4982 f
  u_fused_array/g_stripe[1].u_stripe/g_pe_row[4].g_pe_col[5].u_pe/accum_q_reg[31]/D (DFQD1BWP12T30P140)
                                                        0.0000     1.4982 f
  data arrival time                                                1.4982

  clock core_clk (rise edge)                            1.6000     1.6000
  clock network delay (ideal)                           0.0000     1.6000
  clock uncertainty                                    -0.1000     1.5000
  u_fused_array/g_stripe[1].u_stripe/g_pe_row[4].g_pe_col[5].u_pe/accum_q_reg[31]/CP (DFQD1BWP12T30P140)
                                                        0.0000     1.5000 r
  library setup time                                   -0.0018     1.4982
  data required time                                               1.4982
  --------------------------------------------------------------------------
  data required time                                               1.4982
  data arrival time                                               -1.4982
  --------------------------------------------------------------------------
  slack (MET)                                                      0.0000


  Startpoint: u_fused_array/g_stripe[1].u_stripe/ws_pv_q_reg
              (rising edge-triggered flip-flop clocked by core_clk)
  Endpoint: u_fused_array/g_stripe[1].u_stripe/g_pe_row[4].g_pe_col[5].u_pe/accum_q_reg[31]
            (rising edge-triggered flip-flop clocked by core_clk)
  Path Group: core_clk
  Path Type: max

  Des/Clust/Port     Wire Load Model       Library
  ------------------------------------------------
  fa_clear_replica_14
                     ZeroWireload          tcbn28hpcplusbwp12t30p140tt0p9v25c_ccs
  fa_clear_replica_13
                     ZeroWireload          tcbn28hpcplusbwp12t30p140tt0p9v25c_ccs
  fa_clear_replica_12
                     ZeroWireload          tcbn28hpcplusbwp12t30p140tt0p9v25c_ccs
  fa_clear_replica_11
                     ZeroWireload          tcbn28hpcplusbwp12t30p140tt0p9v25c_ccs
  fa_clear_replica_10
                     ZeroWireload          tcbn28hpcplusbwp12t30p140tt0p9v25c_ccs
  fa_clear_replica_9 ZeroWireload          tcbn28hpcplusbwp12t30p140tt0p9v25c_ccs
  fa_clear_replica_8 ZeroWireload          tcbn28hpcplusbwp12t30p140tt0p9v25c_ccs
  fa_clear_replica_7 ZeroWireload          tcbn28hpcplusbwp12t30p140tt0p9v25c_ccs
  fa_clear_replica_6 ZeroWireload          tcbn28hpcplusbwp12t30p140tt0p9v25c_ccs
  fa_clear_replica_5 ZeroWireload          tcbn28hpcplusbwp12t30p140tt0p9v25c_ccs
  fa_clear_replica_4 ZeroWireload          tcbn28hpcplusbwp12t30p140tt0p9v25c_ccs
  fa_clear_replica_3 ZeroWireload          tcbn28hpcplusbwp12t30p140tt0p9v25c_ccs
  fa_clear_replica_2 ZeroWireload          tcbn28hpcplusbwp12t30p140tt0p9v25c_ccs
  fa_clear_replica_1 ZeroWireload          tcbn28hpcplusbwp12t30p140tt0p9v25c_ccs
  fa_clear_replica_0 ZeroWireload          tcbn28hpcplusbwp12t30p140tt0p9v25c_ccs
  o_accumulator_bank_ROWS8_HEAD_DIM64_GROUP_SIZE32_DATA_W32_FEATURE_IDX_W6_1
                     ZeroWireload          tcbn28hpcplusbwp12t30p140tt0p9v25c_ccs
  o_accumulator_bank_ROWS8_HEAD_DIM64_GROUP_SIZE32_DATA_W32_FEATURE_IDX_W6_0
                     ZeroWireload          tcbn28hpcplusbwp12t30p140tt0p9v25c_ccs
  o_accumulator_bank_ROWS8_HEAD_DIM64_GROUP_SIZE32_DATA_W32_FEATURE_IDX_W6_2
                     ZeroWireload          tcbn28hpcplusbwp12t30p140tt0p9v25c_ccs
  o_accumulator_bank_ROWS8_HEAD_DIM64_GROUP_SIZE32_DATA_W32_FEATURE_IDX_W6_3
                     ZeroWireload          tcbn28hpcplusbwp12t30p140tt0p9v25c_ccs
  fa_clear_replica_15
                     ZeroWireload          tcbn28hpcplusbwp12t30p140tt0p9v25c_ccs
  fsa_stripe_STRIPE_ROWS8_COLS32_HEAD_DIM64_DATA_W8_SCORE_W32_PROB_W16_SUM_W32_TAG_W6_LOCAL_ROW_IDX_W3_0
                     ZeroWireload          tcbn28hpcplusbwp12t30p140tt0p9v25c_ccs
  fsa_stripe_STRIPE_ROWS8_COLS32_HEAD_DIM64_DATA_W8_SCORE_W32_PROB_W16_SUM_W32_TAG_W6_LOCAL_ROW_IDX_W3_1
                     ZeroWireload          tcbn28hpcplusbwp12t30p140tt0p9v25c_ccs
  fsa_stripe_STRIPE_ROWS8_COLS32_HEAD_DIM64_DATA_W8_SCORE_W32_PROB_W16_SUM_W32_TAG_W6_LOCAL_ROW_IDX_W3_2
                     ZeroWireload          tcbn28hpcplusbwp12t30p140tt0p9v25c_ccs
  fsa_stripe_STRIPE_ROWS8_COLS32_HEAD_DIM64_DATA_W8_SCORE_W32_PROB_W16_SUM_W32_TAG_W6_LOCAL_ROW_IDX_W3_3
                     ZeroWireload          tcbn28hpcplusbwp12t30p140tt0p9v25c_ccs
  fsa_delay_line_WIDTH38_DEPTH32
                     ZeroWireload          tcbn28hpcplusbwp12t30p140tt0p9v25c_ccs
  fsa_delay_line_WIDTH38_DEPTH31
                     ZeroWireload          tcbn28hpcplusbwp12t30p140tt0p9v25c_ccs
  fsa_delay_line_WIDTH38_DEPTH30
                     ZeroWireload          tcbn28hpcplusbwp12t30p140tt0p9v25c_ccs
  fsa_delay_line_WIDTH38_DEPTH29
                     ZeroWireload          tcbn28hpcplusbwp12t30p140tt0p9v25c_ccs
  fsa_delay_line_WIDTH38_DEPTH28
                     ZeroWireload          tcbn28hpcplusbwp12t30p140tt0p9v25c_ccs
  fsa_delay_line_WIDTH38_DEPTH27
                     ZeroWireload          tcbn28hpcplusbwp12t30p140tt0p9v25c_ccs
  fsa_delay_line_WIDTH38_DEPTH26
                     ZeroWireload          tcbn28hpcplusbwp12t30p140tt0p9v25c_ccs
  fsa_delay_line_WIDTH38_DEPTH25
                     ZeroWireload          tcbn28hpcplusbwp12t30p140tt0p9v25c_ccs
  fsa_delay_line_WIDTH38_DEPTH24
                     ZeroWireload          tcbn28hpcplusbwp12t30p140tt0p9v25c_ccs
  fsa_delay_line_WIDTH38_DEPTH23
                     ZeroWireload          tcbn28hpcplusbwp12t30p140tt0p9v25c_ccs
  fsa_delay_line_WIDTH38_DEPTH22
                     ZeroWireload          tcbn28hpcplusbwp12t30p140tt0p9v25c_ccs
  fsa_delay_line_WIDTH38_DEPTH21
                     ZeroWireload          tcbn28hpcplusbwp12t30p140tt0p9v25c_ccs
  fsa_delay_line_WIDTH38_DEPTH20
                     ZeroWireload          tcbn28hpcplusbwp12t30p140tt0p9v25c_ccs
  fsa_delay_line_WIDTH38_DEPTH19
                     ZeroWireload          tcbn28hpcplusbwp12t30p140tt0p9v25c_ccs
  fsa_delay_line_WIDTH38_DEPTH18
                     ZeroWireload          tcbn28hpcplusbwp12t30p140tt0p9v25c_ccs
  fsa_delay_line_WIDTH38_DEPTH17
                     ZeroWireload          tcbn28hpcplusbwp12t30p140tt0p9v25c_ccs
  fsa_delay_line_WIDTH38_DEPTH16
                     ZeroWireload          tcbn28hpcplusbwp12t30p140tt0p9v25c_ccs
  output_buffer_ROWS32_NORM_LANES8_HEAD_DIM64_OUT_W8_GROUP_SIZE32
                     ZeroWireload          tcbn28hpcplusbwp12t30p140tt0p9v25c_ccs
  online_normalizer_LANES8_ACC_W32_LSE_W32_OUT_W8_TAG_W8
                     ZeroWireload          tcbn28hpcplusbwp12t30p140tt0p9v25c_ccs
  fsa_fused_array_ROWS32_STRIPE_ROWS8_COLS32_DATA_W8_SCORE_W32_PROB_W16_ACC_W32_LSE_W32_HEAD_DIM64_FEATURE_IDX_W6
                     ZeroWireload          tcbn28hpcplusbwp12t30p140tt0p9v25c_ccs
  qkv_tile_cache_ADDR_W6
                     ZeroWireload          tcbn28hpcplusbwp12t30p140tt0p9v25c_ccs
  attention_accel_top
                     ZeroWireload          tcbn28hpcplusbwp12t30p140tt0p9v25c_ccs
  accel_regfile_HEAD_DIM64
                     ZeroWireload          tcbn28hpcplusbwp12t30p140tt0p9v25c_ccs

  Point                                                   Incr       Path
  --------------------------------------------------------------------------
  clock core_clk (rise edge)                            0.0000     0.0000
  clock network delay (ideal)                           0.0000     0.0000
  u_fused_array/g_stripe[1].u_stripe/ws_pv_q_reg/CP (DFCNQD1BWP12T30P140)
                                                        0.0000 #   0.0000 r
  u_fused_array/g_stripe[1].u_stripe/ws_pv_q_reg/Q (DFCNQD1BWP12T30P140)
                                                        0.0470     0.0470 r
  u_fused_array/g_stripe[1].u_stripe/U18476/ZN (INVD2BWP12T30P140)
                                                        0.0196     0.0666 f
  u_fused_array/g_stripe[1].u_stripe/U18602/Z (BUFFD1BWP12T30P140)
                                                        0.0430     0.1096 f
  u_fused_array/g_stripe[1].u_stripe/U18595/ZN (INVD1BWP12T30P140)
                                                        0.0492     0.1588 r
  u_fused_array/g_stripe[1].u_stripe/U18276/ZN (ND3D1BWP12T30P140)
                                                        0.0389     0.1977 f
  u_fused_array/g_stripe[1].u_stripe/U18211/ZN (INVD1BWP12T30P140)
                                                        0.0349     0.2326 r
  u_fused_array/g_stripe[1].u_stripe/U33727/ZN (OAI21D1BWP12T30P140)
                                                        0.0708     0.3034 f
  u_fused_array/g_stripe[1].u_stripe/U33728/ZN (INVD1BWP12T30P140)
                                                        0.0577     0.3611 r
  u_fused_array/g_stripe[1].u_stripe/U33729/ZN (AOI22D1BWP12T30P140)
                                                        0.0498     0.4110 f
  u_fused_array/g_stripe[1].u_stripe/U33730/ZN (INVD1BWP12T30P140)
                                                        0.0293     0.4403 r
  u_fused_array/g_stripe[1].u_stripe/U33731/ZN (AOI221D1BWP12T30P140)
                                                        0.0224     0.4627 f
  u_fused_array/g_stripe[1].u_stripe/U309/ZN (INVD0BWP12T30P140)
                                                        0.0462     0.5088 r
  u_fused_array/g_stripe[1].u_stripe/U178300/ZN (AOI221D1BWP12T30P140)
                                                        0.0159     0.5247 f
  u_fused_array/g_stripe[1].u_stripe/U178301/ZN (IAO21D1BWP12T30P140)
                                                        0.0231     0.5478 r
  u_fused_array/g_stripe[1].u_stripe/U178318/S (FA1D1BWP12T30P140)
                                                        0.0504     0.5982 f
  u_fused_array/g_stripe[1].u_stripe/U178313/S (FA1D1BWP12T30P140)
                                                        0.0551     0.6533 r
  u_fused_array/g_stripe[1].u_stripe/intadd_3098/U10/CO (FA1D1BWP12T30P140)
                                                        0.0261     0.6794 r
  u_fused_array/g_stripe[1].u_stripe/intadd_3098/U9/CO (FA1D1BWP12T30P140)
                                                        0.0236     0.7030 r
  u_fused_array/g_stripe[1].u_stripe/intadd_3098/U8/CO (FA1D1BWP12T30P140)
                                                        0.0236     0.7266 r
  u_fused_array/g_stripe[1].u_stripe/intadd_3098/U7/CO (FA1D1BWP12T30P140)
                                                        0.0236     0.7501 r
  u_fused_array/g_stripe[1].u_stripe/intadd_3098/U6/CO (FA1D1BWP12T30P140)
                                                        0.0236     0.7737 r
  u_fused_array/g_stripe[1].u_stripe/intadd_3098/U5/CO (FA1D1BWP12T30P140)
                                                        0.0236     0.7972 r
  u_fused_array/g_stripe[1].u_stripe/intadd_3098/U4/CO (FA1D1BWP12T30P140)
                                                        0.0236     0.8208 r
  u_fused_array/g_stripe[1].u_stripe/intadd_3098/U3/CO (FA1D1BWP12T30P140)
                                                        0.0236     0.8443 r
  u_fused_array/g_stripe[1].u_stripe/U257451/CO (FA1D1BWP12T30P140)
                                                        0.0241     0.8684 r
  u_fused_array/g_stripe[1].u_stripe/U5700/ZN (MAOI222D0BWP12T30P140)
                                                        0.0287     0.8971 f
  u_fused_array/g_stripe[1].u_stripe/U5484/ZN (MAOI222D0BWP12T30P140)
                                                        0.0315     0.9286 r
  u_fused_array/g_stripe[1].u_stripe/U5136/Z (CKAN2D0BWP12T30P140)
                                                        0.0198     0.9483 r
  u_fused_array/g_stripe[1].u_stripe/U33813/ZN (IAO21D1BWP12T30P140)
                                                        0.0227     0.9710 r
  u_fused_array/g_stripe[1].u_stripe/U198052/CO (FA1D1BWP12T30P140)
                                                        0.0264     0.9974 r
  u_fused_array/g_stripe[1].u_stripe/U4378/ZN (NR2D0BWP12T30P140)
                                                        0.0106     1.0080 f
  u_fused_array/g_stripe[1].u_stripe/U33815/ZN (OAI21D1BWP12T30P140)
                                                        0.0157     1.0236 r
  u_fused_array/g_stripe[1].u_stripe/U198054/CO (FA1D1BWP12T30P140)
                                                        0.0248     1.0485 r
  u_fused_array/g_stripe[1].u_stripe/U3558/ZN (INVD0BWP12T30P140)
                                                        0.0088     1.0572 f
  u_fused_array/g_stripe[1].u_stripe/U3481/ZN (AOI21D0BWP12T30P140)
                                                        0.0125     1.0698 r
  u_fused_array/g_stripe[1].u_stripe/U1862/ZN (AOI21D0BWP12T30P140)
                                                        0.1144     1.1842 f
  u_fused_array/g_stripe[1].u_stripe/intadd_2788/U9/CO (FA1D1BWP12T30P140)
                                                        0.0726     1.2568 f
  u_fused_array/g_stripe[1].u_stripe/intadd_2788/U8/CO (FA1D1BWP12T30P140)
                                                        0.0268     1.2837 f
  u_fused_array/g_stripe[1].u_stripe/intadd_2788/U7/CO (FA1D1BWP12T30P140)
                                                        0.0268     1.3105 f
  u_fused_array/g_stripe[1].u_stripe/intadd_2788/U6/CO (FA1D1BWP12T30P140)
                                                        0.0268     1.3373 f
  u_fused_array/g_stripe[1].u_stripe/intadd_2788/U5/CO (FA1D1BWP12T30P140)
                                                        0.0268     1.3642 f
  u_fused_array/g_stripe[1].u_stripe/intadd_2788/U4/CO (FA1D1BWP12T30P140)
                                                        0.0268     1.3910 f
  u_fused_array/g_stripe[1].u_stripe/intadd_2788/U3/CO (FA1D1BWP12T30P140)
                                                        0.0268     1.4179 f
  u_fused_array/g_stripe[1].u_stripe/U257450/CO (FA1D1BWP12T30P140)
                                                        0.0263     1.4441 f
  u_fused_array/g_stripe[1].u_stripe/U19313/ZN (XNR2D1BWP12T30P140)
                                                        0.0250     1.4691 r
  u_fused_array/g_stripe[1].u_stripe/U2558/ZN (OAI222D0BWP12T30P140)
                                                        0.0291     1.4982 f
  u_fused_array/g_stripe[1].u_stripe/g_pe_row[4].g_pe_col[5].u_pe/accum_q_reg[31]/D (DFQD1BWP12T30P140)
                                                        0.0000     1.4982 f
  data arrival time                                                1.4982

  clock core_clk (rise edge)                            1.6000     1.6000
  clock network delay (ideal)                           0.0000     1.6000
  clock uncertainty                                    -0.1000     1.5000
  u_fused_array/g_stripe[1].u_stripe/g_pe_row[4].g_pe_col[5].u_pe/accum_q_reg[31]/CP (DFQD1BWP12T30P140)
                                                        0.0000     1.5000 r
  library setup time                                   -0.0018     1.4982
  data required time                                               1.4982
  --------------------------------------------------------------------------
  data required time                                               1.4982
  data arrival time                                               -1.4982
  --------------------------------------------------------------------------
  slack (MET)                                                      0.0000


  Startpoint: u_normalizer/acc_s2_q_reg[208]
              (rising edge-triggered flip-flop clocked by core_clk)
  Endpoint: u_normalizer/g_lane[6].u_reciprocal_multiplier/hi_product_s1_q_reg[45]
            (rising edge-triggered flip-flop clocked by core_clk)
  Path Group: core_clk
  Path Type: max

  Des/Clust/Port     Wire Load Model       Library
  ------------------------------------------------
  fa_clear_replica_14
                     ZeroWireload          tcbn28hpcplusbwp12t30p140tt0p9v25c_ccs
  fa_clear_replica_13
                     ZeroWireload          tcbn28hpcplusbwp12t30p140tt0p9v25c_ccs
  fa_clear_replica_12
                     ZeroWireload          tcbn28hpcplusbwp12t30p140tt0p9v25c_ccs
  fa_clear_replica_11
                     ZeroWireload          tcbn28hpcplusbwp12t30p140tt0p9v25c_ccs
  fa_clear_replica_10
                     ZeroWireload          tcbn28hpcplusbwp12t30p140tt0p9v25c_ccs
  fa_clear_replica_9 ZeroWireload          tcbn28hpcplusbwp12t30p140tt0p9v25c_ccs
  fa_clear_replica_8 ZeroWireload          tcbn28hpcplusbwp12t30p140tt0p9v25c_ccs
  fa_clear_replica_7 ZeroWireload          tcbn28hpcplusbwp12t30p140tt0p9v25c_ccs
  fa_clear_replica_6 ZeroWireload          tcbn28hpcplusbwp12t30p140tt0p9v25c_ccs
  fa_clear_replica_5 ZeroWireload          tcbn28hpcplusbwp12t30p140tt0p9v25c_ccs
  fa_clear_replica_4 ZeroWireload          tcbn28hpcplusbwp12t30p140tt0p9v25c_ccs
  fa_clear_replica_3 ZeroWireload          tcbn28hpcplusbwp12t30p140tt0p9v25c_ccs
  fa_clear_replica_2 ZeroWireload          tcbn28hpcplusbwp12t30p140tt0p9v25c_ccs
  fa_clear_replica_1 ZeroWireload          tcbn28hpcplusbwp12t30p140tt0p9v25c_ccs
  fa_clear_replica_0 ZeroWireload          tcbn28hpcplusbwp12t30p140tt0p9v25c_ccs
  o_accumulator_bank_ROWS8_HEAD_DIM64_GROUP_SIZE32_DATA_W32_FEATURE_IDX_W6_1
                     ZeroWireload          tcbn28hpcplusbwp12t30p140tt0p9v25c_ccs
  o_accumulator_bank_ROWS8_HEAD_DIM64_GROUP_SIZE32_DATA_W32_FEATURE_IDX_W6_0
                     ZeroWireload          tcbn28hpcplusbwp12t30p140tt0p9v25c_ccs
  o_accumulator_bank_ROWS8_HEAD_DIM64_GROUP_SIZE32_DATA_W32_FEATURE_IDX_W6_2
                     ZeroWireload          tcbn28hpcplusbwp12t30p140tt0p9v25c_ccs
  o_accumulator_bank_ROWS8_HEAD_DIM64_GROUP_SIZE32_DATA_W32_FEATURE_IDX_W6_3
                     ZeroWireload          tcbn28hpcplusbwp12t30p140tt0p9v25c_ccs
  fa_clear_replica_15
                     ZeroWireload          tcbn28hpcplusbwp12t30p140tt0p9v25c_ccs
  fsa_stripe_STRIPE_ROWS8_COLS32_HEAD_DIM64_DATA_W8_SCORE_W32_PROB_W16_SUM_W32_TAG_W6_LOCAL_ROW_IDX_W3_0
                     ZeroWireload          tcbn28hpcplusbwp12t30p140tt0p9v25c_ccs
  fsa_stripe_STRIPE_ROWS8_COLS32_HEAD_DIM64_DATA_W8_SCORE_W32_PROB_W16_SUM_W32_TAG_W6_LOCAL_ROW_IDX_W3_1
                     ZeroWireload          tcbn28hpcplusbwp12t30p140tt0p9v25c_ccs
  fsa_stripe_STRIPE_ROWS8_COLS32_HEAD_DIM64_DATA_W8_SCORE_W32_PROB_W16_SUM_W32_TAG_W6_LOCAL_ROW_IDX_W3_2
                     ZeroWireload          tcbn28hpcplusbwp12t30p140tt0p9v25c_ccs
  fsa_stripe_STRIPE_ROWS8_COLS32_HEAD_DIM64_DATA_W8_SCORE_W32_PROB_W16_SUM_W32_TAG_W6_LOCAL_ROW_IDX_W3_3
                     ZeroWireload          tcbn28hpcplusbwp12t30p140tt0p9v25c_ccs
  fsa_delay_line_WIDTH38_DEPTH32
                     ZeroWireload          tcbn28hpcplusbwp12t30p140tt0p9v25c_ccs
  fsa_delay_line_WIDTH38_DEPTH31
                     ZeroWireload          tcbn28hpcplusbwp12t30p140tt0p9v25c_ccs
  fsa_delay_line_WIDTH38_DEPTH30
                     ZeroWireload          tcbn28hpcplusbwp12t30p140tt0p9v25c_ccs
  fsa_delay_line_WIDTH38_DEPTH29
                     ZeroWireload          tcbn28hpcplusbwp12t30p140tt0p9v25c_ccs
  fsa_delay_line_WIDTH38_DEPTH28
                     ZeroWireload          tcbn28hpcplusbwp12t30p140tt0p9v25c_ccs
  fsa_delay_line_WIDTH38_DEPTH27
                     ZeroWireload          tcbn28hpcplusbwp12t30p140tt0p9v25c_ccs
  fsa_delay_line_WIDTH38_DEPTH26
                     ZeroWireload          tcbn28hpcplusbwp12t30p140tt0p9v25c_ccs
  fsa_delay_line_WIDTH38_DEPTH25
                     ZeroWireload          tcbn28hpcplusbwp12t30p140tt0p9v25c_ccs
  fsa_delay_line_WIDTH38_DEPTH24
                     ZeroWireload          tcbn28hpcplusbwp12t30p140tt0p9v25c_ccs
  fsa_delay_line_WIDTH38_DEPTH23
                     ZeroWireload          tcbn28hpcplusbwp12t30p140tt0p9v25c_ccs
  fsa_delay_line_WIDTH38_DEPTH22
                     ZeroWireload          tcbn28hpcplusbwp12t30p140tt0p9v25c_ccs
  fsa_delay_line_WIDTH38_DEPTH21
                     ZeroWireload          tcbn28hpcplusbwp12t30p140tt0p9v25c_ccs
  fsa_delay_line_WIDTH38_DEPTH20
                     ZeroWireload          tcbn28hpcplusbwp12t30p140tt0p9v25c_ccs
  fsa_delay_line_WIDTH38_DEPTH19
                     ZeroWireload          tcbn28hpcplusbwp12t30p140tt0p9v25c_ccs
  fsa_delay_line_WIDTH38_DEPTH18
                     ZeroWireload          tcbn28hpcplusbwp12t30p140tt0p9v25c_ccs
  fsa_delay_line_WIDTH38_DEPTH17
                     ZeroWireload          tcbn28hpcplusbwp12t30p140tt0p9v25c_ccs
  fsa_delay_line_WIDTH38_DEPTH16
                     ZeroWireload          tcbn28hpcplusbwp12t30p140tt0p9v25c_ccs
  output_buffer_ROWS32_NORM_LANES8_HEAD_DIM64_OUT_W8_GROUP_SIZE32
                     ZeroWireload          tcbn28hpcplusbwp12t30p140tt0p9v25c_ccs
  online_normalizer_LANES8_ACC_W32_LSE_W32_OUT_W8_TAG_W8
                     ZeroWireload          tcbn28hpcplusbwp12t30p140tt0p9v25c_ccs
  fsa_fused_array_ROWS32_STRIPE_ROWS8_COLS32_DATA_W8_SCORE_W32_PROB_W16_ACC_W32_LSE_W32_HEAD_DIM64_FEATURE_IDX_W6
                     ZeroWireload          tcbn28hpcplusbwp12t30p140tt0p9v25c_ccs
  qkv_tile_cache_ADDR_W6
                     ZeroWireload          tcbn28hpcplusbwp12t30p140tt0p9v25c_ccs
  attention_accel_top
                     ZeroWireload          tcbn28hpcplusbwp12t30p140tt0p9v25c_ccs
  accel_regfile_HEAD_DIM64
                     ZeroWireload          tcbn28hpcplusbwp12t30p140tt0p9v25c_ccs

  Point                                                   Incr       Path
  --------------------------------------------------------------------------
  clock core_clk (rise edge)                            0.0000     0.0000
  clock network delay (ideal)                           0.0000     0.0000
  u_normalizer/acc_s2_q_reg[208]/CP (DFQD1BWP12T30P140)
                                                        0.0000 #   0.0000 r
  u_normalizer/acc_s2_q_reg[208]/Q (DFQD1BWP12T30P140)
                                                        0.0562     0.0562 f
  u_normalizer/U4528/ZN (INVD0BWP12T30P140)             0.0179     0.0740 r
  u_normalizer/U4529/ZN (NR2D1BWP12T30P140)             0.0277     0.1018 f
  u_normalizer/U4530/Z (BUFFD1BWP12T30P140)             0.0352     0.1370 f
  u_normalizer/U4578/ZN (AOI22D1BWP12T30P140)           0.0186     0.1556 r
  u_normalizer/U4579/ZN (OAI21D0BWP12T30P140)           0.0247     0.1803 f
  u_normalizer/U4580/ZN (ND2D1BWP12T30P140)             0.0200     0.2003 r
  u_normalizer/U4589/ZN (OAI211D1BWP12T30P140)          0.0224     0.2227 f
  u_normalizer/U4590/ZN (INVD0BWP12T30P140)             0.0122     0.2349 r
  u_normalizer/U4591/ZN (AOI21D1BWP12T30P140)           0.0115     0.2465 f
  u_normalizer/U31746/CO (FA1D0BWP12T30P140)            0.0322     0.2786 f
  u_normalizer/U4610/ZN (NR2D0BWP12T30P140)             0.0172     0.2958 r
  u_normalizer/U4611/ZN (AOI21D1BWP12T30P140)           0.0147     0.3105 f
  u_normalizer/U4614/ZN (MAOI222D1BWP12T30P140)         0.0256     0.3361 r
  u_normalizer/U4617/ZN (MAOI222D1BWP12T30P140)         0.0311     0.3672 f
  u_normalizer/U4619/ZN (MAOI222D1BWP12T30P140)         0.0289     0.3961 r
  u_normalizer/U4622/ZN (MAOI222D1BWP12T30P140)         0.0310     0.4271 f
  u_normalizer/U4624/ZN (MAOI222D1BWP12T30P140)         0.0289     0.4560 r
  u_normalizer/U4626/ZN (MAOI222D1BWP12T30P140)         0.0310     0.4870 f
  u_normalizer/U4627/ZN (MAOI222D1BWP12T30P140)         0.0289     0.5159 r
  u_normalizer/U4629/ZN (MAOI222D1BWP12T30P140)         0.0287     0.5445 f
  u_normalizer/U4630/ZN (MAOI222D1BWP12T30P140)         0.0288     0.5733 r
  u_normalizer/U4632/ZN (AOI21D1BWP12T30P140)           0.0136     0.5869 f
  u_normalizer/U4633/Z (OR2D1BWP12T30P140)              0.0200     0.6069 f
  u_normalizer/U204/ZN (NR2D0BWP12T30P140)              0.0130     0.6199 r
  u_normalizer/U3023/Z (OR2D1BWP12T30P140)              0.0177     0.6375 r
  u_normalizer/U4636/ZN (MAOI222D1BWP12T30P140)         0.0257     0.6632 f
  u_normalizer/U4637/ZN (MAOI222D1BWP12T30P140)         0.0289     0.6921 r
  u_normalizer/U4639/ZN (MAOI222D1BWP12T30P140)         0.0311     0.7232 f
  u_normalizer/U4640/ZN (MAOI222D1BWP12T30P140)         0.0291     0.7523 r
  u_normalizer/U2976/ZN (AOI21D1BWP12T30P140)           0.0134     0.7657 f
  u_normalizer/U4642/Z (OR2D2BWP12T30P140)              0.0198     0.7855 f
  u_normalizer/U4643/ZN (AOI21D1BWP12T30P140)           0.0094     0.7949 r
  u_normalizer/U3022/Z (OR2D1BWP12T30P140)              0.0164     0.8112 r
  u_normalizer/U4645/ZN (MAOI222D1BWP12T30P140)         0.0257     0.8369 f
  u_normalizer/U4646/ZN (MAOI222D1BWP12T30P140)         0.0289     0.8658 r
  u_normalizer/U4648/ZN (MAOI222D1BWP12T30P140)         0.0286     0.8943 f
  u_normalizer/U6/ZN (OAI22OPTPBD1BWP12T30P140)         0.0207     0.9150 r
  u_normalizer/U4651/ZN (AOI21D1BWP12T30P140)           0.0125     0.9275 f
  u_normalizer/U3021/Z (OR2D1BWP12T30P140)              0.0199     0.9474 f
  u_normalizer/U4652/ZN (MAOI222D1BWP12T30P140)         0.0223     0.9697 r
  u_normalizer/U4654/ZN (MAOI222D1BWP12T30P140)         0.0311     1.0008 f
  u_normalizer/U4655/ZN (MAOI222D1BWP12T30P140)         0.0289     1.0297 r
  u_normalizer/U4657/ZN (MAOI222D1BWP12T30P140)         0.0311     1.0608 f
  u_normalizer/U4658/ZN (MAOI222D1BWP12T30P140)         0.0289     1.0897 r
  u_normalizer/U4660/ZN (MAOI222D1BWP12T30P140)         0.0311     1.1208 f
  u_normalizer/U4661/ZN (MAOI222D1BWP12T30P140)         0.0289     1.1496 r
  u_normalizer/U4663/ZN (MAOI222D1BWP12T30P140)         0.0309     1.1805 f
  u_normalizer/U4664/ZN (OAI22D2BWP12T30P140)           0.0165     1.1970 r
  u_normalizer/U4667/ZN (AOI21D1BWP12T30P140)           0.0117     1.2087 f
  u_normalizer/U2660/Z (OR2D2BWP12T30P140)              0.0190     1.2277 f
  u_normalizer/U4668/ZN (MAOI222D1BWP12T30P140)         0.0212     1.2489 r
  u_normalizer/U4670/ZN (MAOI222D1BWP12T30P140)         0.0311     1.2800 f
  u_normalizer/U4671/ZN (MAOI222D1BWP12T30P140)         0.0289     1.3088 r
  u_normalizer/U4673/ZN (MAOI222D1BWP12T30P140)         0.0311     1.3399 f
  u_normalizer/U4674/ZN (MAOI222D1BWP12T30P140)         0.0289     1.3688 r
  u_normalizer/U4676/ZN (MAOI222D1BWP12T30P140)         0.0312     1.4000 f
  u_normalizer/U4677/ZN (MAOI222D1BWP12T30P140)         0.0246     1.4246 r
  u_normalizer/U4679/ZN (IND3D1BWP12T30P140)            0.0194     1.4440 r
  u_normalizer/U4680/ZN (ND2D1BWP12T30P140)             0.0124     1.4564 f
  u_normalizer/U4683/ZN (AOI21D1BWP12T30P140)           0.0123     1.4687 r
  u_normalizer/U4684/ZN (IOA21D1BWP12T30P140)           0.0098     1.4785 f
  u_normalizer/U434/ZN (OAI21D0BWP12T30P140)            0.0104     1.4889 r
  u_normalizer/g_lane[6].u_reciprocal_multiplier/hi_product_s1_q_reg[45]/D (DFQD1BWP12T30P140)
                                                        0.0000     1.4889 r
  data arrival time                                                1.4889

  clock core_clk (rise edge)                            1.6000     1.6000
  clock network delay (ideal)                           0.0000     1.6000
  clock uncertainty                                    -0.1000     1.5000
  u_normalizer/g_lane[6].u_reciprocal_multiplier/hi_product_s1_q_reg[45]/CP (DFQD1BWP12T30P140)
                                                        0.0000     1.5000 r
  library setup time                                   -0.0111     1.4889
  data required time                                               1.4889
  --------------------------------------------------------------------------
  data required time                                               1.4889
  data arrival time                                               -1.4889
  --------------------------------------------------------------------------
  slack (MET)                                                      0.0000


  Startpoint: u_normalizer/acc_s2_q_reg[208]
              (rising edge-triggered flip-flop clocked by core_clk)
  Endpoint: u_normalizer/g_lane[6].u_reciprocal_multiplier/hi_product_s1_q_reg[45]
            (rising edge-triggered flip-flop clocked by core_clk)
  Path Group: core_clk
  Path Type: max

  Des/Clust/Port     Wire Load Model       Library
  ------------------------------------------------
  fa_clear_replica_14
                     ZeroWireload          tcbn28hpcplusbwp12t30p140tt0p9v25c_ccs
  fa_clear_replica_13
                     ZeroWireload          tcbn28hpcplusbwp12t30p140tt0p9v25c_ccs
  fa_clear_replica_12
                     ZeroWireload          tcbn28hpcplusbwp12t30p140tt0p9v25c_ccs
  fa_clear_replica_11
                     ZeroWireload          tcbn28hpcplusbwp12t30p140tt0p9v25c_ccs
  fa_clear_replica_10
                     ZeroWireload          tcbn28hpcplusbwp12t30p140tt0p9v25c_ccs
  fa_clear_replica_9 ZeroWireload          tcbn28hpcplusbwp12t30p140tt0p9v25c_ccs
  fa_clear_replica_8 ZeroWireload          tcbn28hpcplusbwp12t30p140tt0p9v25c_ccs
  fa_clear_replica_7 ZeroWireload          tcbn28hpcplusbwp12t30p140tt0p9v25c_ccs
  fa_clear_replica_6 ZeroWireload          tcbn28hpcplusbwp12t30p140tt0p9v25c_ccs
  fa_clear_replica_5 ZeroWireload          tcbn28hpcplusbwp12t30p140tt0p9v25c_ccs
  fa_clear_replica_4 ZeroWireload          tcbn28hpcplusbwp12t30p140tt0p9v25c_ccs
  fa_clear_replica_3 ZeroWireload          tcbn28hpcplusbwp12t30p140tt0p9v25c_ccs
  fa_clear_replica_2 ZeroWireload          tcbn28hpcplusbwp12t30p140tt0p9v25c_ccs
  fa_clear_replica_1 ZeroWireload          tcbn28hpcplusbwp12t30p140tt0p9v25c_ccs
  fa_clear_replica_0 ZeroWireload          tcbn28hpcplusbwp12t30p140tt0p9v25c_ccs
  o_accumulator_bank_ROWS8_HEAD_DIM64_GROUP_SIZE32_DATA_W32_FEATURE_IDX_W6_1
                     ZeroWireload          tcbn28hpcplusbwp12t30p140tt0p9v25c_ccs
  o_accumulator_bank_ROWS8_HEAD_DIM64_GROUP_SIZE32_DATA_W32_FEATURE_IDX_W6_0
                     ZeroWireload          tcbn28hpcplusbwp12t30p140tt0p9v25c_ccs
  o_accumulator_bank_ROWS8_HEAD_DIM64_GROUP_SIZE32_DATA_W32_FEATURE_IDX_W6_2
                     ZeroWireload          tcbn28hpcplusbwp12t30p140tt0p9v25c_ccs
  o_accumulator_bank_ROWS8_HEAD_DIM64_GROUP_SIZE32_DATA_W32_FEATURE_IDX_W6_3
                     ZeroWireload          tcbn28hpcplusbwp12t30p140tt0p9v25c_ccs
  fa_clear_replica_15
                     ZeroWireload          tcbn28hpcplusbwp12t30p140tt0p9v25c_ccs
  fsa_stripe_STRIPE_ROWS8_COLS32_HEAD_DIM64_DATA_W8_SCORE_W32_PROB_W16_SUM_W32_TAG_W6_LOCAL_ROW_IDX_W3_0
                     ZeroWireload          tcbn28hpcplusbwp12t30p140tt0p9v25c_ccs
  fsa_stripe_STRIPE_ROWS8_COLS32_HEAD_DIM64_DATA_W8_SCORE_W32_PROB_W16_SUM_W32_TAG_W6_LOCAL_ROW_IDX_W3_1
                     ZeroWireload          tcbn28hpcplusbwp12t30p140tt0p9v25c_ccs
  fsa_stripe_STRIPE_ROWS8_COLS32_HEAD_DIM64_DATA_W8_SCORE_W32_PROB_W16_SUM_W32_TAG_W6_LOCAL_ROW_IDX_W3_2
                     ZeroWireload          tcbn28hpcplusbwp12t30p140tt0p9v25c_ccs
  fsa_stripe_STRIPE_ROWS8_COLS32_HEAD_DIM64_DATA_W8_SCORE_W32_PROB_W16_SUM_W32_TAG_W6_LOCAL_ROW_IDX_W3_3
                     ZeroWireload          tcbn28hpcplusbwp12t30p140tt0p9v25c_ccs
  fsa_delay_line_WIDTH38_DEPTH32
                     ZeroWireload          tcbn28hpcplusbwp12t30p140tt0p9v25c_ccs
  fsa_delay_line_WIDTH38_DEPTH31
                     ZeroWireload          tcbn28hpcplusbwp12t30p140tt0p9v25c_ccs
  fsa_delay_line_WIDTH38_DEPTH30
                     ZeroWireload          tcbn28hpcplusbwp12t30p140tt0p9v25c_ccs
  fsa_delay_line_WIDTH38_DEPTH29
                     ZeroWireload          tcbn28hpcplusbwp12t30p140tt0p9v25c_ccs
  fsa_delay_line_WIDTH38_DEPTH28
                     ZeroWireload          tcbn28hpcplusbwp12t30p140tt0p9v25c_ccs
  fsa_delay_line_WIDTH38_DEPTH27
                     ZeroWireload          tcbn28hpcplusbwp12t30p140tt0p9v25c_ccs
  fsa_delay_line_WIDTH38_DEPTH26
                     ZeroWireload          tcbn28hpcplusbwp12t30p140tt0p9v25c_ccs
  fsa_delay_line_WIDTH38_DEPTH25
                     ZeroWireload          tcbn28hpcplusbwp12t30p140tt0p9v25c_ccs
  fsa_delay_line_WIDTH38_DEPTH24
                     ZeroWireload          tcbn28hpcplusbwp12t30p140tt0p9v25c_ccs
  fsa_delay_line_WIDTH38_DEPTH23
                     ZeroWireload          tcbn28hpcplusbwp12t30p140tt0p9v25c_ccs
  fsa_delay_line_WIDTH38_DEPTH22
                     ZeroWireload          tcbn28hpcplusbwp12t30p140tt0p9v25c_ccs
  fsa_delay_line_WIDTH38_DEPTH21
                     ZeroWireload          tcbn28hpcplusbwp12t30p140tt0p9v25c_ccs
  fsa_delay_line_WIDTH38_DEPTH20
                     ZeroWireload          tcbn28hpcplusbwp12t30p140tt0p9v25c_ccs
  fsa_delay_line_WIDTH38_DEPTH19
                     ZeroWireload          tcbn28hpcplusbwp12t30p140tt0p9v25c_ccs
  fsa_delay_line_WIDTH38_DEPTH18
                     ZeroWireload          tcbn28hpcplusbwp12t30p140tt0p9v25c_ccs
  fsa_delay_line_WIDTH38_DEPTH17
                     ZeroWireload          tcbn28hpcplusbwp12t30p140tt0p9v25c_ccs
  fsa_delay_line_WIDTH38_DEPTH16
                     ZeroWireload          tcbn28hpcplusbwp12t30p140tt0p9v25c_ccs
  output_buffer_ROWS32_NORM_LANES8_HEAD_DIM64_OUT_W8_GROUP_SIZE32
                     ZeroWireload          tcbn28hpcplusbwp12t30p140tt0p9v25c_ccs
  online_normalizer_LANES8_ACC_W32_LSE_W32_OUT_W8_TAG_W8
                     ZeroWireload          tcbn28hpcplusbwp12t30p140tt0p9v25c_ccs
  fsa_fused_array_ROWS32_STRIPE_ROWS8_COLS32_DATA_W8_SCORE_W32_PROB_W16_ACC_W32_LSE_W32_HEAD_DIM64_FEATURE_IDX_W6
                     ZeroWireload          tcbn28hpcplusbwp12t30p140tt0p9v25c_ccs
  qkv_tile_cache_ADDR_W6
                     ZeroWireload          tcbn28hpcplusbwp12t30p140tt0p9v25c_ccs
  attention_accel_top
                     ZeroWireload          tcbn28hpcplusbwp12t30p140tt0p9v25c_ccs
  accel_regfile_HEAD_DIM64
                     ZeroWireload          tcbn28hpcplusbwp12t30p140tt0p9v25c_ccs

  Point                                                   Incr       Path
  --------------------------------------------------------------------------
  clock core_clk (rise edge)                            0.0000     0.0000
  clock network delay (ideal)                           0.0000     0.0000
  u_normalizer/acc_s2_q_reg[208]/CP (DFQD1BWP12T30P140)
                                                        0.0000 #   0.0000 r
  u_normalizer/acc_s2_q_reg[208]/Q (DFQD1BWP12T30P140)
                                                        0.0562     0.0562 f
  u_normalizer/U4528/ZN (INVD0BWP12T30P140)             0.0179     0.0740 r
  u_normalizer/U4529/ZN (NR2D1BWP12T30P140)             0.0277     0.1018 f
  u_normalizer/U4530/Z (BUFFD1BWP12T30P140)             0.0352     0.1370 f
  u_normalizer/U4578/ZN (AOI22D1BWP12T30P140)           0.0186     0.1556 r
  u_normalizer/U4579/ZN (OAI21D0BWP12T30P140)           0.0247     0.1803 f
  u_normalizer/U4580/ZN (ND2D1BWP12T30P140)             0.0200     0.2003 r
  u_normalizer/U4589/ZN (OAI211D1BWP12T30P140)          0.0224     0.2227 f
  u_normalizer/U4590/ZN (INVD0BWP12T30P140)             0.0122     0.2349 r
  u_normalizer/U4591/ZN (AOI21D1BWP12T30P140)           0.0115     0.2465 f
  u_normalizer/U31746/CO (FA1D0BWP12T30P140)            0.0322     0.2786 f
  u_normalizer/U4610/ZN (NR2D0BWP12T30P140)             0.0172     0.2958 r
  u_normalizer/U4611/ZN (AOI21D1BWP12T30P140)           0.0147     0.3105 f
  u_normalizer/U4614/ZN (MAOI222D1BWP12T30P140)         0.0256     0.3361 r
  u_normalizer/U4617/ZN (MAOI222D1BWP12T30P140)         0.0311     0.3672 f
  u_normalizer/U4619/ZN (MAOI222D1BWP12T30P140)         0.0289     0.3961 r
  u_normalizer/U4622/ZN (MAOI222D1BWP12T30P140)         0.0310     0.4271 f
  u_normalizer/U4624/ZN (MAOI222D1BWP12T30P140)         0.0289     0.4560 r
  u_normalizer/U4626/ZN (MAOI222D1BWP12T30P140)         0.0310     0.4870 f
  u_normalizer/U4627/ZN (MAOI222D1BWP12T30P140)         0.0289     0.5159 r
  u_normalizer/U4629/ZN (MAOI222D1BWP12T30P140)         0.0287     0.5445 f
  u_normalizer/U4630/ZN (MAOI222D1BWP12T30P140)         0.0288     0.5733 r
  u_normalizer/U4632/ZN (AOI21D1BWP12T30P140)           0.0136     0.5869 f
  u_normalizer/U4633/Z (OR2D1BWP12T30P140)              0.0200     0.6069 f
  u_normalizer/U204/ZN (NR2D0BWP12T30P140)              0.0130     0.6199 r
  u_normalizer/U3023/Z (OR2D1BWP12T30P140)              0.0177     0.6375 r
  u_normalizer/U4636/ZN (MAOI222D1BWP12T30P140)         0.0257     0.6632 f
  u_normalizer/U4637/ZN (MAOI222D1BWP12T30P140)         0.0289     0.6921 r
  u_normalizer/U4639/ZN (MAOI222D1BWP12T30P140)         0.0311     0.7232 f
  u_normalizer/U4640/ZN (MAOI222D1BWP12T30P140)         0.0291     0.7523 r
  u_normalizer/U2976/ZN (AOI21D1BWP12T30P140)           0.0134     0.7657 f
  u_normalizer/U4642/Z (OR2D2BWP12T30P140)              0.0198     0.7855 f
  u_normalizer/U4643/ZN (AOI21D1BWP12T30P140)           0.0094     0.7949 r
  u_normalizer/U3022/Z (OR2D1BWP12T30P140)              0.0164     0.8112 r
  u_normalizer/U4645/ZN (MAOI222D1BWP12T30P140)         0.0257     0.8369 f
  u_normalizer/U4646/ZN (MAOI222D1BWP12T30P140)         0.0289     0.8658 r
  u_normalizer/U4648/ZN (MAOI222D1BWP12T30P140)         0.0286     0.8943 f
  u_normalizer/U6/ZN (OAI22OPTPBD1BWP12T30P140)         0.0207     0.9150 r
  u_normalizer/U4651/ZN (AOI21D1BWP12T30P140)           0.0125     0.9275 f
  u_normalizer/U3021/Z (OR2D1BWP12T30P140)              0.0199     0.9474 f
  u_normalizer/U4652/ZN (MAOI222D1BWP12T30P140)         0.0223     0.9697 r
  u_normalizer/U4654/ZN (MAOI222D1BWP12T30P140)         0.0311     1.0008 f
  u_normalizer/U4655/ZN (MAOI222D1BWP12T30P140)         0.0289     1.0297 r
  u_normalizer/U4657/ZN (MAOI222D1BWP12T30P140)         0.0311     1.0608 f
  u_normalizer/U4658/ZN (MAOI222D1BWP12T30P140)         0.0289     1.0897 r
  u_normalizer/U4660/ZN (MAOI222D1BWP12T30P140)         0.0311     1.1208 f
  u_normalizer/U4661/ZN (MAOI222D1BWP12T30P140)         0.0289     1.1496 r
  u_normalizer/U4663/ZN (MAOI222D1BWP12T30P140)         0.0309     1.1805 f
  u_normalizer/U4664/ZN (OAI22D2BWP12T30P140)           0.0165     1.1970 r
  u_normalizer/U4667/ZN (AOI21D1BWP12T30P140)           0.0117     1.2087 f
  u_normalizer/U2660/Z (OR2D2BWP12T30P140)              0.0190     1.2277 f
  u_normalizer/U4668/ZN (MAOI222D1BWP12T30P140)         0.0212     1.2489 r
  u_normalizer/U4670/ZN (MAOI222D1BWP12T30P140)         0.0311     1.2800 f
  u_normalizer/U4671/ZN (MAOI222D1BWP12T30P140)         0.0289     1.3088 r
  u_normalizer/U4673/ZN (MAOI222D1BWP12T30P140)         0.0311     1.3399 f
  u_normalizer/U4674/ZN (MAOI222D1BWP12T30P140)         0.0289     1.3688 r
  u_normalizer/U4676/ZN (MAOI222D1BWP12T30P140)         0.0312     1.4000 f
  u_normalizer/U4677/ZN (MAOI222D1BWP12T30P140)         0.0246     1.4246 r
  u_normalizer/U4679/ZN (IND3D1BWP12T30P140)            0.0194     1.4440 r
  u_normalizer/U4680/ZN (ND2D1BWP12T30P140)             0.0124     1.4564 f
  u_normalizer/U4683/ZN (AOI21D1BWP12T30P140)           0.0123     1.4687 r
  u_normalizer/U4684/ZN (IOA21D1BWP12T30P140)           0.0098     1.4785 f
  u_normalizer/U434/ZN (OAI21D0BWP12T30P140)            0.0104     1.4889 r
  u_normalizer/g_lane[6].u_reciprocal_multiplier/hi_product_s1_q_reg[45]/D (DFQD1BWP12T30P140)
                                                        0.0000     1.4889 r
  data arrival time                                                1.4889

  clock core_clk (rise edge)                            1.6000     1.6000
  clock network delay (ideal)                           0.0000     1.6000
  clock uncertainty                                    -0.1000     1.5000
  u_normalizer/g_lane[6].u_reciprocal_multiplier/hi_product_s1_q_reg[45]/CP (DFQD1BWP12T30P140)
                                                        0.0000     1.5000 r
  library setup time                                   -0.0111     1.4889
  data required time                                               1.4889
  --------------------------------------------------------------------------
  data required time                                               1.4889
  data arrival time                                               -1.4889
  --------------------------------------------------------------------------
  slack (MET)                                                      0.0000


  Startpoint: u_normalizer/acc_s2_q_reg[208]
              (rising edge-triggered flip-flop clocked by core_clk)
  Endpoint: u_normalizer/g_lane[6].u_reciprocal_multiplier/hi_product_s1_q_reg[45]
            (rising edge-triggered flip-flop clocked by core_clk)
  Path Group: core_clk
  Path Type: max

  Des/Clust/Port     Wire Load Model       Library
  ------------------------------------------------
  fa_clear_replica_14
                     ZeroWireload          tcbn28hpcplusbwp12t30p140tt0p9v25c_ccs
  fa_clear_replica_13
                     ZeroWireload          tcbn28hpcplusbwp12t30p140tt0p9v25c_ccs
  fa_clear_replica_12
                     ZeroWireload          tcbn28hpcplusbwp12t30p140tt0p9v25c_ccs
  fa_clear_replica_11
                     ZeroWireload          tcbn28hpcplusbwp12t30p140tt0p9v25c_ccs
  fa_clear_replica_10
                     ZeroWireload          tcbn28hpcplusbwp12t30p140tt0p9v25c_ccs
  fa_clear_replica_9 ZeroWireload          tcbn28hpcplusbwp12t30p140tt0p9v25c_ccs
  fa_clear_replica_8 ZeroWireload          tcbn28hpcplusbwp12t30p140tt0p9v25c_ccs
  fa_clear_replica_7 ZeroWireload          tcbn28hpcplusbwp12t30p140tt0p9v25c_ccs
  fa_clear_replica_6 ZeroWireload          tcbn28hpcplusbwp12t30p140tt0p9v25c_ccs
  fa_clear_replica_5 ZeroWireload          tcbn28hpcplusbwp12t30p140tt0p9v25c_ccs
  fa_clear_replica_4 ZeroWireload          tcbn28hpcplusbwp12t30p140tt0p9v25c_ccs
  fa_clear_replica_3 ZeroWireload          tcbn28hpcplusbwp12t30p140tt0p9v25c_ccs
  fa_clear_replica_2 ZeroWireload          tcbn28hpcplusbwp12t30p140tt0p9v25c_ccs
  fa_clear_replica_1 ZeroWireload          tcbn28hpcplusbwp12t30p140tt0p9v25c_ccs
  fa_clear_replica_0 ZeroWireload          tcbn28hpcplusbwp12t30p140tt0p9v25c_ccs
  o_accumulator_bank_ROWS8_HEAD_DIM64_GROUP_SIZE32_DATA_W32_FEATURE_IDX_W6_1
                     ZeroWireload          tcbn28hpcplusbwp12t30p140tt0p9v25c_ccs
  o_accumulator_bank_ROWS8_HEAD_DIM64_GROUP_SIZE32_DATA_W32_FEATURE_IDX_W6_0
                     ZeroWireload          tcbn28hpcplusbwp12t30p140tt0p9v25c_ccs
  o_accumulator_bank_ROWS8_HEAD_DIM64_GROUP_SIZE32_DATA_W32_FEATURE_IDX_W6_2
                     ZeroWireload          tcbn28hpcplusbwp12t30p140tt0p9v25c_ccs
  o_accumulator_bank_ROWS8_HEAD_DIM64_GROUP_SIZE32_DATA_W32_FEATURE_IDX_W6_3
                     ZeroWireload          tcbn28hpcplusbwp12t30p140tt0p9v25c_ccs
  fa_clear_replica_15
                     ZeroWireload          tcbn28hpcplusbwp12t30p140tt0p9v25c_ccs
  fsa_stripe_STRIPE_ROWS8_COLS32_HEAD_DIM64_DATA_W8_SCORE_W32_PROB_W16_SUM_W32_TAG_W6_LOCAL_ROW_IDX_W3_0
                     ZeroWireload          tcbn28hpcplusbwp12t30p140tt0p9v25c_ccs
  fsa_stripe_STRIPE_ROWS8_COLS32_HEAD_DIM64_DATA_W8_SCORE_W32_PROB_W16_SUM_W32_TAG_W6_LOCAL_ROW_IDX_W3_1
                     ZeroWireload          tcbn28hpcplusbwp12t30p140tt0p9v25c_ccs
  fsa_stripe_STRIPE_ROWS8_COLS32_HEAD_DIM64_DATA_W8_SCORE_W32_PROB_W16_SUM_W32_TAG_W6_LOCAL_ROW_IDX_W3_2
                     ZeroWireload          tcbn28hpcplusbwp12t30p140tt0p9v25c_ccs
  fsa_stripe_STRIPE_ROWS8_COLS32_HEAD_DIM64_DATA_W8_SCORE_W32_PROB_W16_SUM_W32_TAG_W6_LOCAL_ROW_IDX_W3_3
                     ZeroWireload          tcbn28hpcplusbwp12t30p140tt0p9v25c_ccs
  fsa_delay_line_WIDTH38_DEPTH32
                     ZeroWireload          tcbn28hpcplusbwp12t30p140tt0p9v25c_ccs
  fsa_delay_line_WIDTH38_DEPTH31
                     ZeroWireload          tcbn28hpcplusbwp12t30p140tt0p9v25c_ccs
  fsa_delay_line_WIDTH38_DEPTH30
                     ZeroWireload          tcbn28hpcplusbwp12t30p140tt0p9v25c_ccs
  fsa_delay_line_WIDTH38_DEPTH29
                     ZeroWireload          tcbn28hpcplusbwp12t30p140tt0p9v25c_ccs
  fsa_delay_line_WIDTH38_DEPTH28
                     ZeroWireload          tcbn28hpcplusbwp12t30p140tt0p9v25c_ccs
  fsa_delay_line_WIDTH38_DEPTH27
                     ZeroWireload          tcbn28hpcplusbwp12t30p140tt0p9v25c_ccs
  fsa_delay_line_WIDTH38_DEPTH26
                     ZeroWireload          tcbn28hpcplusbwp12t30p140tt0p9v25c_ccs
  fsa_delay_line_WIDTH38_DEPTH25
                     ZeroWireload          tcbn28hpcplusbwp12t30p140tt0p9v25c_ccs
  fsa_delay_line_WIDTH38_DEPTH24
                     ZeroWireload          tcbn28hpcplusbwp12t30p140tt0p9v25c_ccs
  fsa_delay_line_WIDTH38_DEPTH23
                     ZeroWireload          tcbn28hpcplusbwp12t30p140tt0p9v25c_ccs
  fsa_delay_line_WIDTH38_DEPTH22
                     ZeroWireload          tcbn28hpcplusbwp12t30p140tt0p9v25c_ccs
  fsa_delay_line_WIDTH38_DEPTH21
                     ZeroWireload          tcbn28hpcplusbwp12t30p140tt0p9v25c_ccs
  fsa_delay_line_WIDTH38_DEPTH20
                     ZeroWireload          tcbn28hpcplusbwp12t30p140tt0p9v25c_ccs
  fsa_delay_line_WIDTH38_DEPTH19
                     ZeroWireload          tcbn28hpcplusbwp12t30p140tt0p9v25c_ccs
  fsa_delay_line_WIDTH38_DEPTH18
                     ZeroWireload          tcbn28hpcplusbwp12t30p140tt0p9v25c_ccs
  fsa_delay_line_WIDTH38_DEPTH17
                     ZeroWireload          tcbn28hpcplusbwp12t30p140tt0p9v25c_ccs
  fsa_delay_line_WIDTH38_DEPTH16
                     ZeroWireload          tcbn28hpcplusbwp12t30p140tt0p9v25c_ccs
  output_buffer_ROWS32_NORM_LANES8_HEAD_DIM64_OUT_W8_GROUP_SIZE32
                     ZeroWireload          tcbn28hpcplusbwp12t30p140tt0p9v25c_ccs
  online_normalizer_LANES8_ACC_W32_LSE_W32_OUT_W8_TAG_W8
                     ZeroWireload          tcbn28hpcplusbwp12t30p140tt0p9v25c_ccs
  fsa_fused_array_ROWS32_STRIPE_ROWS8_COLS32_DATA_W8_SCORE_W32_PROB_W16_ACC_W32_LSE_W32_HEAD_DIM64_FEATURE_IDX_W6
                     ZeroWireload          tcbn28hpcplusbwp12t30p140tt0p9v25c_ccs
  qkv_tile_cache_ADDR_W6
                     ZeroWireload          tcbn28hpcplusbwp12t30p140tt0p9v25c_ccs
  attention_accel_top
                     ZeroWireload          tcbn28hpcplusbwp12t30p140tt0p9v25c_ccs
  accel_regfile_HEAD_DIM64
                     ZeroWireload          tcbn28hpcplusbwp12t30p140tt0p9v25c_ccs

  Point                                                   Incr       Path
  --------------------------------------------------------------------------
  clock core_clk (rise edge)                            0.0000     0.0000
  clock network delay (ideal)                           0.0000     0.0000
  u_normalizer/acc_s2_q_reg[208]/CP (DFQD1BWP12T30P140)
                                                        0.0000 #   0.0000 r
  u_normalizer/acc_s2_q_reg[208]/Q (DFQD1BWP12T30P140)
                                                        0.0562     0.0562 f
  u_normalizer/U4528/ZN (INVD0BWP12T30P140)             0.0179     0.0740 r
  u_normalizer/U4529/ZN (NR2D1BWP12T30P140)             0.0277     0.1018 f
  u_normalizer/U4530/Z (BUFFD1BWP12T30P140)             0.0352     0.1370 f
  u_normalizer/U4578/ZN (AOI22D1BWP12T30P140)           0.0186     0.1556 r
  u_normalizer/U4579/ZN (OAI21D0BWP12T30P140)           0.0247     0.1803 f
  u_normalizer/U4580/ZN (ND2D1BWP12T30P140)             0.0200     0.2003 r
  u_normalizer/U4589/ZN (OAI211D1BWP12T30P140)          0.0224     0.2227 f
  u_normalizer/U4590/ZN (INVD0BWP12T30P140)             0.0122     0.2349 r
  u_normalizer/U4591/ZN (AOI21D1BWP12T30P140)           0.0115     0.2465 f
  u_normalizer/U31746/CO (FA1D0BWP12T30P140)            0.0322     0.2786 f
  u_normalizer/U4610/ZN (NR2D0BWP12T30P140)             0.0172     0.2958 r
  u_normalizer/U4611/ZN (AOI21D1BWP12T30P140)           0.0147     0.3105 f
  u_normalizer/U4614/ZN (MAOI222D1BWP12T30P140)         0.0256     0.3361 r
  u_normalizer/U4617/ZN (MAOI222D1BWP12T30P140)         0.0311     0.3672 f
  u_normalizer/U4619/ZN (MAOI222D1BWP12T30P140)         0.0289     0.3961 r
  u_normalizer/U4622/ZN (MAOI222D1BWP12T30P140)         0.0310     0.4271 f
  u_normalizer/U4624/ZN (MAOI222D1BWP12T30P140)         0.0289     0.4560 r
  u_normalizer/U4626/ZN (MAOI222D1BWP12T30P140)         0.0310     0.4870 f
  u_normalizer/U4627/ZN (MAOI222D1BWP12T30P140)         0.0289     0.5159 r
  u_normalizer/U4629/ZN (MAOI222D1BWP12T30P140)         0.0287     0.5445 f
  u_normalizer/U4630/ZN (MAOI222D1BWP12T30P140)         0.0288     0.5733 r
  u_normalizer/U4632/ZN (AOI21D1BWP12T30P140)           0.0136     0.5869 f
  u_normalizer/U4633/Z (OR2D1BWP12T30P140)              0.0200     0.6069 f
  u_normalizer/U204/ZN (NR2D0BWP12T30P140)              0.0130     0.6199 r
  u_normalizer/U3023/Z (OR2D1BWP12T30P140)              0.0177     0.6375 r
  u_normalizer/U4636/ZN (MAOI222D1BWP12T30P140)         0.0257     0.6632 f
  u_normalizer/U4637/ZN (MAOI222D1BWP12T30P140)         0.0289     0.6921 r
  u_normalizer/U4639/ZN (MAOI222D1BWP12T30P140)         0.0311     0.7232 f
  u_normalizer/U4640/ZN (MAOI222D1BWP12T30P140)         0.0291     0.7523 r
  u_normalizer/U2976/ZN (AOI21D1BWP12T30P140)           0.0134     0.7657 f
  u_normalizer/U4642/Z (OR2D2BWP12T30P140)              0.0198     0.7855 f
  u_normalizer/U4643/ZN (AOI21D1BWP12T30P140)           0.0094     0.7949 r
  u_normalizer/U3022/Z (OR2D1BWP12T30P140)              0.0164     0.8112 r
  u_normalizer/U4645/ZN (MAOI222D1BWP12T30P140)         0.0257     0.8369 f
  u_normalizer/U4646/ZN (MAOI222D1BWP12T30P140)         0.0289     0.8658 r
  u_normalizer/U4648/ZN (MAOI222D1BWP12T30P140)         0.0286     0.8943 f
  u_normalizer/U6/ZN (OAI22OPTPBD1BWP12T30P140)         0.0207     0.9150 r
  u_normalizer/U4651/ZN (AOI21D1BWP12T30P140)           0.0125     0.9275 f
  u_normalizer/U3021/Z (OR2D1BWP12T30P140)              0.0199     0.9474 f
  u_normalizer/U4652/ZN (MAOI222D1BWP12T30P140)         0.0223     0.9697 r
  u_normalizer/U4654/ZN (MAOI222D1BWP12T30P140)         0.0311     1.0008 f
  u_normalizer/U4655/ZN (MAOI222D1BWP12T30P140)         0.0289     1.0297 r
  u_normalizer/U4657/ZN (MAOI222D1BWP12T30P140)         0.0311     1.0608 f
  u_normalizer/U4658/ZN (MAOI222D1BWP12T30P140)         0.0289     1.0897 r
  u_normalizer/U4660/ZN (MAOI222D1BWP12T30P140)         0.0311     1.1208 f
  u_normalizer/U4661/ZN (MAOI222D1BWP12T30P140)         0.0289     1.1496 r
  u_normalizer/U4663/ZN (MAOI222D1BWP12T30P140)         0.0309     1.1805 f
  u_normalizer/U4664/ZN (OAI22D2BWP12T30P140)           0.0165     1.1970 r
  u_normalizer/U4667/ZN (AOI21D1BWP12T30P140)           0.0117     1.2087 f
  u_normalizer/U2660/Z (OR2D2BWP12T30P140)              0.0190     1.2277 f
  u_normalizer/U4668/ZN (MAOI222D1BWP12T30P140)         0.0212     1.2489 r
  u_normalizer/U4670/ZN (MAOI222D1BWP12T30P140)         0.0311     1.2800 f
  u_normalizer/U4671/ZN (MAOI222D1BWP12T30P140)         0.0289     1.3088 r
  u_normalizer/U4673/ZN (MAOI222D1BWP12T30P140)         0.0311     1.3399 f
  u_normalizer/U4674/ZN (MAOI222D1BWP12T30P140)         0.0289     1.3688 r
  u_normalizer/U4676/ZN (MAOI222D1BWP12T30P140)         0.0312     1.4000 f
  u_normalizer/U4677/ZN (MAOI222D1BWP12T30P140)         0.0246     1.4246 r
  u_normalizer/U4679/ZN (IND3D1BWP12T30P140)            0.0194     1.4440 r
  u_normalizer/U4680/ZN (ND2D1BWP12T30P140)             0.0124     1.4564 f
  u_normalizer/U4683/ZN (AOI21D1BWP12T30P140)           0.0123     1.4687 r
  u_normalizer/U4684/ZN (IOA21D1BWP12T30P140)           0.0098     1.4785 f
  u_normalizer/U434/ZN (OAI21D0BWP12T30P140)            0.0104     1.4889 r
  u_normalizer/g_lane[6].u_reciprocal_multiplier/hi_product_s1_q_reg[45]/D (DFQD1BWP12T30P140)
                                                        0.0000     1.4889 r
  data arrival time                                                1.4889

  clock core_clk (rise edge)                            1.6000     1.6000
  clock network delay (ideal)                           0.0000     1.6000
  clock uncertainty                                    -0.1000     1.5000
  u_normalizer/g_lane[6].u_reciprocal_multiplier/hi_product_s1_q_reg[45]/CP (DFQD1BWP12T30P140)
                                                        0.0000     1.5000 r
  library setup time                                   -0.0111     1.4889
  data required time                                               1.4889
  --------------------------------------------------------------------------
  data required time                                               1.4889
  data arrival time                                               -1.4889
  --------------------------------------------------------------------------
  slack (MET)                                                      0.0000


  Startpoint: u_fused_array/g_stripe[1].u_stripe/ws_pv_q_reg
              (rising edge-triggered flip-flop clocked by core_clk)
  Endpoint: u_fused_array/g_stripe[1].u_stripe/g_pe_row[6].g_pe_col[0].u_pe/accum_q_reg[31]
            (rising edge-triggered flip-flop clocked by core_clk)
  Path Group: core_clk
  Path Type: max

  Des/Clust/Port     Wire Load Model       Library
  ------------------------------------------------
  fa_clear_replica_14
                     ZeroWireload          tcbn28hpcplusbwp12t30p140tt0p9v25c_ccs
  fa_clear_replica_13
                     ZeroWireload          tcbn28hpcplusbwp12t30p140tt0p9v25c_ccs
  fa_clear_replica_12
                     ZeroWireload          tcbn28hpcplusbwp12t30p140tt0p9v25c_ccs
  fa_clear_replica_11
                     ZeroWireload          tcbn28hpcplusbwp12t30p140tt0p9v25c_ccs
  fa_clear_replica_10
                     ZeroWireload          tcbn28hpcplusbwp12t30p140tt0p9v25c_ccs
  fa_clear_replica_9 ZeroWireload          tcbn28hpcplusbwp12t30p140tt0p9v25c_ccs
  fa_clear_replica_8 ZeroWireload          tcbn28hpcplusbwp12t30p140tt0p9v25c_ccs
  fa_clear_replica_7 ZeroWireload          tcbn28hpcplusbwp12t30p140tt0p9v25c_ccs
  fa_clear_replica_6 ZeroWireload          tcbn28hpcplusbwp12t30p140tt0p9v25c_ccs
  fa_clear_replica_5 ZeroWireload          tcbn28hpcplusbwp12t30p140tt0p9v25c_ccs
  fa_clear_replica_4 ZeroWireload          tcbn28hpcplusbwp12t30p140tt0p9v25c_ccs
  fa_clear_replica_3 ZeroWireload          tcbn28hpcplusbwp12t30p140tt0p9v25c_ccs
  fa_clear_replica_2 ZeroWireload          tcbn28hpcplusbwp12t30p140tt0p9v25c_ccs
  fa_clear_replica_1 ZeroWireload          tcbn28hpcplusbwp12t30p140tt0p9v25c_ccs
  fa_clear_replica_0 ZeroWireload          tcbn28hpcplusbwp12t30p140tt0p9v25c_ccs
  o_accumulator_bank_ROWS8_HEAD_DIM64_GROUP_SIZE32_DATA_W32_FEATURE_IDX_W6_1
                     ZeroWireload          tcbn28hpcplusbwp12t30p140tt0p9v25c_ccs
  o_accumulator_bank_ROWS8_HEAD_DIM64_GROUP_SIZE32_DATA_W32_FEATURE_IDX_W6_0
                     ZeroWireload          tcbn28hpcplusbwp12t30p140tt0p9v25c_ccs
  o_accumulator_bank_ROWS8_HEAD_DIM64_GROUP_SIZE32_DATA_W32_FEATURE_IDX_W6_2
                     ZeroWireload          tcbn28hpcplusbwp12t30p140tt0p9v25c_ccs
  o_accumulator_bank_ROWS8_HEAD_DIM64_GROUP_SIZE32_DATA_W32_FEATURE_IDX_W6_3
                     ZeroWireload          tcbn28hpcplusbwp12t30p140tt0p9v25c_ccs
  fa_clear_replica_15
                     ZeroWireload          tcbn28hpcplusbwp12t30p140tt0p9v25c_ccs
  fsa_stripe_STRIPE_ROWS8_COLS32_HEAD_DIM64_DATA_W8_SCORE_W32_PROB_W16_SUM_W32_TAG_W6_LOCAL_ROW_IDX_W3_0
                     ZeroWireload          tcbn28hpcplusbwp12t30p140tt0p9v25c_ccs
  fsa_stripe_STRIPE_ROWS8_COLS32_HEAD_DIM64_DATA_W8_SCORE_W32_PROB_W16_SUM_W32_TAG_W6_LOCAL_ROW_IDX_W3_1
                     ZeroWireload          tcbn28hpcplusbwp12t30p140tt0p9v25c_ccs
  fsa_stripe_STRIPE_ROWS8_COLS32_HEAD_DIM64_DATA_W8_SCORE_W32_PROB_W16_SUM_W32_TAG_W6_LOCAL_ROW_IDX_W3_2
                     ZeroWireload          tcbn28hpcplusbwp12t30p140tt0p9v25c_ccs
  fsa_stripe_STRIPE_ROWS8_COLS32_HEAD_DIM64_DATA_W8_SCORE_W32_PROB_W16_SUM_W32_TAG_W6_LOCAL_ROW_IDX_W3_3
                     ZeroWireload          tcbn28hpcplusbwp12t30p140tt0p9v25c_ccs
  fsa_delay_line_WIDTH38_DEPTH32
                     ZeroWireload          tcbn28hpcplusbwp12t30p140tt0p9v25c_ccs
  fsa_delay_line_WIDTH38_DEPTH31
                     ZeroWireload          tcbn28hpcplusbwp12t30p140tt0p9v25c_ccs
  fsa_delay_line_WIDTH38_DEPTH30
                     ZeroWireload          tcbn28hpcplusbwp12t30p140tt0p9v25c_ccs
  fsa_delay_line_WIDTH38_DEPTH29
                     ZeroWireload          tcbn28hpcplusbwp12t30p140tt0p9v25c_ccs
  fsa_delay_line_WIDTH38_DEPTH28
                     ZeroWireload          tcbn28hpcplusbwp12t30p140tt0p9v25c_ccs
  fsa_delay_line_WIDTH38_DEPTH27
                     ZeroWireload          tcbn28hpcplusbwp12t30p140tt0p9v25c_ccs
  fsa_delay_line_WIDTH38_DEPTH26
                     ZeroWireload          tcbn28hpcplusbwp12t30p140tt0p9v25c_ccs
  fsa_delay_line_WIDTH38_DEPTH25
                     ZeroWireload          tcbn28hpcplusbwp12t30p140tt0p9v25c_ccs
  fsa_delay_line_WIDTH38_DEPTH24
                     ZeroWireload          tcbn28hpcplusbwp12t30p140tt0p9v25c_ccs
  fsa_delay_line_WIDTH38_DEPTH23
                     ZeroWireload          tcbn28hpcplusbwp12t30p140tt0p9v25c_ccs
  fsa_delay_line_WIDTH38_DEPTH22
                     ZeroWireload          tcbn28hpcplusbwp12t30p140tt0p9v25c_ccs
  fsa_delay_line_WIDTH38_DEPTH21
                     ZeroWireload          tcbn28hpcplusbwp12t30p140tt0p9v25c_ccs
  fsa_delay_line_WIDTH38_DEPTH20
                     ZeroWireload          tcbn28hpcplusbwp12t30p140tt0p9v25c_ccs
  fsa_delay_line_WIDTH38_DEPTH19
                     ZeroWireload          tcbn28hpcplusbwp12t30p140tt0p9v25c_ccs
  fsa_delay_line_WIDTH38_DEPTH18
                     ZeroWireload          tcbn28hpcplusbwp12t30p140tt0p9v25c_ccs
  fsa_delay_line_WIDTH38_DEPTH17
                     ZeroWireload          tcbn28hpcplusbwp12t30p140tt0p9v25c_ccs
  fsa_delay_line_WIDTH38_DEPTH16
                     ZeroWireload          tcbn28hpcplusbwp12t30p140tt0p9v25c_ccs
  output_buffer_ROWS32_NORM_LANES8_HEAD_DIM64_OUT_W8_GROUP_SIZE32
                     ZeroWireload          tcbn28hpcplusbwp12t30p140tt0p9v25c_ccs
  online_normalizer_LANES8_ACC_W32_LSE_W32_OUT_W8_TAG_W8
                     ZeroWireload          tcbn28hpcplusbwp12t30p140tt0p9v25c_ccs
  fsa_fused_array_ROWS32_STRIPE_ROWS8_COLS32_DATA_W8_SCORE_W32_PROB_W16_ACC_W32_LSE_W32_HEAD_DIM64_FEATURE_IDX_W6
                     ZeroWireload          tcbn28hpcplusbwp12t30p140tt0p9v25c_ccs
  qkv_tile_cache_ADDR_W6
                     ZeroWireload          tcbn28hpcplusbwp12t30p140tt0p9v25c_ccs
  attention_accel_top
                     ZeroWireload          tcbn28hpcplusbwp12t30p140tt0p9v25c_ccs
  accel_regfile_HEAD_DIM64
                     ZeroWireload          tcbn28hpcplusbwp12t30p140tt0p9v25c_ccs

  Point                                                   Incr       Path
  --------------------------------------------------------------------------
  clock core_clk (rise edge)                            0.0000     0.0000
  clock network delay (ideal)                           0.0000     0.0000
  u_fused_array/g_stripe[1].u_stripe/ws_pv_q_reg/CP (DFCNQD1BWP12T30P140)
                                                        0.0000 #   0.0000 r
  u_fused_array/g_stripe[1].u_stripe/ws_pv_q_reg/Q (DFCNQD1BWP12T30P140)
                                                        0.0470     0.0470 r
  u_fused_array/g_stripe[1].u_stripe/U18476/ZN (INVD2BWP12T30P140)
                                                        0.0196     0.0666 f
  u_fused_array/g_stripe[1].u_stripe/U18602/Z (BUFFD1BWP12T30P140)
                                                        0.0430     0.1096 f
  u_fused_array/g_stripe[1].u_stripe/U18596/ZN (INVD1BWP12T30P140)
                                                        0.0492     0.1588 r
  u_fused_array/g_stripe[1].u_stripe/U18307/ZN (ND3D1BWP12T30P140)
                                                        0.0402     0.1990 f
  u_fused_array/g_stripe[1].u_stripe/U18195/ZN (ND2D0BWP12T30P140)
                                                        0.0245     0.2235 r
  u_fused_array/g_stripe[1].u_stripe/U17925/ZN (ND2D1BWP12T30P140)
                                                        0.0609     0.2844 f
  u_fused_array/g_stripe[1].u_stripe/U23886/ZN (INVD1BWP12T30P140)
                                                        0.0549     0.3394 r
  u_fused_array/g_stripe[1].u_stripe/U23887/ZN (AOI22D1BWP12T30P140)
                                                        0.0484     0.3877 f
  u_fused_array/g_stripe[1].u_stripe/U674/ZN (INVD0BWP12T30P140)
                                                        0.0402     0.4279 r
  u_fused_array/g_stripe[1].u_stripe/U23888/ZN (AOI221D1BWP12T30P140)
                                                        0.0254     0.4533 f
  u_fused_array/g_stripe[1].u_stripe/U23940/ZN (INVD1BWP12T30P140)
                                                        0.0298     0.4831 r
  u_fused_array/g_stripe[1].u_stripe/U159636/ZN (AOI221D1BWP12T30P140)
                                                        0.0139     0.4970 f
  u_fused_array/g_stripe[1].u_stripe/U159637/ZN (IAO21D1BWP12T30P140)
                                                        0.0197     0.5167 r
  u_fused_array/g_stripe[1].u_stripe/U11746/S (FA1D0BWP12T30P140)
                                                        0.0565     0.5732 f
  u_fused_array/g_stripe[1].u_stripe/U8342/S (FA1D0BWP12T30P140)
                                                        0.0577     0.6309 r
  u_fused_array/g_stripe[1].u_stripe/intadd_2990/U10/CO (FA1D0BWP12T30P140)
                                                        0.0357     0.6666 r
  u_fused_array/g_stripe[1].u_stripe/intadd_2990/U9/CO (FA1D1BWP12T30P140)
                                                        0.0253     0.6919 r
  u_fused_array/g_stripe[1].u_stripe/intadd_2990/U8/CO (FA1D1BWP12T30P140)
                                                        0.0236     0.7155 r
  u_fused_array/g_stripe[1].u_stripe/intadd_2990/U7/CO (FA1D1BWP12T30P140)
                                                        0.0236     0.7391 r
  u_fused_array/g_stripe[1].u_stripe/intadd_2990/U6/CO (FA1D1BWP12T30P140)
                                                        0.0236     0.7626 r
  u_fused_array/g_stripe[1].u_stripe/intadd_2990/U5/CO (FA1D1BWP12T30P140)
                                                        0.0236     0.7862 r
  u_fused_array/g_stripe[1].u_stripe/intadd_2990/U4/CO (FA1D1BWP12T30P140)
                                                        0.0236     0.8097 r
  u_fused_array/g_stripe[1].u_stripe/intadd_2990/U3/CO (FA1D1BWP12T30P140)
                                                        0.0236     0.8333 r
  u_fused_array/g_stripe[1].u_stripe/U257237/CO (FA1D1BWP12T30P140)
                                                        0.0241     0.8573 r
  u_fused_array/g_stripe[1].u_stripe/U5697/ZN (MAOI222D0BWP12T30P140)
                                                        0.0287     0.8860 f
  u_fused_array/g_stripe[1].u_stripe/U5556/ZN (MAOI222D0BWP12T30P140)
                                                        0.0315     0.9175 r
  u_fused_array/g_stripe[1].u_stripe/U5062/Z (CKAN2D0BWP12T30P140)
                                                        0.0198     0.9372 r
  u_fused_array/g_stripe[1].u_stripe/U23971/ZN (IAO21D1BWP12T30P140)
                                                        0.0227     0.9599 r
  u_fused_array/g_stripe[1].u_stripe/U197748/CO (FA1D1BWP12T30P140)
                                                        0.0264     0.9863 r
  u_fused_array/g_stripe[1].u_stripe/U4605/ZN (NR2D0BWP12T30P140)
                                                        0.0098     0.9961 f
  u_fused_array/g_stripe[1].u_stripe/U4221/ZN (OAI21D0BWP12T30P140)
                                                        0.0198     1.0158 r
  u_fused_array/g_stripe[1].u_stripe/U3935/CO (FA1D0BWP12T30P140)
                                                        0.0339     1.0497 r
  u_fused_array/g_stripe[1].u_stripe/U3613/ZN (INVD0BWP12T30P140)
                                                        0.0098     1.0595 f
  u_fused_array/g_stripe[1].u_stripe/U3237/ZN (AOI21D0BWP12T30P140)
                                                        0.0128     1.0723 r
  u_fused_array/g_stripe[1].u_stripe/U1800/ZN (AOI21D0BWP12T30P140)
                                                        0.1144     1.1867 f
  u_fused_array/g_stripe[1].u_stripe/intadd_2634/U9/CO (FA1D1BWP12T30P140)
                                                        0.0726     1.2593 f
  u_fused_array/g_stripe[1].u_stripe/intadd_2634/U8/CO (FA1D1BWP12T30P140)
                                                        0.0268     1.2862 f
  u_fused_array/g_stripe[1].u_stripe/intadd_2634/U7/CO (FA1D1BWP12T30P140)
                                                        0.0268     1.3130 f
  u_fused_array/g_stripe[1].u_stripe/intadd_2634/U6/CO (FA1D1BWP12T30P140)
                                                        0.0268     1.3398 f
  u_fused_array/g_stripe[1].u_stripe/intadd_2634/U5/CO (FA1D1BWP12T30P140)
                                                        0.0268     1.3667 f
  u_fused_array/g_stripe[1].u_stripe/intadd_2634/U4/CO (FA1D1BWP12T30P140)
                                                        0.0268     1.3935 f
  u_fused_array/g_stripe[1].u_stripe/intadd_2634/U3/CO (FA1D1BWP12T30P140)
                                                        0.0268     1.4204 f
  u_fused_array/g_stripe[1].u_stripe/U257236/CO (FA1D1BWP12T30P140)
                                                        0.0263     1.4466 f
  u_fused_array/g_stripe[1].u_stripe/U19270/ZN (XNR2D1BWP12T30P140)
                                                        0.0249     1.4716 r
  u_fused_array/g_stripe[1].u_stripe/U2822/ZN (OAI222D0BWP12T30P140)
                                                        0.0265     1.4980 f
  u_fused_array/g_stripe[1].u_stripe/g_pe_row[6].g_pe_col[0].u_pe/accum_q_reg[31]/D (DFQD1BWP12T30P140)
                                                        0.0000     1.4980 f
  data arrival time                                                1.4980

  clock core_clk (rise edge)                            1.6000     1.6000
  clock network delay (ideal)                           0.0000     1.6000
  clock uncertainty                                    -0.1000     1.5000
  u_fused_array/g_stripe[1].u_stripe/g_pe_row[6].g_pe_col[0].u_pe/accum_q_reg[31]/CP (DFQD1BWP12T30P140)
                                                        0.0000     1.5000 r
  library setup time                                   -0.0019     1.4981
  data required time                                               1.4981
  --------------------------------------------------------------------------
  data required time                                               1.4981
  data arrival time                                               -1.4980
  --------------------------------------------------------------------------
  slack (MET)                                                      0.0000


  Startpoint: u_fused_array/g_stripe[1].u_stripe/ws_pv_q_reg
              (rising edge-triggered flip-flop clocked by core_clk)
  Endpoint: u_fused_array/g_stripe[1].u_stripe/g_pe_row[6].g_pe_col[0].u_pe/accum_q_reg[31]
            (rising edge-triggered flip-flop clocked by core_clk)
  Path Group: core_clk
  Path Type: max

  Des/Clust/Port     Wire Load Model       Library
  ------------------------------------------------
  fa_clear_replica_14
                     ZeroWireload          tcbn28hpcplusbwp12t30p140tt0p9v25c_ccs
  fa_clear_replica_13
                     ZeroWireload          tcbn28hpcplusbwp12t30p140tt0p9v25c_ccs
  fa_clear_replica_12
                     ZeroWireload          tcbn28hpcplusbwp12t30p140tt0p9v25c_ccs
  fa_clear_replica_11
                     ZeroWireload          tcbn28hpcplusbwp12t30p140tt0p9v25c_ccs
  fa_clear_replica_10
                     ZeroWireload          tcbn28hpcplusbwp12t30p140tt0p9v25c_ccs
  fa_clear_replica_9 ZeroWireload          tcbn28hpcplusbwp12t30p140tt0p9v25c_ccs
  fa_clear_replica_8 ZeroWireload          tcbn28hpcplusbwp12t30p140tt0p9v25c_ccs
  fa_clear_replica_7 ZeroWireload          tcbn28hpcplusbwp12t30p140tt0p9v25c_ccs
  fa_clear_replica_6 ZeroWireload          tcbn28hpcplusbwp12t30p140tt0p9v25c_ccs
  fa_clear_replica_5 ZeroWireload          tcbn28hpcplusbwp12t30p140tt0p9v25c_ccs
  fa_clear_replica_4 ZeroWireload          tcbn28hpcplusbwp12t30p140tt0p9v25c_ccs
  fa_clear_replica_3 ZeroWireload          tcbn28hpcplusbwp12t30p140tt0p9v25c_ccs
  fa_clear_replica_2 ZeroWireload          tcbn28hpcplusbwp12t30p140tt0p9v25c_ccs
  fa_clear_replica_1 ZeroWireload          tcbn28hpcplusbwp12t30p140tt0p9v25c_ccs
  fa_clear_replica_0 ZeroWireload          tcbn28hpcplusbwp12t30p140tt0p9v25c_ccs
  o_accumulator_bank_ROWS8_HEAD_DIM64_GROUP_SIZE32_DATA_W32_FEATURE_IDX_W6_1
                     ZeroWireload          tcbn28hpcplusbwp12t30p140tt0p9v25c_ccs
  o_accumulator_bank_ROWS8_HEAD_DIM64_GROUP_SIZE32_DATA_W32_FEATURE_IDX_W6_0
                     ZeroWireload          tcbn28hpcplusbwp12t30p140tt0p9v25c_ccs
  o_accumulator_bank_ROWS8_HEAD_DIM64_GROUP_SIZE32_DATA_W32_FEATURE_IDX_W6_2
                     ZeroWireload          tcbn28hpcplusbwp12t30p140tt0p9v25c_ccs
  o_accumulator_bank_ROWS8_HEAD_DIM64_GROUP_SIZE32_DATA_W32_FEATURE_IDX_W6_3
                     ZeroWireload          tcbn28hpcplusbwp12t30p140tt0p9v25c_ccs
  fa_clear_replica_15
                     ZeroWireload          tcbn28hpcplusbwp12t30p140tt0p9v25c_ccs
  fsa_stripe_STRIPE_ROWS8_COLS32_HEAD_DIM64_DATA_W8_SCORE_W32_PROB_W16_SUM_W32_TAG_W6_LOCAL_ROW_IDX_W3_0
                     ZeroWireload          tcbn28hpcplusbwp12t30p140tt0p9v25c_ccs
  fsa_stripe_STRIPE_ROWS8_COLS32_HEAD_DIM64_DATA_W8_SCORE_W32_PROB_W16_SUM_W32_TAG_W6_LOCAL_ROW_IDX_W3_1
                     ZeroWireload          tcbn28hpcplusbwp12t30p140tt0p9v25c_ccs
  fsa_stripe_STRIPE_ROWS8_COLS32_HEAD_DIM64_DATA_W8_SCORE_W32_PROB_W16_SUM_W32_TAG_W6_LOCAL_ROW_IDX_W3_2
                     ZeroWireload          tcbn28hpcplusbwp12t30p140tt0p9v25c_ccs
  fsa_stripe_STRIPE_ROWS8_COLS32_HEAD_DIM64_DATA_W8_SCORE_W32_PROB_W16_SUM_W32_TAG_W6_LOCAL_ROW_IDX_W3_3
                     ZeroWireload          tcbn28hpcplusbwp12t30p140tt0p9v25c_ccs
  fsa_delay_line_WIDTH38_DEPTH32
                     ZeroWireload          tcbn28hpcplusbwp12t30p140tt0p9v25c_ccs
  fsa_delay_line_WIDTH38_DEPTH31
                     ZeroWireload          tcbn28hpcplusbwp12t30p140tt0p9v25c_ccs
  fsa_delay_line_WIDTH38_DEPTH30
                     ZeroWireload          tcbn28hpcplusbwp12t30p140tt0p9v25c_ccs
  fsa_delay_line_WIDTH38_DEPTH29
                     ZeroWireload          tcbn28hpcplusbwp12t30p140tt0p9v25c_ccs
  fsa_delay_line_WIDTH38_DEPTH28
                     ZeroWireload          tcbn28hpcplusbwp12t30p140tt0p9v25c_ccs
  fsa_delay_line_WIDTH38_DEPTH27
                     ZeroWireload          tcbn28hpcplusbwp12t30p140tt0p9v25c_ccs
  fsa_delay_line_WIDTH38_DEPTH26
                     ZeroWireload          tcbn28hpcplusbwp12t30p140tt0p9v25c_ccs
  fsa_delay_line_WIDTH38_DEPTH25
                     ZeroWireload          tcbn28hpcplusbwp12t30p140tt0p9v25c_ccs
  fsa_delay_line_WIDTH38_DEPTH24
                     ZeroWireload          tcbn28hpcplusbwp12t30p140tt0p9v25c_ccs
  fsa_delay_line_WIDTH38_DEPTH23
                     ZeroWireload          tcbn28hpcplusbwp12t30p140tt0p9v25c_ccs
  fsa_delay_line_WIDTH38_DEPTH22
                     ZeroWireload          tcbn28hpcplusbwp12t30p140tt0p9v25c_ccs
  fsa_delay_line_WIDTH38_DEPTH21
                     ZeroWireload          tcbn28hpcplusbwp12t30p140tt0p9v25c_ccs
  fsa_delay_line_WIDTH38_DEPTH20
                     ZeroWireload          tcbn28hpcplusbwp12t30p140tt0p9v25c_ccs
  fsa_delay_line_WIDTH38_DEPTH19
                     ZeroWireload          tcbn28hpcplusbwp12t30p140tt0p9v25c_ccs
  fsa_delay_line_WIDTH38_DEPTH18
                     ZeroWireload          tcbn28hpcplusbwp12t30p140tt0p9v25c_ccs
  fsa_delay_line_WIDTH38_DEPTH17
                     ZeroWireload          tcbn28hpcplusbwp12t30p140tt0p9v25c_ccs
  fsa_delay_line_WIDTH38_DEPTH16
                     ZeroWireload          tcbn28hpcplusbwp12t30p140tt0p9v25c_ccs
  output_buffer_ROWS32_NORM_LANES8_HEAD_DIM64_OUT_W8_GROUP_SIZE32
                     ZeroWireload          tcbn28hpcplusbwp12t30p140tt0p9v25c_ccs
  online_normalizer_LANES8_ACC_W32_LSE_W32_OUT_W8_TAG_W8
                     ZeroWireload          tcbn28hpcplusbwp12t30p140tt0p9v25c_ccs
  fsa_fused_array_ROWS32_STRIPE_ROWS8_COLS32_DATA_W8_SCORE_W32_PROB_W16_ACC_W32_LSE_W32_HEAD_DIM64_FEATURE_IDX_W6
                     ZeroWireload          tcbn28hpcplusbwp12t30p140tt0p9v25c_ccs
  qkv_tile_cache_ADDR_W6
                     ZeroWireload          tcbn28hpcplusbwp12t30p140tt0p9v25c_ccs
  attention_accel_top
                     ZeroWireload          tcbn28hpcplusbwp12t30p140tt0p9v25c_ccs
  accel_regfile_HEAD_DIM64
                     ZeroWireload          tcbn28hpcplusbwp12t30p140tt0p9v25c_ccs

  Point                                                   Incr       Path
  --------------------------------------------------------------------------
  clock core_clk (rise edge)                            0.0000     0.0000
  clock network delay (ideal)                           0.0000     0.0000
  u_fused_array/g_stripe[1].u_stripe/ws_pv_q_reg/CP (DFCNQD1BWP12T30P140)
                                                        0.0000 #   0.0000 r
  u_fused_array/g_stripe[1].u_stripe/ws_pv_q_reg/Q (DFCNQD1BWP12T30P140)
                                                        0.0470     0.0470 r
  u_fused_array/g_stripe[1].u_stripe/U18476/ZN (INVD2BWP12T30P140)
                                                        0.0196     0.0666 f
  u_fused_array/g_stripe[1].u_stripe/U18602/Z (BUFFD1BWP12T30P140)
                                                        0.0430     0.1096 f
  u_fused_array/g_stripe[1].u_stripe/U18596/ZN (INVD1BWP12T30P140)
                                                        0.0492     0.1588 r
  u_fused_array/g_stripe[1].u_stripe/U18307/ZN (ND3D1BWP12T30P140)
                                                        0.0402     0.1990 f
  u_fused_array/g_stripe[1].u_stripe/U18195/ZN (ND2D0BWP12T30P140)
                                                        0.0245     0.2235 r
  u_fused_array/g_stripe[1].u_stripe/U17925/ZN (ND2D1BWP12T30P140)
                                                        0.0609     0.2844 f
  u_fused_array/g_stripe[1].u_stripe/U23886/ZN (INVD1BWP12T30P140)
                                                        0.0549     0.3394 r
  u_fused_array/g_stripe[1].u_stripe/U23887/ZN (AOI22D1BWP12T30P140)
                                                        0.0484     0.3877 f
  u_fused_array/g_stripe[1].u_stripe/U674/ZN (INVD0BWP12T30P140)
                                                        0.0402     0.4279 r
  u_fused_array/g_stripe[1].u_stripe/U23888/ZN (AOI221D1BWP12T30P140)
                                                        0.0254     0.4533 f
  u_fused_array/g_stripe[1].u_stripe/U23940/ZN (INVD1BWP12T30P140)
                                                        0.0298     0.4831 r
  u_fused_array/g_stripe[1].u_stripe/U159636/ZN (AOI221D1BWP12T30P140)
                                                        0.0139     0.4970 f
  u_fused_array/g_stripe[1].u_stripe/U159637/ZN (IAO21D1BWP12T30P140)
                                                        0.0197     0.5167 r
  u_fused_array/g_stripe[1].u_stripe/U11746/S (FA1D0BWP12T30P140)
                                                        0.0565     0.5732 f
  u_fused_array/g_stripe[1].u_stripe/U8342/S (FA1D0BWP12T30P140)
                                                        0.0577     0.6309 r
  u_fused_array/g_stripe[1].u_stripe/intadd_2990/U10/CO (FA1D0BWP12T30P140)
                                                        0.0357     0.6666 r
  u_fused_array/g_stripe[1].u_stripe/intadd_2990/U9/CO (FA1D1BWP12T30P140)
                                                        0.0253     0.6919 r
  u_fused_array/g_stripe[1].u_stripe/intadd_2990/U8/CO (FA1D1BWP12T30P140)
                                                        0.0236     0.7155 r
  u_fused_array/g_stripe[1].u_stripe/intadd_2990/U7/CO (FA1D1BWP12T30P140)
                                                        0.0236     0.7390 r
  u_fused_array/g_stripe[1].u_stripe/intadd_2990/U6/CO (FA1D1BWP12T30P140)
                                                        0.0236     0.7626 r
  u_fused_array/g_stripe[1].u_stripe/intadd_2990/U5/CO (FA1D1BWP12T30P140)
                                                        0.0236     0.7862 r
  u_fused_array/g_stripe[1].u_stripe/intadd_2990/U4/CO (FA1D1BWP12T30P140)
                                                        0.0236     0.8097 r
  u_fused_array/g_stripe[1].u_stripe/intadd_2990/U3/CO (FA1D1BWP12T30P140)
                                                        0.0236     0.8333 r
  u_fused_array/g_stripe[1].u_stripe/U257237/CO (FA1D1BWP12T30P140)
                                                        0.0241     0.8573 r
  u_fused_array/g_stripe[1].u_stripe/U5697/ZN (MAOI222D0BWP12T30P140)
                                                        0.0287     0.8860 f
  u_fused_array/g_stripe[1].u_stripe/U5556/ZN (MAOI222D0BWP12T30P140)
                                                        0.0315     0.9175 r
  u_fused_array/g_stripe[1].u_stripe/U5062/Z (CKAN2D0BWP12T30P140)
                                                        0.0198     0.9372 r
  u_fused_array/g_stripe[1].u_stripe/U23971/ZN (IAO21D1BWP12T30P140)
                                                        0.0227     0.9599 r
  u_fused_array/g_stripe[1].u_stripe/U197748/CO (FA1D1BWP12T30P140)
                                                        0.0264     0.9863 r
  u_fused_array/g_stripe[1].u_stripe/U4605/ZN (NR2D0BWP12T30P140)
                                                        0.0098     0.9961 f
  u_fused_array/g_stripe[1].u_stripe/U4221/ZN (OAI21D0BWP12T30P140)
                                                        0.0198     1.0158 r
  u_fused_array/g_stripe[1].u_stripe/U3935/CO (FA1D0BWP12T30P140)
                                                        0.0339     1.0497 r
  u_fused_array/g_stripe[1].u_stripe/U3613/ZN (INVD0BWP12T30P140)
                                                        0.0098     1.0595 f
  u_fused_array/g_stripe[1].u_stripe/U3237/ZN (AOI21D0BWP12T30P140)
                                                        0.0128     1.0723 r
  u_fused_array/g_stripe[1].u_stripe/U1800/ZN (AOI21D0BWP12T30P140)
                                                        0.1144     1.1867 f
  u_fused_array/g_stripe[1].u_stripe/intadd_2634/U9/CO (FA1D1BWP12T30P140)
                                                        0.0726     1.2593 f
  u_fused_array/g_stripe[1].u_stripe/intadd_2634/U8/CO (FA1D1BWP12T30P140)
                                                        0.0268     1.2862 f
  u_fused_array/g_stripe[1].u_stripe/intadd_2634/U7/CO (FA1D1BWP12T30P140)
                                                        0.0268     1.3130 f
  u_fused_array/g_stripe[1].u_stripe/intadd_2634/U6/CO (FA1D1BWP12T30P140)
                                                        0.0268     1.3398 f
  u_fused_array/g_stripe[1].u_stripe/intadd_2634/U5/CO (FA1D1BWP12T30P140)
                                                        0.0268     1.3667 f
  u_fused_array/g_stripe[1].u_stripe/intadd_2634/U4/CO (FA1D1BWP12T30P140)
                                                        0.0268     1.3935 f
  u_fused_array/g_stripe[1].u_stripe/intadd_2634/U3/CO (FA1D1BWP12T30P140)
                                                        0.0268     1.4204 f
  u_fused_array/g_stripe[1].u_stripe/U257236/CO (FA1D1BWP12T30P140)
                                                        0.0263     1.4466 f
  u_fused_array/g_stripe[1].u_stripe/U19270/ZN (XNR2D1BWP12T30P140)
                                                        0.0249     1.4716 r
  u_fused_array/g_stripe[1].u_stripe/U2822/ZN (OAI222D0BWP12T30P140)
                                                        0.0265     1.4980 f
  u_fused_array/g_stripe[1].u_stripe/g_pe_row[6].g_pe_col[0].u_pe/accum_q_reg[31]/D (DFQD1BWP12T30P140)
                                                        0.0000     1.4980 f
  data arrival time                                                1.4980

  clock core_clk (rise edge)                            1.6000     1.6000
  clock network delay (ideal)                           0.0000     1.6000
  clock uncertainty                                    -0.1000     1.5000
  u_fused_array/g_stripe[1].u_stripe/g_pe_row[6].g_pe_col[0].u_pe/accum_q_reg[31]/CP (DFQD1BWP12T30P140)
                                                        0.0000     1.5000 r
  library setup time                                   -0.0019     1.4981
  data required time                                               1.4981
  --------------------------------------------------------------------------
  data required time                                               1.4981
  data arrival time                                               -1.4980
  --------------------------------------------------------------------------
  slack (MET)                                                      0.0000


  Startpoint: u_fused_array/g_stripe[1].u_stripe/ws_pv_q_reg
              (rising edge-triggered flip-flop clocked by core_clk)
  Endpoint: u_fused_array/g_stripe[1].u_stripe/g_pe_row[6].g_pe_col[0].u_pe/accum_q_reg[31]
            (rising edge-triggered flip-flop clocked by core_clk)
  Path Group: core_clk
  Path Type: max

  Des/Clust/Port     Wire Load Model       Library
  ------------------------------------------------
  fa_clear_replica_14
                     ZeroWireload          tcbn28hpcplusbwp12t30p140tt0p9v25c_ccs
  fa_clear_replica_13
                     ZeroWireload          tcbn28hpcplusbwp12t30p140tt0p9v25c_ccs
  fa_clear_replica_12
                     ZeroWireload          tcbn28hpcplusbwp12t30p140tt0p9v25c_ccs
  fa_clear_replica_11
                     ZeroWireload          tcbn28hpcplusbwp12t30p140tt0p9v25c_ccs
  fa_clear_replica_10
                     ZeroWireload          tcbn28hpcplusbwp12t30p140tt0p9v25c_ccs
  fa_clear_replica_9 ZeroWireload          tcbn28hpcplusbwp12t30p140tt0p9v25c_ccs
  fa_clear_replica_8 ZeroWireload          tcbn28hpcplusbwp12t30p140tt0p9v25c_ccs
  fa_clear_replica_7 ZeroWireload          tcbn28hpcplusbwp12t30p140tt0p9v25c_ccs
  fa_clear_replica_6 ZeroWireload          tcbn28hpcplusbwp12t30p140tt0p9v25c_ccs
  fa_clear_replica_5 ZeroWireload          tcbn28hpcplusbwp12t30p140tt0p9v25c_ccs
  fa_clear_replica_4 ZeroWireload          tcbn28hpcplusbwp12t30p140tt0p9v25c_ccs
  fa_clear_replica_3 ZeroWireload          tcbn28hpcplusbwp12t30p140tt0p9v25c_ccs
  fa_clear_replica_2 ZeroWireload          tcbn28hpcplusbwp12t30p140tt0p9v25c_ccs
  fa_clear_replica_1 ZeroWireload          tcbn28hpcplusbwp12t30p140tt0p9v25c_ccs
  fa_clear_replica_0 ZeroWireload          tcbn28hpcplusbwp12t30p140tt0p9v25c_ccs
  o_accumulator_bank_ROWS8_HEAD_DIM64_GROUP_SIZE32_DATA_W32_FEATURE_IDX_W6_1
                     ZeroWireload          tcbn28hpcplusbwp12t30p140tt0p9v25c_ccs
  o_accumulator_bank_ROWS8_HEAD_DIM64_GROUP_SIZE32_DATA_W32_FEATURE_IDX_W6_0
                     ZeroWireload          tcbn28hpcplusbwp12t30p140tt0p9v25c_ccs
  o_accumulator_bank_ROWS8_HEAD_DIM64_GROUP_SIZE32_DATA_W32_FEATURE_IDX_W6_2
                     ZeroWireload          tcbn28hpcplusbwp12t30p140tt0p9v25c_ccs
  o_accumulator_bank_ROWS8_HEAD_DIM64_GROUP_SIZE32_DATA_W32_FEATURE_IDX_W6_3
                     ZeroWireload          tcbn28hpcplusbwp12t30p140tt0p9v25c_ccs
  fa_clear_replica_15
                     ZeroWireload          tcbn28hpcplusbwp12t30p140tt0p9v25c_ccs
  fsa_stripe_STRIPE_ROWS8_COLS32_HEAD_DIM64_DATA_W8_SCORE_W32_PROB_W16_SUM_W32_TAG_W6_LOCAL_ROW_IDX_W3_0
                     ZeroWireload          tcbn28hpcplusbwp12t30p140tt0p9v25c_ccs
  fsa_stripe_STRIPE_ROWS8_COLS32_HEAD_DIM64_DATA_W8_SCORE_W32_PROB_W16_SUM_W32_TAG_W6_LOCAL_ROW_IDX_W3_1
                     ZeroWireload          tcbn28hpcplusbwp12t30p140tt0p9v25c_ccs
  fsa_stripe_STRIPE_ROWS8_COLS32_HEAD_DIM64_DATA_W8_SCORE_W32_PROB_W16_SUM_W32_TAG_W6_LOCAL_ROW_IDX_W3_2
                     ZeroWireload          tcbn28hpcplusbwp12t30p140tt0p9v25c_ccs
  fsa_stripe_STRIPE_ROWS8_COLS32_HEAD_DIM64_DATA_W8_SCORE_W32_PROB_W16_SUM_W32_TAG_W6_LOCAL_ROW_IDX_W3_3
                     ZeroWireload          tcbn28hpcplusbwp12t30p140tt0p9v25c_ccs
  fsa_delay_line_WIDTH38_DEPTH32
                     ZeroWireload          tcbn28hpcplusbwp12t30p140tt0p9v25c_ccs
  fsa_delay_line_WIDTH38_DEPTH31
                     ZeroWireload          tcbn28hpcplusbwp12t30p140tt0p9v25c_ccs
  fsa_delay_line_WIDTH38_DEPTH30
                     ZeroWireload          tcbn28hpcplusbwp12t30p140tt0p9v25c_ccs
  fsa_delay_line_WIDTH38_DEPTH29
                     ZeroWireload          tcbn28hpcplusbwp12t30p140tt0p9v25c_ccs
  fsa_delay_line_WIDTH38_DEPTH28
                     ZeroWireload          tcbn28hpcplusbwp12t30p140tt0p9v25c_ccs
  fsa_delay_line_WIDTH38_DEPTH27
                     ZeroWireload          tcbn28hpcplusbwp12t30p140tt0p9v25c_ccs
  fsa_delay_line_WIDTH38_DEPTH26
                     ZeroWireload          tcbn28hpcplusbwp12t30p140tt0p9v25c_ccs
  fsa_delay_line_WIDTH38_DEPTH25
                     ZeroWireload          tcbn28hpcplusbwp12t30p140tt0p9v25c_ccs
  fsa_delay_line_WIDTH38_DEPTH24
                     ZeroWireload          tcbn28hpcplusbwp12t30p140tt0p9v25c_ccs
  fsa_delay_line_WIDTH38_DEPTH23
                     ZeroWireload          tcbn28hpcplusbwp12t30p140tt0p9v25c_ccs
  fsa_delay_line_WIDTH38_DEPTH22
                     ZeroWireload          tcbn28hpcplusbwp12t30p140tt0p9v25c_ccs
  fsa_delay_line_WIDTH38_DEPTH21
                     ZeroWireload          tcbn28hpcplusbwp12t30p140tt0p9v25c_ccs
  fsa_delay_line_WIDTH38_DEPTH20
                     ZeroWireload          tcbn28hpcplusbwp12t30p140tt0p9v25c_ccs
  fsa_delay_line_WIDTH38_DEPTH19
                     ZeroWireload          tcbn28hpcplusbwp12t30p140tt0p9v25c_ccs
  fsa_delay_line_WIDTH38_DEPTH18
                     ZeroWireload          tcbn28hpcplusbwp12t30p140tt0p9v25c_ccs
  fsa_delay_line_WIDTH38_DEPTH17
                     ZeroWireload          tcbn28hpcplusbwp12t30p140tt0p9v25c_ccs
  fsa_delay_line_WIDTH38_DEPTH16
                     ZeroWireload          tcbn28hpcplusbwp12t30p140tt0p9v25c_ccs
  output_buffer_ROWS32_NORM_LANES8_HEAD_DIM64_OUT_W8_GROUP_SIZE32
                     ZeroWireload          tcbn28hpcplusbwp12t30p140tt0p9v25c_ccs
  online_normalizer_LANES8_ACC_W32_LSE_W32_OUT_W8_TAG_W8
                     ZeroWireload          tcbn28hpcplusbwp12t30p140tt0p9v25c_ccs
  fsa_fused_array_ROWS32_STRIPE_ROWS8_COLS32_DATA_W8_SCORE_W32_PROB_W16_ACC_W32_LSE_W32_HEAD_DIM64_FEATURE_IDX_W6
                     ZeroWireload          tcbn28hpcplusbwp12t30p140tt0p9v25c_ccs
  qkv_tile_cache_ADDR_W6
                     ZeroWireload          tcbn28hpcplusbwp12t30p140tt0p9v25c_ccs
  attention_accel_top
                     ZeroWireload          tcbn28hpcplusbwp12t30p140tt0p9v25c_ccs
  accel_regfile_HEAD_DIM64
                     ZeroWireload          tcbn28hpcplusbwp12t30p140tt0p9v25c_ccs

  Point                                                   Incr       Path
  --------------------------------------------------------------------------
  clock core_clk (rise edge)                            0.0000     0.0000
  clock network delay (ideal)                           0.0000     0.0000
  u_fused_array/g_stripe[1].u_stripe/ws_pv_q_reg/CP (DFCNQD1BWP12T30P140)
                                                        0.0000 #   0.0000 r
  u_fused_array/g_stripe[1].u_stripe/ws_pv_q_reg/Q (DFCNQD1BWP12T30P140)
                                                        0.0470     0.0470 r
  u_fused_array/g_stripe[1].u_stripe/U18476/ZN (INVD2BWP12T30P140)
                                                        0.0196     0.0666 f
  u_fused_array/g_stripe[1].u_stripe/U18602/Z (BUFFD1BWP12T30P140)
                                                        0.0430     0.1096 f
  u_fused_array/g_stripe[1].u_stripe/U18596/ZN (INVD1BWP12T30P140)
                                                        0.0492     0.1588 r
  u_fused_array/g_stripe[1].u_stripe/U18307/ZN (ND3D1BWP12T30P140)
                                                        0.0402     0.1990 f
  u_fused_array/g_stripe[1].u_stripe/U18195/ZN (ND2D0BWP12T30P140)
                                                        0.0245     0.2235 r
  u_fused_array/g_stripe[1].u_stripe/U17925/ZN (ND2D1BWP12T30P140)
                                                        0.0609     0.2844 f
  u_fused_array/g_stripe[1].u_stripe/U23886/ZN (INVD1BWP12T30P140)
                                                        0.0549     0.3394 r
  u_fused_array/g_stripe[1].u_stripe/U23887/ZN (AOI22D1BWP12T30P140)
                                                        0.0484     0.3877 f
  u_fused_array/g_stripe[1].u_stripe/U674/ZN (INVD0BWP12T30P140)
                                                        0.0402     0.4279 r
  u_fused_array/g_stripe[1].u_stripe/U23888/ZN (AOI221D1BWP12T30P140)
                                                        0.0254     0.4533 f
  u_fused_array/g_stripe[1].u_stripe/U23940/ZN (INVD1BWP12T30P140)
                                                        0.0298     0.4831 r
  u_fused_array/g_stripe[1].u_stripe/U159636/ZN (AOI221D1BWP12T30P140)
                                                        0.0139     0.4970 f
  u_fused_array/g_stripe[1].u_stripe/U159637/ZN (IAO21D1BWP12T30P140)
                                                        0.0197     0.5167 r
  u_fused_array/g_stripe[1].u_stripe/U11746/S (FA1D0BWP12T30P140)
                                                        0.0565     0.5732 f
  u_fused_array/g_stripe[1].u_stripe/U8342/S (FA1D0BWP12T30P140)
                                                        0.0577     0.6309 r
  u_fused_array/g_stripe[1].u_stripe/intadd_2990/U10/CO (FA1D0BWP12T30P140)
                                                        0.0357     0.6666 r
  u_fused_array/g_stripe[1].u_stripe/intadd_2990/U9/CO (FA1D1BWP12T30P140)
                                                        0.0253     0.6919 r
  u_fused_array/g_stripe[1].u_stripe/intadd_2990/U8/CO (FA1D1BWP12T30P140)
                                                        0.0236     0.7155 r
  u_fused_array/g_stripe[1].u_stripe/intadd_2990/U7/CO (FA1D1BWP12T30P140)
                                                        0.0236     0.7390 r
  u_fused_array/g_stripe[1].u_stripe/intadd_2990/U6/CO (FA1D1BWP12T30P140)
                                                        0.0236     0.7626 r
  u_fused_array/g_stripe[1].u_stripe/intadd_2990/U5/CO (FA1D1BWP12T30P140)
                                                        0.0236     0.7862 r
  u_fused_array/g_stripe[1].u_stripe/intadd_2990/U4/CO (FA1D1BWP12T30P140)
                                                        0.0236     0.8097 r
  u_fused_array/g_stripe[1].u_stripe/intadd_2990/U3/CO (FA1D1BWP12T30P140)
                                                        0.0236     0.8333 r
  u_fused_array/g_stripe[1].u_stripe/U257237/CO (FA1D1BWP12T30P140)
                                                        0.0241     0.8573 r
  u_fused_array/g_stripe[1].u_stripe/U5697/ZN (MAOI222D0BWP12T30P140)
                                                        0.0287     0.8860 f
  u_fused_array/g_stripe[1].u_stripe/U5556/ZN (MAOI222D0BWP12T30P140)
                                                        0.0315     0.9175 r
  u_fused_array/g_stripe[1].u_stripe/U5062/Z (CKAN2D0BWP12T30P140)
                                                        0.0198     0.9372 r
  u_fused_array/g_stripe[1].u_stripe/U23971/ZN (IAO21D1BWP12T30P140)
                                                        0.0227     0.9599 r
  u_fused_array/g_stripe[1].u_stripe/U197748/CO (FA1D1BWP12T30P140)
                                                        0.0264     0.9863 r
  u_fused_array/g_stripe[1].u_stripe/U4605/ZN (NR2D0BWP12T30P140)
                                                        0.0098     0.9961 f
  u_fused_array/g_stripe[1].u_stripe/U4221/ZN (OAI21D0BWP12T30P140)
                                                        0.0198     1.0158 r
  u_fused_array/g_stripe[1].u_stripe/U3935/CO (FA1D0BWP12T30P140)
                                                        0.0339     1.0497 r
  u_fused_array/g_stripe[1].u_stripe/U3613/ZN (INVD0BWP12T30P140)
                                                        0.0098     1.0595 f
  u_fused_array/g_stripe[1].u_stripe/U3237/ZN (AOI21D0BWP12T30P140)
                                                        0.0128     1.0723 r
  u_fused_array/g_stripe[1].u_stripe/U1800/ZN (AOI21D0BWP12T30P140)
                                                        0.1144     1.1867 f
  u_fused_array/g_stripe[1].u_stripe/intadd_2634/U9/CO (FA1D1BWP12T30P140)
                                                        0.0726     1.2593 f
  u_fused_array/g_stripe[1].u_stripe/intadd_2634/U8/CO (FA1D1BWP12T30P140)
                                                        0.0268     1.2862 f
  u_fused_array/g_stripe[1].u_stripe/intadd_2634/U7/CO (FA1D1BWP12T30P140)
                                                        0.0268     1.3130 f
  u_fused_array/g_stripe[1].u_stripe/intadd_2634/U6/CO (FA1D1BWP12T30P140)
                                                        0.0268     1.3398 f
  u_fused_array/g_stripe[1].u_stripe/intadd_2634/U5/CO (FA1D1BWP12T30P140)
                                                        0.0268     1.3667 f
  u_fused_array/g_stripe[1].u_stripe/intadd_2634/U4/CO (FA1D1BWP12T30P140)
                                                        0.0268     1.3935 f
  u_fused_array/g_stripe[1].u_stripe/intadd_2634/U3/CO (FA1D1BWP12T30P140)
                                                        0.0268     1.4204 f
  u_fused_array/g_stripe[1].u_stripe/U257236/CO (FA1D1BWP12T30P140)
                                                        0.0263     1.4466 f
  u_fused_array/g_stripe[1].u_stripe/U19270/ZN (XNR2D1BWP12T30P140)
                                                        0.0249     1.4716 r
  u_fused_array/g_stripe[1].u_stripe/U2822/ZN (OAI222D0BWP12T30P140)
                                                        0.0265     1.4980 f
  u_fused_array/g_stripe[1].u_stripe/g_pe_row[6].g_pe_col[0].u_pe/accum_q_reg[31]/D (DFQD1BWP12T30P140)
                                                        0.0000     1.4980 f
  data arrival time                                                1.4980

  clock core_clk (rise edge)                            1.6000     1.6000
  clock network delay (ideal)                           0.0000     1.6000
  clock uncertainty                                    -0.1000     1.5000
  u_fused_array/g_stripe[1].u_stripe/g_pe_row[6].g_pe_col[0].u_pe/accum_q_reg[31]/CP (DFQD1BWP12T30P140)
                                                        0.0000     1.5000 r
  library setup time                                   -0.0019     1.4981
  data required time                                               1.4981
  --------------------------------------------------------------------------
  data required time                                               1.4981
  data arrival time                                               -1.4980
  --------------------------------------------------------------------------
  slack (MET)                                                      0.0001


  Startpoint: u_fused_array/g_exp_lane[1].u_scale/scale_s0_q_reg[3]
              (rising edge-triggered flip-flop clocked by core_clk)
  Endpoint: u_fused_array/g_exp_lane[31].u_scale/u_scale_multiplier/lo_product_s1_q_reg[39]
            (rising edge-triggered flip-flop clocked by core_clk)
  Path Group: core_clk
  Path Type: max

  Des/Clust/Port     Wire Load Model       Library
  ------------------------------------------------
  fa_clear_replica_14
                     ZeroWireload          tcbn28hpcplusbwp12t30p140tt0p9v25c_ccs
  fa_clear_replica_13
                     ZeroWireload          tcbn28hpcplusbwp12t30p140tt0p9v25c_ccs
  fa_clear_replica_12
                     ZeroWireload          tcbn28hpcplusbwp12t30p140tt0p9v25c_ccs
  fa_clear_replica_11
                     ZeroWireload          tcbn28hpcplusbwp12t30p140tt0p9v25c_ccs
  fa_clear_replica_10
                     ZeroWireload          tcbn28hpcplusbwp12t30p140tt0p9v25c_ccs
  fa_clear_replica_9 ZeroWireload          tcbn28hpcplusbwp12t30p140tt0p9v25c_ccs
  fa_clear_replica_8 ZeroWireload          tcbn28hpcplusbwp12t30p140tt0p9v25c_ccs
  fa_clear_replica_7 ZeroWireload          tcbn28hpcplusbwp12t30p140tt0p9v25c_ccs
  fa_clear_replica_6 ZeroWireload          tcbn28hpcplusbwp12t30p140tt0p9v25c_ccs
  fa_clear_replica_5 ZeroWireload          tcbn28hpcplusbwp12t30p140tt0p9v25c_ccs
  fa_clear_replica_4 ZeroWireload          tcbn28hpcplusbwp12t30p140tt0p9v25c_ccs
  fa_clear_replica_3 ZeroWireload          tcbn28hpcplusbwp12t30p140tt0p9v25c_ccs
  fa_clear_replica_2 ZeroWireload          tcbn28hpcplusbwp12t30p140tt0p9v25c_ccs
  fa_clear_replica_1 ZeroWireload          tcbn28hpcplusbwp12t30p140tt0p9v25c_ccs
  fa_clear_replica_0 ZeroWireload          tcbn28hpcplusbwp12t30p140tt0p9v25c_ccs
  o_accumulator_bank_ROWS8_HEAD_DIM64_GROUP_SIZE32_DATA_W32_FEATURE_IDX_W6_1
                     ZeroWireload          tcbn28hpcplusbwp12t30p140tt0p9v25c_ccs
  o_accumulator_bank_ROWS8_HEAD_DIM64_GROUP_SIZE32_DATA_W32_FEATURE_IDX_W6_0
                     ZeroWireload          tcbn28hpcplusbwp12t30p140tt0p9v25c_ccs
  o_accumulator_bank_ROWS8_HEAD_DIM64_GROUP_SIZE32_DATA_W32_FEATURE_IDX_W6_2
                     ZeroWireload          tcbn28hpcplusbwp12t30p140tt0p9v25c_ccs
  o_accumulator_bank_ROWS8_HEAD_DIM64_GROUP_SIZE32_DATA_W32_FEATURE_IDX_W6_3
                     ZeroWireload          tcbn28hpcplusbwp12t30p140tt0p9v25c_ccs
  fa_clear_replica_15
                     ZeroWireload          tcbn28hpcplusbwp12t30p140tt0p9v25c_ccs
  fsa_stripe_STRIPE_ROWS8_COLS32_HEAD_DIM64_DATA_W8_SCORE_W32_PROB_W16_SUM_W32_TAG_W6_LOCAL_ROW_IDX_W3_0
                     ZeroWireload          tcbn28hpcplusbwp12t30p140tt0p9v25c_ccs
  fsa_stripe_STRIPE_ROWS8_COLS32_HEAD_DIM64_DATA_W8_SCORE_W32_PROB_W16_SUM_W32_TAG_W6_LOCAL_ROW_IDX_W3_1
                     ZeroWireload          tcbn28hpcplusbwp12t30p140tt0p9v25c_ccs
  fsa_stripe_STRIPE_ROWS8_COLS32_HEAD_DIM64_DATA_W8_SCORE_W32_PROB_W16_SUM_W32_TAG_W6_LOCAL_ROW_IDX_W3_2
                     ZeroWireload          tcbn28hpcplusbwp12t30p140tt0p9v25c_ccs
  fsa_stripe_STRIPE_ROWS8_COLS32_HEAD_DIM64_DATA_W8_SCORE_W32_PROB_W16_SUM_W32_TAG_W6_LOCAL_ROW_IDX_W3_3
                     ZeroWireload          tcbn28hpcplusbwp12t30p140tt0p9v25c_ccs
  fsa_delay_line_WIDTH38_DEPTH32
                     ZeroWireload          tcbn28hpcplusbwp12t30p140tt0p9v25c_ccs
  fsa_delay_line_WIDTH38_DEPTH31
                     ZeroWireload          tcbn28hpcplusbwp12t30p140tt0p9v25c_ccs
  fsa_delay_line_WIDTH38_DEPTH30
                     ZeroWireload          tcbn28hpcplusbwp12t30p140tt0p9v25c_ccs
  fsa_delay_line_WIDTH38_DEPTH29
                     ZeroWireload          tcbn28hpcplusbwp12t30p140tt0p9v25c_ccs
  fsa_delay_line_WIDTH38_DEPTH28
                     ZeroWireload          tcbn28hpcplusbwp12t30p140tt0p9v25c_ccs
  fsa_delay_line_WIDTH38_DEPTH27
                     ZeroWireload          tcbn28hpcplusbwp12t30p140tt0p9v25c_ccs
  fsa_delay_line_WIDTH38_DEPTH26
                     ZeroWireload          tcbn28hpcplusbwp12t30p140tt0p9v25c_ccs
  fsa_delay_line_WIDTH38_DEPTH25
                     ZeroWireload          tcbn28hpcplusbwp12t30p140tt0p9v25c_ccs
  fsa_delay_line_WIDTH38_DEPTH24
                     ZeroWireload          tcbn28hpcplusbwp12t30p140tt0p9v25c_ccs
  fsa_delay_line_WIDTH38_DEPTH23
                     ZeroWireload          tcbn28hpcplusbwp12t30p140tt0p9v25c_ccs
  fsa_delay_line_WIDTH38_DEPTH22
                     ZeroWireload          tcbn28hpcplusbwp12t30p140tt0p9v25c_ccs
  fsa_delay_line_WIDTH38_DEPTH21
                     ZeroWireload          tcbn28hpcplusbwp12t30p140tt0p9v25c_ccs
  fsa_delay_line_WIDTH38_DEPTH20
                     ZeroWireload          tcbn28hpcplusbwp12t30p140tt0p9v25c_ccs
  fsa_delay_line_WIDTH38_DEPTH19
                     ZeroWireload          tcbn28hpcplusbwp12t30p140tt0p9v25c_ccs
  fsa_delay_line_WIDTH38_DEPTH18
                     ZeroWireload          tcbn28hpcplusbwp12t30p140tt0p9v25c_ccs
  fsa_delay_line_WIDTH38_DEPTH17
                     ZeroWireload          tcbn28hpcplusbwp12t30p140tt0p9v25c_ccs
  fsa_delay_line_WIDTH38_DEPTH16
                     ZeroWireload          tcbn28hpcplusbwp12t30p140tt0p9v25c_ccs
  output_buffer_ROWS32_NORM_LANES8_HEAD_DIM64_OUT_W8_GROUP_SIZE32
                     ZeroWireload          tcbn28hpcplusbwp12t30p140tt0p9v25c_ccs
  online_normalizer_LANES8_ACC_W32_LSE_W32_OUT_W8_TAG_W8
                     ZeroWireload          tcbn28hpcplusbwp12t30p140tt0p9v25c_ccs
  fsa_fused_array_ROWS32_STRIPE_ROWS8_COLS32_DATA_W8_SCORE_W32_PROB_W16_ACC_W32_LSE_W32_HEAD_DIM64_FEATURE_IDX_W6
                     ZeroWireload          tcbn28hpcplusbwp12t30p140tt0p9v25c_ccs
  qkv_tile_cache_ADDR_W6
                     ZeroWireload          tcbn28hpcplusbwp12t30p140tt0p9v25c_ccs
  attention_accel_top
                     ZeroWireload          tcbn28hpcplusbwp12t30p140tt0p9v25c_ccs
  accel_regfile_HEAD_DIM64
                     ZeroWireload          tcbn28hpcplusbwp12t30p140tt0p9v25c_ccs

  Point                                                   Incr       Path
  --------------------------------------------------------------------------
  clock core_clk (rise edge)                            0.0000     0.0000
  clock network delay (ideal)                           0.0000     0.0000
  u_fused_array/g_exp_lane[1].u_scale/scale_s0_q_reg[3]/CP (DFQD2BWP12T30P140)
                                                        0.0000 #   0.0000 r
  u_fused_array/g_exp_lane[1].u_scale/scale_s0_q_reg[3]/Q (DFQD2BWP12T30P140)
                                                        0.0519     0.0519 r
  u_fused_array/U5838/ZN (INVD1BWP12T30P140)            0.0293     0.0813 f
  u_fused_array/U8831/Z (BUFFD1BWP12T30P140)            0.0492     0.1305 f
  u_fused_array/U68438/Z (BUFFD1BWP12T30P140)           0.0521     0.1826 f
  u_fused_array/U12/Z (BUFFD1BWP12T30P140)              0.0512     0.2338 f
  u_fused_array/U89030/ZN (AOI22D1BWP12T30P140)         0.0308     0.2646 r
  u_fused_array/U89031/ZN (AOI22D1BWP12T30P140)         0.0192     0.2838 f
  u_fused_array/U89032/ZN (OAI21D1BWP12T30P140)         0.0145     0.2983 r
  u_fused_array/U89035/ZN (ND2D0BWP12T30P140)           0.0307     0.3290 f
  u_fused_array/U89036/ZN (OAI21D0BWP12T30P140)         0.0188     0.3478 r
  u_fused_array/U89037/ZN (OAI211D1BWP12T30P140)        0.0219     0.3697 f
  u_fused_array/U89045/ZN (AOI21D0BWP12T30P140)         0.0267     0.3964 r
  u_fused_array/U110673/CO (FA1D1BWP12T30P140)          0.0283     0.4247 r
  u_fused_array/U89063/ZN (NR2D1BWP12T30P140)           0.0084     0.4331 f
  u_fused_array/U89064/ZN (AOI21D1BWP12T30P140)         0.0188     0.4519 r
  u_fused_array/U89068/ZN (MAOI222D1BWP12T30P140)       0.0262     0.4781 f
  u_fused_array/U89071/ZN (MAOI222D0BWP12T30P140)       0.0363     0.5144 r
  u_fused_array/U89073/ZN (MAOI222D1BWP12T30P140)       0.0337     0.5482 f
  u_fused_array/U89076/ZN (MAOI222D1BWP12T30P140)       0.0293     0.5775 r
  u_fused_array/U89078/ZN (MAOI222D1BWP12T30P140)       0.0310     0.6085 f
  u_fused_array/U89080/ZN (MAOI222D1BWP12T30P140)       0.0289     0.6374 r
  u_fused_array/U89081/ZN (MAOI222D1BWP12T30P140)       0.0310     0.6684 f
  u_fused_array/U89083/ZN (MAOI222D1BWP12T30P140)       0.0289     0.6973 r
  u_fused_array/U89084/ZN (MAOI222D1BWP12T30P140)       0.0310     0.7283 f
  u_fused_array/U89086/ZN (MAOI222D1BWP12T30P140)       0.0289     0.7572 r
  u_fused_array/U89087/ZN (MAOI222D1BWP12T30P140)       0.0310     0.7882 f
  u_fused_array/U89088/ZN (MAOI222D1BWP12T30P140)       0.0290     0.8172 r
  u_fused_array/U89089/ZN (MAOI222D1BWP12T30P140)       0.0310     0.8482 f
  u_fused_array/U89091/ZN (MAOI222D1BWP12T30P140)       0.0290     0.8772 r
  u_fused_array/U89092/ZN (MAOI222D1BWP12T30P140)       0.0310     0.9082 f
  u_fused_array/U89094/ZN (MAOI222D1BWP12T30P140)       0.0290     0.9372 r
  u_fused_array/U89095/ZN (MAOI222D1BWP12T30P140)       0.0310     0.9682 f
  u_fused_array/U89097/ZN (MAOI222D1BWP12T30P140)       0.0290     0.9972 r
  u_fused_array/U89098/ZN (MAOI222D1BWP12T30P140)       0.0310     1.0282 f
  u_fused_array/U89100/ZN (MAOI222D1BWP12T30P140)       0.0290     1.0571 r
  u_fused_array/U89101/ZN (MAOI222D1BWP12T30P140)       0.0310     1.0882 f
  u_fused_array/U89103/ZN (MAOI222D1BWP12T30P140)       0.0290     1.1171 r
  u_fused_array/U89104/ZN (MAOI222D1BWP12T30P140)       0.0310     1.1482 f
  u_fused_array/U89106/ZN (MAOI222D1BWP12T30P140)       0.0290     1.1771 r
  u_fused_array/U89107/ZN (MAOI222D1BWP12T30P140)       0.0310     1.2082 f
  u_fused_array/U89109/ZN (MAOI222D1BWP12T30P140)       0.0290     1.2371 r
  u_fused_array/U89110/ZN (MAOI222D1BWP12T30P140)       0.0310     1.2682 f
  u_fused_array/U89112/ZN (MAOI222D1BWP12T30P140)       0.0290     1.2971 r
  u_fused_array/U89113/ZN (MAOI222D1BWP12T30P140)       0.0310     1.3282 f
  u_fused_array/U89115/ZN (MAOI222D1BWP12T30P140)       0.0290     1.3571 r
  u_fused_array/U89116/ZN (MAOI222D1BWP12T30P140)       0.0310     1.3882 f
  u_fused_array/U89118/ZN (MAOI222D1BWP12T30P140)       0.0290     1.4171 r
  u_fused_array/U89119/ZN (MAOI222D1BWP12T30P140)       0.0252     1.4423 f
  u_fused_array/U89120/ZN (OAI31D1BWP12T30P140)         0.0205     1.4628 r
  u_fused_array/U89121/ZN (IOA21D1BWP12T30P140)         0.0164     1.4792 f
  u_fused_array/U89123/ZN (OAI21D1BWP12T30P140)         0.0107     1.4899 r
  u_fused_array/g_exp_lane[31].u_scale/u_scale_multiplier/lo_product_s1_q_reg[39]/D (DFQD1BWP12T30P140)
                                                        0.0000     1.4899 r
  data arrival time                                                1.4899

  clock core_clk (rise edge)                            1.6000     1.6000
  clock network delay (ideal)                           0.0000     1.6000
  clock uncertainty                                    -0.1000     1.5000
  u_fused_array/g_exp_lane[31].u_scale/u_scale_multiplier/lo_product_s1_q_reg[39]/CP (DFQD1BWP12T30P140)
                                                        0.0000     1.5000 r
  library setup time                                   -0.0100     1.4900
  data required time                                               1.4900
  --------------------------------------------------------------------------
  data required time                                               1.4900
  data arrival time                                               -1.4899
  --------------------------------------------------------------------------
  slack (MET)                                                      0.0001


  Startpoint: u_fused_array/g_exp_lane[1].u_scale/scale_s0_q_reg[3]
              (rising edge-triggered flip-flop clocked by core_clk)
  Endpoint: u_fused_array/g_exp_lane[31].u_scale/u_scale_multiplier/lo_product_s1_q_reg[40]
            (rising edge-triggered flip-flop clocked by core_clk)
  Path Group: core_clk
  Path Type: max

  Des/Clust/Port     Wire Load Model       Library
  ------------------------------------------------
  fa_clear_replica_14
                     ZeroWireload          tcbn28hpcplusbwp12t30p140tt0p9v25c_ccs
  fa_clear_replica_13
                     ZeroWireload          tcbn28hpcplusbwp12t30p140tt0p9v25c_ccs
  fa_clear_replica_12
                     ZeroWireload          tcbn28hpcplusbwp12t30p140tt0p9v25c_ccs
  fa_clear_replica_11
                     ZeroWireload          tcbn28hpcplusbwp12t30p140tt0p9v25c_ccs
  fa_clear_replica_10
                     ZeroWireload          tcbn28hpcplusbwp12t30p140tt0p9v25c_ccs
  fa_clear_replica_9 ZeroWireload          tcbn28hpcplusbwp12t30p140tt0p9v25c_ccs
  fa_clear_replica_8 ZeroWireload          tcbn28hpcplusbwp12t30p140tt0p9v25c_ccs
  fa_clear_replica_7 ZeroWireload          tcbn28hpcplusbwp12t30p140tt0p9v25c_ccs
  fa_clear_replica_6 ZeroWireload          tcbn28hpcplusbwp12t30p140tt0p9v25c_ccs
  fa_clear_replica_5 ZeroWireload          tcbn28hpcplusbwp12t30p140tt0p9v25c_ccs
  fa_clear_replica_4 ZeroWireload          tcbn28hpcplusbwp12t30p140tt0p9v25c_ccs
  fa_clear_replica_3 ZeroWireload          tcbn28hpcplusbwp12t30p140tt0p9v25c_ccs
  fa_clear_replica_2 ZeroWireload          tcbn28hpcplusbwp12t30p140tt0p9v25c_ccs
  fa_clear_replica_1 ZeroWireload          tcbn28hpcplusbwp12t30p140tt0p9v25c_ccs
  fa_clear_replica_0 ZeroWireload          tcbn28hpcplusbwp12t30p140tt0p9v25c_ccs
  o_accumulator_bank_ROWS8_HEAD_DIM64_GROUP_SIZE32_DATA_W32_FEATURE_IDX_W6_1
                     ZeroWireload          tcbn28hpcplusbwp12t30p140tt0p9v25c_ccs
  o_accumulator_bank_ROWS8_HEAD_DIM64_GROUP_SIZE32_DATA_W32_FEATURE_IDX_W6_0
                     ZeroWireload          tcbn28hpcplusbwp12t30p140tt0p9v25c_ccs
  o_accumulator_bank_ROWS8_HEAD_DIM64_GROUP_SIZE32_DATA_W32_FEATURE_IDX_W6_2
                     ZeroWireload          tcbn28hpcplusbwp12t30p140tt0p9v25c_ccs
  o_accumulator_bank_ROWS8_HEAD_DIM64_GROUP_SIZE32_DATA_W32_FEATURE_IDX_W6_3
                     ZeroWireload          tcbn28hpcplusbwp12t30p140tt0p9v25c_ccs
  fa_clear_replica_15
                     ZeroWireload          tcbn28hpcplusbwp12t30p140tt0p9v25c_ccs
  fsa_stripe_STRIPE_ROWS8_COLS32_HEAD_DIM64_DATA_W8_SCORE_W32_PROB_W16_SUM_W32_TAG_W6_LOCAL_ROW_IDX_W3_0
                     ZeroWireload          tcbn28hpcplusbwp12t30p140tt0p9v25c_ccs
  fsa_stripe_STRIPE_ROWS8_COLS32_HEAD_DIM64_DATA_W8_SCORE_W32_PROB_W16_SUM_W32_TAG_W6_LOCAL_ROW_IDX_W3_1
                     ZeroWireload          tcbn28hpcplusbwp12t30p140tt0p9v25c_ccs
  fsa_stripe_STRIPE_ROWS8_COLS32_HEAD_DIM64_DATA_W8_SCORE_W32_PROB_W16_SUM_W32_TAG_W6_LOCAL_ROW_IDX_W3_2
                     ZeroWireload          tcbn28hpcplusbwp12t30p140tt0p9v25c_ccs
  fsa_stripe_STRIPE_ROWS8_COLS32_HEAD_DIM64_DATA_W8_SCORE_W32_PROB_W16_SUM_W32_TAG_W6_LOCAL_ROW_IDX_W3_3
                     ZeroWireload          tcbn28hpcplusbwp12t30p140tt0p9v25c_ccs
  fsa_delay_line_WIDTH38_DEPTH32
                     ZeroWireload          tcbn28hpcplusbwp12t30p140tt0p9v25c_ccs
  fsa_delay_line_WIDTH38_DEPTH31
                     ZeroWireload          tcbn28hpcplusbwp12t30p140tt0p9v25c_ccs
  fsa_delay_line_WIDTH38_DEPTH30
                     ZeroWireload          tcbn28hpcplusbwp12t30p140tt0p9v25c_ccs
  fsa_delay_line_WIDTH38_DEPTH29
                     ZeroWireload          tcbn28hpcplusbwp12t30p140tt0p9v25c_ccs
  fsa_delay_line_WIDTH38_DEPTH28
                     ZeroWireload          tcbn28hpcplusbwp12t30p140tt0p9v25c_ccs
  fsa_delay_line_WIDTH38_DEPTH27
                     ZeroWireload          tcbn28hpcplusbwp12t30p140tt0p9v25c_ccs
  fsa_delay_line_WIDTH38_DEPTH26
                     ZeroWireload          tcbn28hpcplusbwp12t30p140tt0p9v25c_ccs
  fsa_delay_line_WIDTH38_DEPTH25
                     ZeroWireload          tcbn28hpcplusbwp12t30p140tt0p9v25c_ccs
  fsa_delay_line_WIDTH38_DEPTH24
                     ZeroWireload          tcbn28hpcplusbwp12t30p140tt0p9v25c_ccs
  fsa_delay_line_WIDTH38_DEPTH23
                     ZeroWireload          tcbn28hpcplusbwp12t30p140tt0p9v25c_ccs
  fsa_delay_line_WIDTH38_DEPTH22
                     ZeroWireload          tcbn28hpcplusbwp12t30p140tt0p9v25c_ccs
  fsa_delay_line_WIDTH38_DEPTH21
                     ZeroWireload          tcbn28hpcplusbwp12t30p140tt0p9v25c_ccs
  fsa_delay_line_WIDTH38_DEPTH20
                     ZeroWireload          tcbn28hpcplusbwp12t30p140tt0p9v25c_ccs
  fsa_delay_line_WIDTH38_DEPTH19
                     ZeroWireload          tcbn28hpcplusbwp12t30p140tt0p9v25c_ccs
  fsa_delay_line_WIDTH38_DEPTH18
                     ZeroWireload          tcbn28hpcplusbwp12t30p140tt0p9v25c_ccs
  fsa_delay_line_WIDTH38_DEPTH17
                     ZeroWireload          tcbn28hpcplusbwp12t30p140tt0p9v25c_ccs
  fsa_delay_line_WIDTH38_DEPTH16
                     ZeroWireload          tcbn28hpcplusbwp12t30p140tt0p9v25c_ccs
  output_buffer_ROWS32_NORM_LANES8_HEAD_DIM64_OUT_W8_GROUP_SIZE32
                     ZeroWireload          tcbn28hpcplusbwp12t30p140tt0p9v25c_ccs
  online_normalizer_LANES8_ACC_W32_LSE_W32_OUT_W8_TAG_W8
                     ZeroWireload          tcbn28hpcplusbwp12t30p140tt0p9v25c_ccs
  fsa_fused_array_ROWS32_STRIPE_ROWS8_COLS32_DATA_W8_SCORE_W32_PROB_W16_ACC_W32_LSE_W32_HEAD_DIM64_FEATURE_IDX_W6
                     ZeroWireload          tcbn28hpcplusbwp12t30p140tt0p9v25c_ccs
  qkv_tile_cache_ADDR_W6
                     ZeroWireload          tcbn28hpcplusbwp12t30p140tt0p9v25c_ccs
  attention_accel_top
                     ZeroWireload          tcbn28hpcplusbwp12t30p140tt0p9v25c_ccs
  accel_regfile_HEAD_DIM64
                     ZeroWireload          tcbn28hpcplusbwp12t30p140tt0p9v25c_ccs

  Point                                                   Incr       Path
  --------------------------------------------------------------------------
  clock core_clk (rise edge)                            0.0000     0.0000
  clock network delay (ideal)                           0.0000     0.0000
  u_fused_array/g_exp_lane[1].u_scale/scale_s0_q_reg[3]/CP (DFQD2BWP12T30P140)
                                                        0.0000 #   0.0000 r
  u_fused_array/g_exp_lane[1].u_scale/scale_s0_q_reg[3]/Q (DFQD2BWP12T30P140)
                                                        0.0519     0.0519 r
  u_fused_array/U5838/ZN (INVD1BWP12T30P140)            0.0293     0.0813 f
  u_fused_array/U8831/Z (BUFFD1BWP12T30P140)            0.0492     0.1305 f
  u_fused_array/U68438/Z (BUFFD1BWP12T30P140)           0.0521     0.1826 f
  u_fused_array/U12/Z (BUFFD1BWP12T30P140)              0.0512     0.2338 f
  u_fused_array/U89030/ZN (AOI22D1BWP12T30P140)         0.0308     0.2646 r
  u_fused_array/U89031/ZN (AOI22D1BWP12T30P140)         0.0192     0.2838 f
  u_fused_array/U89032/ZN (OAI21D1BWP12T30P140)         0.0145     0.2983 r
  u_fused_array/U89035/ZN (ND2D0BWP12T30P140)           0.0307     0.3290 f
  u_fused_array/U89036/ZN (OAI21D0BWP12T30P140)         0.0188     0.3478 r
  u_fused_array/U89037/ZN (OAI211D1BWP12T30P140)        0.0219     0.3697 f
  u_fused_array/U89045/ZN (AOI21D0BWP12T30P140)         0.0267     0.3964 r
  u_fused_array/U110673/CO (FA1D1BWP12T30P140)          0.0283     0.4247 r
  u_fused_array/U89063/ZN (NR2D1BWP12T30P140)           0.0084     0.4331 f
  u_fused_array/U89064/ZN (AOI21D1BWP12T30P140)         0.0188     0.4519 r
  u_fused_array/U89068/ZN (MAOI222D1BWP12T30P140)       0.0262     0.4781 f
  u_fused_array/U89071/ZN (MAOI222D0BWP12T30P140)       0.0363     0.5144 r
  u_fused_array/U89073/ZN (MAOI222D1BWP12T30P140)       0.0337     0.5482 f
  u_fused_array/U89076/ZN (MAOI222D1BWP12T30P140)       0.0293     0.5775 r
  u_fused_array/U89078/ZN (MAOI222D1BWP12T30P140)       0.0310     0.6085 f
  u_fused_array/U89080/ZN (MAOI222D1BWP12T30P140)       0.0289     0.6374 r
  u_fused_array/U89081/ZN (MAOI222D1BWP12T30P140)       0.0310     0.6684 f
  u_fused_array/U89083/ZN (MAOI222D1BWP12T30P140)       0.0289     0.6973 r
  u_fused_array/U89084/ZN (MAOI222D1BWP12T30P140)       0.0310     0.7283 f
  u_fused_array/U89086/ZN (MAOI222D1BWP12T30P140)       0.0289     0.7572 r
  u_fused_array/U89087/ZN (MAOI222D1BWP12T30P140)       0.0310     0.7882 f
  u_fused_array/U89088/ZN (MAOI222D1BWP12T30P140)       0.0290     0.8172 r
  u_fused_array/U89089/ZN (MAOI222D1BWP12T30P140)       0.0310     0.8482 f
  u_fused_array/U89091/ZN (MAOI222D1BWP12T30P140)       0.0290     0.8772 r
  u_fused_array/U89092/ZN (MAOI222D1BWP12T30P140)       0.0310     0.9082 f
  u_fused_array/U89094/ZN (MAOI222D1BWP12T30P140)       0.0290     0.9372 r
  u_fused_array/U89095/ZN (MAOI222D1BWP12T30P140)       0.0310     0.9682 f
  u_fused_array/U89097/ZN (MAOI222D1BWP12T30P140)       0.0290     0.9972 r
  u_fused_array/U89098/ZN (MAOI222D1BWP12T30P140)       0.0310     1.0282 f
  u_fused_array/U89100/ZN (MAOI222D1BWP12T30P140)       0.0290     1.0571 r
  u_fused_array/U89101/ZN (MAOI222D1BWP12T30P140)       0.0310     1.0882 f
  u_fused_array/U89103/ZN (MAOI222D1BWP12T30P140)       0.0290     1.1171 r
  u_fused_array/U89104/ZN (MAOI222D1BWP12T30P140)       0.0310     1.1482 f
  u_fused_array/U89106/ZN (MAOI222D1BWP12T30P140)       0.0290     1.1771 r
  u_fused_array/U89107/ZN (MAOI222D1BWP12T30P140)       0.0310     1.2082 f
  u_fused_array/U89109/ZN (MAOI222D1BWP12T30P140)       0.0290     1.2371 r
  u_fused_array/U89110/ZN (MAOI222D1BWP12T30P140)       0.0310     1.2682 f
  u_fused_array/U89112/ZN (MAOI222D1BWP12T30P140)       0.0290     1.2971 r
  u_fused_array/U89113/ZN (MAOI222D1BWP12T30P140)       0.0310     1.3282 f
  u_fused_array/U89115/ZN (MAOI222D1BWP12T30P140)       0.0290     1.3571 r
  u_fused_array/U89116/ZN (MAOI222D1BWP12T30P140)       0.0310     1.3882 f
  u_fused_array/U89118/ZN (MAOI222D1BWP12T30P140)       0.0290     1.4171 r
  u_fused_array/U89119/ZN (MAOI222D1BWP12T30P140)       0.0252     1.4423 f
  u_fused_array/U89120/ZN (OAI31D1BWP12T30P140)         0.0205     1.4628 r
  u_fused_array/U89121/ZN (IOA21D1BWP12T30P140)         0.0164     1.4792 f
  u_fused_array/U89122/ZN (OAI21D1BWP12T30P140)         0.0107     1.4899 r
  u_fused_array/g_exp_lane[31].u_scale/u_scale_multiplier/lo_product_s1_q_reg[40]/D (DFQD1BWP12T30P140)
                                                        0.0000     1.4899 r
  data arrival time                                                1.4899

  clock core_clk (rise edge)                            1.6000     1.6000
  clock network delay (ideal)                           0.0000     1.6000
  clock uncertainty                                    -0.1000     1.5000
  u_fused_array/g_exp_lane[31].u_scale/u_scale_multiplier/lo_product_s1_q_reg[40]/CP (DFQD1BWP12T30P140)
                                                        0.0000     1.5000 r
  library setup time                                   -0.0100     1.4900
  data required time                                               1.4900
  --------------------------------------------------------------------------
  data required time                                               1.4900
  data arrival time                                               -1.4899
  --------------------------------------------------------------------------
  slack (MET)                                                      0.0001


  Startpoint: u_fused_array/g_exp_lane[1].u_scale/scale_s0_q_reg[3]
              (rising edge-triggered flip-flop clocked by core_clk)
  Endpoint: u_fused_array/g_exp_lane[31].u_scale/u_scale_multiplier/lo_product_s1_q_reg[39]
            (rising edge-triggered flip-flop clocked by core_clk)
  Path Group: core_clk
  Path Type: max

  Des/Clust/Port     Wire Load Model       Library
  ------------------------------------------------
  fa_clear_replica_14
                     ZeroWireload          tcbn28hpcplusbwp12t30p140tt0p9v25c_ccs
  fa_clear_replica_13
                     ZeroWireload          tcbn28hpcplusbwp12t30p140tt0p9v25c_ccs
  fa_clear_replica_12
                     ZeroWireload          tcbn28hpcplusbwp12t30p140tt0p9v25c_ccs
  fa_clear_replica_11
                     ZeroWireload          tcbn28hpcplusbwp12t30p140tt0p9v25c_ccs
  fa_clear_replica_10
                     ZeroWireload          tcbn28hpcplusbwp12t30p140tt0p9v25c_ccs
  fa_clear_replica_9 ZeroWireload          tcbn28hpcplusbwp12t30p140tt0p9v25c_ccs
  fa_clear_replica_8 ZeroWireload          tcbn28hpcplusbwp12t30p140tt0p9v25c_ccs
  fa_clear_replica_7 ZeroWireload          tcbn28hpcplusbwp12t30p140tt0p9v25c_ccs
  fa_clear_replica_6 ZeroWireload          tcbn28hpcplusbwp12t30p140tt0p9v25c_ccs
  fa_clear_replica_5 ZeroWireload          tcbn28hpcplusbwp12t30p140tt0p9v25c_ccs
  fa_clear_replica_4 ZeroWireload          tcbn28hpcplusbwp12t30p140tt0p9v25c_ccs
  fa_clear_replica_3 ZeroWireload          tcbn28hpcplusbwp12t30p140tt0p9v25c_ccs
  fa_clear_replica_2 ZeroWireload          tcbn28hpcplusbwp12t30p140tt0p9v25c_ccs
  fa_clear_replica_1 ZeroWireload          tcbn28hpcplusbwp12t30p140tt0p9v25c_ccs
  fa_clear_replica_0 ZeroWireload          tcbn28hpcplusbwp12t30p140tt0p9v25c_ccs
  o_accumulator_bank_ROWS8_HEAD_DIM64_GROUP_SIZE32_DATA_W32_FEATURE_IDX_W6_1
                     ZeroWireload          tcbn28hpcplusbwp12t30p140tt0p9v25c_ccs
  o_accumulator_bank_ROWS8_HEAD_DIM64_GROUP_SIZE32_DATA_W32_FEATURE_IDX_W6_0
                     ZeroWireload          tcbn28hpcplusbwp12t30p140tt0p9v25c_ccs
  o_accumulator_bank_ROWS8_HEAD_DIM64_GROUP_SIZE32_DATA_W32_FEATURE_IDX_W6_2
                     ZeroWireload          tcbn28hpcplusbwp12t30p140tt0p9v25c_ccs
  o_accumulator_bank_ROWS8_HEAD_DIM64_GROUP_SIZE32_DATA_W32_FEATURE_IDX_W6_3
                     ZeroWireload          tcbn28hpcplusbwp12t30p140tt0p9v25c_ccs
  fa_clear_replica_15
                     ZeroWireload          tcbn28hpcplusbwp12t30p140tt0p9v25c_ccs
  fsa_stripe_STRIPE_ROWS8_COLS32_HEAD_DIM64_DATA_W8_SCORE_W32_PROB_W16_SUM_W32_TAG_W6_LOCAL_ROW_IDX_W3_0
                     ZeroWireload          tcbn28hpcplusbwp12t30p140tt0p9v25c_ccs
  fsa_stripe_STRIPE_ROWS8_COLS32_HEAD_DIM64_DATA_W8_SCORE_W32_PROB_W16_SUM_W32_TAG_W6_LOCAL_ROW_IDX_W3_1
                     ZeroWireload          tcbn28hpcplusbwp12t30p140tt0p9v25c_ccs
  fsa_stripe_STRIPE_ROWS8_COLS32_HEAD_DIM64_DATA_W8_SCORE_W32_PROB_W16_SUM_W32_TAG_W6_LOCAL_ROW_IDX_W3_2
                     ZeroWireload          tcbn28hpcplusbwp12t30p140tt0p9v25c_ccs
  fsa_stripe_STRIPE_ROWS8_COLS32_HEAD_DIM64_DATA_W8_SCORE_W32_PROB_W16_SUM_W32_TAG_W6_LOCAL_ROW_IDX_W3_3
                     ZeroWireload          tcbn28hpcplusbwp12t30p140tt0p9v25c_ccs
  fsa_delay_line_WIDTH38_DEPTH32
                     ZeroWireload          tcbn28hpcplusbwp12t30p140tt0p9v25c_ccs
  fsa_delay_line_WIDTH38_DEPTH31
                     ZeroWireload          tcbn28hpcplusbwp12t30p140tt0p9v25c_ccs
  fsa_delay_line_WIDTH38_DEPTH30
                     ZeroWireload          tcbn28hpcplusbwp12t30p140tt0p9v25c_ccs
  fsa_delay_line_WIDTH38_DEPTH29
                     ZeroWireload          tcbn28hpcplusbwp12t30p140tt0p9v25c_ccs
  fsa_delay_line_WIDTH38_DEPTH28
                     ZeroWireload          tcbn28hpcplusbwp12t30p140tt0p9v25c_ccs
  fsa_delay_line_WIDTH38_DEPTH27
                     ZeroWireload          tcbn28hpcplusbwp12t30p140tt0p9v25c_ccs
  fsa_delay_line_WIDTH38_DEPTH26
                     ZeroWireload          tcbn28hpcplusbwp12t30p140tt0p9v25c_ccs
  fsa_delay_line_WIDTH38_DEPTH25
                     ZeroWireload          tcbn28hpcplusbwp12t30p140tt0p9v25c_ccs
  fsa_delay_line_WIDTH38_DEPTH24
                     ZeroWireload          tcbn28hpcplusbwp12t30p140tt0p9v25c_ccs
  fsa_delay_line_WIDTH38_DEPTH23
                     ZeroWireload          tcbn28hpcplusbwp12t30p140tt0p9v25c_ccs
  fsa_delay_line_WIDTH38_DEPTH22
                     ZeroWireload          tcbn28hpcplusbwp12t30p140tt0p9v25c_ccs
  fsa_delay_line_WIDTH38_DEPTH21
                     ZeroWireload          tcbn28hpcplusbwp12t30p140tt0p9v25c_ccs
  fsa_delay_line_WIDTH38_DEPTH20
                     ZeroWireload          tcbn28hpcplusbwp12t30p140tt0p9v25c_ccs
  fsa_delay_line_WIDTH38_DEPTH19
                     ZeroWireload          tcbn28hpcplusbwp12t30p140tt0p9v25c_ccs
  fsa_delay_line_WIDTH38_DEPTH18
                     ZeroWireload          tcbn28hpcplusbwp12t30p140tt0p9v25c_ccs
  fsa_delay_line_WIDTH38_DEPTH17
                     ZeroWireload          tcbn28hpcplusbwp12t30p140tt0p9v25c_ccs
  fsa_delay_line_WIDTH38_DEPTH16
                     ZeroWireload          tcbn28hpcplusbwp12t30p140tt0p9v25c_ccs
  output_buffer_ROWS32_NORM_LANES8_HEAD_DIM64_OUT_W8_GROUP_SIZE32
                     ZeroWireload          tcbn28hpcplusbwp12t30p140tt0p9v25c_ccs
  online_normalizer_LANES8_ACC_W32_LSE_W32_OUT_W8_TAG_W8
                     ZeroWireload          tcbn28hpcplusbwp12t30p140tt0p9v25c_ccs
  fsa_fused_array_ROWS32_STRIPE_ROWS8_COLS32_DATA_W8_SCORE_W32_PROB_W16_ACC_W32_LSE_W32_HEAD_DIM64_FEATURE_IDX_W6
                     ZeroWireload          tcbn28hpcplusbwp12t30p140tt0p9v25c_ccs
  qkv_tile_cache_ADDR_W6
                     ZeroWireload          tcbn28hpcplusbwp12t30p140tt0p9v25c_ccs
  attention_accel_top
                     ZeroWireload          tcbn28hpcplusbwp12t30p140tt0p9v25c_ccs
  accel_regfile_HEAD_DIM64
                     ZeroWireload          tcbn28hpcplusbwp12t30p140tt0p9v25c_ccs

  Point                                                   Incr       Path
  --------------------------------------------------------------------------
  clock core_clk (rise edge)                            0.0000     0.0000
  clock network delay (ideal)                           0.0000     0.0000
  u_fused_array/g_exp_lane[1].u_scale/scale_s0_q_reg[3]/CP (DFQD2BWP12T30P140)
                                                        0.0000 #   0.0000 r
  u_fused_array/g_exp_lane[1].u_scale/scale_s0_q_reg[3]/Q (DFQD2BWP12T30P140)
                                                        0.0519     0.0519 r
  u_fused_array/U5838/ZN (INVD1BWP12T30P140)            0.0293     0.0813 f
  u_fused_array/U8831/Z (BUFFD1BWP12T30P140)            0.0492     0.1305 f
  u_fused_array/U68438/Z (BUFFD1BWP12T30P140)           0.0521     0.1826 f
  u_fused_array/U12/Z (BUFFD1BWP12T30P140)              0.0512     0.2338 f
  u_fused_array/U89030/ZN (AOI22D1BWP12T30P140)         0.0308     0.2646 r
  u_fused_array/U89031/ZN (AOI22D1BWP12T30P140)         0.0192     0.2838 f
  u_fused_array/U89032/ZN (OAI21D1BWP12T30P140)         0.0145     0.2983 r
  u_fused_array/U89035/ZN (ND2D0BWP12T30P140)           0.0307     0.3290 f
  u_fused_array/U89036/ZN (OAI21D0BWP12T30P140)         0.0188     0.3478 r
  u_fused_array/U89037/ZN (OAI211D1BWP12T30P140)        0.0219     0.3697 f
  u_fused_array/U89045/ZN (AOI21D0BWP12T30P140)         0.0267     0.3964 r
  u_fused_array/U110673/CO (FA1D1BWP12T30P140)          0.0283     0.4247 r
  u_fused_array/U89063/ZN (NR2D1BWP12T30P140)           0.0084     0.4331 f
  u_fused_array/U89064/ZN (AOI21D1BWP12T30P140)         0.0188     0.4519 r
  u_fused_array/U89068/ZN (MAOI222D1BWP12T30P140)       0.0262     0.4781 f
  u_fused_array/U89071/ZN (MAOI222D0BWP12T30P140)       0.0363     0.5144 r
  u_fused_array/U89073/ZN (MAOI222D1BWP12T30P140)       0.0337     0.5482 f
  u_fused_array/U89076/ZN (MAOI222D1BWP12T30P140)       0.0293     0.5775 r
  u_fused_array/U89078/ZN (MAOI222D1BWP12T30P140)       0.0310     0.6085 f
  u_fused_array/U89080/ZN (MAOI222D1BWP12T30P140)       0.0289     0.6374 r
  u_fused_array/U89081/ZN (MAOI222D1BWP12T30P140)       0.0310     0.6684 f
  u_fused_array/U89083/ZN (MAOI222D1BWP12T30P140)       0.0289     0.6973 r
  u_fused_array/U89084/ZN (MAOI222D1BWP12T30P140)       0.0310     0.7283 f
  u_fused_array/U89086/ZN (MAOI222D1BWP12T30P140)       0.0289     0.7572 r
  u_fused_array/U89087/ZN (MAOI222D1BWP12T30P140)       0.0310     0.7882 f
  u_fused_array/U89088/ZN (MAOI222D1BWP12T30P140)       0.0290     0.8172 r
  u_fused_array/U89089/ZN (MAOI222D1BWP12T30P140)       0.0310     0.8482 f
  u_fused_array/U89091/ZN (MAOI222D1BWP12T30P140)       0.0290     0.8772 r
  u_fused_array/U89092/ZN (MAOI222D1BWP12T30P140)       0.0310     0.9082 f
  u_fused_array/U89094/ZN (MAOI222D1BWP12T30P140)       0.0290     0.9372 r
  u_fused_array/U89095/ZN (MAOI222D1BWP12T30P140)       0.0310     0.9682 f
  u_fused_array/U89097/ZN (MAOI222D1BWP12T30P140)       0.0290     0.9972 r
  u_fused_array/U89098/ZN (MAOI222D1BWP12T30P140)       0.0310     1.0282 f
  u_fused_array/U89100/ZN (MAOI222D1BWP12T30P140)       0.0290     1.0571 r
  u_fused_array/U89101/ZN (MAOI222D1BWP12T30P140)       0.0310     1.0882 f
  u_fused_array/U89103/ZN (MAOI222D1BWP12T30P140)       0.0290     1.1171 r
  u_fused_array/U89104/ZN (MAOI222D1BWP12T30P140)       0.0310     1.1482 f
  u_fused_array/U89106/ZN (MAOI222D1BWP12T30P140)       0.0290     1.1771 r
  u_fused_array/U89107/ZN (MAOI222D1BWP12T30P140)       0.0310     1.2082 f
  u_fused_array/U89109/ZN (MAOI222D1BWP12T30P140)       0.0290     1.2371 r
  u_fused_array/U89110/ZN (MAOI222D1BWP12T30P140)       0.0310     1.2682 f
  u_fused_array/U89112/ZN (MAOI222D1BWP12T30P140)       0.0290     1.2971 r
  u_fused_array/U89113/ZN (MAOI222D1BWP12T30P140)       0.0310     1.3282 f
  u_fused_array/U89115/ZN (MAOI222D1BWP12T30P140)       0.0290     1.3571 r
  u_fused_array/U89116/ZN (MAOI222D1BWP12T30P140)       0.0310     1.3882 f
  u_fused_array/U89118/ZN (MAOI222D1BWP12T30P140)       0.0290     1.4171 r
  u_fused_array/U89119/ZN (MAOI222D1BWP12T30P140)       0.0252     1.4423 f
  u_fused_array/U89120/ZN (OAI31D1BWP12T30P140)         0.0205     1.4628 r
  u_fused_array/U89121/ZN (IOA21D1BWP12T30P140)         0.0164     1.4792 f
  u_fused_array/U89123/ZN (OAI21D1BWP12T30P140)         0.0107     1.4899 r
  u_fused_array/g_exp_lane[31].u_scale/u_scale_multiplier/lo_product_s1_q_reg[39]/D (DFQD1BWP12T30P140)
                                                        0.0000     1.4899 r
  data arrival time                                                1.4899

  clock core_clk (rise edge)                            1.6000     1.6000
  clock network delay (ideal)                           0.0000     1.6000
  clock uncertainty                                    -0.1000     1.5000
  u_fused_array/g_exp_lane[31].u_scale/u_scale_multiplier/lo_product_s1_q_reg[39]/CP (DFQD1BWP12T30P140)
                                                        0.0000     1.5000 r
  library setup time                                   -0.0100     1.4900
  data required time                                               1.4900
  --------------------------------------------------------------------------
  data required time                                               1.4900
  data arrival time                                               -1.4899
  --------------------------------------------------------------------------
  slack (MET)                                                      0.0001


  Startpoint: u_fused_array/g_exp_lane[1].u_scale/scale_s0_q_reg[3]
              (rising edge-triggered flip-flop clocked by core_clk)
  Endpoint: u_fused_array/g_exp_lane[31].u_scale/u_scale_multiplier/lo_product_s1_q_reg[40]
            (rising edge-triggered flip-flop clocked by core_clk)
  Path Group: core_clk
  Path Type: max

  Des/Clust/Port     Wire Load Model       Library
  ------------------------------------------------
  fa_clear_replica_14
                     ZeroWireload          tcbn28hpcplusbwp12t30p140tt0p9v25c_ccs
  fa_clear_replica_13
                     ZeroWireload          tcbn28hpcplusbwp12t30p140tt0p9v25c_ccs
  fa_clear_replica_12
                     ZeroWireload          tcbn28hpcplusbwp12t30p140tt0p9v25c_ccs
  fa_clear_replica_11
                     ZeroWireload          tcbn28hpcplusbwp12t30p140tt0p9v25c_ccs
  fa_clear_replica_10
                     ZeroWireload          tcbn28hpcplusbwp12t30p140tt0p9v25c_ccs
  fa_clear_replica_9 ZeroWireload          tcbn28hpcplusbwp12t30p140tt0p9v25c_ccs
  fa_clear_replica_8 ZeroWireload          tcbn28hpcplusbwp12t30p140tt0p9v25c_ccs
  fa_clear_replica_7 ZeroWireload          tcbn28hpcplusbwp12t30p140tt0p9v25c_ccs
  fa_clear_replica_6 ZeroWireload          tcbn28hpcplusbwp12t30p140tt0p9v25c_ccs
  fa_clear_replica_5 ZeroWireload          tcbn28hpcplusbwp12t30p140tt0p9v25c_ccs
  fa_clear_replica_4 ZeroWireload          tcbn28hpcplusbwp12t30p140tt0p9v25c_ccs
  fa_clear_replica_3 ZeroWireload          tcbn28hpcplusbwp12t30p140tt0p9v25c_ccs
  fa_clear_replica_2 ZeroWireload          tcbn28hpcplusbwp12t30p140tt0p9v25c_ccs
  fa_clear_replica_1 ZeroWireload          tcbn28hpcplusbwp12t30p140tt0p9v25c_ccs
  fa_clear_replica_0 ZeroWireload          tcbn28hpcplusbwp12t30p140tt0p9v25c_ccs
  o_accumulator_bank_ROWS8_HEAD_DIM64_GROUP_SIZE32_DATA_W32_FEATURE_IDX_W6_1
                     ZeroWireload          tcbn28hpcplusbwp12t30p140tt0p9v25c_ccs
  o_accumulator_bank_ROWS8_HEAD_DIM64_GROUP_SIZE32_DATA_W32_FEATURE_IDX_W6_0
                     ZeroWireload          tcbn28hpcplusbwp12t30p140tt0p9v25c_ccs
  o_accumulator_bank_ROWS8_HEAD_DIM64_GROUP_SIZE32_DATA_W32_FEATURE_IDX_W6_2
                     ZeroWireload          tcbn28hpcplusbwp12t30p140tt0p9v25c_ccs
  o_accumulator_bank_ROWS8_HEAD_DIM64_GROUP_SIZE32_DATA_W32_FEATURE_IDX_W6_3
                     ZeroWireload          tcbn28hpcplusbwp12t30p140tt0p9v25c_ccs
  fa_clear_replica_15
                     ZeroWireload          tcbn28hpcplusbwp12t30p140tt0p9v25c_ccs
  fsa_stripe_STRIPE_ROWS8_COLS32_HEAD_DIM64_DATA_W8_SCORE_W32_PROB_W16_SUM_W32_TAG_W6_LOCAL_ROW_IDX_W3_0
                     ZeroWireload          tcbn28hpcplusbwp12t30p140tt0p9v25c_ccs
  fsa_stripe_STRIPE_ROWS8_COLS32_HEAD_DIM64_DATA_W8_SCORE_W32_PROB_W16_SUM_W32_TAG_W6_LOCAL_ROW_IDX_W3_1
                     ZeroWireload          tcbn28hpcplusbwp12t30p140tt0p9v25c_ccs
  fsa_stripe_STRIPE_ROWS8_COLS32_HEAD_DIM64_DATA_W8_SCORE_W32_PROB_W16_SUM_W32_TAG_W6_LOCAL_ROW_IDX_W3_2
                     ZeroWireload          tcbn28hpcplusbwp12t30p140tt0p9v25c_ccs
  fsa_stripe_STRIPE_ROWS8_COLS32_HEAD_DIM64_DATA_W8_SCORE_W32_PROB_W16_SUM_W32_TAG_W6_LOCAL_ROW_IDX_W3_3
                     ZeroWireload          tcbn28hpcplusbwp12t30p140tt0p9v25c_ccs
  fsa_delay_line_WIDTH38_DEPTH32
                     ZeroWireload          tcbn28hpcplusbwp12t30p140tt0p9v25c_ccs
  fsa_delay_line_WIDTH38_DEPTH31
                     ZeroWireload          tcbn28hpcplusbwp12t30p140tt0p9v25c_ccs
  fsa_delay_line_WIDTH38_DEPTH30
                     ZeroWireload          tcbn28hpcplusbwp12t30p140tt0p9v25c_ccs
  fsa_delay_line_WIDTH38_DEPTH29
                     ZeroWireload          tcbn28hpcplusbwp12t30p140tt0p9v25c_ccs
  fsa_delay_line_WIDTH38_DEPTH28
                     ZeroWireload          tcbn28hpcplusbwp12t30p140tt0p9v25c_ccs
  fsa_delay_line_WIDTH38_DEPTH27
                     ZeroWireload          tcbn28hpcplusbwp12t30p140tt0p9v25c_ccs
  fsa_delay_line_WIDTH38_DEPTH26
                     ZeroWireload          tcbn28hpcplusbwp12t30p140tt0p9v25c_ccs
  fsa_delay_line_WIDTH38_DEPTH25
                     ZeroWireload          tcbn28hpcplusbwp12t30p140tt0p9v25c_ccs
  fsa_delay_line_WIDTH38_DEPTH24
                     ZeroWireload          tcbn28hpcplusbwp12t30p140tt0p9v25c_ccs
  fsa_delay_line_WIDTH38_DEPTH23
                     ZeroWireload          tcbn28hpcplusbwp12t30p140tt0p9v25c_ccs
  fsa_delay_line_WIDTH38_DEPTH22
                     ZeroWireload          tcbn28hpcplusbwp12t30p140tt0p9v25c_ccs
  fsa_delay_line_WIDTH38_DEPTH21
                     ZeroWireload          tcbn28hpcplusbwp12t30p140tt0p9v25c_ccs
  fsa_delay_line_WIDTH38_DEPTH20
                     ZeroWireload          tcbn28hpcplusbwp12t30p140tt0p9v25c_ccs
  fsa_delay_line_WIDTH38_DEPTH19
                     ZeroWireload          tcbn28hpcplusbwp12t30p140tt0p9v25c_ccs
  fsa_delay_line_WIDTH38_DEPTH18
                     ZeroWireload          tcbn28hpcplusbwp12t30p140tt0p9v25c_ccs
  fsa_delay_line_WIDTH38_DEPTH17
                     ZeroWireload          tcbn28hpcplusbwp12t30p140tt0p9v25c_ccs
  fsa_delay_line_WIDTH38_DEPTH16
                     ZeroWireload          tcbn28hpcplusbwp12t30p140tt0p9v25c_ccs
  output_buffer_ROWS32_NORM_LANES8_HEAD_DIM64_OUT_W8_GROUP_SIZE32
                     ZeroWireload          tcbn28hpcplusbwp12t30p140tt0p9v25c_ccs
  online_normalizer_LANES8_ACC_W32_LSE_W32_OUT_W8_TAG_W8
                     ZeroWireload          tcbn28hpcplusbwp12t30p140tt0p9v25c_ccs
  fsa_fused_array_ROWS32_STRIPE_ROWS8_COLS32_DATA_W8_SCORE_W32_PROB_W16_ACC_W32_LSE_W32_HEAD_DIM64_FEATURE_IDX_W6
                     ZeroWireload          tcbn28hpcplusbwp12t30p140tt0p9v25c_ccs
  qkv_tile_cache_ADDR_W6
                     ZeroWireload          tcbn28hpcplusbwp12t30p140tt0p9v25c_ccs
  attention_accel_top
                     ZeroWireload          tcbn28hpcplusbwp12t30p140tt0p9v25c_ccs
  accel_regfile_HEAD_DIM64
                     ZeroWireload          tcbn28hpcplusbwp12t30p140tt0p9v25c_ccs

  Point                                                   Incr       Path
  --------------------------------------------------------------------------
  clock core_clk (rise edge)                            0.0000     0.0000
  clock network delay (ideal)                           0.0000     0.0000
  u_fused_array/g_exp_lane[1].u_scale/scale_s0_q_reg[3]/CP (DFQD2BWP12T30P140)
                                                        0.0000 #   0.0000 r
  u_fused_array/g_exp_lane[1].u_scale/scale_s0_q_reg[3]/Q (DFQD2BWP12T30P140)
                                                        0.0519     0.0519 r
  u_fused_array/U5838/ZN (INVD1BWP12T30P140)            0.0293     0.0813 f
  u_fused_array/U8831/Z (BUFFD1BWP12T30P140)            0.0492     0.1305 f
  u_fused_array/U68438/Z (BUFFD1BWP12T30P140)           0.0521     0.1826 f
  u_fused_array/U12/Z (BUFFD1BWP12T30P140)              0.0512     0.2338 f
  u_fused_array/U89030/ZN (AOI22D1BWP12T30P140)         0.0308     0.2646 r
  u_fused_array/U89031/ZN (AOI22D1BWP12T30P140)         0.0192     0.2838 f
  u_fused_array/U89032/ZN (OAI21D1BWP12T30P140)         0.0145     0.2983 r
  u_fused_array/U89035/ZN (ND2D0BWP12T30P140)           0.0307     0.3290 f
  u_fused_array/U89036/ZN (OAI21D0BWP12T30P140)         0.0188     0.3478 r
  u_fused_array/U89037/ZN (OAI211D1BWP12T30P140)        0.0219     0.3697 f
  u_fused_array/U89045/ZN (AOI21D0BWP12T30P140)         0.0267     0.3964 r
  u_fused_array/U110673/CO (FA1D1BWP12T30P140)          0.0283     0.4247 r
  u_fused_array/U89063/ZN (NR2D1BWP12T30P140)           0.0084     0.4331 f
  u_fused_array/U89064/ZN (AOI21D1BWP12T30P140)         0.0188     0.4519 r
  u_fused_array/U89068/ZN (MAOI222D1BWP12T30P140)       0.0262     0.4781 f
  u_fused_array/U89071/ZN (MAOI222D0BWP12T30P140)       0.0363     0.5144 r
  u_fused_array/U89073/ZN (MAOI222D1BWP12T30P140)       0.0337     0.5482 f
  u_fused_array/U89076/ZN (MAOI222D1BWP12T30P140)       0.0293     0.5775 r
  u_fused_array/U89078/ZN (MAOI222D1BWP12T30P140)       0.0310     0.6085 f
  u_fused_array/U89080/ZN (MAOI222D1BWP12T30P140)       0.0289     0.6374 r
  u_fused_array/U89081/ZN (MAOI222D1BWP12T30P140)       0.0310     0.6684 f
  u_fused_array/U89083/ZN (MAOI222D1BWP12T30P140)       0.0289     0.6973 r
  u_fused_array/U89084/ZN (MAOI222D1BWP12T30P140)       0.0310     0.7283 f
  u_fused_array/U89086/ZN (MAOI222D1BWP12T30P140)       0.0289     0.7572 r
  u_fused_array/U89087/ZN (MAOI222D1BWP12T30P140)       0.0310     0.7882 f
  u_fused_array/U89088/ZN (MAOI222D1BWP12T30P140)       0.0290     0.8172 r
  u_fused_array/U89089/ZN (MAOI222D1BWP12T30P140)       0.0310     0.8482 f
  u_fused_array/U89091/ZN (MAOI222D1BWP12T30P140)       0.0290     0.8772 r
  u_fused_array/U89092/ZN (MAOI222D1BWP12T30P140)       0.0310     0.9082 f
  u_fused_array/U89094/ZN (MAOI222D1BWP12T30P140)       0.0290     0.9372 r
  u_fused_array/U89095/ZN (MAOI222D1BWP12T30P140)       0.0310     0.9682 f
  u_fused_array/U89097/ZN (MAOI222D1BWP12T30P140)       0.0290     0.9972 r
  u_fused_array/U89098/ZN (MAOI222D1BWP12T30P140)       0.0310     1.0282 f
  u_fused_array/U89100/ZN (MAOI222D1BWP12T30P140)       0.0290     1.0571 r
  u_fused_array/U89101/ZN (MAOI222D1BWP12T30P140)       0.0310     1.0882 f
  u_fused_array/U89103/ZN (MAOI222D1BWP12T30P140)       0.0290     1.1171 r
  u_fused_array/U89104/ZN (MAOI222D1BWP12T30P140)       0.0310     1.1482 f
  u_fused_array/U89106/ZN (MAOI222D1BWP12T30P140)       0.0290     1.1771 r
  u_fused_array/U89107/ZN (MAOI222D1BWP12T30P140)       0.0310     1.2082 f
  u_fused_array/U89109/ZN (MAOI222D1BWP12T30P140)       0.0290     1.2371 r
  u_fused_array/U89110/ZN (MAOI222D1BWP12T30P140)       0.0310     1.2682 f
  u_fused_array/U89112/ZN (MAOI222D1BWP12T30P140)       0.0290     1.2971 r
  u_fused_array/U89113/ZN (MAOI222D1BWP12T30P140)       0.0310     1.3282 f
  u_fused_array/U89115/ZN (MAOI222D1BWP12T30P140)       0.0290     1.3571 r
  u_fused_array/U89116/ZN (MAOI222D1BWP12T30P140)       0.0310     1.3882 f
  u_fused_array/U89118/ZN (MAOI222D1BWP12T30P140)       0.0290     1.4171 r
  u_fused_array/U89119/ZN (MAOI222D1BWP12T30P140)       0.0252     1.4423 f
  u_fused_array/U89120/ZN (OAI31D1BWP12T30P140)         0.0205     1.4628 r
  u_fused_array/U89121/ZN (IOA21D1BWP12T30P140)         0.0164     1.4792 f
  u_fused_array/U89122/ZN (OAI21D1BWP12T30P140)         0.0107     1.4899 r
  u_fused_array/g_exp_lane[31].u_scale/u_scale_multiplier/lo_product_s1_q_reg[40]/D (DFQD1BWP12T30P140)
                                                        0.0000     1.4899 r
  data arrival time                                                1.4899

  clock core_clk (rise edge)                            1.6000     1.6000
  clock network delay (ideal)                           0.0000     1.6000
  clock uncertainty                                    -0.1000     1.5000
  u_fused_array/g_exp_lane[31].u_scale/u_scale_multiplier/lo_product_s1_q_reg[40]/CP (DFQD1BWP12T30P140)
                                                        0.0000     1.5000 r
  library setup time                                   -0.0100     1.4900
  data required time                                               1.4900
  --------------------------------------------------------------------------
  data required time                                               1.4900
  data arrival time                                               -1.4899
  --------------------------------------------------------------------------
  slack (MET)                                                      0.0001


  Startpoint: u_fused_array/g_exp_lane[1].u_scale/scale_s0_q_reg[3]
              (rising edge-triggered flip-flop clocked by core_clk)
  Endpoint: u_fused_array/g_exp_lane[31].u_scale/u_scale_multiplier/lo_product_s1_q_reg[39]
            (rising edge-triggered flip-flop clocked by core_clk)
  Path Group: core_clk
  Path Type: max

  Des/Clust/Port     Wire Load Model       Library
  ------------------------------------------------
  fa_clear_replica_14
                     ZeroWireload          tcbn28hpcplusbwp12t30p140tt0p9v25c_ccs
  fa_clear_replica_13
                     ZeroWireload          tcbn28hpcplusbwp12t30p140tt0p9v25c_ccs
  fa_clear_replica_12
                     ZeroWireload          tcbn28hpcplusbwp12t30p140tt0p9v25c_ccs
  fa_clear_replica_11
                     ZeroWireload          tcbn28hpcplusbwp12t30p140tt0p9v25c_ccs
  fa_clear_replica_10
                     ZeroWireload          tcbn28hpcplusbwp12t30p140tt0p9v25c_ccs
  fa_clear_replica_9 ZeroWireload          tcbn28hpcplusbwp12t30p140tt0p9v25c_ccs
  fa_clear_replica_8 ZeroWireload          tcbn28hpcplusbwp12t30p140tt0p9v25c_ccs
  fa_clear_replica_7 ZeroWireload          tcbn28hpcplusbwp12t30p140tt0p9v25c_ccs
  fa_clear_replica_6 ZeroWireload          tcbn28hpcplusbwp12t30p140tt0p9v25c_ccs
  fa_clear_replica_5 ZeroWireload          tcbn28hpcplusbwp12t30p140tt0p9v25c_ccs
  fa_clear_replica_4 ZeroWireload          tcbn28hpcplusbwp12t30p140tt0p9v25c_ccs
  fa_clear_replica_3 ZeroWireload          tcbn28hpcplusbwp12t30p140tt0p9v25c_ccs
  fa_clear_replica_2 ZeroWireload          tcbn28hpcplusbwp12t30p140tt0p9v25c_ccs
  fa_clear_replica_1 ZeroWireload          tcbn28hpcplusbwp12t30p140tt0p9v25c_ccs
  fa_clear_replica_0 ZeroWireload          tcbn28hpcplusbwp12t30p140tt0p9v25c_ccs
  o_accumulator_bank_ROWS8_HEAD_DIM64_GROUP_SIZE32_DATA_W32_FEATURE_IDX_W6_1
                     ZeroWireload          tcbn28hpcplusbwp12t30p140tt0p9v25c_ccs
  o_accumulator_bank_ROWS8_HEAD_DIM64_GROUP_SIZE32_DATA_W32_FEATURE_IDX_W6_0
                     ZeroWireload          tcbn28hpcplusbwp12t30p140tt0p9v25c_ccs
  o_accumulator_bank_ROWS8_HEAD_DIM64_GROUP_SIZE32_DATA_W32_FEATURE_IDX_W6_2
                     ZeroWireload          tcbn28hpcplusbwp12t30p140tt0p9v25c_ccs
  o_accumulator_bank_ROWS8_HEAD_DIM64_GROUP_SIZE32_DATA_W32_FEATURE_IDX_W6_3
                     ZeroWireload          tcbn28hpcplusbwp12t30p140tt0p9v25c_ccs
  fa_clear_replica_15
                     ZeroWireload          tcbn28hpcplusbwp12t30p140tt0p9v25c_ccs
  fsa_stripe_STRIPE_ROWS8_COLS32_HEAD_DIM64_DATA_W8_SCORE_W32_PROB_W16_SUM_W32_TAG_W6_LOCAL_ROW_IDX_W3_0
                     ZeroWireload          tcbn28hpcplusbwp12t30p140tt0p9v25c_ccs
  fsa_stripe_STRIPE_ROWS8_COLS32_HEAD_DIM64_DATA_W8_SCORE_W32_PROB_W16_SUM_W32_TAG_W6_LOCAL_ROW_IDX_W3_1
                     ZeroWireload          tcbn28hpcplusbwp12t30p140tt0p9v25c_ccs
  fsa_stripe_STRIPE_ROWS8_COLS32_HEAD_DIM64_DATA_W8_SCORE_W32_PROB_W16_SUM_W32_TAG_W6_LOCAL_ROW_IDX_W3_2
                     ZeroWireload          tcbn28hpcplusbwp12t30p140tt0p9v25c_ccs
  fsa_stripe_STRIPE_ROWS8_COLS32_HEAD_DIM64_DATA_W8_SCORE_W32_PROB_W16_SUM_W32_TAG_W6_LOCAL_ROW_IDX_W3_3
                     ZeroWireload          tcbn28hpcplusbwp12t30p140tt0p9v25c_ccs
  fsa_delay_line_WIDTH38_DEPTH32
                     ZeroWireload          tcbn28hpcplusbwp12t30p140tt0p9v25c_ccs
  fsa_delay_line_WIDTH38_DEPTH31
                     ZeroWireload          tcbn28hpcplusbwp12t30p140tt0p9v25c_ccs
  fsa_delay_line_WIDTH38_DEPTH30
                     ZeroWireload          tcbn28hpcplusbwp12t30p140tt0p9v25c_ccs
  fsa_delay_line_WIDTH38_DEPTH29
                     ZeroWireload          tcbn28hpcplusbwp12t30p140tt0p9v25c_ccs
  fsa_delay_line_WIDTH38_DEPTH28
                     ZeroWireload          tcbn28hpcplusbwp12t30p140tt0p9v25c_ccs
  fsa_delay_line_WIDTH38_DEPTH27
                     ZeroWireload          tcbn28hpcplusbwp12t30p140tt0p9v25c_ccs
  fsa_delay_line_WIDTH38_DEPTH26
                     ZeroWireload          tcbn28hpcplusbwp12t30p140tt0p9v25c_ccs
  fsa_delay_line_WIDTH38_DEPTH25
                     ZeroWireload          tcbn28hpcplusbwp12t30p140tt0p9v25c_ccs
  fsa_delay_line_WIDTH38_DEPTH24
                     ZeroWireload          tcbn28hpcplusbwp12t30p140tt0p9v25c_ccs
  fsa_delay_line_WIDTH38_DEPTH23
                     ZeroWireload          tcbn28hpcplusbwp12t30p140tt0p9v25c_ccs
  fsa_delay_line_WIDTH38_DEPTH22
                     ZeroWireload          tcbn28hpcplusbwp12t30p140tt0p9v25c_ccs
  fsa_delay_line_WIDTH38_DEPTH21
                     ZeroWireload          tcbn28hpcplusbwp12t30p140tt0p9v25c_ccs
  fsa_delay_line_WIDTH38_DEPTH20
                     ZeroWireload          tcbn28hpcplusbwp12t30p140tt0p9v25c_ccs
  fsa_delay_line_WIDTH38_DEPTH19
                     ZeroWireload          tcbn28hpcplusbwp12t30p140tt0p9v25c_ccs
  fsa_delay_line_WIDTH38_DEPTH18
                     ZeroWireload          tcbn28hpcplusbwp12t30p140tt0p9v25c_ccs
  fsa_delay_line_WIDTH38_DEPTH17
                     ZeroWireload          tcbn28hpcplusbwp12t30p140tt0p9v25c_ccs
  fsa_delay_line_WIDTH38_DEPTH16
                     ZeroWireload          tcbn28hpcplusbwp12t30p140tt0p9v25c_ccs
  output_buffer_ROWS32_NORM_LANES8_HEAD_DIM64_OUT_W8_GROUP_SIZE32
                     ZeroWireload          tcbn28hpcplusbwp12t30p140tt0p9v25c_ccs
  online_normalizer_LANES8_ACC_W32_LSE_W32_OUT_W8_TAG_W8
                     ZeroWireload          tcbn28hpcplusbwp12t30p140tt0p9v25c_ccs
  fsa_fused_array_ROWS32_STRIPE_ROWS8_COLS32_DATA_W8_SCORE_W32_PROB_W16_ACC_W32_LSE_W32_HEAD_DIM64_FEATURE_IDX_W6
                     ZeroWireload          tcbn28hpcplusbwp12t30p140tt0p9v25c_ccs
  qkv_tile_cache_ADDR_W6
                     ZeroWireload          tcbn28hpcplusbwp12t30p140tt0p9v25c_ccs
  attention_accel_top
                     ZeroWireload          tcbn28hpcplusbwp12t30p140tt0p9v25c_ccs
  accel_regfile_HEAD_DIM64
                     ZeroWireload          tcbn28hpcplusbwp12t30p140tt0p9v25c_ccs

  Point                                                   Incr       Path
  --------------------------------------------------------------------------
  clock core_clk (rise edge)                            0.0000     0.0000
  clock network delay (ideal)                           0.0000     0.0000
  u_fused_array/g_exp_lane[1].u_scale/scale_s0_q_reg[3]/CP (DFQD2BWP12T30P140)
                                                        0.0000 #   0.0000 r
  u_fused_array/g_exp_lane[1].u_scale/scale_s0_q_reg[3]/Q (DFQD2BWP12T30P140)
                                                        0.0519     0.0519 r
  u_fused_array/U5838/ZN (INVD1BWP12T30P140)            0.0293     0.0813 f
  u_fused_array/U8831/Z (BUFFD1BWP12T30P140)            0.0492     0.1305 f
  u_fused_array/U68438/Z (BUFFD1BWP12T30P140)           0.0521     0.1826 f
  u_fused_array/U12/Z (BUFFD1BWP12T30P140)              0.0512     0.2338 f
  u_fused_array/U89030/ZN (AOI22D1BWP12T30P140)         0.0308     0.2646 r
  u_fused_array/U89031/ZN (AOI22D1BWP12T30P140)         0.0192     0.2838 f
  u_fused_array/U89032/ZN (OAI21D1BWP12T30P140)         0.0145     0.2983 r
  u_fused_array/U89035/ZN (ND2D0BWP12T30P140)           0.0307     0.3290 f
  u_fused_array/U89036/ZN (OAI21D0BWP12T30P140)         0.0188     0.3478 r
  u_fused_array/U89037/ZN (OAI211D1BWP12T30P140)        0.0219     0.3697 f
  u_fused_array/U89045/ZN (AOI21D0BWP12T30P140)         0.0267     0.3964 r
  u_fused_array/U110673/CO (FA1D1BWP12T30P140)          0.0283     0.4247 r
  u_fused_array/U89063/ZN (NR2D1BWP12T30P140)           0.0084     0.4331 f
  u_fused_array/U89064/ZN (AOI21D1BWP12T30P140)         0.0188     0.4519 r
  u_fused_array/U89068/ZN (MAOI222D1BWP12T30P140)       0.0262     0.4781 f
  u_fused_array/U89071/ZN (MAOI222D0BWP12T30P140)       0.0363     0.5144 r
  u_fused_array/U89073/ZN (MAOI222D1BWP12T30P140)       0.0337     0.5482 f
  u_fused_array/U89076/ZN (MAOI222D1BWP12T30P140)       0.0293     0.5775 r
  u_fused_array/U89078/ZN (MAOI222D1BWP12T30P140)       0.0310     0.6085 f
  u_fused_array/U89080/ZN (MAOI222D1BWP12T30P140)       0.0289     0.6374 r
  u_fused_array/U89081/ZN (MAOI222D1BWP12T30P140)       0.0310     0.6684 f
  u_fused_array/U89083/ZN (MAOI222D1BWP12T30P140)       0.0289     0.6973 r
  u_fused_array/U89084/ZN (MAOI222D1BWP12T30P140)       0.0310     0.7283 f
  u_fused_array/U89086/ZN (MAOI222D1BWP12T30P140)       0.0289     0.7572 r
  u_fused_array/U89087/ZN (MAOI222D1BWP12T30P140)       0.0310     0.7882 f
  u_fused_array/U89088/ZN (MAOI222D1BWP12T30P140)       0.0290     0.8172 r
  u_fused_array/U89089/ZN (MAOI222D1BWP12T30P140)       0.0310     0.8482 f
  u_fused_array/U89091/ZN (MAOI222D1BWP12T30P140)       0.0290     0.8772 r
  u_fused_array/U89092/ZN (MAOI222D1BWP12T30P140)       0.0310     0.9082 f
  u_fused_array/U89094/ZN (MAOI222D1BWP12T30P140)       0.0290     0.9372 r
  u_fused_array/U89095/ZN (MAOI222D1BWP12T30P140)       0.0310     0.9682 f
  u_fused_array/U89097/ZN (MAOI222D1BWP12T30P140)       0.0290     0.9972 r
  u_fused_array/U89098/ZN (MAOI222D1BWP12T30P140)       0.0310     1.0282 f
  u_fused_array/U89100/ZN (MAOI222D1BWP12T30P140)       0.0290     1.0571 r
  u_fused_array/U89101/ZN (MAOI222D1BWP12T30P140)       0.0310     1.0882 f
  u_fused_array/U89103/ZN (MAOI222D1BWP12T30P140)       0.0290     1.1171 r
  u_fused_array/U89104/ZN (MAOI222D1BWP12T30P140)       0.0310     1.1482 f
  u_fused_array/U89106/ZN (MAOI222D1BWP12T30P140)       0.0290     1.1771 r
  u_fused_array/U89107/ZN (MAOI222D1BWP12T30P140)       0.0310     1.2082 f
  u_fused_array/U89109/ZN (MAOI222D1BWP12T30P140)       0.0290     1.2371 r
  u_fused_array/U89110/ZN (MAOI222D1BWP12T30P140)       0.0310     1.2682 f
  u_fused_array/U89112/ZN (MAOI222D1BWP12T30P140)       0.0290     1.2971 r
  u_fused_array/U89113/ZN (MAOI222D1BWP12T30P140)       0.0310     1.3282 f
  u_fused_array/U89115/ZN (MAOI222D1BWP12T30P140)       0.0290     1.3571 r
  u_fused_array/U89116/ZN (MAOI222D1BWP12T30P140)       0.0310     1.3882 f
  u_fused_array/U89118/ZN (MAOI222D1BWP12T30P140)       0.0290     1.4171 r
  u_fused_array/U89119/ZN (MAOI222D1BWP12T30P140)       0.0252     1.4423 f
  u_fused_array/U89120/ZN (OAI31D1BWP12T30P140)         0.0205     1.4628 r
  u_fused_array/U89121/ZN (IOA21D1BWP12T30P140)         0.0164     1.4792 f
  u_fused_array/U89123/ZN (OAI21D1BWP12T30P140)         0.0107     1.4899 r
  u_fused_array/g_exp_lane[31].u_scale/u_scale_multiplier/lo_product_s1_q_reg[39]/D (DFQD1BWP12T30P140)
                                                        0.0000     1.4899 r
  data arrival time                                                1.4899

  clock core_clk (rise edge)                            1.6000     1.6000
  clock network delay (ideal)                           0.0000     1.6000
  clock uncertainty                                    -0.1000     1.5000
  u_fused_array/g_exp_lane[31].u_scale/u_scale_multiplier/lo_product_s1_q_reg[39]/CP (DFQD1BWP12T30P140)
                                                        0.0000     1.5000 r
  library setup time                                   -0.0100     1.4900
  data required time                                               1.4900
  --------------------------------------------------------------------------
  data required time                                               1.4900
  data arrival time                                               -1.4899
  --------------------------------------------------------------------------
  slack (MET)                                                      0.0001


  Startpoint: u_fused_array/g_exp_lane[1].u_scale/scale_s0_q_reg[3]
              (rising edge-triggered flip-flop clocked by core_clk)
  Endpoint: u_fused_array/g_exp_lane[31].u_scale/u_scale_multiplier/lo_product_s1_q_reg[40]
            (rising edge-triggered flip-flop clocked by core_clk)
  Path Group: core_clk
  Path Type: max

  Des/Clust/Port     Wire Load Model       Library
  ------------------------------------------------
  fa_clear_replica_14
                     ZeroWireload          tcbn28hpcplusbwp12t30p140tt0p9v25c_ccs
  fa_clear_replica_13
                     ZeroWireload          tcbn28hpcplusbwp12t30p140tt0p9v25c_ccs
  fa_clear_replica_12
                     ZeroWireload          tcbn28hpcplusbwp12t30p140tt0p9v25c_ccs
  fa_clear_replica_11
                     ZeroWireload          tcbn28hpcplusbwp12t30p140tt0p9v25c_ccs
  fa_clear_replica_10
                     ZeroWireload          tcbn28hpcplusbwp12t30p140tt0p9v25c_ccs
  fa_clear_replica_9 ZeroWireload          tcbn28hpcplusbwp12t30p140tt0p9v25c_ccs
  fa_clear_replica_8 ZeroWireload          tcbn28hpcplusbwp12t30p140tt0p9v25c_ccs
  fa_clear_replica_7 ZeroWireload          tcbn28hpcplusbwp12t30p140tt0p9v25c_ccs
  fa_clear_replica_6 ZeroWireload          tcbn28hpcplusbwp12t30p140tt0p9v25c_ccs
  fa_clear_replica_5 ZeroWireload          tcbn28hpcplusbwp12t30p140tt0p9v25c_ccs
  fa_clear_replica_4 ZeroWireload          tcbn28hpcplusbwp12t30p140tt0p9v25c_ccs
  fa_clear_replica_3 ZeroWireload          tcbn28hpcplusbwp12t30p140tt0p9v25c_ccs
  fa_clear_replica_2 ZeroWireload          tcbn28hpcplusbwp12t30p140tt0p9v25c_ccs
  fa_clear_replica_1 ZeroWireload          tcbn28hpcplusbwp12t30p140tt0p9v25c_ccs
  fa_clear_replica_0 ZeroWireload          tcbn28hpcplusbwp12t30p140tt0p9v25c_ccs
  o_accumulator_bank_ROWS8_HEAD_DIM64_GROUP_SIZE32_DATA_W32_FEATURE_IDX_W6_1
                     ZeroWireload          tcbn28hpcplusbwp12t30p140tt0p9v25c_ccs
  o_accumulator_bank_ROWS8_HEAD_DIM64_GROUP_SIZE32_DATA_W32_FEATURE_IDX_W6_0
                     ZeroWireload          tcbn28hpcplusbwp12t30p140tt0p9v25c_ccs
  o_accumulator_bank_ROWS8_HEAD_DIM64_GROUP_SIZE32_DATA_W32_FEATURE_IDX_W6_2
                     ZeroWireload          tcbn28hpcplusbwp12t30p140tt0p9v25c_ccs
  o_accumulator_bank_ROWS8_HEAD_DIM64_GROUP_SIZE32_DATA_W32_FEATURE_IDX_W6_3
                     ZeroWireload          tcbn28hpcplusbwp12t30p140tt0p9v25c_ccs
  fa_clear_replica_15
                     ZeroWireload          tcbn28hpcplusbwp12t30p140tt0p9v25c_ccs
  fsa_stripe_STRIPE_ROWS8_COLS32_HEAD_DIM64_DATA_W8_SCORE_W32_PROB_W16_SUM_W32_TAG_W6_LOCAL_ROW_IDX_W3_0
                     ZeroWireload          tcbn28hpcplusbwp12t30p140tt0p9v25c_ccs
  fsa_stripe_STRIPE_ROWS8_COLS32_HEAD_DIM64_DATA_W8_SCORE_W32_PROB_W16_SUM_W32_TAG_W6_LOCAL_ROW_IDX_W3_1
                     ZeroWireload          tcbn28hpcplusbwp12t30p140tt0p9v25c_ccs
  fsa_stripe_STRIPE_ROWS8_COLS32_HEAD_DIM64_DATA_W8_SCORE_W32_PROB_W16_SUM_W32_TAG_W6_LOCAL_ROW_IDX_W3_2
                     ZeroWireload          tcbn28hpcplusbwp12t30p140tt0p9v25c_ccs
  fsa_stripe_STRIPE_ROWS8_COLS32_HEAD_DIM64_DATA_W8_SCORE_W32_PROB_W16_SUM_W32_TAG_W6_LOCAL_ROW_IDX_W3_3
                     ZeroWireload          tcbn28hpcplusbwp12t30p140tt0p9v25c_ccs
  fsa_delay_line_WIDTH38_DEPTH32
                     ZeroWireload          tcbn28hpcplusbwp12t30p140tt0p9v25c_ccs
  fsa_delay_line_WIDTH38_DEPTH31
                     ZeroWireload          tcbn28hpcplusbwp12t30p140tt0p9v25c_ccs
  fsa_delay_line_WIDTH38_DEPTH30
                     ZeroWireload          tcbn28hpcplusbwp12t30p140tt0p9v25c_ccs
  fsa_delay_line_WIDTH38_DEPTH29
                     ZeroWireload          tcbn28hpcplusbwp12t30p140tt0p9v25c_ccs
  fsa_delay_line_WIDTH38_DEPTH28
                     ZeroWireload          tcbn28hpcplusbwp12t30p140tt0p9v25c_ccs
  fsa_delay_line_WIDTH38_DEPTH27
                     ZeroWireload          tcbn28hpcplusbwp12t30p140tt0p9v25c_ccs
  fsa_delay_line_WIDTH38_DEPTH26
                     ZeroWireload          tcbn28hpcplusbwp12t30p140tt0p9v25c_ccs
  fsa_delay_line_WIDTH38_DEPTH25
                     ZeroWireload          tcbn28hpcplusbwp12t30p140tt0p9v25c_ccs
  fsa_delay_line_WIDTH38_DEPTH24
                     ZeroWireload          tcbn28hpcplusbwp12t30p140tt0p9v25c_ccs
  fsa_delay_line_WIDTH38_DEPTH23
                     ZeroWireload          tcbn28hpcplusbwp12t30p140tt0p9v25c_ccs
  fsa_delay_line_WIDTH38_DEPTH22
                     ZeroWireload          tcbn28hpcplusbwp12t30p140tt0p9v25c_ccs
  fsa_delay_line_WIDTH38_DEPTH21
                     ZeroWireload          tcbn28hpcplusbwp12t30p140tt0p9v25c_ccs
  fsa_delay_line_WIDTH38_DEPTH20
                     ZeroWireload          tcbn28hpcplusbwp12t30p140tt0p9v25c_ccs
  fsa_delay_line_WIDTH38_DEPTH19
                     ZeroWireload          tcbn28hpcplusbwp12t30p140tt0p9v25c_ccs
  fsa_delay_line_WIDTH38_DEPTH18
                     ZeroWireload          tcbn28hpcplusbwp12t30p140tt0p9v25c_ccs
  fsa_delay_line_WIDTH38_DEPTH17
                     ZeroWireload          tcbn28hpcplusbwp12t30p140tt0p9v25c_ccs
  fsa_delay_line_WIDTH38_DEPTH16
                     ZeroWireload          tcbn28hpcplusbwp12t30p140tt0p9v25c_ccs
  output_buffer_ROWS32_NORM_LANES8_HEAD_DIM64_OUT_W8_GROUP_SIZE32
                     ZeroWireload          tcbn28hpcplusbwp12t30p140tt0p9v25c_ccs
  online_normalizer_LANES8_ACC_W32_LSE_W32_OUT_W8_TAG_W8
                     ZeroWireload          tcbn28hpcplusbwp12t30p140tt0p9v25c_ccs
  fsa_fused_array_ROWS32_STRIPE_ROWS8_COLS32_DATA_W8_SCORE_W32_PROB_W16_ACC_W32_LSE_W32_HEAD_DIM64_FEATURE_IDX_W6
                     ZeroWireload          tcbn28hpcplusbwp12t30p140tt0p9v25c_ccs
  qkv_tile_cache_ADDR_W6
                     ZeroWireload          tcbn28hpcplusbwp12t30p140tt0p9v25c_ccs
  attention_accel_top
                     ZeroWireload          tcbn28hpcplusbwp12t30p140tt0p9v25c_ccs
  accel_regfile_HEAD_DIM64
                     ZeroWireload          tcbn28hpcplusbwp12t30p140tt0p9v25c_ccs

  Point                                                   Incr       Path
  --------------------------------------------------------------------------
  clock core_clk (rise edge)                            0.0000     0.0000
  clock network delay (ideal)                           0.0000     0.0000
  u_fused_array/g_exp_lane[1].u_scale/scale_s0_q_reg[3]/CP (DFQD2BWP12T30P140)
                                                        0.0000 #   0.0000 r
  u_fused_array/g_exp_lane[1].u_scale/scale_s0_q_reg[3]/Q (DFQD2BWP12T30P140)
                                                        0.0519     0.0519 r
  u_fused_array/U5838/ZN (INVD1BWP12T30P140)            0.0293     0.0813 f
  u_fused_array/U8831/Z (BUFFD1BWP12T30P140)            0.0492     0.1305 f
  u_fused_array/U68438/Z (BUFFD1BWP12T30P140)           0.0521     0.1826 f
  u_fused_array/U12/Z (BUFFD1BWP12T30P140)              0.0512     0.2338 f
  u_fused_array/U89030/ZN (AOI22D1BWP12T30P140)         0.0308     0.2646 r
  u_fused_array/U89031/ZN (AOI22D1BWP12T30P140)         0.0192     0.2838 f
  u_fused_array/U89032/ZN (OAI21D1BWP12T30P140)         0.0145     0.2983 r
  u_fused_array/U89035/ZN (ND2D0BWP12T30P140)           0.0307     0.3290 f
  u_fused_array/U89036/ZN (OAI21D0BWP12T30P140)         0.0188     0.3478 r
  u_fused_array/U89037/ZN (OAI211D1BWP12T30P140)        0.0219     0.3697 f
  u_fused_array/U89045/ZN (AOI21D0BWP12T30P140)         0.0267     0.3964 r
  u_fused_array/U110673/CO (FA1D1BWP12T30P140)          0.0283     0.4247 r
  u_fused_array/U89063/ZN (NR2D1BWP12T30P140)           0.0084     0.4331 f
  u_fused_array/U89064/ZN (AOI21D1BWP12T30P140)         0.0188     0.4519 r
  u_fused_array/U89068/ZN (MAOI222D1BWP12T30P140)       0.0262     0.4781 f
  u_fused_array/U89071/ZN (MAOI222D0BWP12T30P140)       0.0363     0.5144 r
  u_fused_array/U89073/ZN (MAOI222D1BWP12T30P140)       0.0337     0.5482 f
  u_fused_array/U89076/ZN (MAOI222D1BWP12T30P140)       0.0293     0.5775 r
  u_fused_array/U89078/ZN (MAOI222D1BWP12T30P140)       0.0310     0.6085 f
  u_fused_array/U89080/ZN (MAOI222D1BWP12T30P140)       0.0289     0.6374 r
  u_fused_array/U89081/ZN (MAOI222D1BWP12T30P140)       0.0310     0.6684 f
  u_fused_array/U89083/ZN (MAOI222D1BWP12T30P140)       0.0289     0.6973 r
  u_fused_array/U89084/ZN (MAOI222D1BWP12T30P140)       0.0310     0.7283 f
  u_fused_array/U89086/ZN (MAOI222D1BWP12T30P140)       0.0289     0.7572 r
  u_fused_array/U89087/ZN (MAOI222D1BWP12T30P140)       0.0310     0.7882 f
  u_fused_array/U89088/ZN (MAOI222D1BWP12T30P140)       0.0290     0.8172 r
  u_fused_array/U89089/ZN (MAOI222D1BWP12T30P140)       0.0310     0.8482 f
  u_fused_array/U89091/ZN (MAOI222D1BWP12T30P140)       0.0290     0.8772 r
  u_fused_array/U89092/ZN (MAOI222D1BWP12T30P140)       0.0310     0.9082 f
  u_fused_array/U89094/ZN (MAOI222D1BWP12T30P140)       0.0290     0.9372 r
  u_fused_array/U89095/ZN (MAOI222D1BWP12T30P140)       0.0310     0.9682 f
  u_fused_array/U89097/ZN (MAOI222D1BWP12T30P140)       0.0290     0.9972 r
  u_fused_array/U89098/ZN (MAOI222D1BWP12T30P140)       0.0310     1.0282 f
  u_fused_array/U89100/ZN (MAOI222D1BWP12T30P140)       0.0290     1.0571 r
  u_fused_array/U89101/ZN (MAOI222D1BWP12T30P140)       0.0310     1.0882 f
  u_fused_array/U89103/ZN (MAOI222D1BWP12T30P140)       0.0290     1.1171 r
  u_fused_array/U89104/ZN (MAOI222D1BWP12T30P140)       0.0310     1.1482 f
  u_fused_array/U89106/ZN (MAOI222D1BWP12T30P140)       0.0290     1.1771 r
  u_fused_array/U89107/ZN (MAOI222D1BWP12T30P140)       0.0310     1.2082 f
  u_fused_array/U89109/ZN (MAOI222D1BWP12T30P140)       0.0290     1.2371 r
  u_fused_array/U89110/ZN (MAOI222D1BWP12T30P140)       0.0310     1.2682 f
  u_fused_array/U89112/ZN (MAOI222D1BWP12T30P140)       0.0290     1.2971 r
  u_fused_array/U89113/ZN (MAOI222D1BWP12T30P140)       0.0310     1.3282 f
  u_fused_array/U89115/ZN (MAOI222D1BWP12T30P140)       0.0290     1.3571 r
  u_fused_array/U89116/ZN (MAOI222D1BWP12T30P140)       0.0310     1.3882 f
  u_fused_array/U89118/ZN (MAOI222D1BWP12T30P140)       0.0290     1.4171 r
  u_fused_array/U89119/ZN (MAOI222D1BWP12T30P140)       0.0252     1.4423 f
  u_fused_array/U89120/ZN (OAI31D1BWP12T30P140)         0.0205     1.4628 r
  u_fused_array/U89121/ZN (IOA21D1BWP12T30P140)         0.0164     1.4792 f
  u_fused_array/U89122/ZN (OAI21D1BWP12T30P140)         0.0107     1.4899 r
  u_fused_array/g_exp_lane[31].u_scale/u_scale_multiplier/lo_product_s1_q_reg[40]/D (DFQD1BWP12T30P140)
                                                        0.0000     1.4899 r
  data arrival time                                                1.4899

  clock core_clk (rise edge)                            1.6000     1.6000
  clock network delay (ideal)                           0.0000     1.6000
  clock uncertainty                                    -0.1000     1.5000
  u_fused_array/g_exp_lane[31].u_scale/u_scale_multiplier/lo_product_s1_q_reg[40]/CP (DFQD1BWP12T30P140)
                                                        0.0000     1.5000 r
  library setup time                                   -0.0100     1.4900
  data required time                                               1.4900
  --------------------------------------------------------------------------
  data required time                                               1.4900
  data arrival time                                               -1.4899
  --------------------------------------------------------------------------
  slack (MET)                                                      0.0001


  Startpoint: u_normalizer/g_lane[0].u_reciprocal/reciprocal_o_reg[0]
              (rising edge-triggered flip-flop clocked by core_clk)
  Endpoint: u_normalizer/g_lane[0].u_reciprocal_multiplier/lo_product_s1_q_reg[45]
            (rising edge-triggered flip-flop clocked by core_clk)
  Path Group: core_clk
  Path Type: max

  Des/Clust/Port     Wire Load Model       Library
  ------------------------------------------------
  fa_clear_replica_14
                     ZeroWireload          tcbn28hpcplusbwp12t30p140tt0p9v25c_ccs
  fa_clear_replica_13
                     ZeroWireload          tcbn28hpcplusbwp12t30p140tt0p9v25c_ccs
  fa_clear_replica_12
                     ZeroWireload          tcbn28hpcplusbwp12t30p140tt0p9v25c_ccs
  fa_clear_replica_11
                     ZeroWireload          tcbn28hpcplusbwp12t30p140tt0p9v25c_ccs
  fa_clear_replica_10
                     ZeroWireload          tcbn28hpcplusbwp12t30p140tt0p9v25c_ccs
  fa_clear_replica_9 ZeroWireload          tcbn28hpcplusbwp12t30p140tt0p9v25c_ccs
  fa_clear_replica_8 ZeroWireload          tcbn28hpcplusbwp12t30p140tt0p9v25c_ccs
  fa_clear_replica_7 ZeroWireload          tcbn28hpcplusbwp12t30p140tt0p9v25c_ccs
  fa_clear_replica_6 ZeroWireload          tcbn28hpcplusbwp12t30p140tt0p9v25c_ccs
  fa_clear_replica_5 ZeroWireload          tcbn28hpcplusbwp12t30p140tt0p9v25c_ccs
  fa_clear_replica_4 ZeroWireload          tcbn28hpcplusbwp12t30p140tt0p9v25c_ccs
  fa_clear_replica_3 ZeroWireload          tcbn28hpcplusbwp12t30p140tt0p9v25c_ccs
  fa_clear_replica_2 ZeroWireload          tcbn28hpcplusbwp12t30p140tt0p9v25c_ccs
  fa_clear_replica_1 ZeroWireload          tcbn28hpcplusbwp12t30p140tt0p9v25c_ccs
  fa_clear_replica_0 ZeroWireload          tcbn28hpcplusbwp12t30p140tt0p9v25c_ccs
  o_accumulator_bank_ROWS8_HEAD_DIM64_GROUP_SIZE32_DATA_W32_FEATURE_IDX_W6_1
                     ZeroWireload          tcbn28hpcplusbwp12t30p140tt0p9v25c_ccs
  o_accumulator_bank_ROWS8_HEAD_DIM64_GROUP_SIZE32_DATA_W32_FEATURE_IDX_W6_0
                     ZeroWireload          tcbn28hpcplusbwp12t30p140tt0p9v25c_ccs
  o_accumulator_bank_ROWS8_HEAD_DIM64_GROUP_SIZE32_DATA_W32_FEATURE_IDX_W6_2
                     ZeroWireload          tcbn28hpcplusbwp12t30p140tt0p9v25c_ccs
  o_accumulator_bank_ROWS8_HEAD_DIM64_GROUP_SIZE32_DATA_W32_FEATURE_IDX_W6_3
                     ZeroWireload          tcbn28hpcplusbwp12t30p140tt0p9v25c_ccs
  fa_clear_replica_15
                     ZeroWireload          tcbn28hpcplusbwp12t30p140tt0p9v25c_ccs
  fsa_stripe_STRIPE_ROWS8_COLS32_HEAD_DIM64_DATA_W8_SCORE_W32_PROB_W16_SUM_W32_TAG_W6_LOCAL_ROW_IDX_W3_0
                     ZeroWireload          tcbn28hpcplusbwp12t30p140tt0p9v25c_ccs
  fsa_stripe_STRIPE_ROWS8_COLS32_HEAD_DIM64_DATA_W8_SCORE_W32_PROB_W16_SUM_W32_TAG_W6_LOCAL_ROW_IDX_W3_1
                     ZeroWireload          tcbn28hpcplusbwp12t30p140tt0p9v25c_ccs
  fsa_stripe_STRIPE_ROWS8_COLS32_HEAD_DIM64_DATA_W8_SCORE_W32_PROB_W16_SUM_W32_TAG_W6_LOCAL_ROW_IDX_W3_2
                     ZeroWireload          tcbn28hpcplusbwp12t30p140tt0p9v25c_ccs
  fsa_stripe_STRIPE_ROWS8_COLS32_HEAD_DIM64_DATA_W8_SCORE_W32_PROB_W16_SUM_W32_TAG_W6_LOCAL_ROW_IDX_W3_3
                     ZeroWireload          tcbn28hpcplusbwp12t30p140tt0p9v25c_ccs
  fsa_delay_line_WIDTH38_DEPTH32
                     ZeroWireload          tcbn28hpcplusbwp12t30p140tt0p9v25c_ccs
  fsa_delay_line_WIDTH38_DEPTH31
                     ZeroWireload          tcbn28hpcplusbwp12t30p140tt0p9v25c_ccs
  fsa_delay_line_WIDTH38_DEPTH30
                     ZeroWireload          tcbn28hpcplusbwp12t30p140tt0p9v25c_ccs
  fsa_delay_line_WIDTH38_DEPTH29
                     ZeroWireload          tcbn28hpcplusbwp12t30p140tt0p9v25c_ccs
  fsa_delay_line_WIDTH38_DEPTH28
                     ZeroWireload          tcbn28hpcplusbwp12t30p140tt0p9v25c_ccs
  fsa_delay_line_WIDTH38_DEPTH27
                     ZeroWireload          tcbn28hpcplusbwp12t30p140tt0p9v25c_ccs
  fsa_delay_line_WIDTH38_DEPTH26
                     ZeroWireload          tcbn28hpcplusbwp12t30p140tt0p9v25c_ccs
  fsa_delay_line_WIDTH38_DEPTH25
                     ZeroWireload          tcbn28hpcplusbwp12t30p140tt0p9v25c_ccs
  fsa_delay_line_WIDTH38_DEPTH24
                     ZeroWireload          tcbn28hpcplusbwp12t30p140tt0p9v25c_ccs
  fsa_delay_line_WIDTH38_DEPTH23
                     ZeroWireload          tcbn28hpcplusbwp12t30p140tt0p9v25c_ccs
  fsa_delay_line_WIDTH38_DEPTH22
                     ZeroWireload          tcbn28hpcplusbwp12t30p140tt0p9v25c_ccs
  fsa_delay_line_WIDTH38_DEPTH21
                     ZeroWireload          tcbn28hpcplusbwp12t30p140tt0p9v25c_ccs
  fsa_delay_line_WIDTH38_DEPTH20
                     ZeroWireload          tcbn28hpcplusbwp12t30p140tt0p9v25c_ccs
  fsa_delay_line_WIDTH38_DEPTH19
                     ZeroWireload          tcbn28hpcplusbwp12t30p140tt0p9v25c_ccs
  fsa_delay_line_WIDTH38_DEPTH18
                     ZeroWireload          tcbn28hpcplusbwp12t30p140tt0p9v25c_ccs
  fsa_delay_line_WIDTH38_DEPTH17
                     ZeroWireload          tcbn28hpcplusbwp12t30p140tt0p9v25c_ccs
  fsa_delay_line_WIDTH38_DEPTH16
                     ZeroWireload          tcbn28hpcplusbwp12t30p140tt0p9v25c_ccs
  output_buffer_ROWS32_NORM_LANES8_HEAD_DIM64_OUT_W8_GROUP_SIZE32
                     ZeroWireload          tcbn28hpcplusbwp12t30p140tt0p9v25c_ccs
  online_normalizer_LANES8_ACC_W32_LSE_W32_OUT_W8_TAG_W8
                     ZeroWireload          tcbn28hpcplusbwp12t30p140tt0p9v25c_ccs
  fsa_fused_array_ROWS32_STRIPE_ROWS8_COLS32_DATA_W8_SCORE_W32_PROB_W16_ACC_W32_LSE_W32_HEAD_DIM64_FEATURE_IDX_W6
                     ZeroWireload          tcbn28hpcplusbwp12t30p140tt0p9v25c_ccs
  qkv_tile_cache_ADDR_W6
                     ZeroWireload          tcbn28hpcplusbwp12t30p140tt0p9v25c_ccs
  attention_accel_top
                     ZeroWireload          tcbn28hpcplusbwp12t30p140tt0p9v25c_ccs
  accel_regfile_HEAD_DIM64
                     ZeroWireload          tcbn28hpcplusbwp12t30p140tt0p9v25c_ccs

  Point                                                   Incr       Path
  --------------------------------------------------------------------------
  clock core_clk (rise edge)                            0.0000     0.0000
  clock network delay (ideal)                           0.0000     0.0000
  u_normalizer/g_lane[0].u_reciprocal/reciprocal_o_reg[0]/CP (DFQD1BWP12T30P140)
                                                        0.0000 #   0.0000 r
  u_normalizer/g_lane[0].u_reciprocal/reciprocal_o_reg[0]/Q (DFQD1BWP12T30P140)
                                                        0.0699     0.0699 f
  u_normalizer/U3552/ZN (INVD1BWP12T30P140)             0.0331     0.1030 r
  u_normalizer/U28442/ZN (AOI21D0BWP12T30P140)          0.0220     0.1250 f
  u_normalizer/intadd_1310/U16/S (FA1D1BWP12T30P140)    0.0550     0.1800 r
  u_normalizer/U28558/ZN (AOI22D1BWP12T30P140)          0.0130     0.1930 f
  u_normalizer/U28559/ZN (OAI21D1BWP12T30P140)          0.0129     0.2059 r
  u_normalizer/U28560/ZN (AOI21D1BWP12T30P140)          0.0110     0.2169 f
  u_normalizer/U28561/ZN (MUX2ND0BWP12T30P140)          0.0307     0.2476 f
  u_normalizer/U28562/CO (FA1D1BWP12T30P140)            0.0337     0.2813 f
  u_normalizer/U28563/ZN (INVD0BWP12T30P140)            0.0075     0.2888 r
  u_normalizer/U28564/ZN (MAOI222D0BWP12T30P140)        0.0205     0.3093 f
  u_normalizer/U28573/ZN (MAOI222D0BWP12T30P140)        0.0273     0.3367 r
  u_normalizer/U28577/ZN (MAOI222D0BWP12T30P140)        0.0259     0.3626 f
  u_normalizer/U28583/ZN (MAOI222D0BWP12T30P140)        0.0271     0.3897 r
  u_normalizer/U28589/ZN (MAOI222D0BWP12T30P140)        0.0284     0.4180 f
  u_normalizer/U28595/ZN (MAOI222D1BWP12T30P140)        0.0252     0.4432 r
  u_normalizer/U28601/ZN (MAOI222D1BWP12T30P140)        0.0255     0.4687 f
  u_normalizer/U28607/ZN (MAOI222D1BWP12T30P140)        0.0217     0.4904 r
  u_normalizer/U28613/ZN (MAOI222D0BWP12T30P140)        0.0244     0.5148 f
  u_normalizer/U28619/ZN (MAOI222D0BWP12T30P140)        0.0268     0.5416 r
  u_normalizer/U28624/ZN (MAOI222D0BWP12T30P140)        0.0343     0.5760 f
  u_normalizer/U28654/ZN (MAOI222D1BWP12T30P140)        0.0296     0.6055 r
  u_normalizer/U28682/ZN (MAOI222D0BWP12T30P140)        0.0324     0.6379 f
  u_normalizer/U28710/ZN (MAOI222D0BWP12T30P140)        0.0389     0.6768 r
  u_normalizer/U28737/ZN (MAOI222D1BWP12T30P140)        0.0334     0.7102 f
  u_normalizer/U28765/ZN (MAOI222D1BWP12T30P140)        0.0291     0.7393 r
  u_normalizer/U28793/ZN (MAOI222D1BWP12T30P140)        0.0306     0.7699 f
  u_normalizer/U28817/ZN (MAOI222D1BWP12T30P140)        0.0286     0.7986 r
  u_normalizer/U28844/ZN (MAOI222D1BWP12T30P140)        0.0305     0.8290 f
  u_normalizer/U28872/ZN (MAOI222D1BWP12T30P140)        0.0286     0.8577 r
  u_normalizer/U28899/ZN (MAOI222D1BWP12T30P140)        0.0305     0.8881 f
  u_normalizer/U28927/ZN (MAOI222D1BWP12T30P140)        0.0271     0.9152 r
  u_normalizer/U28954/ZN (MAOI222D0BWP12T30P140)        0.0318     0.9470 f
  u_normalizer/U28979/ZN (MAOI222D0BWP12T30P140)        0.0388     0.9858 r
  u_normalizer/U29007/ZN (MAOI222D1BWP12T30P140)        0.0334     1.0192 f
  u_normalizer/U29034/ZN (MAOI222D1BWP12T30P140)        0.0267     1.0459 r
  u_normalizer/U29056/ZN (OAI21D1BWP12T30P140)          0.0195     1.0654 f
  u_normalizer/U2986/ZN (NR2D1BWP12T30P140)             0.0126     1.0780 r
  u_normalizer/U625/Z (OR2D1BWP12T30P140)               0.0168     1.0948 r
  u_normalizer/U29090/ZN (MAOI222D1BWP12T30P140)        0.0256     1.1204 f
  u_normalizer/U29109/ZN (MAOI222D1BWP12T30P140)        0.0254     1.1458 r
  u_normalizer/U29110/ZN (ND2D1BWP12T30P140)            0.0175     1.1633 f
  u_normalizer/U29125/ZN (OAI21D2BWP12T30P140)          0.0107     1.1740 r
  u_normalizer/U590/ZN (OAI21OPTPBD1BWP12T30P140)       0.0135     1.1875 f
  u_normalizer/U29148/ZN (NR2D1BWP12T30P140)            0.0117     1.1992 r
  u_normalizer/U29149/Z (OR2D2BWP12T30P140)             0.0157     1.2149 r
  u_normalizer/U29168/ZN (MAOI222D1BWP12T30P140)        0.0204     1.2353 f
  u_normalizer/U29169/ZN (CKND2D1BWP12T30P140)          0.0200     1.2552 r
  u_normalizer/U29182/ZN (AOI21D2BWP12T30P140)          0.0149     1.2702 f
  u_normalizer/U29188/ZN (MAOI222D1BWP12T30P140)        0.0233     1.2935 r
  u_normalizer/U29205/ZN (MAOI222D1BWP12T30P140)        0.0262     1.3197 f
  u_normalizer/U29206/ZN (CKND2D1BWP12T30P140)          0.0199     1.3396 r
  u_normalizer/U29219/ZN (AOI21D2BWP12T30P140)          0.0149     1.3545 f
  u_normalizer/U29224/ZN (MAOI222D1BWP12T30P140)        0.0233     1.3779 r
  u_normalizer/U29237/ZN (MAOI222D1BWP12T30P140)        0.0309     1.4088 f
  u_normalizer/U29244/ZN (MAOI222D1BWP12T30P140)        0.0275     1.4362 r
  u_normalizer/U29245/ZN (MUX2ND0BWP12T30P140)          0.0164     1.4527 f
  u_normalizer/U29246/ZN (MUX2ND0BWP12T30P140)          0.0220     1.4747 f
  u_normalizer/U29248/ZN (AOI22D1BWP12T30P140)          0.0146     1.4892 r
  u_normalizer/g_lane[0].u_reciprocal_multiplier/lo_product_s1_q_reg[45]/D (DFQD2BWP12T30P140)
                                                        0.0000     1.4892 r
  data arrival time                                                1.4892

  clock core_clk (rise edge)                            1.6000     1.6000
  clock network delay (ideal)                           0.0000     1.6000
  clock uncertainty                                    -0.1000     1.5000
  u_normalizer/g_lane[0].u_reciprocal_multiplier/lo_product_s1_q_reg[45]/CP (DFQD2BWP12T30P140)
                                                        0.0000     1.5000 r
  library setup time                                   -0.0107     1.4893
  data required time                                               1.4893
  --------------------------------------------------------------------------
  data required time                                               1.4893
  data arrival time                                               -1.4892
  --------------------------------------------------------------------------
  slack (MET)                                                      0.0001


  Startpoint: u_fused_array/g_stripe[3].u_stripe/ws_pv_q_reg
              (rising edge-triggered flip-flop clocked by core_clk)
  Endpoint: u_fused_array/g_stripe[3].u_stripe/g_pe_row[4].g_pe_col[21].u_pe/accum_q_reg[31]
            (rising edge-triggered flip-flop clocked by core_clk)
  Path Group: core_clk
  Path Type: max

  Des/Clust/Port     Wire Load Model       Library
  ------------------------------------------------
  fa_clear_replica_14
                     ZeroWireload          tcbn28hpcplusbwp12t30p140tt0p9v25c_ccs
  fa_clear_replica_13
                     ZeroWireload          tcbn28hpcplusbwp12t30p140tt0p9v25c_ccs
  fa_clear_replica_12
                     ZeroWireload          tcbn28hpcplusbwp12t30p140tt0p9v25c_ccs
  fa_clear_replica_11
                     ZeroWireload          tcbn28hpcplusbwp12t30p140tt0p9v25c_ccs
  fa_clear_replica_10
                     ZeroWireload          tcbn28hpcplusbwp12t30p140tt0p9v25c_ccs
  fa_clear_replica_9 ZeroWireload          tcbn28hpcplusbwp12t30p140tt0p9v25c_ccs
  fa_clear_replica_8 ZeroWireload          tcbn28hpcplusbwp12t30p140tt0p9v25c_ccs
  fa_clear_replica_7 ZeroWireload          tcbn28hpcplusbwp12t30p140tt0p9v25c_ccs
  fa_clear_replica_6 ZeroWireload          tcbn28hpcplusbwp12t30p140tt0p9v25c_ccs
  fa_clear_replica_5 ZeroWireload          tcbn28hpcplusbwp12t30p140tt0p9v25c_ccs
  fa_clear_replica_4 ZeroWireload          tcbn28hpcplusbwp12t30p140tt0p9v25c_ccs
  fa_clear_replica_3 ZeroWireload          tcbn28hpcplusbwp12t30p140tt0p9v25c_ccs
  fa_clear_replica_2 ZeroWireload          tcbn28hpcplusbwp12t30p140tt0p9v25c_ccs
  fa_clear_replica_1 ZeroWireload          tcbn28hpcplusbwp12t30p140tt0p9v25c_ccs
  fa_clear_replica_0 ZeroWireload          tcbn28hpcplusbwp12t30p140tt0p9v25c_ccs
  o_accumulator_bank_ROWS8_HEAD_DIM64_GROUP_SIZE32_DATA_W32_FEATURE_IDX_W6_1
                     ZeroWireload          tcbn28hpcplusbwp12t30p140tt0p9v25c_ccs
  o_accumulator_bank_ROWS8_HEAD_DIM64_GROUP_SIZE32_DATA_W32_FEATURE_IDX_W6_0
                     ZeroWireload          tcbn28hpcplusbwp12t30p140tt0p9v25c_ccs
  o_accumulator_bank_ROWS8_HEAD_DIM64_GROUP_SIZE32_DATA_W32_FEATURE_IDX_W6_2
                     ZeroWireload          tcbn28hpcplusbwp12t30p140tt0p9v25c_ccs
  o_accumulator_bank_ROWS8_HEAD_DIM64_GROUP_SIZE32_DATA_W32_FEATURE_IDX_W6_3
                     ZeroWireload          tcbn28hpcplusbwp12t30p140tt0p9v25c_ccs
  fa_clear_replica_15
                     ZeroWireload          tcbn28hpcplusbwp12t30p140tt0p9v25c_ccs
  fsa_stripe_STRIPE_ROWS8_COLS32_HEAD_DIM64_DATA_W8_SCORE_W32_PROB_W16_SUM_W32_TAG_W6_LOCAL_ROW_IDX_W3_0
                     ZeroWireload          tcbn28hpcplusbwp12t30p140tt0p9v25c_ccs
  fsa_stripe_STRIPE_ROWS8_COLS32_HEAD_DIM64_DATA_W8_SCORE_W32_PROB_W16_SUM_W32_TAG_W6_LOCAL_ROW_IDX_W3_1
                     ZeroWireload          tcbn28hpcplusbwp12t30p140tt0p9v25c_ccs
  fsa_stripe_STRIPE_ROWS8_COLS32_HEAD_DIM64_DATA_W8_SCORE_W32_PROB_W16_SUM_W32_TAG_W6_LOCAL_ROW_IDX_W3_2
                     ZeroWireload          tcbn28hpcplusbwp12t30p140tt0p9v25c_ccs
  fsa_stripe_STRIPE_ROWS8_COLS32_HEAD_DIM64_DATA_W8_SCORE_W32_PROB_W16_SUM_W32_TAG_W6_LOCAL_ROW_IDX_W3_3
                     ZeroWireload          tcbn28hpcplusbwp12t30p140tt0p9v25c_ccs
  fsa_delay_line_WIDTH38_DEPTH32
                     ZeroWireload          tcbn28hpcplusbwp12t30p140tt0p9v25c_ccs
  fsa_delay_line_WIDTH38_DEPTH31
                     ZeroWireload          tcbn28hpcplusbwp12t30p140tt0p9v25c_ccs
  fsa_delay_line_WIDTH38_DEPTH30
                     ZeroWireload          tcbn28hpcplusbwp12t30p140tt0p9v25c_ccs
  fsa_delay_line_WIDTH38_DEPTH29
                     ZeroWireload          tcbn28hpcplusbwp12t30p140tt0p9v25c_ccs
  fsa_delay_line_WIDTH38_DEPTH28
                     ZeroWireload          tcbn28hpcplusbwp12t30p140tt0p9v25c_ccs
  fsa_delay_line_WIDTH38_DEPTH27
                     ZeroWireload          tcbn28hpcplusbwp12t30p140tt0p9v25c_ccs
  fsa_delay_line_WIDTH38_DEPTH26
                     ZeroWireload          tcbn28hpcplusbwp12t30p140tt0p9v25c_ccs
  fsa_delay_line_WIDTH38_DEPTH25
                     ZeroWireload          tcbn28hpcplusbwp12t30p140tt0p9v25c_ccs
  fsa_delay_line_WIDTH38_DEPTH24
                     ZeroWireload          tcbn28hpcplusbwp12t30p140tt0p9v25c_ccs
  fsa_delay_line_WIDTH38_DEPTH23
                     ZeroWireload          tcbn28hpcplusbwp12t30p140tt0p9v25c_ccs
  fsa_delay_line_WIDTH38_DEPTH22
                     ZeroWireload          tcbn28hpcplusbwp12t30p140tt0p9v25c_ccs
  fsa_delay_line_WIDTH38_DEPTH21
                     ZeroWireload          tcbn28hpcplusbwp12t30p140tt0p9v25c_ccs
  fsa_delay_line_WIDTH38_DEPTH20
                     ZeroWireload          tcbn28hpcplusbwp12t30p140tt0p9v25c_ccs
  fsa_delay_line_WIDTH38_DEPTH19
                     ZeroWireload          tcbn28hpcplusbwp12t30p140tt0p9v25c_ccs
  fsa_delay_line_WIDTH38_DEPTH18
                     ZeroWireload          tcbn28hpcplusbwp12t30p140tt0p9v25c_ccs
  fsa_delay_line_WIDTH38_DEPTH17
                     ZeroWireload          tcbn28hpcplusbwp12t30p140tt0p9v25c_ccs
  fsa_delay_line_WIDTH38_DEPTH16
                     ZeroWireload          tcbn28hpcplusbwp12t30p140tt0p9v25c_ccs
  output_buffer_ROWS32_NORM_LANES8_HEAD_DIM64_OUT_W8_GROUP_SIZE32
                     ZeroWireload          tcbn28hpcplusbwp12t30p140tt0p9v25c_ccs
  online_normalizer_LANES8_ACC_W32_LSE_W32_OUT_W8_TAG_W8
                     ZeroWireload          tcbn28hpcplusbwp12t30p140tt0p9v25c_ccs
  fsa_fused_array_ROWS32_STRIPE_ROWS8_COLS32_DATA_W8_SCORE_W32_PROB_W16_ACC_W32_LSE_W32_HEAD_DIM64_FEATURE_IDX_W6
                     ZeroWireload          tcbn28hpcplusbwp12t30p140tt0p9v25c_ccs
  qkv_tile_cache_ADDR_W6
                     ZeroWireload          tcbn28hpcplusbwp12t30p140tt0p9v25c_ccs
  attention_accel_top
                     ZeroWireload          tcbn28hpcplusbwp12t30p140tt0p9v25c_ccs
  accel_regfile_HEAD_DIM64
                     ZeroWireload          tcbn28hpcplusbwp12t30p140tt0p9v25c_ccs

  Point                                                   Incr       Path
  --------------------------------------------------------------------------
  clock core_clk (rise edge)                            0.0000     0.0000
  clock network delay (ideal)                           0.0000     0.0000
  u_fused_array/g_stripe[3].u_stripe/ws_pv_q_reg/CP (DFCNQD1BWP12T30P140)
                                                        0.0000 #   0.0000 r
  u_fused_array/g_stripe[3].u_stripe/ws_pv_q_reg/Q (DFCNQD1BWP12T30P140)
                                                        0.0623     0.0623 f
  u_fused_array/g_stripe[3].u_stripe/U18821/ZN (INVD2BWP12T30P140)
                                                        0.0265     0.0887 r
  u_fused_array/g_stripe[3].u_stripe/U18755/Z (BUFFD2BWP12T30P140)
                                                        0.0301     0.1189 r
  u_fused_array/g_stripe[3].u_stripe/U2621/ZN (INVD0BWP12T30P140)
                                                        0.0702     0.1891 f
  u_fused_array/g_stripe[3].u_stripe/U18706/ZN (ND3D1BWP12T30P140)
                                                        0.0367     0.2258 r
  u_fused_array/g_stripe[3].u_stripe/U1092/ZN (ND2D0BWP12T30P140)
                                                        0.0221     0.2480 f
  u_fused_array/g_stripe[3].u_stripe/U14/ZN (CKND2D1BWP12T30P140)
                                                        0.0610     0.3089 r
  u_fused_array/g_stripe[3].u_stripe/U32909/ZN (INVD1BWP12T30P140)
                                                        0.0528     0.3618 f
  u_fused_array/g_stripe[3].u_stripe/U32910/ZN (AOI22D1BWP12T30P140)
                                                        0.0495     0.4112 r
  u_fused_array/g_stripe[3].u_stripe/U1093/ZN (INVD0BWP12T30P140)
                                                        0.0367     0.4479 f
  u_fused_array/g_stripe[3].u_stripe/U32911/ZN (AOI221D1BWP12T30P140)
                                                        0.0472     0.4951 r
  u_fused_array/g_stripe[3].u_stripe/U32965/ZN (INVD1BWP12T30P140)
                                                        0.0302     0.5253 f
  u_fused_array/g_stripe[3].u_stripe/U176643/ZN (AOI221D1BWP12T30P140)
                                                        0.0275     0.5528 r
  u_fused_array/g_stripe[3].u_stripe/U176644/ZN (IAO21D1BWP12T30P140)
                                                        0.0139     0.5667 f
  u_fused_array/g_stripe[3].u_stripe/U9777/S (FA1D0BWP12T30P140)
                                                        0.0570     0.6237 r
  u_fused_array/g_stripe[3].u_stripe/U7335/S (FA1D0BWP12T30P140)
                                                        0.0448     0.6685 r
  u_fused_array/g_stripe[3].u_stripe/intadd_4346/U10/CO (FA1D0BWP12T30P140)
                                                        0.0351     0.7037 r
  u_fused_array/g_stripe[3].u_stripe/intadd_4346/U9/CO (FA1D0BWP12T30P140)
                                                        0.0348     0.7385 r
  u_fused_array/g_stripe[3].u_stripe/intadd_4346/U8/CO (FA1D1BWP12T30P140)
                                                        0.0253     0.7638 r
  u_fused_array/g_stripe[3].u_stripe/intadd_4346/U7/CO (FA1D1BWP12T30P140)
                                                        0.0236     0.7874 r
  u_fused_array/g_stripe[3].u_stripe/intadd_4346/U6/CO (FA1D1BWP12T30P140)
                                                        0.0236     0.8109 r
  u_fused_array/g_stripe[3].u_stripe/intadd_4346/U5/CO (FA1D1BWP12T30P140)
                                                        0.0236     0.8345 r
  u_fused_array/g_stripe[3].u_stripe/intadd_4346/U4/CO (FA1D1BWP12T30P140)
                                                        0.0236     0.8580 r
  u_fused_array/g_stripe[3].u_stripe/intadd_4346/U3/CO (FA1D1BWP12T30P140)
                                                        0.0236     0.8816 r
  u_fused_array/g_stripe[3].u_stripe/U256802/CO (FA1D1BWP12T30P140)
                                                        0.0241     0.9057 r
  u_fused_array/g_stripe[3].u_stripe/U5692/ZN (MAOI222D0BWP12T30P140)
                                                        0.0287     0.9343 f
  u_fused_array/g_stripe[3].u_stripe/U5606/ZN (MAOI222D0BWP12T30P140)
                                                        0.0315     0.9658 r
  u_fused_array/g_stripe[3].u_stripe/U5077/Z (CKAN2D0BWP12T30P140)
                                                        0.0198     0.9856 r
  u_fused_array/g_stripe[3].u_stripe/U32996/ZN (IAO21D1BWP12T30P140)
                                                        0.0216     1.0072 r
  u_fused_array/g_stripe[3].u_stripe/U4786/CO (FA1D0BWP12T30P140)
                                                        0.0352     1.0423 r
  u_fused_array/g_stripe[3].u_stripe/U4601/ZN (NR2D0BWP12T30P140)
                                                        0.0111     1.0535 f
  u_fused_array/g_stripe[3].u_stripe/U4418/ZN (OAI21D0BWP12T30P140)
                                                        0.0200     1.0734 r
  u_fused_array/g_stripe[3].u_stripe/U4018/CO (FA1D0BWP12T30P140)
                                                        0.0339     1.1073 r
  u_fused_array/g_stripe[3].u_stripe/U3862/ZN (INVD0BWP12T30P140)
                                                        0.0098     1.1171 f
  u_fused_array/g_stripe[3].u_stripe/U3470/ZN (AOI21D0BWP12T30P140)
                                                        0.0142     1.1313 r
  u_fused_array/g_stripe[3].u_stripe/U19542/ZN (AOI21D1BWP12T30P140)
                                                        0.0732     1.2045 f
  u_fused_array/g_stripe[3].u_stripe/intadd_3988/U9/CO (FA1D1BWP12T30P140)
                                                        0.0579     1.2624 f
  u_fused_array/g_stripe[3].u_stripe/intadd_3988/U8/CO (FA1D1BWP12T30P140)
                                                        0.0262     1.2885 f
  u_fused_array/g_stripe[3].u_stripe/intadd_3988/U7/CO (FA1D1BWP12T30P140)
                                                        0.0262     1.3147 f
  u_fused_array/g_stripe[3].u_stripe/intadd_3988/U6/CO (FA1D1BWP12T30P140)
                                                        0.0262     1.3408 f
  u_fused_array/g_stripe[3].u_stripe/intadd_3988/U5/CO (FA1D1BWP12T30P140)
                                                        0.0262     1.3670 f
  u_fused_array/g_stripe[3].u_stripe/intadd_3988/U4/CO (FA1D1BWP12T30P140)
                                                        0.0262     1.3931 f
  u_fused_array/g_stripe[3].u_stripe/intadd_3988/U3/CO (FA1D1BWP12T30P140)
                                                        0.0262     1.4193 f
  u_fused_array/g_stripe[3].u_stripe/U256801/CO (FA1D1BWP12T30P140)
                                                        0.0256     1.4449 f
  u_fused_array/g_stripe[3].u_stripe/U19861/ZN (XNR2D1BWP12T30P140)
                                                        0.0243     1.4691 r
  u_fused_array/g_stripe[3].u_stripe/U2712/ZN (OAI222D0BWP12T30P140)
                                                        0.0291     1.4982 f
  u_fused_array/g_stripe[3].u_stripe/g_pe_row[4].g_pe_col[21].u_pe/accum_q_reg[31]/D (DFQD1BWP12T30P140)
                                                        0.0000     1.4982 f
  data arrival time                                                1.4982

  clock core_clk (rise edge)                            1.6000     1.6000
  clock network delay (ideal)                           0.0000     1.6000
  clock uncertainty                                    -0.1000     1.5000
  u_fused_array/g_stripe[3].u_stripe/g_pe_row[4].g_pe_col[21].u_pe/accum_q_reg[31]/CP (DFQD1BWP12T30P140)
                                                        0.0000     1.5000 r
  library setup time                                   -0.0017     1.4983
  data required time                                               1.4983
  --------------------------------------------------------------------------
  data required time                                               1.4983
  data arrival time                                               -1.4982
  --------------------------------------------------------------------------
  slack (MET)                                                      0.0001


  Startpoint: u_fused_array/g_stripe[3].u_stripe/ws_pv_q_reg
              (rising edge-triggered flip-flop clocked by core_clk)
  Endpoint: u_fused_array/g_stripe[3].u_stripe/g_pe_row[4].g_pe_col[21].u_pe/accum_q_reg[31]
            (rising edge-triggered flip-flop clocked by core_clk)
  Path Group: core_clk
  Path Type: max

  Des/Clust/Port     Wire Load Model       Library
  ------------------------------------------------
  fa_clear_replica_14
                     ZeroWireload          tcbn28hpcplusbwp12t30p140tt0p9v25c_ccs
  fa_clear_replica_13
                     ZeroWireload          tcbn28hpcplusbwp12t30p140tt0p9v25c_ccs
  fa_clear_replica_12
                     ZeroWireload          tcbn28hpcplusbwp12t30p140tt0p9v25c_ccs
  fa_clear_replica_11
                     ZeroWireload          tcbn28hpcplusbwp12t30p140tt0p9v25c_ccs
  fa_clear_replica_10
                     ZeroWireload          tcbn28hpcplusbwp12t30p140tt0p9v25c_ccs
  fa_clear_replica_9 ZeroWireload          tcbn28hpcplusbwp12t30p140tt0p9v25c_ccs
  fa_clear_replica_8 ZeroWireload          tcbn28hpcplusbwp12t30p140tt0p9v25c_ccs
  fa_clear_replica_7 ZeroWireload          tcbn28hpcplusbwp12t30p140tt0p9v25c_ccs
  fa_clear_replica_6 ZeroWireload          tcbn28hpcplusbwp12t30p140tt0p9v25c_ccs
  fa_clear_replica_5 ZeroWireload          tcbn28hpcplusbwp12t30p140tt0p9v25c_ccs
  fa_clear_replica_4 ZeroWireload          tcbn28hpcplusbwp12t30p140tt0p9v25c_ccs
  fa_clear_replica_3 ZeroWireload          tcbn28hpcplusbwp12t30p140tt0p9v25c_ccs
  fa_clear_replica_2 ZeroWireload          tcbn28hpcplusbwp12t30p140tt0p9v25c_ccs
  fa_clear_replica_1 ZeroWireload          tcbn28hpcplusbwp12t30p140tt0p9v25c_ccs
  fa_clear_replica_0 ZeroWireload          tcbn28hpcplusbwp12t30p140tt0p9v25c_ccs
  o_accumulator_bank_ROWS8_HEAD_DIM64_GROUP_SIZE32_DATA_W32_FEATURE_IDX_W6_1
                     ZeroWireload          tcbn28hpcplusbwp12t30p140tt0p9v25c_ccs
  o_accumulator_bank_ROWS8_HEAD_DIM64_GROUP_SIZE32_DATA_W32_FEATURE_IDX_W6_0
                     ZeroWireload          tcbn28hpcplusbwp12t30p140tt0p9v25c_ccs
  o_accumulator_bank_ROWS8_HEAD_DIM64_GROUP_SIZE32_DATA_W32_FEATURE_IDX_W6_2
                     ZeroWireload          tcbn28hpcplusbwp12t30p140tt0p9v25c_ccs
  o_accumulator_bank_ROWS8_HEAD_DIM64_GROUP_SIZE32_DATA_W32_FEATURE_IDX_W6_3
                     ZeroWireload          tcbn28hpcplusbwp12t30p140tt0p9v25c_ccs
  fa_clear_replica_15
                     ZeroWireload          tcbn28hpcplusbwp12t30p140tt0p9v25c_ccs
  fsa_stripe_STRIPE_ROWS8_COLS32_HEAD_DIM64_DATA_W8_SCORE_W32_PROB_W16_SUM_W32_TAG_W6_LOCAL_ROW_IDX_W3_0
                     ZeroWireload          tcbn28hpcplusbwp12t30p140tt0p9v25c_ccs
  fsa_stripe_STRIPE_ROWS8_COLS32_HEAD_DIM64_DATA_W8_SCORE_W32_PROB_W16_SUM_W32_TAG_W6_LOCAL_ROW_IDX_W3_1
                     ZeroWireload          tcbn28hpcplusbwp12t30p140tt0p9v25c_ccs
  fsa_stripe_STRIPE_ROWS8_COLS32_HEAD_DIM64_DATA_W8_SCORE_W32_PROB_W16_SUM_W32_TAG_W6_LOCAL_ROW_IDX_W3_2
                     ZeroWireload          tcbn28hpcplusbwp12t30p140tt0p9v25c_ccs
  fsa_stripe_STRIPE_ROWS8_COLS32_HEAD_DIM64_DATA_W8_SCORE_W32_PROB_W16_SUM_W32_TAG_W6_LOCAL_ROW_IDX_W3_3
                     ZeroWireload          tcbn28hpcplusbwp12t30p140tt0p9v25c_ccs
  fsa_delay_line_WIDTH38_DEPTH32
                     ZeroWireload          tcbn28hpcplusbwp12t30p140tt0p9v25c_ccs
  fsa_delay_line_WIDTH38_DEPTH31
                     ZeroWireload          tcbn28hpcplusbwp12t30p140tt0p9v25c_ccs
  fsa_delay_line_WIDTH38_DEPTH30
                     ZeroWireload          tcbn28hpcplusbwp12t30p140tt0p9v25c_ccs
  fsa_delay_line_WIDTH38_DEPTH29
                     ZeroWireload          tcbn28hpcplusbwp12t30p140tt0p9v25c_ccs
  fsa_delay_line_WIDTH38_DEPTH28
                     ZeroWireload          tcbn28hpcplusbwp12t30p140tt0p9v25c_ccs
  fsa_delay_line_WIDTH38_DEPTH27
                     ZeroWireload          tcbn28hpcplusbwp12t30p140tt0p9v25c_ccs
  fsa_delay_line_WIDTH38_DEPTH26
                     ZeroWireload          tcbn28hpcplusbwp12t30p140tt0p9v25c_ccs
  fsa_delay_line_WIDTH38_DEPTH25
                     ZeroWireload          tcbn28hpcplusbwp12t30p140tt0p9v25c_ccs
  fsa_delay_line_WIDTH38_DEPTH24
                     ZeroWireload          tcbn28hpcplusbwp12t30p140tt0p9v25c_ccs
  fsa_delay_line_WIDTH38_DEPTH23
                     ZeroWireload          tcbn28hpcplusbwp12t30p140tt0p9v25c_ccs
  fsa_delay_line_WIDTH38_DEPTH22
                     ZeroWireload          tcbn28hpcplusbwp12t30p140tt0p9v25c_ccs
  fsa_delay_line_WIDTH38_DEPTH21
                     ZeroWireload          tcbn28hpcplusbwp12t30p140tt0p9v25c_ccs
  fsa_delay_line_WIDTH38_DEPTH20
                     ZeroWireload          tcbn28hpcplusbwp12t30p140tt0p9v25c_ccs
  fsa_delay_line_WIDTH38_DEPTH19
                     ZeroWireload          tcbn28hpcplusbwp12t30p140tt0p9v25c_ccs
  fsa_delay_line_WIDTH38_DEPTH18
                     ZeroWireload          tcbn28hpcplusbwp12t30p140tt0p9v25c_ccs
  fsa_delay_line_WIDTH38_DEPTH17
                     ZeroWireload          tcbn28hpcplusbwp12t30p140tt0p9v25c_ccs
  fsa_delay_line_WIDTH38_DEPTH16
                     ZeroWireload          tcbn28hpcplusbwp12t30p140tt0p9v25c_ccs
  output_buffer_ROWS32_NORM_LANES8_HEAD_DIM64_OUT_W8_GROUP_SIZE32
                     ZeroWireload          tcbn28hpcplusbwp12t30p140tt0p9v25c_ccs
  online_normalizer_LANES8_ACC_W32_LSE_W32_OUT_W8_TAG_W8
                     ZeroWireload          tcbn28hpcplusbwp12t30p140tt0p9v25c_ccs
  fsa_fused_array_ROWS32_STRIPE_ROWS8_COLS32_DATA_W8_SCORE_W32_PROB_W16_ACC_W32_LSE_W32_HEAD_DIM64_FEATURE_IDX_W6
                     ZeroWireload          tcbn28hpcplusbwp12t30p140tt0p9v25c_ccs
  qkv_tile_cache_ADDR_W6
                     ZeroWireload          tcbn28hpcplusbwp12t30p140tt0p9v25c_ccs
  attention_accel_top
                     ZeroWireload          tcbn28hpcplusbwp12t30p140tt0p9v25c_ccs
  accel_regfile_HEAD_DIM64
                     ZeroWireload          tcbn28hpcplusbwp12t30p140tt0p9v25c_ccs

  Point                                                   Incr       Path
  --------------------------------------------------------------------------
  clock core_clk (rise edge)                            0.0000     0.0000
  clock network delay (ideal)                           0.0000     0.0000
  u_fused_array/g_stripe[3].u_stripe/ws_pv_q_reg/CP (DFCNQD1BWP12T30P140)
                                                        0.0000 #   0.0000 r
  u_fused_array/g_stripe[3].u_stripe/ws_pv_q_reg/Q (DFCNQD1BWP12T30P140)
                                                        0.0623     0.0623 f
  u_fused_array/g_stripe[3].u_stripe/U18821/ZN (INVD2BWP12T30P140)
                                                        0.0265     0.0887 r
  u_fused_array/g_stripe[3].u_stripe/U18755/Z (BUFFD2BWP12T30P140)
                                                        0.0301     0.1189 r
  u_fused_array/g_stripe[3].u_stripe/U2621/ZN (INVD0BWP12T30P140)
                                                        0.0702     0.1891 f
  u_fused_array/g_stripe[3].u_stripe/U18706/ZN (ND3D1BWP12T30P140)
                                                        0.0367     0.2258 r
  u_fused_array/g_stripe[3].u_stripe/U1092/ZN (ND2D0BWP12T30P140)
                                                        0.0221     0.2480 f
  u_fused_array/g_stripe[3].u_stripe/U14/ZN (CKND2D1BWP12T30P140)
                                                        0.0610     0.3089 r
  u_fused_array/g_stripe[3].u_stripe/U32909/ZN (INVD1BWP12T30P140)
                                                        0.0528     0.3618 f
  u_fused_array/g_stripe[3].u_stripe/U32910/ZN (AOI22D1BWP12T30P140)
                                                        0.0495     0.4112 r
  u_fused_array/g_stripe[3].u_stripe/U1093/ZN (INVD0BWP12T30P140)
                                                        0.0367     0.4479 f
  u_fused_array/g_stripe[3].u_stripe/U32911/ZN (AOI221D1BWP12T30P140)
                                                        0.0472     0.4951 r
  u_fused_array/g_stripe[3].u_stripe/U32965/ZN (INVD1BWP12T30P140)
                                                        0.0302     0.5253 f
  u_fused_array/g_stripe[3].u_stripe/U176643/ZN (AOI221D1BWP12T30P140)
                                                        0.0275     0.5528 r
  u_fused_array/g_stripe[3].u_stripe/U176644/ZN (IAO21D1BWP12T30P140)
                                                        0.0139     0.5667 f
  u_fused_array/g_stripe[3].u_stripe/U9777/S (FA1D0BWP12T30P140)
                                                        0.0570     0.6237 r
  u_fused_array/g_stripe[3].u_stripe/U7335/S (FA1D0BWP12T30P140)
                                                        0.0448     0.6685 r
  u_fused_array/g_stripe[3].u_stripe/intadd_4346/U10/CO (FA1D0BWP12T30P140)
                                                        0.0351     0.7037 r
  u_fused_array/g_stripe[3].u_stripe/intadd_4346/U9/CO (FA1D0BWP12T30P140)
                                                        0.0348     0.7385 r
  u_fused_array/g_stripe[3].u_stripe/intadd_4346/U8/CO (FA1D1BWP12T30P140)
                                                        0.0253     0.7638 r
  u_fused_array/g_stripe[3].u_stripe/intadd_4346/U7/CO (FA1D1BWP12T30P140)
                                                        0.0236     0.7874 r
  u_fused_array/g_stripe[3].u_stripe/intadd_4346/U6/CO (FA1D1BWP12T30P140)
                                                        0.0236     0.8109 r
  u_fused_array/g_stripe[3].u_stripe/intadd_4346/U5/CO (FA1D1BWP12T30P140)
                                                        0.0236     0.8345 r
  u_fused_array/g_stripe[3].u_stripe/intadd_4346/U4/CO (FA1D1BWP12T30P140)
                                                        0.0236     0.8580 r
  u_fused_array/g_stripe[3].u_stripe/intadd_4346/U3/CO (FA1D1BWP12T30P140)
                                                        0.0236     0.8816 r
  u_fused_array/g_stripe[3].u_stripe/U256802/CO (FA1D1BWP12T30P140)
                                                        0.0241     0.9057 r
  u_fused_array/g_stripe[3].u_stripe/U5692/ZN (MAOI222D0BWP12T30P140)
                                                        0.0287     0.9343 f
  u_fused_array/g_stripe[3].u_stripe/U5606/ZN (MAOI222D0BWP12T30P140)
                                                        0.0315     0.9658 r
  u_fused_array/g_stripe[3].u_stripe/U5077/Z (CKAN2D0BWP12T30P140)
                                                        0.0198     0.9856 r
  u_fused_array/g_stripe[3].u_stripe/U32996/ZN (IAO21D1BWP12T30P140)
                                                        0.0216     1.0072 r
  u_fused_array/g_stripe[3].u_stripe/U4786/CO (FA1D0BWP12T30P140)
                                                        0.0352     1.0423 r
  u_fused_array/g_stripe[3].u_stripe/U4601/ZN (NR2D0BWP12T30P140)
                                                        0.0111     1.0535 f
  u_fused_array/g_stripe[3].u_stripe/U4418/ZN (OAI21D0BWP12T30P140)
                                                        0.0200     1.0734 r
  u_fused_array/g_stripe[3].u_stripe/U4018/CO (FA1D0BWP12T30P140)
                                                        0.0339     1.1073 r
  u_fused_array/g_stripe[3].u_stripe/U3862/ZN (INVD0BWP12T30P140)
                                                        0.0098     1.1171 f
  u_fused_array/g_stripe[3].u_stripe/U3470/ZN (AOI21D0BWP12T30P140)
                                                        0.0142     1.1313 r
  u_fused_array/g_stripe[3].u_stripe/U19542/ZN (AOI21D1BWP12T30P140)
                                                        0.0732     1.2045 f
  u_fused_array/g_stripe[3].u_stripe/intadd_3988/U9/CO (FA1D1BWP12T30P140)
                                                        0.0579     1.2624 f
  u_fused_array/g_stripe[3].u_stripe/intadd_3988/U8/CO (FA1D1BWP12T30P140)
                                                        0.0262     1.2885 f
  u_fused_array/g_stripe[3].u_stripe/intadd_3988/U7/CO (FA1D1BWP12T30P140)
                                                        0.0262     1.3147 f
  u_fused_array/g_stripe[3].u_stripe/intadd_3988/U6/CO (FA1D1BWP12T30P140)
                                                        0.0262     1.3408 f
  u_fused_array/g_stripe[3].u_stripe/intadd_3988/U5/CO (FA1D1BWP12T30P140)
                                                        0.0262     1.3670 f
  u_fused_array/g_stripe[3].u_stripe/intadd_3988/U4/CO (FA1D1BWP12T30P140)
                                                        0.0262     1.3931 f
  u_fused_array/g_stripe[3].u_stripe/intadd_3988/U3/CO (FA1D1BWP12T30P140)
                                                        0.0262     1.4193 f
  u_fused_array/g_stripe[3].u_stripe/U256801/CO (FA1D1BWP12T30P140)
                                                        0.0256     1.4449 f
  u_fused_array/g_stripe[3].u_stripe/U19861/ZN (XNR2D1BWP12T30P140)
                                                        0.0243     1.4691 r
  u_fused_array/g_stripe[3].u_stripe/U2712/ZN (OAI222D0BWP12T30P140)
                                                        0.0291     1.4982 f
  u_fused_array/g_stripe[3].u_stripe/g_pe_row[4].g_pe_col[21].u_pe/accum_q_reg[31]/D (DFQD1BWP12T30P140)
                                                        0.0000     1.4982 f
  data arrival time                                                1.4982

  clock core_clk (rise edge)                            1.6000     1.6000
  clock network delay (ideal)                           0.0000     1.6000
  clock uncertainty                                    -0.1000     1.5000
  u_fused_array/g_stripe[3].u_stripe/g_pe_row[4].g_pe_col[21].u_pe/accum_q_reg[31]/CP (DFQD1BWP12T30P140)
                                                        0.0000     1.5000 r
  library setup time                                   -0.0017     1.4983
  data required time                                               1.4983
  --------------------------------------------------------------------------
  data required time                                               1.4983
  data arrival time                                               -1.4982
  --------------------------------------------------------------------------
  slack (MET)                                                      0.0001


  Startpoint: u_fused_array/g_stripe[3].u_stripe/ws_pv_q_reg
              (rising edge-triggered flip-flop clocked by core_clk)
  Endpoint: u_fused_array/g_stripe[3].u_stripe/g_pe_row[4].g_pe_col[21].u_pe/accum_q_reg[31]
            (rising edge-triggered flip-flop clocked by core_clk)
  Path Group: core_clk
  Path Type: max

  Des/Clust/Port     Wire Load Model       Library
  ------------------------------------------------
  fa_clear_replica_14
                     ZeroWireload          tcbn28hpcplusbwp12t30p140tt0p9v25c_ccs
  fa_clear_replica_13
                     ZeroWireload          tcbn28hpcplusbwp12t30p140tt0p9v25c_ccs
  fa_clear_replica_12
                     ZeroWireload          tcbn28hpcplusbwp12t30p140tt0p9v25c_ccs
  fa_clear_replica_11
                     ZeroWireload          tcbn28hpcplusbwp12t30p140tt0p9v25c_ccs
  fa_clear_replica_10
                     ZeroWireload          tcbn28hpcplusbwp12t30p140tt0p9v25c_ccs
  fa_clear_replica_9 ZeroWireload          tcbn28hpcplusbwp12t30p140tt0p9v25c_ccs
  fa_clear_replica_8 ZeroWireload          tcbn28hpcplusbwp12t30p140tt0p9v25c_ccs
  fa_clear_replica_7 ZeroWireload          tcbn28hpcplusbwp12t30p140tt0p9v25c_ccs
  fa_clear_replica_6 ZeroWireload          tcbn28hpcplusbwp12t30p140tt0p9v25c_ccs
  fa_clear_replica_5 ZeroWireload          tcbn28hpcplusbwp12t30p140tt0p9v25c_ccs
  fa_clear_replica_4 ZeroWireload          tcbn28hpcplusbwp12t30p140tt0p9v25c_ccs
  fa_clear_replica_3 ZeroWireload          tcbn28hpcplusbwp12t30p140tt0p9v25c_ccs
  fa_clear_replica_2 ZeroWireload          tcbn28hpcplusbwp12t30p140tt0p9v25c_ccs
  fa_clear_replica_1 ZeroWireload          tcbn28hpcplusbwp12t30p140tt0p9v25c_ccs
  fa_clear_replica_0 ZeroWireload          tcbn28hpcplusbwp12t30p140tt0p9v25c_ccs
  o_accumulator_bank_ROWS8_HEAD_DIM64_GROUP_SIZE32_DATA_W32_FEATURE_IDX_W6_1
                     ZeroWireload          tcbn28hpcplusbwp12t30p140tt0p9v25c_ccs
  o_accumulator_bank_ROWS8_HEAD_DIM64_GROUP_SIZE32_DATA_W32_FEATURE_IDX_W6_0
                     ZeroWireload          tcbn28hpcplusbwp12t30p140tt0p9v25c_ccs
  o_accumulator_bank_ROWS8_HEAD_DIM64_GROUP_SIZE32_DATA_W32_FEATURE_IDX_W6_2
                     ZeroWireload          tcbn28hpcplusbwp12t30p140tt0p9v25c_ccs
  o_accumulator_bank_ROWS8_HEAD_DIM64_GROUP_SIZE32_DATA_W32_FEATURE_IDX_W6_3
                     ZeroWireload          tcbn28hpcplusbwp12t30p140tt0p9v25c_ccs
  fa_clear_replica_15
                     ZeroWireload          tcbn28hpcplusbwp12t30p140tt0p9v25c_ccs
  fsa_stripe_STRIPE_ROWS8_COLS32_HEAD_DIM64_DATA_W8_SCORE_W32_PROB_W16_SUM_W32_TAG_W6_LOCAL_ROW_IDX_W3_0
                     ZeroWireload          tcbn28hpcplusbwp12t30p140tt0p9v25c_ccs
  fsa_stripe_STRIPE_ROWS8_COLS32_HEAD_DIM64_DATA_W8_SCORE_W32_PROB_W16_SUM_W32_TAG_W6_LOCAL_ROW_IDX_W3_1
                     ZeroWireload          tcbn28hpcplusbwp12t30p140tt0p9v25c_ccs
  fsa_stripe_STRIPE_ROWS8_COLS32_HEAD_DIM64_DATA_W8_SCORE_W32_PROB_W16_SUM_W32_TAG_W6_LOCAL_ROW_IDX_W3_2
                     ZeroWireload          tcbn28hpcplusbwp12t30p140tt0p9v25c_ccs
  fsa_stripe_STRIPE_ROWS8_COLS32_HEAD_DIM64_DATA_W8_SCORE_W32_PROB_W16_SUM_W32_TAG_W6_LOCAL_ROW_IDX_W3_3
                     ZeroWireload          tcbn28hpcplusbwp12t30p140tt0p9v25c_ccs
  fsa_delay_line_WIDTH38_DEPTH32
                     ZeroWireload          tcbn28hpcplusbwp12t30p140tt0p9v25c_ccs
  fsa_delay_line_WIDTH38_DEPTH31
                     ZeroWireload          tcbn28hpcplusbwp12t30p140tt0p9v25c_ccs
  fsa_delay_line_WIDTH38_DEPTH30
                     ZeroWireload          tcbn28hpcplusbwp12t30p140tt0p9v25c_ccs
  fsa_delay_line_WIDTH38_DEPTH29
                     ZeroWireload          tcbn28hpcplusbwp12t30p140tt0p9v25c_ccs
  fsa_delay_line_WIDTH38_DEPTH28
                     ZeroWireload          tcbn28hpcplusbwp12t30p140tt0p9v25c_ccs
  fsa_delay_line_WIDTH38_DEPTH27
                     ZeroWireload          tcbn28hpcplusbwp12t30p140tt0p9v25c_ccs
  fsa_delay_line_WIDTH38_DEPTH26
                     ZeroWireload          tcbn28hpcplusbwp12t30p140tt0p9v25c_ccs
  fsa_delay_line_WIDTH38_DEPTH25
                     ZeroWireload          tcbn28hpcplusbwp12t30p140tt0p9v25c_ccs
  fsa_delay_line_WIDTH38_DEPTH24
                     ZeroWireload          tcbn28hpcplusbwp12t30p140tt0p9v25c_ccs
  fsa_delay_line_WIDTH38_DEPTH23
                     ZeroWireload          tcbn28hpcplusbwp12t30p140tt0p9v25c_ccs
  fsa_delay_line_WIDTH38_DEPTH22
                     ZeroWireload          tcbn28hpcplusbwp12t30p140tt0p9v25c_ccs
  fsa_delay_line_WIDTH38_DEPTH21
                     ZeroWireload          tcbn28hpcplusbwp12t30p140tt0p9v25c_ccs
  fsa_delay_line_WIDTH38_DEPTH20
                     ZeroWireload          tcbn28hpcplusbwp12t30p140tt0p9v25c_ccs
  fsa_delay_line_WIDTH38_DEPTH19
                     ZeroWireload          tcbn28hpcplusbwp12t30p140tt0p9v25c_ccs
  fsa_delay_line_WIDTH38_DEPTH18
                     ZeroWireload          tcbn28hpcplusbwp12t30p140tt0p9v25c_ccs
  fsa_delay_line_WIDTH38_DEPTH17
                     ZeroWireload          tcbn28hpcplusbwp12t30p140tt0p9v25c_ccs
  fsa_delay_line_WIDTH38_DEPTH16
                     ZeroWireload          tcbn28hpcplusbwp12t30p140tt0p9v25c_ccs
  output_buffer_ROWS32_NORM_LANES8_HEAD_DIM64_OUT_W8_GROUP_SIZE32
                     ZeroWireload          tcbn28hpcplusbwp12t30p140tt0p9v25c_ccs
  online_normalizer_LANES8_ACC_W32_LSE_W32_OUT_W8_TAG_W8
                     ZeroWireload          tcbn28hpcplusbwp12t30p140tt0p9v25c_ccs
  fsa_fused_array_ROWS32_STRIPE_ROWS8_COLS32_DATA_W8_SCORE_W32_PROB_W16_ACC_W32_LSE_W32_HEAD_DIM64_FEATURE_IDX_W6
                     ZeroWireload          tcbn28hpcplusbwp12t30p140tt0p9v25c_ccs
  qkv_tile_cache_ADDR_W6
                     ZeroWireload          tcbn28hpcplusbwp12t30p140tt0p9v25c_ccs
  attention_accel_top
                     ZeroWireload          tcbn28hpcplusbwp12t30p140tt0p9v25c_ccs
  accel_regfile_HEAD_DIM64
                     ZeroWireload          tcbn28hpcplusbwp12t30p140tt0p9v25c_ccs

  Point                                                   Incr       Path
  --------------------------------------------------------------------------
  clock core_clk (rise edge)                            0.0000     0.0000
  clock network delay (ideal)                           0.0000     0.0000
  u_fused_array/g_stripe[3].u_stripe/ws_pv_q_reg/CP (DFCNQD1BWP12T30P140)
                                                        0.0000 #   0.0000 r
  u_fused_array/g_stripe[3].u_stripe/ws_pv_q_reg/Q (DFCNQD1BWP12T30P140)
                                                        0.0623     0.0623 f
  u_fused_array/g_stripe[3].u_stripe/U18821/ZN (INVD2BWP12T30P140)
                                                        0.0265     0.0887 r
  u_fused_array/g_stripe[3].u_stripe/U18755/Z (BUFFD2BWP12T30P140)
                                                        0.0301     0.1189 r
  u_fused_array/g_stripe[3].u_stripe/U2621/ZN (INVD0BWP12T30P140)
                                                        0.0702     0.1891 f
  u_fused_array/g_stripe[3].u_stripe/U18706/ZN (ND3D1BWP12T30P140)
                                                        0.0367     0.2258 r
  u_fused_array/g_stripe[3].u_stripe/U1092/ZN (ND2D0BWP12T30P140)
                                                        0.0221     0.2480 f
  u_fused_array/g_stripe[3].u_stripe/U14/ZN (CKND2D1BWP12T30P140)
                                                        0.0610     0.3089 r
  u_fused_array/g_stripe[3].u_stripe/U32909/ZN (INVD1BWP12T30P140)
                                                        0.0528     0.3618 f
  u_fused_array/g_stripe[3].u_stripe/U32910/ZN (AOI22D1BWP12T30P140)
                                                        0.0495     0.4112 r
  u_fused_array/g_stripe[3].u_stripe/U1093/ZN (INVD0BWP12T30P140)
                                                        0.0367     0.4479 f
  u_fused_array/g_stripe[3].u_stripe/U32911/ZN (AOI221D1BWP12T30P140)
                                                        0.0472     0.4951 r
  u_fused_array/g_stripe[3].u_stripe/U32965/ZN (INVD1BWP12T30P140)
                                                        0.0302     0.5253 f
  u_fused_array/g_stripe[3].u_stripe/U176643/ZN (AOI221D1BWP12T30P140)
                                                        0.0275     0.5528 r
  u_fused_array/g_stripe[3].u_stripe/U176644/ZN (IAO21D1BWP12T30P140)
                                                        0.0139     0.5667 f
  u_fused_array/g_stripe[3].u_stripe/U9777/S (FA1D0BWP12T30P140)
                                                        0.0570     0.6237 r
  u_fused_array/g_stripe[3].u_stripe/U7335/S (FA1D0BWP12T30P140)
                                                        0.0448     0.6685 r
  u_fused_array/g_stripe[3].u_stripe/intadd_4346/U10/CO (FA1D0BWP12T30P140)
                                                        0.0351     0.7037 r
  u_fused_array/g_stripe[3].u_stripe/intadd_4346/U9/CO (FA1D0BWP12T30P140)
                                                        0.0348     0.7385 r
  u_fused_array/g_stripe[3].u_stripe/intadd_4346/U8/CO (FA1D1BWP12T30P140)
                                                        0.0253     0.7638 r
  u_fused_array/g_stripe[3].u_stripe/intadd_4346/U7/CO (FA1D1BWP12T30P140)
                                                        0.0236     0.7874 r
  u_fused_array/g_stripe[3].u_stripe/intadd_4346/U6/CO (FA1D1BWP12T30P140)
                                                        0.0236     0.8109 r
  u_fused_array/g_stripe[3].u_stripe/intadd_4346/U5/CO (FA1D1BWP12T30P140)
                                                        0.0236     0.8345 r
  u_fused_array/g_stripe[3].u_stripe/intadd_4346/U4/CO (FA1D1BWP12T30P140)
                                                        0.0236     0.8580 r
  u_fused_array/g_stripe[3].u_stripe/intadd_4346/U3/CO (FA1D1BWP12T30P140)
                                                        0.0236     0.8816 r
  u_fused_array/g_stripe[3].u_stripe/U256802/CO (FA1D1BWP12T30P140)
                                                        0.0241     0.9057 r
  u_fused_array/g_stripe[3].u_stripe/U5692/ZN (MAOI222D0BWP12T30P140)
                                                        0.0287     0.9343 f
  u_fused_array/g_stripe[3].u_stripe/U5606/ZN (MAOI222D0BWP12T30P140)
                                                        0.0315     0.9658 r
  u_fused_array/g_stripe[3].u_stripe/U5077/Z (CKAN2D0BWP12T30P140)
                                                        0.0198     0.9856 r
  u_fused_array/g_stripe[3].u_stripe/U32996/ZN (IAO21D1BWP12T30P140)
                                                        0.0216     1.0072 r
  u_fused_array/g_stripe[3].u_stripe/U4786/CO (FA1D0BWP12T30P140)
                                                        0.0352     1.0423 r
  u_fused_array/g_stripe[3].u_stripe/U4601/ZN (NR2D0BWP12T30P140)
                                                        0.0111     1.0535 f
  u_fused_array/g_stripe[3].u_stripe/U4418/ZN (OAI21D0BWP12T30P140)
                                                        0.0200     1.0734 r
  u_fused_array/g_stripe[3].u_stripe/U4018/CO (FA1D0BWP12T30P140)
                                                        0.0339     1.1073 r
  u_fused_array/g_stripe[3].u_stripe/U3862/ZN (INVD0BWP12T30P140)
                                                        0.0098     1.1171 f
  u_fused_array/g_stripe[3].u_stripe/U3470/ZN (AOI21D0BWP12T30P140)
                                                        0.0142     1.1313 r
  u_fused_array/g_stripe[3].u_stripe/U19542/ZN (AOI21D1BWP12T30P140)
                                                        0.0732     1.2045 f
  u_fused_array/g_stripe[3].u_stripe/intadd_3988/U9/CO (FA1D1BWP12T30P140)
                                                        0.0579     1.2624 f
  u_fused_array/g_stripe[3].u_stripe/intadd_3988/U8/CO (FA1D1BWP12T30P140)
                                                        0.0262     1.2885 f
  u_fused_array/g_stripe[3].u_stripe/intadd_3988/U7/CO (FA1D1BWP12T30P140)
                                                        0.0262     1.3147 f
  u_fused_array/g_stripe[3].u_stripe/intadd_3988/U6/CO (FA1D1BWP12T30P140)
                                                        0.0262     1.3408 f
  u_fused_array/g_stripe[3].u_stripe/intadd_3988/U5/CO (FA1D1BWP12T30P140)
                                                        0.0262     1.3670 f
  u_fused_array/g_stripe[3].u_stripe/intadd_3988/U4/CO (FA1D1BWP12T30P140)
                                                        0.0262     1.3931 f
  u_fused_array/g_stripe[3].u_stripe/intadd_3988/U3/CO (FA1D1BWP12T30P140)
                                                        0.0262     1.4193 f
  u_fused_array/g_stripe[3].u_stripe/U256801/CO (FA1D1BWP12T30P140)
                                                        0.0256     1.4449 f
  u_fused_array/g_stripe[3].u_stripe/U19861/ZN (XNR2D1BWP12T30P140)
                                                        0.0243     1.4691 r
  u_fused_array/g_stripe[3].u_stripe/U2712/ZN (OAI222D0BWP12T30P140)
                                                        0.0291     1.4982 f
  u_fused_array/g_stripe[3].u_stripe/g_pe_row[4].g_pe_col[21].u_pe/accum_q_reg[31]/D (DFQD1BWP12T30P140)
                                                        0.0000     1.4982 f
  data arrival time                                                1.4982

  clock core_clk (rise edge)                            1.6000     1.6000
  clock network delay (ideal)                           0.0000     1.6000
  clock uncertainty                                    -0.1000     1.5000
  u_fused_array/g_stripe[3].u_stripe/g_pe_row[4].g_pe_col[21].u_pe/accum_q_reg[31]/CP (DFQD1BWP12T30P140)
                                                        0.0000     1.5000 r
  library setup time                                   -0.0017     1.4983
  data required time                                               1.4983
  --------------------------------------------------------------------------
  data required time                                               1.4983
  data arrival time                                               -1.4982
  --------------------------------------------------------------------------
  slack (MET)                                                      0.0001


1
