Copyright 1986-2022 Xilinx, Inc. All Rights Reserved. Copyright 2022-2023 Advanced Micro Devices, Inc. All Rights Reserved.
--------------------------------------------------------------------------------------------------------------------------------------------------
| Tool Version      : Vivado v.2023.1 (lin64) Build 3865809 Sun May  7 15:04:56 MDT 2023
| Date              : Thu Jul 30 16:07:54 2026
| Host              : xidianhyy-HP-Pro-Tower-ZHAN-99-G9-Desktop-PC running 64-bit Ubuntu 20.04.6 LTS
| Command           : report_clock_utilization -file /home/project/zhangcheng/DIT-FA/fpga/vivado/build/reports/clock_utilization.rpt
| Design            : system_wrapper
| Device            : xcvc1902-vsva2197
| Speed File        : -2MP  PRODUCTION 2.11 2022-11-23
| Temperature Grade : E
| Design State      : Physopt postRoute
| GCLK Deskew       : Off
--------------------------------------------------------------------------------------------------------------------------------------------------

Clock Utilization Report

Table of Contents
-----------------
1. Clock Primitive Utilization
2. Global Clock Resources
3. Global Clock Source Details
4. Local Clock Details
5. Clock Regions : Clock Primitives
6. Clock Regions : Load Primitives
7. Clock Regions : Global Clock Summary
8. Clock Regions : Routing Resource Utilization
9. Device Cell Placement Summary for Global Clock g0
10. Device Cell Placement Summary for Global Clock g1
11. Clock Region Cell Placement per Global Clock: Region X8Y0
12. Clock Region Cell Placement per Global Clock: Region X1Y1
13. Clock Region Cell Placement per Global Clock: Region X2Y1
14. Clock Region Cell Placement per Global Clock: Region X3Y1
15. Clock Region Cell Placement per Global Clock: Region X4Y1
16. Clock Region Cell Placement per Global Clock: Region X5Y1
17. Clock Region Cell Placement per Global Clock: Region X6Y1
18. Clock Region Cell Placement per Global Clock: Region X7Y1
19. Clock Region Cell Placement per Global Clock: Region X1Y2
20. Clock Region Cell Placement per Global Clock: Region X2Y2
21. Clock Region Cell Placement per Global Clock: Region X3Y2
22. Clock Region Cell Placement per Global Clock: Region X4Y2
23. Clock Region Cell Placement per Global Clock: Region X5Y2
24. Clock Region Cell Placement per Global Clock: Region X6Y2
25. Clock Region Cell Placement per Global Clock: Region X7Y2
26. Clock Region Cell Placement per Global Clock: Region X8Y2
27. Clock Region Cell Placement per Global Clock: Region X9Y2
28. Clock Region Cell Placement per Global Clock: Region X1Y3
29. Clock Region Cell Placement per Global Clock: Region X2Y3
30. Clock Region Cell Placement per Global Clock: Region X3Y3
31. Clock Region Cell Placement per Global Clock: Region X4Y3
32. Clock Region Cell Placement per Global Clock: Region X5Y3
33. Clock Region Cell Placement per Global Clock: Region X6Y3
34. Clock Region Cell Placement per Global Clock: Region X7Y3
35. Clock Region Cell Placement per Global Clock: Region X8Y3
36. Clock Region Cell Placement per Global Clock: Region X9Y3
37. Clock Region Cell Placement per Global Clock: Region X1Y4
38. Clock Region Cell Placement per Global Clock: Region X2Y4
39. Clock Region Cell Placement per Global Clock: Region X3Y4
40. Clock Region Cell Placement per Global Clock: Region X4Y4
41. Clock Region Cell Placement per Global Clock: Region X5Y4
42. Clock Region Cell Placement per Global Clock: Region X6Y4
43. Clock Region Cell Placement per Global Clock: Region X7Y4

1. Clock Primitive Utilization
------------------------------

+------------------+------+-----------+-----+--------------+--------+
| Type             | Used | Available | LOC | Clock Region | Pblock |
+------------------+------+-----------+-----+--------------+--------+
| (M)BUFGCE        |    1 |       296 |   0 |            0 |      0 |
| (M)BUFGCE_DIV    |    0 |        40 |   0 |            0 |      0 |
| (M)BUFGCTRL      |    0 |        80 |   0 |            0 |      0 |
| BUFG_FABRIC      |    0 |       384 |   0 |            0 |      0 |
| (M)BUFG_GT       |    0 |       168 |   0 |            0 |      0 |
| (M)BUFG_PS       |    1 |        12 |   0 |            0 |      0 |
| DPLL             |    0 |        25 |   0 |            0 |      0 |
|   DPLL (BUFGCE)  |    0 |        14 |   0 |            0 |      0 |
|   DPLL (BUFG_GT) |    0 |        11 |   0 |            0 |      0 |
| MMCM             |    1 |        12 |   0 |            0 |      0 |
| XPLL             |    3 |        24 |   3 |            0 |      2 |
+------------------+------+-----------+-----+--------------+--------+


2. Global Clock Resources
-------------------------

+-----------+-----------+-----------------+------------+--------------+--------------+------+-------------+-------------------+------------------+-------------------+-------------+-----------------+--------------+-------------------+--------------------------------------------------------------------------+-------------------------------------------------------------+
| Global Id | Source Id | Driver Type/Pin | Constraint | Site         | Clock Region | Root | GCLK Deskew | Clock Delay Group | Clock Low Fanout | Load Clock Region | Clock Loads | Non-Clock Loads | Clock Period | Clock             | Driver Pin                                                               | Net                                                         |
+-----------+-----------+-----------------+------------+--------------+--------------+------+-------------+-------------------+------------------+-------------------+-------------+-----------------+--------------+-------------------+--------------------------------------------------------------------------+-------------------------------------------------------------+
| g0        | src0      | BUFGCE/O        | None       | BUFGCE_X8Y11 | X8Y0         | X5Y2 | Off         |                   |                  |                30 |      295528 |               0 |        5.882 | clkout1_primitive | system_i/pl_clock_wizard/inst/clock_primitive_inst/BUFG_clkout1_inst/O   | system_i/pl_clock_wizard/inst/clock_primitive_inst/clk_out1 |
| g1        | src1      | BUFG_PS/O       | None       | BUFG_PS_X0Y6 | X1Y1         | X7Y1 | Off         | n/a               |                  |                 1 |           0 |               1 |        3.333 | clk_pl_0          | system_i/versal_cips_0/inst/pspmc_0/inst/buffer_pl_clk_0.PL_CLK_0_BUFG/O | system_i/versal_cips_0/inst/pspmc_0/inst/pl0_ref_clk        |
+-----------+-----------+-----------------+------------+--------------+--------------+------+-------------+-------------------+------------------+-------------------+-------------+-----------------+--------------+-------------------+--------------------------------------------------------------------------+-------------------------------------------------------------+
* Clock Loads column represents cell count of net connects that connect to a clock pin. Internal cell leaf pins are not considered
** Non-Clock Loads column represents cell count of non-clock pin loads
*** In GCLK Deskew column, symbol '*' indicates non-default GCLK Deskew value using GCLK_DESKEW property on net


3. Global Clock Source Details
------------------------------

+-----------+-----------+-------------------+------------+-----------+--------------+-------------+-----------------+---------------------+-------------------+------------------------------------------------------------------------+----------------------------------------------------------------------+
| Source Id | Global Id | Driver Type/Pin   | Constraint | Site      | Clock Region | Clock Loads | Non-Clock Loads | Source Clock Period | Source Clock      | Driver Pin                                                             | Net                                                                  |
+-----------+-----------+-------------------+------------+-----------+--------------+-------------+-----------------+---------------------+-------------------+------------------------------------------------------------------------+----------------------------------------------------------------------+
| src0      | g0        | MMCME5/CLKOUT0    | None       | MMCM_X8Y0 | X8Y0         |           1 |               0 |               5.882 | clkout1_primitive | system_i/pl_clock_wizard/inst/clock_primitive_inst/MMCME5_inst/CLKOUT0 | system_i/pl_clock_wizard/inst/clock_primitive_inst/clkout1_primitive |
| src1      | g1        | PS9/PMCRCLKCLK[0] | PS9_X0Y0   | PS9_X0Y0  | X0Y1         |           1 |               0 |               3.333 | clk_pl_0          | system_i/versal_cips_0/inst/pspmc_0/inst/PS9_inst/PMCRCLKCLK[0]        | system_i/versal_cips_0/inst/pspmc_0/inst/pmc_pl_ref_clk[0]           |
+-----------+-----------+-------------------+------------+-----------+--------------+-------------+-----------------+---------------------+-------------------+------------------------------------------------------------------------+----------------------------------------------------------------------+
* Clock Loads column represents cell count of net connects that connect to a clock pin. Internal cell leaf pins are not considered
** Non-Clock Loads column represents cell count of non-clock pin loads


4. Local Clock Details
----------------------

+----------+-----------------+------------+----------------+--------------+-------------+-----------------+--------------+-------------------------+-------------------------------------------------------------------------------+---------------------------------------------------------------------------------+
| Local Id | Driver Type/Pin | Constraint | Site/BEL       | Clock Region | Clock Loads | Non-Clock Loads | Clock Period | Clock                   | Driver Pin                                                                    | Net                                                                             |
+----------+-----------------+------------+----------------+--------------+-------------+-----------------+--------------+-------------------------+-------------------------------------------------------------------------------+---------------------------------------------------------------------------------+
| 0        | XPLL/CLKOUT2    | XPLL_X2Y0  | XPLL_X2Y0/XPLL | X1Y0         |          23 |               0 |        1.250 | bank1_xpll0_fifo_rd_clk | system_i/axi_noc_0/inst/MC0_ddrc/inst/noc_ddr4_phy/inst/u_xpll0_bank1/CLKOUT2 | system_i/axi_noc_0/inst/MC0_ddrc/inst/noc_ddr4_phy/inst/bank1_xpll0_fifo_rd_clk |
| 1        | XPLL/CLKOUT1    | XPLL_X2Y0  | XPLL_X2Y0/XPLL | X1Y0         |           1 |               0 |        1.250 | mc_clk_xpll             | system_i/axi_noc_0/inst/MC0_ddrc/inst/noc_ddr4_phy/inst/u_xpll0_bank1/CLKOUT1 | system_i/axi_noc_0/inst/MC0_ddrc/inst/noc_ddr4_phy/inst/mc_clk_xpll             |
+----------+-----------------+------------+----------------+--------------+-------------+-----------------+--------------+-------------------------+-------------------------------------------------------------------------------+---------------------------------------------------------------------------------+
* Local Clocks in this context represents only clocks driven by non-global buffers
** Clock Loads column represents cell count of net connects that connect to a clock pin. Internal cell leaf pins are not considered
*** Non-Clock Loads column represents cell count of non-clock pin loads


5. Clock Regions : Clock Primitives
-----------------------------------

+-------------------+---------------+---------------+---------------+---------------+---------------+---------------+---------------+---------------+---------------+---------------+
|                   |  Global Clock |   (M)BUFGCE   | (M)BUFGCE_DIV |  (M)BUFGCTRL  |   (M)BUFG_GT  |   (M)BUFG_PS  |      MMCM     | DPLL (non-GT) |   DPLL (GT)   |      XPLL     |
+-------------------+-------+-------+-------+-------+-------+-------+-------+-------+-------+-------+-------+-------+-------+-------+-------+-------+-------+-------+-------+-------+
| Clock Region Name | Used  | Avail | Used  | Avail | Used  | Avail | Used  | Avail | Used  | Avail | Used  | Avail | Used  | Avail | Used  | Avail | Used  | Avail | Used  | Avail |
+-------------------+-------+-------+-------+-------+-------+-------+-------+-------+-------+-------+-------+-------+-------+-------+-------+-------+-------+-------+-------+-------+
| X0Y0              |     0 |    24 |     0 |    24 |     0 |     4 |     0 |     8 |     0 |     0 |     0 |     0 |     0 |     1 |     0 |     1 |     0 |     1 |     0 |     2 |
| X1Y0              |     0 |    24 |     0 |    24 |     0 |     4 |     0 |     8 |     0 |     0 |     0 |     0 |     0 |     1 |     0 |     1 |     0 |     1 |     0 |     2 |
| X2Y0              |     0 |    24 |     0 |    24 |     0 |     4 |     0 |     8 |     0 |     0 |     0 |     0 |     0 |     1 |     0 |     1 |     0 |     1 |     0 |     2 |
| X3Y0              |     0 |    24 |     0 |    24 |     0 |     4 |     0 |     8 |     0 |     0 |     0 |     0 |     0 |     1 |     0 |     1 |     0 |     1 |     0 |     2 |
| X4Y0              |     0 |    24 |     0 |    24 |     0 |     4 |     0 |     8 |     0 |     0 |     0 |     0 |     0 |     1 |     0 |     1 |     0 |     1 |     0 |     2 |
| X5Y0              |     0 |    24 |     0 |    24 |     0 |     4 |     0 |     8 |     0 |     0 |     0 |     0 |     0 |     1 |     0 |     1 |     0 |     1 |     0 |     2 |
| X6Y0              |     0 |    24 |     0 |    24 |     0 |     4 |     0 |     8 |     0 |     0 |     0 |     0 |     0 |     1 |     0 |     1 |     0 |     1 |     0 |     2 |
| X7Y0              |     0 |    24 |     0 |    24 |     0 |     4 |     0 |     8 |     0 |     0 |     0 |     0 |     0 |     1 |     0 |     1 |     0 |     1 |     0 |     2 |
| X8Y0              |     1 |    24 |     1 |    24 |     0 |     4 |     0 |     8 |     0 |     0 |     0 |     0 |     1 |     1 |     0 |     1 |     0 |     1 |     0 |     2 |
| X9Y0              |     0 |    24 |     0 |    24 |     0 |     4 |     0 |     8 |     0 |     0 |     0 |     0 |     0 |     1 |     0 |     1 |     0 |     1 |     0 |     2 |
| X10Y0             |     0 |    24 |     0 |    24 |     0 |     4 |     0 |     8 |     0 |     0 |     0 |     0 |     0 |     1 |     0 |     1 |     0 |     1 |     0 |     2 |
| X11Y0             |     0 |    24 |     0 |    24 |     0 |     4 |     0 |     8 |     0 |     0 |     0 |     0 |     0 |     1 |     0 |     1 |     0 |     1 |     0 |     2 |
| X0Y1              |     0 |     0 |     0 |     0 |     0 |     0 |     0 |     0 |     0 |     0 |     0 |     0 |     0 |     0 |     0 |     0 |     0 |     0 |     0 |     0 |
| X1Y1              |     1 |    24 |     0 |     0 |     0 |     0 |     0 |     0 |     0 |     0 |     1 |    12 |     0 |     0 |     0 |     0 |     0 |     0 |     0 |     0 |
| X2Y1              |     1 |    24 |     0 |     0 |     0 |     0 |     0 |     0 |     0 |     0 |     0 |     0 |     0 |     0 |     0 |     0 |     0 |     0 |     0 |     0 |
| X3Y1              |     1 |    24 |     0 |     0 |     0 |     0 |     0 |     0 |     0 |     0 |     0 |     0 |     0 |     0 |     0 |     0 |     0 |     0 |     0 |     0 |
| X4Y1              |     1 |    24 |     0 |     0 |     0 |     0 |     0 |     0 |     0 |     0 |     0 |     0 |     0 |     0 |     0 |     0 |     0 |     0 |     0 |     0 |
| X5Y1              |     1 |    24 |     0 |     0 |     0 |     0 |     0 |     0 |     0 |     0 |     0 |     0 |     0 |     0 |     0 |     0 |     0 |     0 |     0 |     0 |
| X6Y1              |     1 |    24 |     0 |     0 |     0 |     0 |     0 |     0 |     0 |     0 |     0 |     0 |     0 |     0 |     0 |     0 |     0 |     0 |     0 |     0 |
| X7Y1              |     1 |    24 |     0 |     0 |     0 |     0 |     0 |     0 |     0 |     0 |     0 |     0 |     0 |     0 |     0 |     0 |     0 |     0 |     0 |     0 |
| X8Y1              |     0 |    24 |     0 |     0 |     0 |     0 |     0 |     0 |     0 |     0 |     0 |     0 |     0 |     0 |     0 |     0 |     0 |     0 |     0 |     0 |
| X9Y1              |     0 |    24 |     0 |     0 |     0 |     0 |     0 |     0 |     0 |    24 |     0 |     0 |     0 |     0 |     0 |     2 |     0 |     2 |     0 |     0 |
| X0Y2              |     0 |    24 |     0 |     0 |     0 |     0 |     0 |     0 |     0 |    24 |     0 |     0 |     0 |     0 |     0 |     1 |     0 |     1 |     0 |     0 |
| X1Y2              |     1 |    24 |     0 |     0 |     0 |     0 |     0 |     0 |     0 |     0 |     0 |     0 |     0 |     0 |     0 |     0 |     0 |     0 |     0 |     0 |
| X2Y2              |     1 |    24 |     0 |     0 |     0 |     0 |     0 |     0 |     0 |     0 |     0 |     0 |     0 |     0 |     0 |     0 |     0 |     0 |     0 |     0 |
| X3Y2              |     1 |    24 |     0 |     0 |     0 |     0 |     0 |     0 |     0 |     0 |     0 |     0 |     0 |     0 |     0 |     0 |     0 |     0 |     0 |     0 |
| X4Y2              |     1 |    24 |     0 |     0 |     0 |     0 |     0 |     0 |     0 |     0 |     0 |     0 |     0 |     0 |     0 |     0 |     0 |     0 |     0 |     0 |
| X5Y2              |     1 |    24 |     0 |     0 |     0 |     0 |     0 |     0 |     0 |     0 |     0 |     0 |     0 |     0 |     0 |     0 |     0 |     0 |     0 |     0 |
| X6Y2              |     1 |    24 |     0 |     0 |     0 |     0 |     0 |     0 |     0 |     0 |     0 |     0 |     0 |     0 |     0 |     0 |     0 |     0 |     0 |     0 |
| X7Y2              |     1 |    24 |     0 |     0 |     0 |     0 |     0 |     0 |     0 |     0 |     0 |     0 |     0 |     0 |     0 |     0 |     0 |     0 |     0 |     0 |
| X8Y2              |     1 |    24 |     0 |     0 |     0 |     0 |     0 |     0 |     0 |     0 |     0 |     0 |     0 |     0 |     0 |     0 |     0 |     0 |     0 |     0 |
| X9Y2              |     1 |    24 |     0 |     0 |     0 |     0 |     0 |     0 |     0 |    24 |     0 |     0 |     0 |     0 |     0 |     2 |     0 |     2 |     0 |     0 |
| X0Y3              |     0 |    24 |     0 |     0 |     0 |     0 |     0 |     0 |     0 |    24 |     0 |     0 |     0 |     0 |     0 |     2 |     0 |     2 |     0 |     0 |
| X1Y3              |     1 |    24 |     0 |     0 |     0 |     0 |     0 |     0 |     0 |     0 |     0 |     0 |     0 |     0 |     0 |     0 |     0 |     0 |     0 |     0 |
| X2Y3              |     1 |    24 |     0 |     0 |     0 |     0 |     0 |     0 |     0 |     0 |     0 |     0 |     0 |     0 |     0 |     0 |     0 |     0 |     0 |     0 |
| X3Y3              |     1 |    24 |     0 |     0 |     0 |     0 |     0 |     0 |     0 |     0 |     0 |     0 |     0 |     0 |     0 |     0 |     0 |     0 |     0 |     0 |
| X4Y3              |     1 |    24 |     0 |     0 |     0 |     0 |     0 |     0 |     0 |     0 |     0 |     0 |     0 |     0 |     0 |     0 |     0 |     0 |     0 |     0 |
| X5Y3              |     1 |    24 |     0 |     0 |     0 |     0 |     0 |     0 |     0 |     0 |     0 |     0 |     0 |     0 |     0 |     0 |     0 |     0 |     0 |     0 |
| X6Y3              |     1 |    24 |     0 |     0 |     0 |     0 |     0 |     0 |     0 |     0 |     0 |     0 |     0 |     0 |     0 |     0 |     0 |     0 |     0 |     0 |
| X7Y3              |     1 |    24 |     0 |     0 |     0 |     0 |     0 |     0 |     0 |     0 |     0 |     0 |     0 |     0 |     0 |     0 |     0 |     0 |     0 |     0 |
| X8Y3              |     1 |    24 |     0 |     0 |     0 |     0 |     0 |     0 |     0 |     0 |     0 |     0 |     0 |     0 |     0 |     0 |     0 |     0 |     0 |     0 |
| X9Y3              |     1 |    24 |     0 |     0 |     0 |     0 |     0 |     0 |     0 |    24 |     0 |     0 |     0 |     0 |     0 |     2 |     0 |     2 |     0 |     0 |
| X0Y4              |     0 |    24 |     0 |     4 |     0 |     0 |     0 |     0 |     0 |    24 |     0 |     0 |     0 |     0 |     0 |     2 |     0 |     2 |     0 |     0 |
| X1Y4              |     1 |    24 |     0 |     0 |     0 |     0 |     0 |     0 |     0 |     0 |     0 |     0 |     0 |     0 |     0 |     0 |     0 |     0 |     0 |     0 |
| X2Y4              |     1 |    24 |     0 |     0 |     0 |     0 |     0 |     0 |     0 |     0 |     0 |     0 |     0 |     0 |     0 |     0 |     0 |     0 |     0 |     0 |
| X3Y4              |     1 |    24 |     0 |     0 |     0 |     0 |     0 |     0 |     0 |     0 |     0 |     0 |     0 |     0 |     0 |     0 |     0 |     0 |     0 |     0 |
| X4Y4              |     1 |    24 |     0 |     0 |     0 |     0 |     0 |     0 |     0 |     0 |     0 |     0 |     0 |     0 |     0 |     0 |     0 |     0 |     0 |     0 |
| X5Y4              |     1 |    24 |     0 |     0 |     0 |     0 |     0 |     0 |     0 |     0 |     0 |     0 |     0 |     0 |     0 |     0 |     0 |     0 |     0 |     0 |
| X6Y4              |     1 |    24 |     0 |     0 |     0 |     0 |     0 |     0 |     0 |     0 |     0 |     0 |     0 |     0 |     0 |     0 |     0 |     0 |     0 |     0 |
| X7Y4              |     1 |    24 |     0 |     0 |     0 |     0 |     0 |     0 |     0 |     0 |     0 |     0 |     0 |     0 |     0 |     0 |     0 |     0 |     0 |     0 |
| X8Y4              |     0 |    24 |     0 |     0 |     0 |     0 |     0 |     0 |     0 |     0 |     0 |     0 |     0 |     0 |     0 |     0 |     0 |     0 |     0 |     0 |
| X9Y4              |     0 |    24 |     0 |     4 |     0 |     0 |     0 |     0 |     0 |    24 |     0 |     0 |     0 |     0 |     0 |     2 |     0 |     2 |     0 |     0 |
| X0Y5              |     0 |    24 |     0 |     0 |     0 |     0 |     0 |     0 |     0 |     0 |     0 |     0 |     0 |     0 |     0 |     0 |     0 |     0 |     0 |     0 |
| X1Y5              |     0 |    24 |     0 |     0 |     0 |     0 |     0 |     0 |     0 |     0 |     0 |     0 |     0 |     0 |     0 |     0 |     0 |     0 |     0 |     0 |
| X2Y5              |     0 |    24 |     0 |     0 |     0 |     0 |     0 |     0 |     0 |     0 |     0 |     0 |     0 |     0 |     0 |     0 |     0 |     0 |     0 |     0 |
| X3Y5              |     0 |    24 |     0 |     0 |     0 |     0 |     0 |     0 |     0 |     0 |     0 |     0 |     0 |     0 |     0 |     0 |     0 |     0 |     0 |     0 |
| X4Y5              |     0 |    24 |     0 |     0 |     0 |     0 |     0 |     0 |     0 |     0 |     0 |     0 |     0 |     0 |     0 |     0 |     0 |     0 |     0 |     0 |
| X5Y5              |     0 |    24 |     0 |     0 |     0 |     0 |     0 |     0 |     0 |     0 |     0 |     0 |     0 |     0 |     0 |     0 |     0 |     0 |     0 |     0 |
| X6Y5              |     0 |    24 |     0 |     0 |     0 |     0 |     0 |     0 |     0 |     0 |     0 |     0 |     0 |     0 |     0 |     0 |     0 |     0 |     0 |     0 |
| X7Y5              |     0 |    24 |     0 |     0 |     0 |     0 |     0 |     0 |     0 |     0 |     0 |     0 |     0 |     0 |     0 |     0 |     0 |     0 |     0 |     0 |
| X8Y5              |     0 |    24 |     0 |     0 |     0 |     0 |     0 |     0 |     0 |     0 |     0 |     0 |     0 |     0 |     0 |     0 |     0 |     0 |     0 |     0 |
| X9Y5              |     0 |    24 |     0 |     0 |     0 |     0 |     0 |     0 |     0 |     0 |     0 |     0 |     0 |     0 |     0 |     0 |     0 |     0 |     0 |     0 |
| X10Y5             |     0 |    24 |     0 |     0 |     0 |     0 |     0 |     0 |     0 |     0 |     0 |     0 |     0 |     0 |     0 |     0 |     0 |     0 |     0 |     0 |
| X11Y5             |     0 |     0 |     0 |     0 |     0 |     0 |     0 |     0 |     0 |     0 |     0 |     0 |     0 |     0 |     0 |     0 |     0 |     0 |     0 |     0 |
+-------------------+-------+-------+-------+-------+-------+-------+-------+-------+-------+-------+-------+-------+-------+-------+-------+-------+-------+-------+-------+-------+
* Global Clock column represents track count; while other columns represents cell counts


6. Clock Regions : Load Primitives
----------------------------------

+-------------------+------------------+------------------+------------------+------------------+------------------+------------------+------------------+------------------+------------------+
|                   |   Global Clock   |        FF        |      LUTRAM      |  Block RAM (18K) |       URAM       |        DSP       |        GT        |      HARD IP     |        NOC       |
+-------------------+--------+---------+--------+---------+--------+---------+--------+---------+--------+---------+--------+---------+--------+---------+--------+---------+--------+---------+
| Clock Region Name | Used   | Avail   | Used   | Avail   | Used   | Avail   | Used   | Avail   | Used   | Avail   | Used   | Avail   | Used   | Avail   | Used   | Avail   | Used   | Avail   |
+-------------------+--------+---------+--------+---------+--------+---------+--------+---------+--------+---------+--------+---------+--------+---------+--------+---------+--------+---------+
| X0Y0              |      0 |      24 |      0 |       0 |      0 |       0 |      0 |       0 |      0 |       0 |      0 |       0 |      0 |       0 |      1 |       1 |      0 |       0 |
| X1Y0              |      0 |      24 |      0 |       0 |      0 |       0 |      0 |       0 |      0 |       0 |      0 |       0 |      0 |       0 |      0 |       0 |      0 |       0 |
| X2Y0              |      0 |      24 |      0 |       0 |      0 |       0 |      0 |       0 |      0 |       0 |      0 |       0 |      0 |       0 |      0 |       0 |      0 |       0 |
| X3Y0              |      0 |      24 |      0 |       0 |      0 |       0 |      0 |       0 |      0 |       0 |      0 |       0 |      0 |       0 |      0 |       1 |      0 |       0 |
| X4Y0              |      0 |      24 |      0 |       0 |      0 |       0 |      0 |       0 |      0 |       0 |      0 |       0 |      0 |       0 |      0 |       0 |      0 |       0 |
| X5Y0              |      0 |      24 |      0 |       0 |      0 |       0 |      0 |       0 |      0 |       0 |      0 |       0 |      0 |       0 |      0 |       0 |      0 |       0 |
| X6Y0              |      0 |      24 |      0 |       0 |      0 |       0 |      0 |       0 |      0 |       0 |      0 |       0 |      0 |       0 |      0 |       1 |      0 |       0 |
| X7Y0              |      0 |      24 |      0 |       0 |      0 |       0 |      0 |       0 |      0 |       0 |      0 |       0 |      0 |       0 |      0 |       0 |      0 |       0 |
| X8Y0              |      1 |      24 |      0 |       0 |      0 |       0 |      0 |       0 |      0 |       0 |      0 |       0 |      0 |       0 |      0 |       0 |      0 |       0 |
| X9Y0              |      0 |      24 |      0 |       0 |      0 |       0 |      0 |       0 |      0 |       0 |      0 |       0 |      0 |       0 |      0 |       0 |      0 |       0 |
| X10Y0             |      0 |      24 |      0 |       0 |      0 |       0 |      0 |       0 |      0 |       0 |      0 |       0 |      0 |       0 |      0 |       1 |      0 |       0 |
| X11Y0             |      0 |      24 |      0 |       0 |      0 |       0 |      0 |       0 |      0 |       0 |      0 |       0 |      0 |       0 |      0 |       0 |      0 |       0 |
| X0Y1              |      0 |       0 |      0 |       0 |      0 |       0 |      0 |       0 |      0 |       0 |      0 |       0 |      0 |       0 |      0 |       0 |      0 |       0 |
| X1Y1              |      1 |      24 |   8690 |   52992 |      0 |   13248 |      0 |      48 |      0 |      24 |      0 |       0 |      0 |       0 |      0 |       0 |      0 |       4 |
| X2Y1              |      1 |      24 |  13500 |   58880 |      0 |   14720 |      0 |      48 |      0 |       0 |      0 |     138 |      0 |       0 |      0 |       0 |      0 |       0 |
| X3Y1              |      1 |      24 |  12736 |   47104 |      0 |   11776 |      0 |      96 |      0 |      24 |      3 |     138 |      0 |       0 |      0 |       0 |      0 |       4 |
| X4Y1              |      1 |      24 |  16075 |   58880 |      1 |   14720 |      0 |      48 |      0 |       0 |      7 |     138 |      0 |       0 |      0 |       0 |      0 |       0 |
| X5Y1              |      1 |      24 |  12661 |   47104 |      4 |   11776 |      0 |      96 |      4 |      24 |      3 |     138 |      0 |       0 |      0 |       0 |      0 |       4 |
| X6Y1              |      1 |      24 |  12024 |   58880 |      0 |   14720 |      0 |      48 |      0 |       0 |      0 |     138 |      0 |       0 |      0 |       0 |      0 |       0 |
| X7Y1              |      1 |      24 |     48 |   47104 |      6 |   11776 |      0 |      96 |      6 |      24 |      0 |     138 |      0 |       0 |      0 |       0 |      0 |       4 |
| X8Y1              |      0 |      24 |      0 |   58880 |      0 |   14720 |      0 |      48 |      0 |       0 |      0 |       0 |      0 |       0 |      0 |       0 |      0 |       0 |
| X9Y1              |      0 |      24 |      0 |   41216 |      0 |   10304 |      0 |       0 |      0 |      24 |      0 |       0 |      0 |       6 |      0 |       0 |      0 |       0 |
| X0Y2              |      0 |      24 |      0 |   21504 |      0 |    5376 |      0 |      24 |      0 |       0 |      0 |       0 |      0 |       3 |      0 |       0 |      0 |       0 |
| X1Y2              |      1 |      24 |  12577 |   64512 |      0 |   16128 |      0 |      48 |      0 |      36 |      0 |       0 |      0 |       0 |      0 |       0 |      0 |       4 |
| X2Y2              |      1 |      24 |  15873 |   61440 |      0 |   15360 |      0 |      48 |      0 |       0 |     15 |     144 |      0 |       0 |      0 |       0 |      0 |       0 |
| X3Y2              |      1 |      24 |  14065 |   49152 |      4 |   12288 |      0 |      96 |      4 |      24 |     46 |     144 |      0 |       0 |      0 |       0 |      0 |       4 |
| X4Y2              |      1 |      24 |  15583 |   61440 |      0 |   15360 |      0 |      48 |      0 |       0 |     12 |     144 |      0 |       0 |      0 |       0 |      0 |       0 |
| X5Y2              |      1 |      24 |  15507 |   49152 |     16 |   12288 |      0 |      96 |     16 |      24 |     15 |     144 |      0 |       0 |      0 |       0 |      0 |       4 |
| X6Y2              |      1 |      24 |  20882 |   61440 |      0 |   15360 |      0 |      48 |      0 |       0 |     16 |     144 |      0 |       0 |      0 |       0 |      0 |       0 |
| X7Y2              |      1 |      24 |   3748 |   49152 |     12 |   12288 |      0 |      96 |     12 |      24 |      2 |     144 |      0 |       0 |      0 |       0 |      0 |       4 |
| X8Y2              |      1 |      24 |      0 |   61440 |      0 |   15360 |      0 |      48 |      0 |       0 |      0 |       0 |      0 |       0 |      0 |       0 |      0 |       0 |
| X9Y2              |      1 |      24 |     16 |   43008 |      2 |   10752 |      0 |       0 |      2 |      24 |      0 |       0 |      0 |       6 |      0 |       1 |      0 |       0 |
| X0Y3              |      0 |      24 |      0 |   43008 |      0 |   10752 |      0 |      48 |      0 |       0 |      0 |       0 |      0 |       6 |      0 |       2 |      0 |       0 |
| X1Y3              |      1 |      24 |   7789 |   73728 |      0 |   18432 |      0 |      48 |      0 |      48 |      0 |       0 |      0 |       0 |      0 |       0 |      1 |       4 |
| X2Y3              |      1 |      24 |  15978 |   61440 |      0 |   15360 |      2 |      48 |      0 |       0 |      4 |     144 |      0 |       0 |      0 |       0 |      0 |       0 |
| X3Y3              |      1 |      24 |  15868 |   49152 |    105 |   12288 |     11 |      96 |     21 |      24 |      7 |     144 |      0 |       0 |      0 |       0 |      2 |       4 |
| X4Y3              |      1 |      24 |  21766 |   61440 |     31 |   15360 |      0 |      48 |      0 |       0 |     26 |     144 |      0 |       0 |      0 |       0 |      0 |       0 |
| X5Y3              |      1 |      24 |  14254 |   49152 |     10 |   12288 |      0 |      96 |     10 |      24 |     20 |     144 |      0 |       0 |      0 |       0 |      0 |       4 |
| X6Y3              |      1 |      24 |  18155 |   61440 |      0 |   15360 |      0 |      48 |      0 |       0 |      7 |     144 |      0 |       0 |      0 |       0 |      0 |       0 |
| X7Y3              |      1 |      24 |   4994 |   49152 |     12 |   12288 |      0 |      96 |     12 |      24 |      0 |     144 |      0 |       0 |      0 |       0 |      0 |       4 |
| X8Y3              |      1 |      24 |      0 |   61440 |      0 |   15360 |      0 |      48 |      0 |       0 |      0 |       0 |      0 |       0 |      0 |       0 |      0 |       0 |
| X9Y3              |      1 |      24 |     32 |   43008 |      4 |   10752 |      0 |       0 |      4 |      24 |      0 |       0 |      0 |       6 |      0 |       1 |      0 |       0 |
| X0Y4              |      0 |      24 |      0 |   19712 |      0 |    4928 |      0 |      22 |      0 |       0 |      0 |       0 |      0 |       3 |      0 |       0 |      0 |       0 |
| X1Y4              |      1 |      24 |   1271 |   33792 |      0 |    8448 |      0 |      24 |      0 |      23 |      0 |       0 |      0 |       0 |      0 |       0 |      0 |       2 |
| X2Y4              |      1 |      24 |   6346 |   28160 |      0 |    7040 |      0 |      22 |      0 |       0 |      0 |      66 |      0 |       0 |      0 |       0 |      0 |       0 |
| X3Y4              |      1 |      24 |   4384 |   22528 |      5 |    5632 |      0 |      48 |      5 |      11 |      0 |      66 |      0 |       0 |      0 |       0 |      0 |       2 |
| X4Y4              |      1 |      24 |   5191 |   28160 |      0 |    7040 |      0 |      22 |      0 |       0 |     12 |      66 |      0 |       0 |      0 |       0 |      0 |       0 |
| X5Y4              |      1 |      24 |   2400 |   22528 |      0 |    5632 |      0 |      48 |      0 |      11 |      0 |      66 |      0 |       0 |      0 |       0 |      0 |       2 |
| X6Y4              |      1 |      24 |   2690 |   28160 |      0 |    7040 |      0 |      22 |      0 |       0 |      0 |      66 |      0 |       0 |      0 |       0 |      0 |       0 |
| X7Y4              |      1 |      24 |      8 |   22528 |      0 |    5632 |      0 |      48 |      0 |      11 |      0 |      66 |      0 |       0 |      0 |       0 |      0 |       2 |
| X8Y4              |      0 |      24 |      0 |   28160 |      0 |    7040 |      0 |      22 |      0 |       0 |      0 |       0 |      0 |       0 |      0 |       0 |      0 |       0 |
| X9Y4              |      0 |      24 |      0 |   19712 |      0 |    4928 |      0 |       0 |      0 |      11 |      0 |       0 |      0 |       3 |      0 |       0 |      0 |       0 |
| X0Y5              |      0 |      24 |      0 |       0 |      0 |       0 |      0 |       0 |      0 |       0 |      0 |       0 |      0 |       0 |      0 |       0 |      0 |       0 |
| X1Y5              |      0 |      24 |      0 |       0 |      0 |       0 |      0 |       0 |      0 |       0 |      0 |       0 |      0 |       0 |      0 |       0 |      0 |       0 |
| X2Y5              |      0 |      24 |      0 |       0 |      0 |       0 |      0 |       0 |      0 |       0 |      0 |       0 |      0 |       0 |      0 |       0 |      0 |       0 |
| X3Y5              |      0 |      24 |      0 |       0 |      0 |       0 |      0 |       0 |      0 |       0 |      0 |       0 |      0 |       0 |      0 |       0 |      0 |       0 |
| X4Y5              |      0 |      24 |      0 |       0 |      0 |       0 |      0 |       0 |      0 |       0 |      0 |       0 |      0 |       0 |      0 |       0 |      0 |       0 |
| X5Y5              |      0 |      24 |      0 |       0 |      0 |       0 |      0 |       0 |      0 |       0 |      0 |       0 |      0 |       0 |      0 |       0 |      0 |       0 |
| X6Y5              |      0 |      24 |      0 |       0 |      0 |       0 |      0 |       0 |      0 |       0 |      0 |       0 |      0 |       0 |      0 |       0 |      0 |       0 |
| X7Y5              |      0 |      24 |      0 |       0 |      0 |       0 |      0 |       0 |      0 |       0 |      0 |       0 |      0 |       0 |      0 |       0 |      0 |       0 |
| X8Y5              |      0 |      24 |      0 |       0 |      0 |       0 |      0 |       0 |      0 |       0 |      0 |       0 |      0 |       0 |      0 |       0 |      0 |       0 |
| X9Y5              |      0 |      24 |      0 |       0 |      0 |       0 |      0 |       0 |      0 |       0 |      0 |       0 |      0 |       0 |      0 |       0 |      0 |       0 |
| X10Y5             |      0 |      24 |      0 |       0 |      0 |       0 |      0 |       0 |      0 |       0 |      0 |       0 |      0 |       0 |      0 |       0 |      0 |       0 |
| X11Y5             |      0 |       0 |      0 |       0 |      0 |       0 |      0 |       0 |      0 |       0 |      0 |       0 |      0 |       0 |      0 |       0 |      0 |       0 |
+-------------------+--------+---------+--------+---------+--------+---------+--------+---------+--------+---------+--------+---------+--------+---------+--------+---------+--------+---------+
* Global Clock column represents track count; while other columns represents cell counts


7. Clock Regions : Global Clock Summary
---------------------------------------

All Modules
+----+----+----+----+----+----+----+----+----+----+----+-----+-----+
|    | X0 | X1 | X2 | X3 | X4 | X5 | X6 | X7 | X8 | X9 | X10 | X11 |
+----+----+----+----+----+----+----+----+----+----+----+-----+-----+
| Y5 |  0 |  0 |  0 |  0 |  0 |  0 |  0 |  0 |  0 |  0 |   0 |   0 |
| Y4 |  0 |  0 |  0 |  0 |  0 |  0 |  0 |  0 |  0 |  0 |   0 |   0 |
| Y3 |  0 |  0 |  0 |  0 |  0 |  0 |  0 |  0 |  0 |  0 |   0 |   0 |
| Y2 |  0 |  0 |  0 |  0 |  0 |  0 |  0 |  0 |  0 |  0 |   0 |   0 |
| Y1 |  0 |  1 |  0 |  0 |  0 |  0 |  0 |  0 |  0 |  0 |   0 |   0 |
| Y0 |  0 |  0 |  0 |  0 |  0 |  0 |  0 |  0 |  1 |  0 |   0 |   0 |
+----+----+----+----+----+----+----+----+----+----+----+-----+-----+


8. Clock Regions : Routing Resource Utilization
-----------------------------------------------

All Modules
+-------------------+----------------------+----------------------+----------------------+----------------------+
|                   |        HROUTES       |        HDISTRS       |        VROUTES       |        VDISTRS       |
+-------------------+------+-------+-------+------+-------+-------+------+-------+-------+------+-------+-------+
| Clock Region Name | Used | Avail | Util% | Used | Avail | Util% | Used | Avail | Util% | Used | Avail | Util% |
+-------------------+------+-------+-------+------+-------+-------+------+-------+-------+------+-------+-------+
| X0Y0              |    0 |    24 |  0.00 |    0 |    24 |  0.00 |    0 |     0 |  0.00 |    0 |     0 |  0.00 |
| X1Y0              |    0 |    24 |  0.00 |    0 |    24 |  0.00 |    0 |     0 |  0.00 |    0 |     0 |  0.00 |
| X2Y0              |    0 |    24 |  0.00 |    0 |    24 |  0.00 |    0 |     0 |  0.00 |    0 |     0 |  0.00 |
| X3Y0              |    0 |    24 |  0.00 |    0 |    24 |  0.00 |    0 |     0 |  0.00 |    0 |     0 |  0.00 |
| X4Y0              |    0 |    24 |  0.00 |    0 |    24 |  0.00 |    0 |     0 |  0.00 |    0 |     0 |  0.00 |
| X5Y0              |    0 |    24 |  0.00 |    0 |    24 |  0.00 |    0 |     0 |  0.00 |    0 |     0 |  0.00 |
| X6Y0              |    1 |    24 |  4.17 |    0 |    24 |  0.00 |    0 |     0 |  0.00 |    0 |     0 |  0.00 |
| X7Y0              |    1 |    24 |  4.17 |    0 |    24 |  0.00 |    0 |     0 |  0.00 |    0 |     0 |  0.00 |
| X8Y0              |    1 |    24 |  4.17 |    1 |    24 |  4.17 |    0 |     0 |  0.00 |    0 |     0 |  0.00 |
| X9Y0              |    0 |    24 |  0.00 |    0 |    24 |  0.00 |    0 |     0 |  0.00 |    0 |     0 |  0.00 |
| X10Y0             |    0 |    24 |  0.00 |    0 |    24 |  0.00 |    0 |     0 |  0.00 |    0 |     0 |  0.00 |
| X11Y0             |    0 |    24 |  0.00 |    0 |    24 |  0.00 |    0 |     0 |  0.00 |    0 |     0 |  0.00 |
| X0Y1              |    0 |     0 |  0.00 |    0 |     0 |  0.00 |    0 |     0 |  0.00 |    0 |     0 |  0.00 |
| X1Y1              |    0 |     0 |  0.00 |    1 |    24 |  4.17 |    0 |    24 |  0.00 |    0 |    24 |  0.00 |
| X2Y1              |    1 |    12 |  8.33 |    1 |    24 |  4.17 |    0 |     0 |  0.00 |    0 |     0 |  0.00 |
| X3Y1              |    1 |    12 |  8.33 |    1 |    24 |  4.17 |    0 |    24 |  0.00 |    0 |    24 |  0.00 |
| X4Y1              |    1 |    12 |  8.33 |    1 |    24 |  4.17 |    0 |     0 |  0.00 |    0 |     0 |  0.00 |
| X5Y1              |    1 |    12 |  8.33 |    1 |    24 |  4.17 |    1 |    24 |  4.17 |    1 |    24 |  4.17 |
| X6Y1              |    1 |    12 |  8.33 |    1 |    24 |  4.17 |    0 |     0 |  0.00 |    0 |     0 |  0.00 |
| X7Y1              |    1 |    12 |  8.33 |    1 |    24 |  4.17 |    1 |    24 |  4.17 |    0 |    24 |  0.00 |
| X8Y1              |    0 |    12 |  0.00 |    0 |    24 |  0.00 |    0 |     0 |  0.00 |    0 |     0 |  0.00 |
| X9Y1              |    0 |    12 |  0.00 |    0 |    24 |  0.00 |    0 |    24 |  0.00 |    0 |    24 |  0.00 |
| X0Y2              |    0 |    12 |  0.00 |    0 |    24 |  0.00 |    0 |    24 |  0.00 |    0 |    24 |  0.00 |
| X1Y2              |    0 |    12 |  0.00 |    1 |    24 |  4.17 |    0 |    24 |  0.00 |    0 |    24 |  0.00 |
| X2Y2              |    0 |    12 |  0.00 |    1 |    24 |  4.17 |    0 |     0 |  0.00 |    0 |     0 |  0.00 |
| X3Y2              |    0 |    12 |  0.00 |    1 |    24 |  4.17 |    0 |    24 |  0.00 |    0 |    24 |  0.00 |
| X4Y2              |    0 |    12 |  0.00 |    1 |    24 |  4.17 |    0 |     0 |  0.00 |    0 |     0 |  0.00 |
| X5Y2              |    0 |    12 |  0.00 |    1 |    24 |  4.17 |    0 |    24 |  0.00 |    1 |    24 |  4.17 |
| X6Y2              |    0 |    12 |  0.00 |    1 |    24 |  4.17 |    0 |     0 |  0.00 |    0 |     0 |  0.00 |
| X7Y2              |    0 |    12 |  0.00 |    1 |    24 |  4.17 |    0 |    24 |  0.00 |    0 |    24 |  0.00 |
| X8Y2              |    0 |    12 |  0.00 |    1 |    24 |  4.17 |    0 |     0 |  0.00 |    0 |     0 |  0.00 |
| X9Y2              |    0 |    12 |  0.00 |    1 |    24 |  4.17 |    0 |    24 |  0.00 |    0 |    24 |  0.00 |
| X0Y3              |    0 |    12 |  0.00 |    0 |    24 |  0.00 |    0 |    24 |  0.00 |    0 |    24 |  0.00 |
| X1Y3              |    0 |    12 |  0.00 |    1 |    24 |  4.17 |    0 |    24 |  0.00 |    0 |    24 |  0.00 |
| X2Y3              |    0 |    12 |  0.00 |    1 |    24 |  4.17 |    0 |     0 |  0.00 |    0 |     0 |  0.00 |
| X3Y3              |    0 |    12 |  0.00 |    1 |    24 |  4.17 |    0 |    24 |  0.00 |    0 |    24 |  0.00 |
| X4Y3              |    0 |    12 |  0.00 |    1 |    24 |  4.17 |    0 |     0 |  0.00 |    0 |     0 |  0.00 |
| X5Y3              |    0 |    12 |  0.00 |    1 |    24 |  4.17 |    0 |    24 |  0.00 |    1 |    24 |  4.17 |
| X6Y3              |    0 |    12 |  0.00 |    1 |    24 |  4.17 |    0 |     0 |  0.00 |    0 |     0 |  0.00 |
| X7Y3              |    0 |    12 |  0.00 |    1 |    24 |  4.17 |    0 |    24 |  0.00 |    0 |    24 |  0.00 |
| X8Y3              |    0 |    12 |  0.00 |    1 |    24 |  4.17 |    0 |     0 |  0.00 |    0 |     0 |  0.00 |
| X9Y3              |    0 |    12 |  0.00 |    1 |    24 |  4.17 |    0 |    24 |  0.00 |    0 |    24 |  0.00 |
| X0Y4              |    0 |    12 |  0.00 |    0 |    24 |  0.00 |    0 |    24 |  0.00 |    0 |    24 |  0.00 |
| X1Y4              |    0 |    12 |  0.00 |    1 |    24 |  4.17 |    0 |    24 |  0.00 |    0 |    24 |  0.00 |
| X2Y4              |    0 |    12 |  0.00 |    1 |    24 |  4.17 |    0 |     0 |  0.00 |    0 |     0 |  0.00 |
| X3Y4              |    0 |    12 |  0.00 |    1 |    24 |  4.17 |    0 |    24 |  0.00 |    0 |    24 |  0.00 |
| X4Y4              |    0 |    12 |  0.00 |    1 |    24 |  4.17 |    0 |     0 |  0.00 |    0 |     0 |  0.00 |
| X5Y4              |    0 |    12 |  0.00 |    1 |    24 |  4.17 |    0 |    24 |  0.00 |    1 |    24 |  4.17 |
| X6Y4              |    0 |    12 |  0.00 |    1 |    24 |  4.17 |    0 |     0 |  0.00 |    0 |     0 |  0.00 |
| X7Y4              |    0 |    12 |  0.00 |    1 |    24 |  4.17 |    0 |    24 |  0.00 |    0 |    24 |  0.00 |
| X8Y4              |    0 |    12 |  0.00 |    0 |    24 |  0.00 |    0 |     0 |  0.00 |    0 |     0 |  0.00 |
| X9Y4              |    0 |    12 |  0.00 |    0 |    24 |  0.00 |    0 |    24 |  0.00 |    0 |    24 |  0.00 |
| X0Y5              |    0 |     0 |  0.00 |    0 |    24 |  0.00 |    0 |     0 |  0.00 |    0 |     0 |  0.00 |
| X1Y5              |    0 |     0 |  0.00 |    0 |    24 |  0.00 |    0 |     0 |  0.00 |    0 |     0 |  0.00 |
| X2Y5              |    0 |     0 |  0.00 |    0 |    24 |  0.00 |    0 |     0 |  0.00 |    0 |     0 |  0.00 |
| X3Y5              |    0 |     0 |  0.00 |    0 |    24 |  0.00 |    0 |     0 |  0.00 |    0 |     0 |  0.00 |
| X4Y5              |    0 |     0 |  0.00 |    0 |    24 |  0.00 |    0 |     0 |  0.00 |    0 |     0 |  0.00 |
| X5Y5              |    0 |     0 |  0.00 |    0 |    24 |  0.00 |    0 |     0 |  0.00 |    0 |     0 |  0.00 |
| X6Y5              |    0 |     0 |  0.00 |    0 |    24 |  0.00 |    0 |     0 |  0.00 |    0 |     0 |  0.00 |
| X7Y5              |    0 |     0 |  0.00 |    0 |    24 |  0.00 |    0 |     0 |  0.00 |    0 |     0 |  0.00 |
| X8Y5              |    0 |     0 |  0.00 |    0 |    24 |  0.00 |    0 |     0 |  0.00 |    0 |     0 |  0.00 |
| X9Y5              |    0 |     0 |  0.00 |    0 |    24 |  0.00 |    0 |     0 |  0.00 |    0 |     0 |  0.00 |
| X10Y5             |    0 |     0 |  0.00 |    0 |    24 |  0.00 |    0 |     0 |  0.00 |    0 |     0 |  0.00 |
| X11Y5             |    0 |     0 |  0.00 |    0 |     0 |  0.00 |    0 |     0 |  0.00 |    0 |     0 |  0.00 |
+-------------------+------+-------+-------+------+-------+-------+------+-------+-------+------+-------+-------+


9. Device Cell Placement Summary for Global Clock g0
----------------------------------------------------

+-----------+-----------------+-------------------+-------------------+-------------+---------------+----------+-------------+----------+----------------+----------+-------------------------------------------------------------+
| Global Id | Driver Type/Pin | Driver Region (D) | Clock             | Period (ns) | Waveform (ns) | Root (R) | Slice Loads | IO Loads | Clocking Loads | GT Loads | Net                                                         |
+-----------+-----------------+-------------------+-------------------+-------------+---------------+----------+-------------+----------+----------------+----------+-------------------------------------------------------------+
| g0        | BUFGCE/O        | X8Y0              | clkout1_primitive |       5.882 | {0.000 2.941} | X5Y2     |      295528 |        0 |              0 |        0 | system_i/pl_clock_wizard/inst/clock_primitive_inst/clk_out1 |
+-----------+-----------------+-------------------+-------------------+-------------+---------------+----------+-------------+----------+----------------+----------+-------------------------------------------------------------+
* Slice Loads column represents load cell count of all cell types other than IO, GT and clock resources
** IO Loads column represents load cell count of IO types
*** Clocking Loads column represents load cell count that are clock resources (global clock buffer, MMCM, PLL, etc)
**** GT Loads column represents load cell count of GT types


+----+----+--------+--------+--------+--------+-----------+--------+-------+--------+-----+-----+-----+
|    | X0 | X1     | X2     | X3     | X4     | X5        | X6     | X7    | X8     | X9  | X10 | X11 |
+----+----+--------+--------+--------+--------+-----------+--------+-------+--------+-----+-----+-----+
| Y5 |  0 |      0 |      0 |      0 |      0 |         0 |      0 |     0 |      0 |   0 |   0 |   0 |
| Y4 |  0 |   1271 |   6346 |   4389 |   5203 |      2400 |   2690 |     8 |      0 |   0 |   0 |   0 |
| Y3 |  0 |   7790 |  15983 |  15988 |  21823 |     14284 |  18162 |  5006 |      0 |  36 |   0 |   0 |
| Y2 |  0 |  12577 |  15888 |  14115 |  15595 | (R) 15538 |  20898 |  3762 |      0 |  18 |   0 |   0 |
| Y1 |  0 |   8690 |  13500 |  12739 |  16083 |     12668 |  12024 |    54 |      0 |   0 |   0 |   0 |
| Y0 |  0 |      0 |      0 |      0 |      0 |         0 |      0 |     0 |  (D) 0 |   0 |   0 |   0 |
+----+----+--------+--------+--------+--------+-----------+--------+-------+--------+-----+-----+-----+


10. Device Cell Placement Summary for Global Clock g1
-----------------------------------------------------

+-----------+-----------------+-------------------+----------+-------------+---------------+----------+-------------+----------+----------------+----------+------------------------------------------------------+
| Global Id | Driver Type/Pin | Driver Region (D) | Clock    | Period (ns) | Waveform (ns) | Root (R) | Slice Loads | IO Loads | Clocking Loads | GT Loads | Net                                                  |
+-----------+-----------------+-------------------+----------+-------------+---------------+----------+-------------+----------+----------------+----------+------------------------------------------------------+
| g1        | BUFG_PS/O       | X1Y1              | clk_pl_0 |       3.333 | {0.000 1.666} | X7Y1     |           0 |        0 |              1 |        0 | system_i/versal_cips_0/inst/pspmc_0/inst/pl0_ref_clk |
+-----------+-----------------+-------------------+----------+-------------+---------------+----------+-------------+----------+----------------+----------+------------------------------------------------------+
* Slice Loads column represents load cell count of all cell types other than IO, GT and clock resources
** IO Loads column represents load cell count of IO types
*** Clocking Loads column represents load cell count that are clock resources (global clock buffer, MMCM, PLL, etc)
**** GT Loads column represents load cell count of GT types


+----+----+--------+----+----+----+----+----+-------+----+----+-----+-----+
|    | X0 | X1     | X2 | X3 | X4 | X5 | X6 | X7    | X8 | X9 | X10 | X11 |
+----+----+--------+----+----+----+----+----+-------+----+----+-----+-----+
| Y5 |  0 |      0 |  0 |  0 |  0 |  0 |  0 |     0 |  0 |  0 |   0 |   0 |
| Y4 |  0 |      0 |  0 |  0 |  0 |  0 |  0 |     0 |  0 |  0 |   0 |   0 |
| Y3 |  0 |      0 |  0 |  0 |  0 |  0 |  0 |     0 |  0 |  0 |   0 |   0 |
| Y2 |  0 |      0 |  0 |  0 |  0 |  0 |  0 |     0 |  0 |  0 |   0 |   0 |
| Y1 |  0 |  (D) 0 |  0 |  0 |  0 |  0 |  0 | (R) 0 |  0 |  0 |   0 |   0 |
| Y0 |  0 |      0 |  0 |  0 |  0 |  0 |  0 |     0 |  1 |  0 |   0 |   0 |
+----+----+--------+----+----+----+----+----+-------+----+----+-----+-----+


11. Clock Region Cell Placement per Global Clock: Region X8Y0
-------------------------------------------------------------

+-----------+-------+-----------------+------------+-------------+-----------------+----+-------------+------+------+-----+----+------+-----+---------+-------------------------------------------------------------+
| Global Id | Track | Driver Type/Pin | Constraint | Clock Loads | Non-Clock Loads | FF | Memory LUTs | RAMB | URAM | DSP | GT | MMCM | NOC | Hard IP | Net                                                         |
+-----------+-------+-----------------+------------+-------------+-----------------+----+-------------+------+------+-----+----+------+-----+---------+-------------------------------------------------------------+
| g0+       | 11    | BUFGCE/O        | None       |           0 |               0 |  0 |           0 |    0 |    0 |   0 |  0 |    0 |   0 |       0 | system_i/pl_clock_wizard/inst/clock_primitive_inst/clk_out1 |
| g1        | 23    | BUFG_PS/O       | None       |           0 |               1 |  0 |           0 |    0 |    0 |   0 |  0 |    1 |   0 |       0 | system_i/versal_cips_0/inst/pspmc_0/inst/pl0_ref_clk        |
+-----------+-------+-----------------+------------+-------------+-----------------+----+-------------+------+------+-----+----+------+-----+---------+-------------------------------------------------------------+
* Clock Loads column represents cell count of net connects that connect to a clock pin. Internal cell leaf pins are not considered
** Non-Clock Loads column represents cell count of non-clock pin loads
*** Columns FF, LUTRAM, RAMB through 'Hard IP' represents load cell counts
**** In Global Id column, sympbol '+' indicates that global clock was used only to route through the clock region.


12. Clock Region Cell Placement per Global Clock: Region X1Y1
-------------------------------------------------------------

+-----------+-------+-----------------+------------+-------------+-----------------+------+-------------+------+------+-----+----+------+-----+---------+-------------------------------------------------------------+
| Global Id | Track | Driver Type/Pin | Constraint | Clock Loads | Non-Clock Loads | FF   | Memory LUTs | RAMB | URAM | DSP | GT | MMCM | NOC | Hard IP | Net                                                         |
+-----------+-------+-----------------+------------+-------------+-----------------+------+-------------+------+------+-----+----+------+-----+---------+-------------------------------------------------------------+
| g0        | 11    | BUFGCE/O        | None       |        8690 |               0 | 8690 |           0 |    0 |    0 |   0 |  0 |    0 |   0 |       0 | system_i/pl_clock_wizard/inst/clock_primitive_inst/clk_out1 |
+-----------+-------+-----------------+------------+-------------+-----------------+------+-------------+------+------+-----+----+------+-----+---------+-------------------------------------------------------------+
* Clock Loads column represents cell count of net connects that connect to a clock pin. Internal cell leaf pins are not considered
** Non-Clock Loads column represents cell count of non-clock pin loads
*** Columns FF, LUTRAM, RAMB through 'Hard IP' represents load cell counts


13. Clock Region Cell Placement per Global Clock: Region X2Y1
-------------------------------------------------------------

+-----------+-------+-----------------+------------+-------------+-----------------+-------+-------------+------+------+-----+----+------+-----+---------+-------------------------------------------------------------+
| Global Id | Track | Driver Type/Pin | Constraint | Clock Loads | Non-Clock Loads | FF    | Memory LUTs | RAMB | URAM | DSP | GT | MMCM | NOC | Hard IP | Net                                                         |
+-----------+-------+-----------------+------------+-------------+-----------------+-------+-------------+------+------+-----+----+------+-----+---------+-------------------------------------------------------------+
| g0        | 11    | BUFGCE/O        | None       |       13500 |               0 | 13500 |           0 |    0 |    0 |   0 |  0 |    0 |   0 |       0 | system_i/pl_clock_wizard/inst/clock_primitive_inst/clk_out1 |
| g1+       | 6     | BUFG_PS/O       | None       |           0 |               0 |     0 |           0 |    0 |    0 |   0 |  0 |    0 |   0 |       0 | system_i/versal_cips_0/inst/pspmc_0/inst/pl0_ref_clk        |
+-----------+-------+-----------------+------------+-------------+-----------------+-------+-------------+------+------+-----+----+------+-----+---------+-------------------------------------------------------------+
* Clock Loads column represents cell count of net connects that connect to a clock pin. Internal cell leaf pins are not considered
** Non-Clock Loads column represents cell count of non-clock pin loads
*** Columns FF, LUTRAM, RAMB through 'Hard IP' represents load cell counts
**** In Global Id column, sympbol '+' indicates that global clock was used only to route through the clock region.


14. Clock Region Cell Placement per Global Clock: Region X3Y1
-------------------------------------------------------------

+-----------+-------+-----------------+------------+-------------+-----------------+-------+-------------+------+------+-----+----+------+-----+---------+-------------------------------------------------------------+
| Global Id | Track | Driver Type/Pin | Constraint | Clock Loads | Non-Clock Loads | FF    | Memory LUTs | RAMB | URAM | DSP | GT | MMCM | NOC | Hard IP | Net                                                         |
+-----------+-------+-----------------+------------+-------------+-----------------+-------+-------------+------+------+-----+----+------+-----+---------+-------------------------------------------------------------+
| g0        | 11    | BUFGCE/O        | None       |       12739 |               0 | 12736 |           0 |    0 |    0 |   3 |  0 |    0 |   0 |       0 | system_i/pl_clock_wizard/inst/clock_primitive_inst/clk_out1 |
| g1+       | 6     | BUFG_PS/O       | None       |           0 |               0 |     0 |           0 |    0 |    0 |   0 |  0 |    0 |   0 |       0 | system_i/versal_cips_0/inst/pspmc_0/inst/pl0_ref_clk        |
+-----------+-------+-----------------+------------+-------------+-----------------+-------+-------------+------+------+-----+----+------+-----+---------+-------------------------------------------------------------+
* Clock Loads column represents cell count of net connects that connect to a clock pin. Internal cell leaf pins are not considered
** Non-Clock Loads column represents cell count of non-clock pin loads
*** Columns FF, LUTRAM, RAMB through 'Hard IP' represents load cell counts
**** In Global Id column, sympbol '+' indicates that global clock was used only to route through the clock region.


15. Clock Region Cell Placement per Global Clock: Region X4Y1
-------------------------------------------------------------

+-----------+-------+-----------------+------------+-------------+-----------------+-------+-------------+------+------+-----+----+------+-----+---------+-------------------------------------------------------------+
| Global Id | Track | Driver Type/Pin | Constraint | Clock Loads | Non-Clock Loads | FF    | Memory LUTs | RAMB | URAM | DSP | GT | MMCM | NOC | Hard IP | Net                                                         |
+-----------+-------+-----------------+------------+-------------+-----------------+-------+-------------+------+------+-----+----+------+-----+---------+-------------------------------------------------------------+
| g0        | 11    | BUFGCE/O        | None       |       16083 |               0 | 16075 |           1 |    0 |    0 |   7 |  0 |    0 |   0 |       0 | system_i/pl_clock_wizard/inst/clock_primitive_inst/clk_out1 |
| g1+       | 6     | BUFG_PS/O       | None       |           0 |               0 |     0 |           0 |    0 |    0 |   0 |  0 |    0 |   0 |       0 | system_i/versal_cips_0/inst/pspmc_0/inst/pl0_ref_clk        |
+-----------+-------+-----------------+------------+-------------+-----------------+-------+-------------+------+------+-----+----+------+-----+---------+-------------------------------------------------------------+
* Clock Loads column represents cell count of net connects that connect to a clock pin. Internal cell leaf pins are not considered
** Non-Clock Loads column represents cell count of non-clock pin loads
*** Columns FF, LUTRAM, RAMB through 'Hard IP' represents load cell counts
**** In Global Id column, sympbol '+' indicates that global clock was used only to route through the clock region.


16. Clock Region Cell Placement per Global Clock: Region X5Y1
-------------------------------------------------------------

+-----------+-------+-----------------+------------+-------------+-----------------+-------+-------------+------+------+-----+----+------+-----+---------+-------------------------------------------------------------+
| Global Id | Track | Driver Type/Pin | Constraint | Clock Loads | Non-Clock Loads | FF    | Memory LUTs | RAMB | URAM | DSP | GT | MMCM | NOC | Hard IP | Net                                                         |
+-----------+-------+-----------------+------------+-------------+-----------------+-------+-------------+------+------+-----+----+------+-----+---------+-------------------------------------------------------------+
| g0        | 11    | BUFGCE/O        | None       |       12668 |               0 | 12661 |           4 |    0 |    4 |   3 |  0 |    0 |   0 |       0 | system_i/pl_clock_wizard/inst/clock_primitive_inst/clk_out1 |
| g1+       | 6     | BUFG_PS/O       | None       |           0 |               0 |     0 |           0 |    0 |    0 |   0 |  0 |    0 |   0 |       0 | system_i/versal_cips_0/inst/pspmc_0/inst/pl0_ref_clk        |
+-----------+-------+-----------------+------------+-------------+-----------------+-------+-------------+------+------+-----+----+------+-----+---------+-------------------------------------------------------------+
* Clock Loads column represents cell count of net connects that connect to a clock pin. Internal cell leaf pins are not considered
** Non-Clock Loads column represents cell count of non-clock pin loads
*** Columns FF, LUTRAM, RAMB through 'Hard IP' represents load cell counts
**** In Global Id column, sympbol '+' indicates that global clock was used only to route through the clock region.


17. Clock Region Cell Placement per Global Clock: Region X6Y1
-------------------------------------------------------------

+-----------+-------+-----------------+------------+-------------+-----------------+-------+-------------+------+------+-----+----+------+-----+---------+-------------------------------------------------------------+
| Global Id | Track | Driver Type/Pin | Constraint | Clock Loads | Non-Clock Loads | FF    | Memory LUTs | RAMB | URAM | DSP | GT | MMCM | NOC | Hard IP | Net                                                         |
+-----------+-------+-----------------+------------+-------------+-----------------+-------+-------------+------+------+-----+----+------+-----+---------+-------------------------------------------------------------+
| g0        | 11    | BUFGCE/O        | None       |       12024 |               0 | 12024 |           0 |    0 |    0 |   0 |  0 |    0 |   0 |       0 | system_i/pl_clock_wizard/inst/clock_primitive_inst/clk_out1 |
| g1+       | 6     | BUFG_PS/O       | None       |           0 |               0 |     0 |           0 |    0 |    0 |   0 |  0 |    0 |   0 |       0 | system_i/versal_cips_0/inst/pspmc_0/inst/pl0_ref_clk        |
+-----------+-------+-----------------+------------+-------------+-----------------+-------+-------------+------+------+-----+----+------+-----+---------+-------------------------------------------------------------+
* Clock Loads column represents cell count of net connects that connect to a clock pin. Internal cell leaf pins are not considered
** Non-Clock Loads column represents cell count of non-clock pin loads
*** Columns FF, LUTRAM, RAMB through 'Hard IP' represents load cell counts
**** In Global Id column, sympbol '+' indicates that global clock was used only to route through the clock region.


18. Clock Region Cell Placement per Global Clock: Region X7Y1
-------------------------------------------------------------

+-----------+-------+-----------------+------------+-------------+-----------------+----+-------------+------+------+-----+----+------+-----+---------+-------------------------------------------------------------+
| Global Id | Track | Driver Type/Pin | Constraint | Clock Loads | Non-Clock Loads | FF | Memory LUTs | RAMB | URAM | DSP | GT | MMCM | NOC | Hard IP | Net                                                         |
+-----------+-------+-----------------+------------+-------------+-----------------+----+-------------+------+------+-----+----+------+-----+---------+-------------------------------------------------------------+
| g0        | 11    | BUFGCE/O        | None       |          54 |               0 | 48 |           6 |    0 |    6 |   0 |  0 |    0 |   0 |       0 | system_i/pl_clock_wizard/inst/clock_primitive_inst/clk_out1 |
| g1+       | 6     | BUFG_PS/O       | None       |           0 |               0 |  0 |           0 |    0 |    0 |   0 |  0 |    0 |   0 |       0 | system_i/versal_cips_0/inst/pspmc_0/inst/pl0_ref_clk        |
+-----------+-------+-----------------+------------+-------------+-----------------+----+-------------+------+------+-----+----+------+-----+---------+-------------------------------------------------------------+
* Clock Loads column represents cell count of net connects that connect to a clock pin. Internal cell leaf pins are not considered
** Non-Clock Loads column represents cell count of non-clock pin loads
*** Columns FF, LUTRAM, RAMB through 'Hard IP' represents load cell counts
**** In Global Id column, sympbol '+' indicates that global clock was used only to route through the clock region.


19. Clock Region Cell Placement per Global Clock: Region X1Y2
-------------------------------------------------------------

+-----------+-------+-----------------+------------+-------------+-----------------+-------+-------------+------+------+-----+----+------+-----+---------+-------------------------------------------------------------+
| Global Id | Track | Driver Type/Pin | Constraint | Clock Loads | Non-Clock Loads | FF    | Memory LUTs | RAMB | URAM | DSP | GT | MMCM | NOC | Hard IP | Net                                                         |
+-----------+-------+-----------------+------------+-------------+-----------------+-------+-------------+------+------+-----+----+------+-----+---------+-------------------------------------------------------------+
| g0        | 11    | BUFGCE/O        | None       |       12577 |               0 | 12577 |           0 |    0 |    0 |   0 |  0 |    0 |   0 |       0 | system_i/pl_clock_wizard/inst/clock_primitive_inst/clk_out1 |
+-----------+-------+-----------------+------------+-------------+-----------------+-------+-------------+------+------+-----+----+------+-----+---------+-------------------------------------------------------------+
* Clock Loads column represents cell count of net connects that connect to a clock pin. Internal cell leaf pins are not considered
** Non-Clock Loads column represents cell count of non-clock pin loads
*** Columns FF, LUTRAM, RAMB through 'Hard IP' represents load cell counts


20. Clock Region Cell Placement per Global Clock: Region X2Y2
-------------------------------------------------------------

+-----------+-------+-----------------+------------+-------------+-----------------+-------+-------------+------+------+-----+----+------+-----+---------+-------------------------------------------------------------+
| Global Id | Track | Driver Type/Pin | Constraint | Clock Loads | Non-Clock Loads | FF    | Memory LUTs | RAMB | URAM | DSP | GT | MMCM | NOC | Hard IP | Net                                                         |
+-----------+-------+-----------------+------------+-------------+-----------------+-------+-------------+------+------+-----+----+------+-----+---------+-------------------------------------------------------------+
| g0        | 11    | BUFGCE/O        | None       |       15888 |               0 | 15873 |           0 |    0 |    0 |  15 |  0 |    0 |   0 |       0 | system_i/pl_clock_wizard/inst/clock_primitive_inst/clk_out1 |
+-----------+-------+-----------------+------------+-------------+-----------------+-------+-------------+------+------+-----+----+------+-----+---------+-------------------------------------------------------------+
* Clock Loads column represents cell count of net connects that connect to a clock pin. Internal cell leaf pins are not considered
** Non-Clock Loads column represents cell count of non-clock pin loads
*** Columns FF, LUTRAM, RAMB through 'Hard IP' represents load cell counts


21. Clock Region Cell Placement per Global Clock: Region X3Y2
-------------------------------------------------------------

+-----------+-------+-----------------+------------+-------------+-----------------+-------+-------------+------+------+-----+----+------+-----+---------+-------------------------------------------------------------+
| Global Id | Track | Driver Type/Pin | Constraint | Clock Loads | Non-Clock Loads | FF    | Memory LUTs | RAMB | URAM | DSP | GT | MMCM | NOC | Hard IP | Net                                                         |
+-----------+-------+-----------------+------------+-------------+-----------------+-------+-------------+------+------+-----+----+------+-----+---------+-------------------------------------------------------------+
| g0        | 11    | BUFGCE/O        | None       |       14115 |               0 | 14065 |           4 |    0 |    4 |  46 |  0 |    0 |   0 |       0 | system_i/pl_clock_wizard/inst/clock_primitive_inst/clk_out1 |
+-----------+-------+-----------------+------------+-------------+-----------------+-------+-------------+------+------+-----+----+------+-----+---------+-------------------------------------------------------------+
* Clock Loads column represents cell count of net connects that connect to a clock pin. Internal cell leaf pins are not considered
** Non-Clock Loads column represents cell count of non-clock pin loads
*** Columns FF, LUTRAM, RAMB through 'Hard IP' represents load cell counts


22. Clock Region Cell Placement per Global Clock: Region X4Y2
-------------------------------------------------------------

+-----------+-------+-----------------+------------+-------------+-----------------+-------+-------------+------+------+-----+----+------+-----+---------+-------------------------------------------------------------+
| Global Id | Track | Driver Type/Pin | Constraint | Clock Loads | Non-Clock Loads | FF    | Memory LUTs | RAMB | URAM | DSP | GT | MMCM | NOC | Hard IP | Net                                                         |
+-----------+-------+-----------------+------------+-------------+-----------------+-------+-------------+------+------+-----+----+------+-----+---------+-------------------------------------------------------------+
| g0        | 11    | BUFGCE/O        | None       |       15595 |               0 | 15583 |           0 |    0 |    0 |  12 |  0 |    0 |   0 |       0 | system_i/pl_clock_wizard/inst/clock_primitive_inst/clk_out1 |
+-----------+-------+-----------------+------------+-------------+-----------------+-------+-------------+------+------+-----+----+------+-----+---------+-------------------------------------------------------------+
* Clock Loads column represents cell count of net connects that connect to a clock pin. Internal cell leaf pins are not considered
** Non-Clock Loads column represents cell count of non-clock pin loads
*** Columns FF, LUTRAM, RAMB through 'Hard IP' represents load cell counts


23. Clock Region Cell Placement per Global Clock: Region X5Y2
-------------------------------------------------------------

+-----------+-------+-----------------+------------+-------------+-----------------+-------+-------------+------+------+-----+----+------+-----+---------+-------------------------------------------------------------+
| Global Id | Track | Driver Type/Pin | Constraint | Clock Loads | Non-Clock Loads | FF    | Memory LUTs | RAMB | URAM | DSP | GT | MMCM | NOC | Hard IP | Net                                                         |
+-----------+-------+-----------------+------------+-------------+-----------------+-------+-------------+------+------+-----+----+------+-----+---------+-------------------------------------------------------------+
| g0        | 11    | BUFGCE/O        | None       |       15538 |               0 | 15507 |          16 |    0 |   16 |  15 |  0 |    0 |   0 |       0 | system_i/pl_clock_wizard/inst/clock_primitive_inst/clk_out1 |
+-----------+-------+-----------------+------------+-------------+-----------------+-------+-------------+------+------+-----+----+------+-----+---------+-------------------------------------------------------------+
* Clock Loads column represents cell count of net connects that connect to a clock pin. Internal cell leaf pins are not considered
** Non-Clock Loads column represents cell count of non-clock pin loads
*** Columns FF, LUTRAM, RAMB through 'Hard IP' represents load cell counts


24. Clock Region Cell Placement per Global Clock: Region X6Y2
-------------------------------------------------------------

+-----------+-------+-----------------+------------+-------------+-----------------+-------+-------------+------+------+-----+----+------+-----+---------+-------------------------------------------------------------+
| Global Id | Track | Driver Type/Pin | Constraint | Clock Loads | Non-Clock Loads | FF    | Memory LUTs | RAMB | URAM | DSP | GT | MMCM | NOC | Hard IP | Net                                                         |
+-----------+-------+-----------------+------------+-------------+-----------------+-------+-------------+------+------+-----+----+------+-----+---------+-------------------------------------------------------------+
| g0        | 11    | BUFGCE/O        | None       |       20898 |               0 | 20882 |           0 |    0 |    0 |  16 |  0 |    0 |   0 |       0 | system_i/pl_clock_wizard/inst/clock_primitive_inst/clk_out1 |
+-----------+-------+-----------------+------------+-------------+-----------------+-------+-------------+------+------+-----+----+------+-----+---------+-------------------------------------------------------------+
* Clock Loads column represents cell count of net connects that connect to a clock pin. Internal cell leaf pins are not considered
** Non-Clock Loads column represents cell count of non-clock pin loads
*** Columns FF, LUTRAM, RAMB through 'Hard IP' represents load cell counts


25. Clock Region Cell Placement per Global Clock: Region X7Y2
-------------------------------------------------------------

+-----------+-------+-----------------+------------+-------------+-----------------+------+-------------+------+------+-----+----+------+-----+---------+-------------------------------------------------------------+
| Global Id | Track | Driver Type/Pin | Constraint | Clock Loads | Non-Clock Loads | FF   | Memory LUTs | RAMB | URAM | DSP | GT | MMCM | NOC | Hard IP | Net                                                         |
+-----------+-------+-----------------+------------+-------------+-----------------+------+-------------+------+------+-----+----+------+-----+---------+-------------------------------------------------------------+
| g0        | 11    | BUFGCE/O        | None       |        3762 |               0 | 3748 |          12 |    0 |   12 |   2 |  0 |    0 |   0 |       0 | system_i/pl_clock_wizard/inst/clock_primitive_inst/clk_out1 |
+-----------+-------+-----------------+------------+-------------+-----------------+------+-------------+------+------+-----+----+------+-----+---------+-------------------------------------------------------------+
* Clock Loads column represents cell count of net connects that connect to a clock pin. Internal cell leaf pins are not considered
** Non-Clock Loads column represents cell count of non-clock pin loads
*** Columns FF, LUTRAM, RAMB through 'Hard IP' represents load cell counts


26. Clock Region Cell Placement per Global Clock: Region X8Y2
-------------------------------------------------------------

+-----------+-------+-----------------+------------+-------------+-----------------+----+-------------+------+------+-----+----+------+-----+---------+-------------------------------------------------------------+
| Global Id | Track | Driver Type/Pin | Constraint | Clock Loads | Non-Clock Loads | FF | Memory LUTs | RAMB | URAM | DSP | GT | MMCM | NOC | Hard IP | Net                                                         |
+-----------+-------+-----------------+------------+-------------+-----------------+----+-------------+------+------+-----+----+------+-----+---------+-------------------------------------------------------------+
| g0+       | 11    | BUFGCE/O        | None       |           0 |               0 |  0 |           0 |    0 |    0 |   0 |  0 |    0 |   0 |       0 | system_i/pl_clock_wizard/inst/clock_primitive_inst/clk_out1 |
+-----------+-------+-----------------+------------+-------------+-----------------+----+-------------+------+------+-----+----+------+-----+---------+-------------------------------------------------------------+
* Clock Loads column represents cell count of net connects that connect to a clock pin. Internal cell leaf pins are not considered
** Non-Clock Loads column represents cell count of non-clock pin loads
*** Columns FF, LUTRAM, RAMB through 'Hard IP' represents load cell counts
**** In Global Id column, sympbol '+' indicates that global clock was used only to route through the clock region.


27. Clock Region Cell Placement per Global Clock: Region X9Y2
-------------------------------------------------------------

+-----------+-------+-----------------+------------+-------------+-----------------+----+-------------+------+------+-----+----+------+-----+---------+-------------------------------------------------------------+
| Global Id | Track | Driver Type/Pin | Constraint | Clock Loads | Non-Clock Loads | FF | Memory LUTs | RAMB | URAM | DSP | GT | MMCM | NOC | Hard IP | Net                                                         |
+-----------+-------+-----------------+------------+-------------+-----------------+----+-------------+------+------+-----+----+------+-----+---------+-------------------------------------------------------------+
| g0        | 11    | BUFGCE/O        | None       |          18 |               0 | 16 |           2 |    0 |    2 |   0 |  0 |    0 |   0 |       0 | system_i/pl_clock_wizard/inst/clock_primitive_inst/clk_out1 |
+-----------+-------+-----------------+------------+-------------+-----------------+----+-------------+------+------+-----+----+------+-----+---------+-------------------------------------------------------------+
* Clock Loads column represents cell count of net connects that connect to a clock pin. Internal cell leaf pins are not considered
** Non-Clock Loads column represents cell count of non-clock pin loads
*** Columns FF, LUTRAM, RAMB through 'Hard IP' represents load cell counts


28. Clock Region Cell Placement per Global Clock: Region X1Y3
-------------------------------------------------------------

+-----------+-------+-----------------+------------+-------------+-----------------+------+-------------+------+------+-----+----+------+-----+---------+-------------------------------------------------------------+
| Global Id | Track | Driver Type/Pin | Constraint | Clock Loads | Non-Clock Loads | FF   | Memory LUTs | RAMB | URAM | DSP | GT | MMCM | NOC | Hard IP | Net                                                         |
+-----------+-------+-----------------+------------+-------------+-----------------+------+-------------+------+------+-----+----+------+-----+---------+-------------------------------------------------------------+
| g0        | 11    | BUFGCE/O        | None       |        7790 |               0 | 7789 |           0 |    0 |    0 |   0 |  0 |    0 |   1 |       0 | system_i/pl_clock_wizard/inst/clock_primitive_inst/clk_out1 |
+-----------+-------+-----------------+------------+-------------+-----------------+------+-------------+------+------+-----+----+------+-----+---------+-------------------------------------------------------------+
* Clock Loads column represents cell count of net connects that connect to a clock pin. Internal cell leaf pins are not considered
** Non-Clock Loads column represents cell count of non-clock pin loads
*** Columns FF, LUTRAM, RAMB through 'Hard IP' represents load cell counts


29. Clock Region Cell Placement per Global Clock: Region X2Y3
-------------------------------------------------------------

+-----------+-------+-----------------+------------+-------------+-----------------+-------+-------------+------+------+-----+----+------+-----+---------+-------------------------------------------------------------+
| Global Id | Track | Driver Type/Pin | Constraint | Clock Loads | Non-Clock Loads | FF    | Memory LUTs | RAMB | URAM | DSP | GT | MMCM | NOC | Hard IP | Net                                                         |
+-----------+-------+-----------------+------------+-------------+-----------------+-------+-------------+------+------+-----+----+------+-----+---------+-------------------------------------------------------------+
| g0        | 11    | BUFGCE/O        | None       |       15983 |               0 | 15978 |           0 |    1 |    0 |   4 |  0 |    0 |   0 |       0 | system_i/pl_clock_wizard/inst/clock_primitive_inst/clk_out1 |
+-----------+-------+-----------------+------------+-------------+-----------------+-------+-------------+------+------+-----+----+------+-----+---------+-------------------------------------------------------------+
* Clock Loads column represents cell count of net connects that connect to a clock pin. Internal cell leaf pins are not considered
** Non-Clock Loads column represents cell count of non-clock pin loads
*** Columns FF, LUTRAM, RAMB through 'Hard IP' represents load cell counts


30. Clock Region Cell Placement per Global Clock: Region X3Y3
-------------------------------------------------------------

+-----------+-------+-----------------+------------+-------------+-----------------+-------+-------------+------+------+-----+----+------+-----+---------+-------------------------------------------------------------+
| Global Id | Track | Driver Type/Pin | Constraint | Clock Loads | Non-Clock Loads | FF    | Memory LUTs | RAMB | URAM | DSP | GT | MMCM | NOC | Hard IP | Net                                                         |
+-----------+-------+-----------------+------------+-------------+-----------------+-------+-------------+------+------+-----+----+------+-----+---------+-------------------------------------------------------------+
| g0        | 11    | BUFGCE/O        | None       |       15988 |               0 | 15868 |         105 |    6 |   21 |   7 |  0 |    0 |   2 |       0 | system_i/pl_clock_wizard/inst/clock_primitive_inst/clk_out1 |
+-----------+-------+-----------------+------------+-------------+-----------------+-------+-------------+------+------+-----+----+------+-----+---------+-------------------------------------------------------------+
* Clock Loads column represents cell count of net connects that connect to a clock pin. Internal cell leaf pins are not considered
** Non-Clock Loads column represents cell count of non-clock pin loads
*** Columns FF, LUTRAM, RAMB through 'Hard IP' represents load cell counts


31. Clock Region Cell Placement per Global Clock: Region X4Y3
-------------------------------------------------------------

+-----------+-------+-----------------+------------+-------------+-----------------+-------+-------------+------+------+-----+----+------+-----+---------+-------------------------------------------------------------+
| Global Id | Track | Driver Type/Pin | Constraint | Clock Loads | Non-Clock Loads | FF    | Memory LUTs | RAMB | URAM | DSP | GT | MMCM | NOC | Hard IP | Net                                                         |
+-----------+-------+-----------------+------------+-------------+-----------------+-------+-------------+------+------+-----+----+------+-----+---------+-------------------------------------------------------------+
| g0        | 11    | BUFGCE/O        | None       |       21823 |               0 | 21766 |          31 |    0 |    0 |  26 |  0 |    0 |   0 |       0 | system_i/pl_clock_wizard/inst/clock_primitive_inst/clk_out1 |
+-----------+-------+-----------------+------------+-------------+-----------------+-------+-------------+------+------+-----+----+------+-----+---------+-------------------------------------------------------------+
* Clock Loads column represents cell count of net connects that connect to a clock pin. Internal cell leaf pins are not considered
** Non-Clock Loads column represents cell count of non-clock pin loads
*** Columns FF, LUTRAM, RAMB through 'Hard IP' represents load cell counts


32. Clock Region Cell Placement per Global Clock: Region X5Y3
-------------------------------------------------------------

+-----------+-------+-----------------+------------+-------------+-----------------+-------+-------------+------+------+-----+----+------+-----+---------+-------------------------------------------------------------+
| Global Id | Track | Driver Type/Pin | Constraint | Clock Loads | Non-Clock Loads | FF    | Memory LUTs | RAMB | URAM | DSP | GT | MMCM | NOC | Hard IP | Net                                                         |
+-----------+-------+-----------------+------------+-------------+-----------------+-------+-------------+------+------+-----+----+------+-----+---------+-------------------------------------------------------------+
| g0        | 11    | BUFGCE/O        | None       |       14284 |               0 | 14254 |          10 |    0 |   10 |  20 |  0 |    0 |   0 |       0 | system_i/pl_clock_wizard/inst/clock_primitive_inst/clk_out1 |
+-----------+-------+-----------------+------------+-------------+-----------------+-------+-------------+------+------+-----+----+------+-----+---------+-------------------------------------------------------------+
* Clock Loads column represents cell count of net connects that connect to a clock pin. Internal cell leaf pins are not considered
** Non-Clock Loads column represents cell count of non-clock pin loads
*** Columns FF, LUTRAM, RAMB through 'Hard IP' represents load cell counts


33. Clock Region Cell Placement per Global Clock: Region X6Y3
-------------------------------------------------------------

+-----------+-------+-----------------+------------+-------------+-----------------+-------+-------------+------+------+-----+----+------+-----+---------+-------------------------------------------------------------+
| Global Id | Track | Driver Type/Pin | Constraint | Clock Loads | Non-Clock Loads | FF    | Memory LUTs | RAMB | URAM | DSP | GT | MMCM | NOC | Hard IP | Net                                                         |
+-----------+-------+-----------------+------------+-------------+-----------------+-------+-------------+------+------+-----+----+------+-----+---------+-------------------------------------------------------------+
| g0        | 11    | BUFGCE/O        | None       |       18162 |               0 | 18155 |           0 |    0 |    0 |   7 |  0 |    0 |   0 |       0 | system_i/pl_clock_wizard/inst/clock_primitive_inst/clk_out1 |
+-----------+-------+-----------------+------------+-------------+-----------------+-------+-------------+------+------+-----+----+------+-----+---------+-------------------------------------------------------------+
* Clock Loads column represents cell count of net connects that connect to a clock pin. Internal cell leaf pins are not considered
** Non-Clock Loads column represents cell count of non-clock pin loads
*** Columns FF, LUTRAM, RAMB through 'Hard IP' represents load cell counts


34. Clock Region Cell Placement per Global Clock: Region X7Y3
-------------------------------------------------------------

+-----------+-------+-----------------+------------+-------------+-----------------+------+-------------+------+------+-----+----+------+-----+---------+-------------------------------------------------------------+
| Global Id | Track | Driver Type/Pin | Constraint | Clock Loads | Non-Clock Loads | FF   | Memory LUTs | RAMB | URAM | DSP | GT | MMCM | NOC | Hard IP | Net                                                         |
+-----------+-------+-----------------+------------+-------------+-----------------+------+-------------+------+------+-----+----+------+-----+---------+-------------------------------------------------------------+
| g0        | 11    | BUFGCE/O        | None       |        5006 |               0 | 4994 |          12 |    0 |   12 |   0 |  0 |    0 |   0 |       0 | system_i/pl_clock_wizard/inst/clock_primitive_inst/clk_out1 |
+-----------+-------+-----------------+------------+-------------+-----------------+------+-------------+------+------+-----+----+------+-----+---------+-------------------------------------------------------------+
* Clock Loads column represents cell count of net connects that connect to a clock pin. Internal cell leaf pins are not considered
** Non-Clock Loads column represents cell count of non-clock pin loads
*** Columns FF, LUTRAM, RAMB through 'Hard IP' represents load cell counts


35. Clock Region Cell Placement per Global Clock: Region X8Y3
-------------------------------------------------------------

+-----------+-------+-----------------+------------+-------------+-----------------+----+-------------+------+------+-----+----+------+-----+---------+-------------------------------------------------------------+
| Global Id | Track | Driver Type/Pin | Constraint | Clock Loads | Non-Clock Loads | FF | Memory LUTs | RAMB | URAM | DSP | GT | MMCM | NOC | Hard IP | Net                                                         |
+-----------+-------+-----------------+------------+-------------+-----------------+----+-------------+------+------+-----+----+------+-----+---------+-------------------------------------------------------------+
| g0+       | 11    | BUFGCE/O        | None       |           0 |               0 |  0 |           0 |    0 |    0 |   0 |  0 |    0 |   0 |       0 | system_i/pl_clock_wizard/inst/clock_primitive_inst/clk_out1 |
+-----------+-------+-----------------+------------+-------------+-----------------+----+-------------+------+------+-----+----+------+-----+---------+-------------------------------------------------------------+
* Clock Loads column represents cell count of net connects that connect to a clock pin. Internal cell leaf pins are not considered
** Non-Clock Loads column represents cell count of non-clock pin loads
*** Columns FF, LUTRAM, RAMB through 'Hard IP' represents load cell counts
**** In Global Id column, sympbol '+' indicates that global clock was used only to route through the clock region.


36. Clock Region Cell Placement per Global Clock: Region X9Y3
-------------------------------------------------------------

+-----------+-------+-----------------+------------+-------------+-----------------+----+-------------+------+------+-----+----+------+-----+---------+-------------------------------------------------------------+
| Global Id | Track | Driver Type/Pin | Constraint | Clock Loads | Non-Clock Loads | FF | Memory LUTs | RAMB | URAM | DSP | GT | MMCM | NOC | Hard IP | Net                                                         |
+-----------+-------+-----------------+------------+-------------+-----------------+----+-------------+------+------+-----+----+------+-----+---------+-------------------------------------------------------------+
| g0        | 11    | BUFGCE/O        | None       |          36 |               0 | 32 |           4 |    0 |    4 |   0 |  0 |    0 |   0 |       0 | system_i/pl_clock_wizard/inst/clock_primitive_inst/clk_out1 |
+-----------+-------+-----------------+------------+-------------+-----------------+----+-------------+------+------+-----+----+------+-----+---------+-------------------------------------------------------------+
* Clock Loads column represents cell count of net connects that connect to a clock pin. Internal cell leaf pins are not considered
** Non-Clock Loads column represents cell count of non-clock pin loads
*** Columns FF, LUTRAM, RAMB through 'Hard IP' represents load cell counts


37. Clock Region Cell Placement per Global Clock: Region X1Y4
-------------------------------------------------------------

+-----------+-------+-----------------+------------+-------------+-----------------+------+-------------+------+------+-----+----+------+-----+---------+-------------------------------------------------------------+
| Global Id | Track | Driver Type/Pin | Constraint | Clock Loads | Non-Clock Loads | FF   | Memory LUTs | RAMB | URAM | DSP | GT | MMCM | NOC | Hard IP | Net                                                         |
+-----------+-------+-----------------+------------+-------------+-----------------+------+-------------+------+------+-----+----+------+-----+---------+-------------------------------------------------------------+
| g0        | 11    | BUFGCE/O        | None       |        1271 |               0 | 1271 |           0 |    0 |    0 |   0 |  0 |    0 |   0 |       0 | system_i/pl_clock_wizard/inst/clock_primitive_inst/clk_out1 |
+-----------+-------+-----------------+------------+-------------+-----------------+------+-------------+------+------+-----+----+------+-----+---------+-------------------------------------------------------------+
* Clock Loads column represents cell count of net connects that connect to a clock pin. Internal cell leaf pins are not considered
** Non-Clock Loads column represents cell count of non-clock pin loads
*** Columns FF, LUTRAM, RAMB through 'Hard IP' represents load cell counts


38. Clock Region Cell Placement per Global Clock: Region X2Y4
-------------------------------------------------------------

+-----------+-------+-----------------+------------+-------------+-----------------+------+-------------+------+------+-----+----+------+-----+---------+-------------------------------------------------------------+
| Global Id | Track | Driver Type/Pin | Constraint | Clock Loads | Non-Clock Loads | FF   | Memory LUTs | RAMB | URAM | DSP | GT | MMCM | NOC | Hard IP | Net                                                         |
+-----------+-------+-----------------+------------+-------------+-----------------+------+-------------+------+------+-----+----+------+-----+---------+-------------------------------------------------------------+
| g0        | 11    | BUFGCE/O        | None       |        6346 |               0 | 6346 |           0 |    0 |    0 |   0 |  0 |    0 |   0 |       0 | system_i/pl_clock_wizard/inst/clock_primitive_inst/clk_out1 |
+-----------+-------+-----------------+------------+-------------+-----------------+------+-------------+------+------+-----+----+------+-----+---------+-------------------------------------------------------------+
* Clock Loads column represents cell count of net connects that connect to a clock pin. Internal cell leaf pins are not considered
** Non-Clock Loads column represents cell count of non-clock pin loads
*** Columns FF, LUTRAM, RAMB through 'Hard IP' represents load cell counts


39. Clock Region Cell Placement per Global Clock: Region X3Y4
-------------------------------------------------------------

+-----------+-------+-----------------+------------+-------------+-----------------+------+-------------+------+------+-----+----+------+-----+---------+-------------------------------------------------------------+
| Global Id | Track | Driver Type/Pin | Constraint | Clock Loads | Non-Clock Loads | FF   | Memory LUTs | RAMB | URAM | DSP | GT | MMCM | NOC | Hard IP | Net                                                         |
+-----------+-------+-----------------+------------+-------------+-----------------+------+-------------+------+------+-----+----+------+-----+---------+-------------------------------------------------------------+
| g0        | 11    | BUFGCE/O        | None       |        4389 |               0 | 4384 |           5 |    0 |    5 |   0 |  0 |    0 |   0 |       0 | system_i/pl_clock_wizard/inst/clock_primitive_inst/clk_out1 |
+-----------+-------+-----------------+------------+-------------+-----------------+------+-------------+------+------+-----+----+------+-----+---------+-------------------------------------------------------------+
* Clock Loads column represents cell count of net connects that connect to a clock pin. Internal cell leaf pins are not considered
** Non-Clock Loads column represents cell count of non-clock pin loads
*** Columns FF, LUTRAM, RAMB through 'Hard IP' represents load cell counts


40. Clock Region Cell Placement per Global Clock: Region X4Y4
-------------------------------------------------------------

+-----------+-------+-----------------+------------+-------------+-----------------+------+-------------+------+------+-----+----+------+-----+---------+-------------------------------------------------------------+
| Global Id | Track | Driver Type/Pin | Constraint | Clock Loads | Non-Clock Loads | FF   | Memory LUTs | RAMB | URAM | DSP | GT | MMCM | NOC | Hard IP | Net                                                         |
+-----------+-------+-----------------+------------+-------------+-----------------+------+-------------+------+------+-----+----+------+-----+---------+-------------------------------------------------------------+
| g0        | 11    | BUFGCE/O        | None       |        5203 |               0 | 5191 |           0 |    0 |    0 |  12 |  0 |    0 |   0 |       0 | system_i/pl_clock_wizard/inst/clock_primitive_inst/clk_out1 |
+-----------+-------+-----------------+------------+-------------+-----------------+------+-------------+------+------+-----+----+------+-----+---------+-------------------------------------------------------------+
* Clock Loads column represents cell count of net connects that connect to a clock pin. Internal cell leaf pins are not considered
** Non-Clock Loads column represents cell count of non-clock pin loads
*** Columns FF, LUTRAM, RAMB through 'Hard IP' represents load cell counts


41. Clock Region Cell Placement per Global Clock: Region X5Y4
-------------------------------------------------------------

+-----------+-------+-----------------+------------+-------------+-----------------+------+-------------+------+------+-----+----+------+-----+---------+-------------------------------------------------------------+
| Global Id | Track | Driver Type/Pin | Constraint | Clock Loads | Non-Clock Loads | FF   | Memory LUTs | RAMB | URAM | DSP | GT | MMCM | NOC | Hard IP | Net                                                         |
+-----------+-------+-----------------+------------+-------------+-----------------+------+-------------+------+------+-----+----+------+-----+---------+-------------------------------------------------------------+
| g0        | 11    | BUFGCE/O        | None       |        2400 |               0 | 2400 |           0 |    0 |    0 |   0 |  0 |    0 |   0 |       0 | system_i/pl_clock_wizard/inst/clock_primitive_inst/clk_out1 |
+-----------+-------+-----------------+------------+-------------+-----------------+------+-------------+------+------+-----+----+------+-----+---------+-------------------------------------------------------------+
* Clock Loads column represents cell count of net connects that connect to a clock pin. Internal cell leaf pins are not considered
** Non-Clock Loads column represents cell count of non-clock pin loads
*** Columns FF, LUTRAM, RAMB through 'Hard IP' represents load cell counts


42. Clock Region Cell Placement per Global Clock: Region X6Y4
-------------------------------------------------------------

+-----------+-------+-----------------+------------+-------------+-----------------+------+-------------+------+------+-----+----+------+-----+---------+-------------------------------------------------------------+
| Global Id | Track | Driver Type/Pin | Constraint | Clock Loads | Non-Clock Loads | FF   | Memory LUTs | RAMB | URAM | DSP | GT | MMCM | NOC | Hard IP | Net                                                         |
+-----------+-------+-----------------+------------+-------------+-----------------+------+-------------+------+------+-----+----+------+-----+---------+-------------------------------------------------------------+
| g0        | 11    | BUFGCE/O        | None       |        2690 |               0 | 2690 |           0 |    0 |    0 |   0 |  0 |    0 |   0 |       0 | system_i/pl_clock_wizard/inst/clock_primitive_inst/clk_out1 |
+-----------+-------+-----------------+------------+-------------+-----------------+------+-------------+------+------+-----+----+------+-----+---------+-------------------------------------------------------------+
* Clock Loads column represents cell count of net connects that connect to a clock pin. Internal cell leaf pins are not considered
** Non-Clock Loads column represents cell count of non-clock pin loads
*** Columns FF, LUTRAM, RAMB through 'Hard IP' represents load cell counts


43. Clock Region Cell Placement per Global Clock: Region X7Y4
-------------------------------------------------------------

+-----------+-------+-----------------+------------+-------------+-----------------+----+-------------+------+------+-----+----+------+-----+---------+-------------------------------------------------------------+
| Global Id | Track | Driver Type/Pin | Constraint | Clock Loads | Non-Clock Loads | FF | Memory LUTs | RAMB | URAM | DSP | GT | MMCM | NOC | Hard IP | Net                                                         |
+-----------+-------+-----------------+------------+-------------+-----------------+----+-------------+------+------+-----+----+------+-----+---------+-------------------------------------------------------------+
| g0        | 11    | BUFGCE/O        | None       |           8 |               0 |  8 |           0 |    0 |    0 |   0 |  0 |    0 |   0 |       0 | system_i/pl_clock_wizard/inst/clock_primitive_inst/clk_out1 |
+-----------+-------+-----------------+------------+-------------+-----------------+----+-------------+------+------+-----+----+------+-----+---------+-------------------------------------------------------------+
* Clock Loads column represents cell count of net connects that connect to a clock pin. Internal cell leaf pins are not considered
** Non-Clock Loads column represents cell count of non-clock pin loads
*** Columns FF, LUTRAM, RAMB through 'Hard IP' represents load cell counts


