Copyright 1986-2022 Xilinx, Inc. All Rights Reserved. Copyright 2022-2023 Advanced Micro Devices, Inc. All Rights Reserved.
---------------------------------------------------------------------------------------------------------------------------------------------
| Tool Version : Vivado v.2023.1 (lin64) Build 3865809 Sun May  7 15:04:56 MDT 2023
| Date         : Thu Jul 30 16:06:38 2026
| Host         : xidianhyy-HP-Pro-Tower-ZHAN-99-G9-Desktop-PC running 64-bit Ubuntu 20.04.6 LTS
| Command      : report_utilization -hierarchical -file /home/project/zhangcheng/DIT-FA/fpga/vivado/build/reports/post_route_utilization.rpt
| Design       : system_wrapper
| Device       : xcvc1902-vsva2197-2MP-e-S
| Speed File   : -2MP
| Design State : Physopt postRoute
---------------------------------------------------------------------------------------------------------------------------------------------

Utilization Design Information

Table of Contents
-----------------
1. Utilization by Hierarchy

1. Utilization by Hierarchy
---------------------------

+-------------------------------------------------------------------------------------------+----------------------------------------------------------------------+------------+------------+---------+------+--------+--------+--------+------+------------+
|                                          Instance                                         |                                Module                                | Total LUTs | Logic LUTs | LUTRAMs | SRLs |   FFs  | RAMB36 | RAMB18 | URAM | DSP Blocks |
+-------------------------------------------------------------------------------------------+----------------------------------------------------------------------+------------+------------+---------+------+--------+--------+--------+------+------------+
| system_wrapper                                                                            |                                                                (top) |     294718 |     294642 |       0 |   76 | 295111 |      6 |      1 |   96 |       1220 |
|   system_i                                                                                |                                                               system |     294718 |     294642 |       0 |   76 | 295111 |      6 |      1 |   96 |       1220 |
|     (system_i)                                                                            |                                                               system |          0 |          0 |       0 |    0 |      0 |      0 |      0 |    0 |          0 |
|     attention_0                                                                           |                                                 system_attention_0_0 |     292317 |     292295 |       0 |   22 | 292819 |      4 |      0 |   96 |       1220 |
|       (attention_0)                                                                       |                                                 system_attention_0_0 |        688 |        688 |       0 |    0 |      0 |      0 |      0 |    0 |          0 |
|       inst                                                                                |                              system_attention_0_0_attention_fpga_top |     291629 |     291607 |       0 |   22 | 292819 |      4 |      0 |   96 |       1220 |
|         u_attention                                                                       |                             system_attention_0_0_attention_accel_top |     291543 |     291521 |       0 |   22 | 292728 |      4 |      0 |   96 |       1220 |
|           (u_attention)                                                                   |                             system_attention_0_0_attention_accel_top |         64 |         64 |       0 |    0 |    109 |      0 |      0 |    0 |          1 |
|           u_array_controller                                                              |                                  system_attention_0_0_fsa_controller |          4 |          4 |       0 |    0 |      6 |      0 |      0 |    0 |          0 |
|           u_axi_write                                                                     |                               system_attention_0_0_axi4_master_write |        135 |        135 |       0 |    0 |    111 |      0 |      0 |    0 |          0 |
|           u_fused_array                                                                   |                                 system_attention_0_0_fsa_fused_array |     279869 |     279869 |       0 |    0 | 286021 |      0 |      0 |    0 |       1186 |
|             (u_fused_array)                                                               |                                 system_attention_0_0_fsa_fused_array |       4017 |       4017 |       0 |    0 |   9096 |      0 |      0 |    0 |          0 |
|             g_exp_lane[0].u_exp                                                           |                                    system_attention_0_0_pwl_exp_unit |       1304 |       1304 |       0 |    0 |     50 |      0 |      0 |    0 |          1 |
|               (g_exp_lane[0].u_exp)                                                       |                                    system_attention_0_0_pwl_exp_unit |       1280 |       1280 |       0 |    0 |     50 |      0 |      0 |    0 |          0 |
|               u_interpolation_multiplier                                                  |       system_attention_0_0_fa_unsigned_mult_comb__parameterized0_198 |         25 |         25 |       0 |    0 |      0 |      0 |      0 |    0 |          1 |
|             g_exp_lane[0].u_scale                                                         |                                system_attention_0_0_score_scale_pipe |        280 |        280 |       0 |    0 |     34 |      0 |      0 |    0 |          2 |
|               (g_exp_lane[0].u_scale)                                                     |                                system_attention_0_0_score_scale_pipe |         82 |         82 |       0 |    0 |     34 |      0 |      0 |    0 |          0 |
|               u_scale_multiplier                                                          |        system_attention_0_0_fa_signed_mult_pipe2__parameterized0_197 |        198 |        198 |       0 |    0 |      0 |      0 |      0 |    0 |          2 |
|             g_exp_lane[10].u_exp                                                          |                                 system_attention_0_0_pwl_exp_unit_43 |         24 |         24 |       0 |    0 |     47 |      0 |      0 |    0 |          1 |
|               (g_exp_lane[10].u_exp)                                                      |                                 system_attention_0_0_pwl_exp_unit_43 |          0 |          0 |       0 |    0 |     47 |      0 |      0 |    0 |          0 |
|               u_interpolation_multiplier                                                  |       system_attention_0_0_fa_unsigned_mult_comb__parameterized0_196 |         24 |         24 |       0 |    0 |      0 |      0 |      0 |    0 |          1 |
|             g_exp_lane[10].u_scale                                                        |                             system_attention_0_0_score_scale_pipe_44 |        250 |        250 |       0 |    0 |     34 |      0 |      0 |    0 |          2 |
|               (g_exp_lane[10].u_scale)                                                    |                             system_attention_0_0_score_scale_pipe_44 |         68 |         68 |       0 |    0 |     34 |      0 |      0 |    0 |          0 |
|               u_scale_multiplier                                                          |        system_attention_0_0_fa_signed_mult_pipe2__parameterized0_195 |        182 |        182 |       0 |    0 |      0 |      0 |      0 |    0 |          2 |
|             g_exp_lane[11].u_exp                                                          |                                 system_attention_0_0_pwl_exp_unit_45 |         24 |         24 |       0 |    0 |     47 |      0 |      0 |    0 |          1 |
|               (g_exp_lane[11].u_exp)                                                      |                                 system_attention_0_0_pwl_exp_unit_45 |          0 |          0 |       0 |    0 |     47 |      0 |      0 |    0 |          0 |
|               u_interpolation_multiplier                                                  |       system_attention_0_0_fa_unsigned_mult_comb__parameterized0_194 |         24 |         24 |       0 |    0 |      0 |      0 |      0 |    0 |          1 |
|             g_exp_lane[11].u_scale                                                        |                             system_attention_0_0_score_scale_pipe_46 |        282 |        282 |       0 |    0 |     34 |      0 |      0 |    0 |          2 |
|               (g_exp_lane[11].u_scale)                                                    |                             system_attention_0_0_score_scale_pipe_46 |         68 |         68 |       0 |    0 |     34 |      0 |      0 |    0 |          0 |
|               u_scale_multiplier                                                          |        system_attention_0_0_fa_signed_mult_pipe2__parameterized0_193 |        214 |        214 |       0 |    0 |      0 |      0 |      0 |    0 |          2 |
|             g_exp_lane[12].u_exp                                                          |                                 system_attention_0_0_pwl_exp_unit_47 |         24 |         24 |       0 |    0 |     47 |      0 |      0 |    0 |          1 |
|               (g_exp_lane[12].u_exp)                                                      |                                 system_attention_0_0_pwl_exp_unit_47 |          0 |          0 |       0 |    0 |     47 |      0 |      0 |    0 |          0 |
|               u_interpolation_multiplier                                                  |       system_attention_0_0_fa_unsigned_mult_comb__parameterized0_192 |         24 |         24 |       0 |    0 |      0 |      0 |      0 |    0 |          1 |
|             g_exp_lane[12].u_scale                                                        |                             system_attention_0_0_score_scale_pipe_48 |        285 |        285 |       0 |    0 |     34 |      0 |      0 |    0 |          2 |
|               (g_exp_lane[12].u_scale)                                                    |                             system_attention_0_0_score_scale_pipe_48 |         68 |         68 |       0 |    0 |     34 |      0 |      0 |    0 |          0 |
|               u_scale_multiplier                                                          |        system_attention_0_0_fa_signed_mult_pipe2__parameterized0_191 |        217 |        217 |       0 |    0 |      0 |      0 |      0 |    0 |          2 |
|             g_exp_lane[13].u_exp                                                          |                                 system_attention_0_0_pwl_exp_unit_49 |         24 |         24 |       0 |    0 |     47 |      0 |      0 |    0 |          1 |
|               (g_exp_lane[13].u_exp)                                                      |                                 system_attention_0_0_pwl_exp_unit_49 |          0 |          0 |       0 |    0 |     47 |      0 |      0 |    0 |          0 |
|               u_interpolation_multiplier                                                  |       system_attention_0_0_fa_unsigned_mult_comb__parameterized0_190 |         24 |         24 |       0 |    0 |      0 |      0 |      0 |    0 |          1 |
|             g_exp_lane[13].u_scale                                                        |                             system_attention_0_0_score_scale_pipe_50 |        285 |        285 |       0 |    0 |     34 |      0 |      0 |    0 |          2 |
|               (g_exp_lane[13].u_scale)                                                    |                             system_attention_0_0_score_scale_pipe_50 |         68 |         68 |       0 |    0 |     34 |      0 |      0 |    0 |          0 |
|               u_scale_multiplier                                                          |        system_attention_0_0_fa_signed_mult_pipe2__parameterized0_189 |        217 |        217 |       0 |    0 |      0 |      0 |      0 |    0 |          2 |
|             g_exp_lane[14].u_exp                                                          |                                 system_attention_0_0_pwl_exp_unit_51 |         24 |         24 |       0 |    0 |     47 |      0 |      0 |    0 |          1 |
|               (g_exp_lane[14].u_exp)                                                      |                                 system_attention_0_0_pwl_exp_unit_51 |          0 |          0 |       0 |    0 |     47 |      0 |      0 |    0 |          0 |
|               u_interpolation_multiplier                                                  |       system_attention_0_0_fa_unsigned_mult_comb__parameterized0_188 |         24 |         24 |       0 |    0 |      0 |      0 |      0 |    0 |          1 |
|             g_exp_lane[14].u_scale                                                        |                             system_attention_0_0_score_scale_pipe_52 |        250 |        250 |       0 |    0 |     34 |      0 |      0 |    0 |          2 |
|               (g_exp_lane[14].u_scale)                                                    |                             system_attention_0_0_score_scale_pipe_52 |         68 |         68 |       0 |    0 |     34 |      0 |      0 |    0 |          0 |
|               u_scale_multiplier                                                          |        system_attention_0_0_fa_signed_mult_pipe2__parameterized0_187 |        182 |        182 |       0 |    0 |      0 |      0 |      0 |    0 |          2 |
|             g_exp_lane[15].u_exp                                                          |                                 system_attention_0_0_pwl_exp_unit_53 |         24 |         24 |       0 |    0 |     47 |      0 |      0 |    0 |          1 |
|               (g_exp_lane[15].u_exp)                                                      |                                 system_attention_0_0_pwl_exp_unit_53 |          0 |          0 |       0 |    0 |     47 |      0 |      0 |    0 |          0 |
|               u_interpolation_multiplier                                                  |       system_attention_0_0_fa_unsigned_mult_comb__parameterized0_186 |         24 |         24 |       0 |    0 |      0 |      0 |      0 |    0 |          1 |
|             g_exp_lane[15].u_scale                                                        |                             system_attention_0_0_score_scale_pipe_54 |        282 |        282 |       0 |    0 |     34 |      0 |      0 |    0 |          2 |
|               (g_exp_lane[15].u_scale)                                                    |                             system_attention_0_0_score_scale_pipe_54 |         68 |         68 |       0 |    0 |     34 |      0 |      0 |    0 |          0 |
|               u_scale_multiplier                                                          |        system_attention_0_0_fa_signed_mult_pipe2__parameterized0_185 |        214 |        214 |       0 |    0 |      0 |      0 |      0 |    0 |          2 |
|             g_exp_lane[16].u_exp                                                          |                                 system_attention_0_0_pwl_exp_unit_55 |         24 |         24 |       0 |    0 |     47 |      0 |      0 |    0 |          1 |
|               (g_exp_lane[16].u_exp)                                                      |                                 system_attention_0_0_pwl_exp_unit_55 |          0 |          0 |       0 |    0 |     47 |      0 |      0 |    0 |          0 |
|               u_interpolation_multiplier                                                  |       system_attention_0_0_fa_unsigned_mult_comb__parameterized0_184 |         24 |         24 |       0 |    0 |      0 |      0 |      0 |    0 |          1 |
|             g_exp_lane[16].u_scale                                                        |                             system_attention_0_0_score_scale_pipe_56 |        281 |        281 |       0 |    0 |     34 |      0 |      0 |    0 |          2 |
|               (g_exp_lane[16].u_scale)                                                    |                             system_attention_0_0_score_scale_pipe_56 |         68 |         68 |       0 |    0 |     34 |      0 |      0 |    0 |          0 |
|               u_scale_multiplier                                                          |        system_attention_0_0_fa_signed_mult_pipe2__parameterized0_183 |        213 |        213 |       0 |    0 |      0 |      0 |      0 |    0 |          2 |
|             g_exp_lane[17].u_exp                                                          |                                 system_attention_0_0_pwl_exp_unit_57 |         24 |         24 |       0 |    0 |     47 |      0 |      0 |    0 |          1 |
|               (g_exp_lane[17].u_exp)                                                      |                                 system_attention_0_0_pwl_exp_unit_57 |          0 |          0 |       0 |    0 |     47 |      0 |      0 |    0 |          0 |
|               u_interpolation_multiplier                                                  |       system_attention_0_0_fa_unsigned_mult_comb__parameterized0_182 |         24 |         24 |       0 |    0 |      0 |      0 |      0 |    0 |          1 |
|             g_exp_lane[17].u_scale                                                        |                             system_attention_0_0_score_scale_pipe_58 |        285 |        285 |       0 |    0 |     34 |      0 |      0 |    0 |          2 |
|               (g_exp_lane[17].u_scale)                                                    |                             system_attention_0_0_score_scale_pipe_58 |         68 |         68 |       0 |    0 |     34 |      0 |      0 |    0 |          0 |
|               u_scale_multiplier                                                          |        system_attention_0_0_fa_signed_mult_pipe2__parameterized0_181 |        217 |        217 |       0 |    0 |      0 |      0 |      0 |    0 |          2 |
|             g_exp_lane[18].u_exp                                                          |                                 system_attention_0_0_pwl_exp_unit_59 |         24 |         24 |       0 |    0 |     47 |      0 |      0 |    0 |          1 |
|               (g_exp_lane[18].u_exp)                                                      |                                 system_attention_0_0_pwl_exp_unit_59 |          0 |          0 |       0 |    0 |     47 |      0 |      0 |    0 |          0 |
|               u_interpolation_multiplier                                                  |       system_attention_0_0_fa_unsigned_mult_comb__parameterized0_180 |         24 |         24 |       0 |    0 |      0 |      0 |      0 |    0 |          1 |
|             g_exp_lane[18].u_scale                                                        |                             system_attention_0_0_score_scale_pipe_60 |        251 |        251 |       0 |    0 |     34 |      0 |      0 |    0 |          2 |
|               (g_exp_lane[18].u_scale)                                                    |                             system_attention_0_0_score_scale_pipe_60 |         68 |         68 |       0 |    0 |     34 |      0 |      0 |    0 |          0 |
|               u_scale_multiplier                                                          |        system_attention_0_0_fa_signed_mult_pipe2__parameterized0_179 |        183 |        183 |       0 |    0 |      0 |      0 |      0 |    0 |          2 |
|             g_exp_lane[19].u_exp                                                          |                                 system_attention_0_0_pwl_exp_unit_61 |         24 |         24 |       0 |    0 |     47 |      0 |      0 |    0 |          1 |
|               (g_exp_lane[19].u_exp)                                                      |                                 system_attention_0_0_pwl_exp_unit_61 |          0 |          0 |       0 |    0 |     47 |      0 |      0 |    0 |          0 |
|               u_interpolation_multiplier                                                  |       system_attention_0_0_fa_unsigned_mult_comb__parameterized0_178 |         24 |         24 |       0 |    0 |      0 |      0 |      0 |    0 |          1 |
|             g_exp_lane[19].u_scale                                                        |                             system_attention_0_0_score_scale_pipe_62 |        280 |        280 |       0 |    0 |     34 |      0 |      0 |    0 |          2 |
|               (g_exp_lane[19].u_scale)                                                    |                             system_attention_0_0_score_scale_pipe_62 |         82 |         82 |       0 |    0 |     34 |      0 |      0 |    0 |          0 |
|               u_scale_multiplier                                                          |        system_attention_0_0_fa_signed_mult_pipe2__parameterized0_177 |        198 |        198 |       0 |    0 |      0 |      0 |      0 |    0 |          2 |
|             g_exp_lane[1].u_exp                                                           |                                 system_attention_0_0_pwl_exp_unit_63 |         24 |         24 |       0 |    0 |     47 |      0 |      0 |    0 |          1 |
|               (g_exp_lane[1].u_exp)                                                       |                                 system_attention_0_0_pwl_exp_unit_63 |          0 |          0 |       0 |    0 |     47 |      0 |      0 |    0 |          0 |
|               u_interpolation_multiplier                                                  |       system_attention_0_0_fa_unsigned_mult_comb__parameterized0_176 |         24 |         24 |       0 |    0 |      0 |      0 |      0 |    0 |          1 |
|             g_exp_lane[1].u_scale                                                         |                             system_attention_0_0_score_scale_pipe_64 |        285 |        285 |       0 |    0 |     34 |      0 |      0 |    0 |          2 |
|               (g_exp_lane[1].u_scale)                                                     |                             system_attention_0_0_score_scale_pipe_64 |         68 |         68 |       0 |    0 |     34 |      0 |      0 |    0 |          0 |
|               u_scale_multiplier                                                          |        system_attention_0_0_fa_signed_mult_pipe2__parameterized0_175 |        217 |        217 |       0 |    0 |      0 |      0 |      0 |    0 |          2 |
|             g_exp_lane[20].u_exp                                                          |                                 system_attention_0_0_pwl_exp_unit_65 |         24 |         24 |       0 |    0 |     47 |      0 |      0 |    0 |          1 |
|               (g_exp_lane[20].u_exp)                                                      |                                 system_attention_0_0_pwl_exp_unit_65 |          0 |          0 |       0 |    0 |     47 |      0 |      0 |    0 |          0 |
|               u_interpolation_multiplier                                                  |       system_attention_0_0_fa_unsigned_mult_comb__parameterized0_174 |         24 |         24 |       0 |    0 |      0 |      0 |      0 |    0 |          1 |
|             g_exp_lane[20].u_scale                                                        |                             system_attention_0_0_score_scale_pipe_66 |        280 |        280 |       0 |    0 |     34 |      0 |      0 |    0 |          2 |
|               (g_exp_lane[20].u_scale)                                                    |                             system_attention_0_0_score_scale_pipe_66 |         82 |         82 |       0 |    0 |     34 |      0 |      0 |    0 |          0 |
|               u_scale_multiplier                                                          |        system_attention_0_0_fa_signed_mult_pipe2__parameterized0_173 |        198 |        198 |       0 |    0 |      0 |      0 |      0 |    0 |          2 |
|             g_exp_lane[21].u_exp                                                          |                                 system_attention_0_0_pwl_exp_unit_67 |         24 |         24 |       0 |    0 |     47 |      0 |      0 |    0 |          1 |
|               (g_exp_lane[21].u_exp)                                                      |                                 system_attention_0_0_pwl_exp_unit_67 |          0 |          0 |       0 |    0 |     47 |      0 |      0 |    0 |          0 |
|               u_interpolation_multiplier                                                  |       system_attention_0_0_fa_unsigned_mult_comb__parameterized0_172 |         24 |         24 |       0 |    0 |      0 |      0 |      0 |    0 |          1 |
|             g_exp_lane[21].u_scale                                                        |                             system_attention_0_0_score_scale_pipe_68 |        597 |        597 |       0 |    0 |     59 |      0 |      0 |    0 |          2 |
|               (g_exp_lane[21].u_scale)                                                    |                             system_attention_0_0_score_scale_pipe_68 |        326 |        326 |       0 |    0 |     57 |      0 |      0 |    0 |          0 |
|               u_scale_multiplier                                                          |        system_attention_0_0_fa_signed_mult_pipe2__parameterized0_171 |        273 |        273 |       0 |    0 |      2 |      0 |      0 |    0 |          2 |
|             g_exp_lane[22].u_exp                                                          |                                 system_attention_0_0_pwl_exp_unit_69 |         24 |         24 |       0 |    0 |     47 |      0 |      0 |    0 |          1 |
|               (g_exp_lane[22].u_exp)                                                      |                                 system_attention_0_0_pwl_exp_unit_69 |          0 |          0 |       0 |    0 |     47 |      0 |      0 |    0 |          0 |
|               u_interpolation_multiplier                                                  |       system_attention_0_0_fa_unsigned_mult_comb__parameterized0_170 |         24 |         24 |       0 |    0 |      0 |      0 |      0 |    0 |          1 |
|             g_exp_lane[22].u_scale                                                        |                             system_attention_0_0_score_scale_pipe_70 |        264 |        264 |       0 |    0 |     34 |      0 |      0 |    0 |          2 |
|               (g_exp_lane[22].u_scale)                                                    |                             system_attention_0_0_score_scale_pipe_70 |         82 |         82 |       0 |    0 |     34 |      0 |      0 |    0 |          0 |
|               u_scale_multiplier                                                          |        system_attention_0_0_fa_signed_mult_pipe2__parameterized0_169 |        182 |        182 |       0 |    0 |      0 |      0 |      0 |    0 |          2 |
|             g_exp_lane[23].u_exp                                                          |                                 system_attention_0_0_pwl_exp_unit_71 |         24 |         24 |       0 |    0 |     47 |      0 |      0 |    0 |          1 |
|               (g_exp_lane[23].u_exp)                                                      |                                 system_attention_0_0_pwl_exp_unit_71 |          0 |          0 |       0 |    0 |     47 |      0 |      0 |    0 |          0 |
|               u_interpolation_multiplier                                                  |       system_attention_0_0_fa_unsigned_mult_comb__parameterized0_168 |         24 |         24 |       0 |    0 |      0 |      0 |      0 |    0 |          1 |
|             g_exp_lane[23].u_scale                                                        |                             system_attention_0_0_score_scale_pipe_72 |        250 |        250 |       0 |    0 |     34 |      0 |      0 |    0 |          2 |
|               (g_exp_lane[23].u_scale)                                                    |                             system_attention_0_0_score_scale_pipe_72 |         68 |         68 |       0 |    0 |     34 |      0 |      0 |    0 |          0 |
|               u_scale_multiplier                                                          |        system_attention_0_0_fa_signed_mult_pipe2__parameterized0_167 |        182 |        182 |       0 |    0 |      0 |      0 |      0 |    0 |          2 |
|             g_exp_lane[24].u_exp                                                          |                                 system_attention_0_0_pwl_exp_unit_73 |         24 |         24 |       0 |    0 |     47 |      0 |      0 |    0 |          1 |
|               (g_exp_lane[24].u_exp)                                                      |                                 system_attention_0_0_pwl_exp_unit_73 |          0 |          0 |       0 |    0 |     47 |      0 |      0 |    0 |          0 |
|               u_interpolation_multiplier                                                  |       system_attention_0_0_fa_unsigned_mult_comb__parameterized0_166 |         24 |         24 |       0 |    0 |      0 |      0 |      0 |    0 |          1 |
|             g_exp_lane[24].u_scale                                                        |                             system_attention_0_0_score_scale_pipe_74 |        282 |        282 |       0 |    0 |     34 |      0 |      0 |    0 |          2 |
|               (g_exp_lane[24].u_scale)                                                    |                             system_attention_0_0_score_scale_pipe_74 |         82 |         82 |       0 |    0 |     34 |      0 |      0 |    0 |          0 |
|               u_scale_multiplier                                                          |        system_attention_0_0_fa_signed_mult_pipe2__parameterized0_165 |        200 |        200 |       0 |    0 |      0 |      0 |      0 |    0 |          2 |
|             g_exp_lane[25].u_exp                                                          |                                 system_attention_0_0_pwl_exp_unit_75 |         24 |         24 |       0 |    0 |     47 |      0 |      0 |    0 |          1 |
|               (g_exp_lane[25].u_exp)                                                      |                                 system_attention_0_0_pwl_exp_unit_75 |          0 |          0 |       0 |    0 |     47 |      0 |      0 |    0 |          0 |
|               u_interpolation_multiplier                                                  |       system_attention_0_0_fa_unsigned_mult_comb__parameterized0_164 |         24 |         24 |       0 |    0 |      0 |      0 |      0 |    0 |          1 |
|             g_exp_lane[25].u_scale                                                        |                             system_attention_0_0_score_scale_pipe_76 |        281 |        281 |       0 |    0 |     34 |      0 |      0 |    0 |          2 |
|               (g_exp_lane[25].u_scale)                                                    |                             system_attention_0_0_score_scale_pipe_76 |         82 |         82 |       0 |    0 |     34 |      0 |      0 |    0 |          0 |
|               u_scale_multiplier                                                          |        system_attention_0_0_fa_signed_mult_pipe2__parameterized0_163 |        199 |        199 |       0 |    0 |      0 |      0 |      0 |    0 |          2 |
|             g_exp_lane[26].u_exp                                                          |                                 system_attention_0_0_pwl_exp_unit_77 |         24 |         24 |       0 |    0 |     47 |      0 |      0 |    0 |          1 |
|               (g_exp_lane[26].u_exp)                                                      |                                 system_attention_0_0_pwl_exp_unit_77 |          0 |          0 |       0 |    0 |     47 |      0 |      0 |    0 |          0 |
|               u_interpolation_multiplier                                                  |       system_attention_0_0_fa_unsigned_mult_comb__parameterized0_162 |         24 |         24 |       0 |    0 |      0 |      0 |      0 |    0 |          1 |
|             g_exp_lane[26].u_scale                                                        |                             system_attention_0_0_score_scale_pipe_78 |        265 |        265 |       0 |    0 |     63 |      0 |      0 |    0 |          2 |
|               (g_exp_lane[26].u_scale)                                                    |                             system_attention_0_0_score_scale_pipe_78 |         82 |         82 |       0 |    0 |     34 |      0 |      0 |    0 |          0 |
|               u_scale_multiplier                                                          |        system_attention_0_0_fa_signed_mult_pipe2__parameterized0_161 |        183 |        183 |       0 |    0 |     29 |      0 |      0 |    0 |          2 |
|             g_exp_lane[27].u_exp                                                          |                                 system_attention_0_0_pwl_exp_unit_79 |         24 |         24 |       0 |    0 |     47 |      0 |      0 |    0 |          1 |
|               (g_exp_lane[27].u_exp)                                                      |                                 system_attention_0_0_pwl_exp_unit_79 |          0 |          0 |       0 |    0 |     47 |      0 |      0 |    0 |          0 |
|               u_interpolation_multiplier                                                  |       system_attention_0_0_fa_unsigned_mult_comb__parameterized0_160 |         24 |         24 |       0 |    0 |      0 |      0 |      0 |    0 |          1 |
|             g_exp_lane[27].u_scale                                                        |                             system_attention_0_0_score_scale_pipe_80 |        263 |        263 |       0 |    0 |     34 |      0 |      0 |    0 |          2 |
|               (g_exp_lane[27].u_scale)                                                    |                             system_attention_0_0_score_scale_pipe_80 |         82 |         82 |       0 |    0 |     34 |      0 |      0 |    0 |          0 |
|               u_scale_multiplier                                                          |        system_attention_0_0_fa_signed_mult_pipe2__parameterized0_159 |        181 |        181 |       0 |    0 |      0 |      0 |      0 |    0 |          2 |
|             g_exp_lane[28].u_exp                                                          |                                 system_attention_0_0_pwl_exp_unit_81 |         24 |         24 |       0 |    0 |     47 |      0 |      0 |    0 |          1 |
|               (g_exp_lane[28].u_exp)                                                      |                                 system_attention_0_0_pwl_exp_unit_81 |          0 |          0 |       0 |    0 |     47 |      0 |      0 |    0 |          0 |
|               u_interpolation_multiplier                                                  |       system_attention_0_0_fa_unsigned_mult_comb__parameterized0_158 |         24 |         24 |       0 |    0 |      0 |      0 |      0 |    0 |          1 |
|             g_exp_lane[28].u_scale                                                        |                             system_attention_0_0_score_scale_pipe_82 |        264 |        264 |       0 |    0 |     34 |      0 |      0 |    0 |          2 |
|               (g_exp_lane[28].u_scale)                                                    |                             system_attention_0_0_score_scale_pipe_82 |         82 |         82 |       0 |    0 |     34 |      0 |      0 |    0 |          0 |
|               u_scale_multiplier                                                          |        system_attention_0_0_fa_signed_mult_pipe2__parameterized0_157 |        182 |        182 |       0 |    0 |      0 |      0 |      0 |    0 |          2 |
|             g_exp_lane[29].u_exp                                                          |                                 system_attention_0_0_pwl_exp_unit_83 |         24 |         24 |       0 |    0 |     47 |      0 |      0 |    0 |          1 |
|               (g_exp_lane[29].u_exp)                                                      |                                 system_attention_0_0_pwl_exp_unit_83 |          0 |          0 |       0 |    0 |     47 |      0 |      0 |    0 |          0 |
|               u_interpolation_multiplier                                                  |       system_attention_0_0_fa_unsigned_mult_comb__parameterized0_156 |         24 |         24 |       0 |    0 |      0 |      0 |      0 |    0 |          1 |
|             g_exp_lane[29].u_scale                                                        |                             system_attention_0_0_score_scale_pipe_84 |        299 |        299 |       0 |    0 |     34 |      0 |      0 |    0 |          2 |
|               (g_exp_lane[29].u_scale)                                                    |                             system_attention_0_0_score_scale_pipe_84 |         82 |         82 |       0 |    0 |     34 |      0 |      0 |    0 |          0 |
|               u_scale_multiplier                                                          |        system_attention_0_0_fa_signed_mult_pipe2__parameterized0_155 |        217 |        217 |       0 |    0 |      0 |      0 |      0 |    0 |          2 |
|             g_exp_lane[2].u_exp                                                           |                                 system_attention_0_0_pwl_exp_unit_85 |         24 |         24 |       0 |    0 |     47 |      0 |      0 |    0 |          1 |
|               (g_exp_lane[2].u_exp)                                                       |                                 system_attention_0_0_pwl_exp_unit_85 |          0 |          0 |       0 |    0 |     47 |      0 |      0 |    0 |          0 |
|               u_interpolation_multiplier                                                  |       system_attention_0_0_fa_unsigned_mult_comb__parameterized0_154 |         24 |         24 |       0 |    0 |      0 |      0 |      0 |    0 |          1 |
|             g_exp_lane[2].u_scale                                                         |                             system_attention_0_0_score_scale_pipe_86 |        250 |        250 |       0 |    0 |     34 |      0 |      0 |    0 |          2 |
|               (g_exp_lane[2].u_scale)                                                     |                             system_attention_0_0_score_scale_pipe_86 |         68 |         68 |       0 |    0 |     34 |      0 |      0 |    0 |          0 |
|               u_scale_multiplier                                                          |        system_attention_0_0_fa_signed_mult_pipe2__parameterized0_153 |        182 |        182 |       0 |    0 |      0 |      0 |      0 |    0 |          2 |
|             g_exp_lane[30].u_exp                                                          |                                 system_attention_0_0_pwl_exp_unit_87 |         24 |         24 |       0 |    0 |     47 |      0 |      0 |    0 |          1 |
|               (g_exp_lane[30].u_exp)                                                      |                                 system_attention_0_0_pwl_exp_unit_87 |          0 |          0 |       0 |    0 |     47 |      0 |      0 |    0 |          0 |
|               u_interpolation_multiplier                                                  |       system_attention_0_0_fa_unsigned_mult_comb__parameterized0_152 |         24 |         24 |       0 |    0 |      0 |      0 |      0 |    0 |          1 |
|             g_exp_lane[30].u_scale                                                        |                             system_attention_0_0_score_scale_pipe_88 |        299 |        299 |       0 |    0 |     34 |      0 |      0 |    0 |          2 |
|               (g_exp_lane[30].u_scale)                                                    |                             system_attention_0_0_score_scale_pipe_88 |         82 |         82 |       0 |    0 |     34 |      0 |      0 |    0 |          0 |
|               u_scale_multiplier                                                          |        system_attention_0_0_fa_signed_mult_pipe2__parameterized0_151 |        217 |        217 |       0 |    0 |      0 |      0 |      0 |    0 |          2 |
|             g_exp_lane[31].u_exp                                                          |                                 system_attention_0_0_pwl_exp_unit_89 |         24 |         24 |       0 |    0 |     47 |      0 |      0 |    0 |          1 |
|               (g_exp_lane[31].u_exp)                                                      |                                 system_attention_0_0_pwl_exp_unit_89 |          0 |          0 |       0 |    0 |     47 |      0 |      0 |    0 |          0 |
|               u_interpolation_multiplier                                                  |       system_attention_0_0_fa_unsigned_mult_comb__parameterized0_150 |         24 |         24 |       0 |    0 |      0 |      0 |      0 |    0 |          1 |
|             g_exp_lane[31].u_scale                                                        |                             system_attention_0_0_score_scale_pipe_90 |       2486 |       2486 |       0 |    0 |    199 |      0 |      0 |    0 |          2 |
|               (g_exp_lane[31].u_scale)                                                    |                             system_attention_0_0_score_scale_pipe_90 |       2195 |       2195 |       0 |    0 |    199 |      0 |      0 |    0 |          0 |
|               u_scale_multiplier                                                          |        system_attention_0_0_fa_signed_mult_pipe2__parameterized0_149 |        291 |        291 |       0 |    0 |      0 |      0 |      0 |    0 |          2 |
|             g_exp_lane[3].u_exp                                                           |                                 system_attention_0_0_pwl_exp_unit_91 |         24 |         24 |       0 |    0 |     47 |      0 |      0 |    0 |          1 |
|               (g_exp_lane[3].u_exp)                                                       |                                 system_attention_0_0_pwl_exp_unit_91 |          0 |          0 |       0 |    0 |     47 |      0 |      0 |    0 |          0 |
|               u_interpolation_multiplier                                                  |       system_attention_0_0_fa_unsigned_mult_comb__parameterized0_148 |         24 |         24 |       0 |    0 |      0 |      0 |      0 |    0 |          1 |
|             g_exp_lane[3].u_scale                                                         |                             system_attention_0_0_score_scale_pipe_92 |        287 |        287 |       0 |    0 |     34 |      0 |      0 |    0 |          2 |
|               (g_exp_lane[3].u_scale)                                                     |                             system_attention_0_0_score_scale_pipe_92 |         68 |         68 |       0 |    0 |     34 |      0 |      0 |    0 |          0 |
|               u_scale_multiplier                                                          |        system_attention_0_0_fa_signed_mult_pipe2__parameterized0_147 |        219 |        219 |       0 |    0 |      0 |      0 |      0 |    0 |          2 |
|             g_exp_lane[4].u_exp                                                           |                                 system_attention_0_0_pwl_exp_unit_93 |         24 |         24 |       0 |    0 |     47 |      0 |      0 |    0 |          1 |
|               (g_exp_lane[4].u_exp)                                                       |                                 system_attention_0_0_pwl_exp_unit_93 |          0 |          0 |       0 |    0 |     47 |      0 |      0 |    0 |          0 |
|               u_interpolation_multiplier                                                  |       system_attention_0_0_fa_unsigned_mult_comb__parameterized0_146 |         24 |         24 |       0 |    0 |      0 |      0 |      0 |    0 |          1 |
|             g_exp_lane[4].u_scale                                                         |                             system_attention_0_0_score_scale_pipe_94 |        282 |        282 |       0 |    0 |     34 |      0 |      0 |    0 |          2 |
|               (g_exp_lane[4].u_scale)                                                     |                             system_attention_0_0_score_scale_pipe_94 |         68 |         68 |       0 |    0 |     34 |      0 |      0 |    0 |          0 |
|               u_scale_multiplier                                                          |        system_attention_0_0_fa_signed_mult_pipe2__parameterized0_145 |        214 |        214 |       0 |    0 |      0 |      0 |      0 |    0 |          2 |
|             g_exp_lane[5].u_exp                                                           |                                 system_attention_0_0_pwl_exp_unit_95 |         24 |         24 |       0 |    0 |     47 |      0 |      0 |    0 |          1 |
|               (g_exp_lane[5].u_exp)                                                       |                                 system_attention_0_0_pwl_exp_unit_95 |          0 |          0 |       0 |    0 |     47 |      0 |      0 |    0 |          0 |
|               u_interpolation_multiplier                                                  |       system_attention_0_0_fa_unsigned_mult_comb__parameterized0_144 |         24 |         24 |       0 |    0 |      0 |      0 |      0 |    0 |          1 |
|             g_exp_lane[5].u_scale                                                         |                             system_attention_0_0_score_scale_pipe_96 |        282 |        282 |       0 |    0 |     34 |      0 |      0 |    0 |          2 |
|               (g_exp_lane[5].u_scale)                                                     |                             system_attention_0_0_score_scale_pipe_96 |         68 |         68 |       0 |    0 |     34 |      0 |      0 |    0 |          0 |
|               u_scale_multiplier                                                          |        system_attention_0_0_fa_signed_mult_pipe2__parameterized0_143 |        214 |        214 |       0 |    0 |      0 |      0 |      0 |    0 |          2 |
|             g_exp_lane[6].u_exp                                                           |                                 system_attention_0_0_pwl_exp_unit_97 |         24 |         24 |       0 |    0 |     47 |      0 |      0 |    0 |          1 |
|               (g_exp_lane[6].u_exp)                                                       |                                 system_attention_0_0_pwl_exp_unit_97 |          0 |          0 |       0 |    0 |     47 |      0 |      0 |    0 |          0 |
|               u_interpolation_multiplier                                                  |       system_attention_0_0_fa_unsigned_mult_comb__parameterized0_142 |         24 |         24 |       0 |    0 |      0 |      0 |      0 |    0 |          1 |
|             g_exp_lane[6].u_scale                                                         |                             system_attention_0_0_score_scale_pipe_98 |        250 |        250 |       0 |    0 |     63 |      0 |      0 |    0 |          2 |
|               (g_exp_lane[6].u_scale)                                                     |                             system_attention_0_0_score_scale_pipe_98 |         68 |         68 |       0 |    0 |     34 |      0 |      0 |    0 |          0 |
|               u_scale_multiplier                                                          |        system_attention_0_0_fa_signed_mult_pipe2__parameterized0_141 |        182 |        182 |       0 |    0 |     29 |      0 |      0 |    0 |          2 |
|             g_exp_lane[7].u_exp                                                           |                                 system_attention_0_0_pwl_exp_unit_99 |         24 |         24 |       0 |    0 |     47 |      0 |      0 |    0 |          1 |
|               (g_exp_lane[7].u_exp)                                                       |                                 system_attention_0_0_pwl_exp_unit_99 |          0 |          0 |       0 |    0 |     47 |      0 |      0 |    0 |          0 |
|               u_interpolation_multiplier                                                  |       system_attention_0_0_fa_unsigned_mult_comb__parameterized0_140 |         24 |         24 |       0 |    0 |      0 |      0 |      0 |    0 |          1 |
|             g_exp_lane[7].u_scale                                                         |                            system_attention_0_0_score_scale_pipe_100 |        251 |        251 |       0 |    0 |     34 |      0 |      0 |    0 |          2 |
|               (g_exp_lane[7].u_scale)                                                     |                            system_attention_0_0_score_scale_pipe_100 |         68 |         68 |       0 |    0 |     34 |      0 |      0 |    0 |          0 |
|               u_scale_multiplier                                                          |        system_attention_0_0_fa_signed_mult_pipe2__parameterized0_139 |        183 |        183 |       0 |    0 |      0 |      0 |      0 |    0 |          2 |
|             g_exp_lane[8].u_exp                                                           |                                system_attention_0_0_pwl_exp_unit_101 |         24 |         24 |       0 |    0 |     47 |      0 |      0 |    0 |          1 |
|               (g_exp_lane[8].u_exp)                                                       |                                system_attention_0_0_pwl_exp_unit_101 |          0 |          0 |       0 |    0 |     47 |      0 |      0 |    0 |          0 |
|               u_interpolation_multiplier                                                  |       system_attention_0_0_fa_unsigned_mult_comb__parameterized0_138 |         24 |         24 |       0 |    0 |      0 |      0 |      0 |    0 |          1 |
|             g_exp_lane[8].u_scale                                                         |                            system_attention_0_0_score_scale_pipe_102 |        251 |        251 |       0 |    0 |     34 |      0 |      0 |    0 |          2 |
|               (g_exp_lane[8].u_scale)                                                     |                            system_attention_0_0_score_scale_pipe_102 |         68 |         68 |       0 |    0 |     34 |      0 |      0 |    0 |          0 |
|               u_scale_multiplier                                                          |        system_attention_0_0_fa_signed_mult_pipe2__parameterized0_137 |        183 |        183 |       0 |    0 |      0 |      0 |      0 |    0 |          2 |
|             g_exp_lane[9].u_exp                                                           |                                system_attention_0_0_pwl_exp_unit_103 |         24 |         24 |       0 |    0 |     47 |      0 |      0 |    0 |          1 |
|               (g_exp_lane[9].u_exp)                                                       |                                system_attention_0_0_pwl_exp_unit_103 |          0 |          0 |       0 |    0 |     47 |      0 |      0 |    0 |          0 |
|               u_interpolation_multiplier                                                  |           system_attention_0_0_fa_unsigned_mult_comb__parameterized0 |         24 |         24 |       0 |    0 |      0 |      0 |      0 |    0 |          1 |
|             g_exp_lane[9].u_scale                                                         |                            system_attention_0_0_score_scale_pipe_104 |        284 |        284 |       0 |    0 |     34 |      0 |      0 |    0 |          2 |
|               (g_exp_lane[9].u_scale)                                                     |                            system_attention_0_0_score_scale_pipe_104 |         68 |         68 |       0 |    0 |     34 |      0 |      0 |    0 |          0 |
|               u_scale_multiplier                                                          |            system_attention_0_0_fa_signed_mult_pipe2__parameterized0 |        216 |        216 |       0 |    0 |      0 |      0 |      0 |    0 |          2 |
|             g_k_skew[0].u_k_skew                                                          |                                  system_attention_0_0_fsa_delay_line |          2 |          2 |       0 |    0 |      9 |      0 |      0 |    0 |          0 |
|             g_k_skew[10].u_k_skew                                                         |                 system_attention_0_0_fsa_delay_line__parameterized19 |          1 |          1 |       0 |    0 |     89 |      0 |      0 |    0 |          0 |
|             g_k_skew[11].u_k_skew                                                         |                 system_attention_0_0_fsa_delay_line__parameterized21 |          1 |          1 |       0 |    0 |     97 |      0 |      0 |    0 |          0 |
|             g_k_skew[12].u_k_skew                                                         |                 system_attention_0_0_fsa_delay_line__parameterized23 |          1 |          1 |       0 |    0 |    105 |      0 |      0 |    0 |          0 |
|             g_k_skew[13].u_k_skew                                                         |                 system_attention_0_0_fsa_delay_line__parameterized25 |          0 |          0 |       0 |    0 |    126 |      0 |      0 |    0 |          0 |
|             g_k_skew[14].u_k_skew                                                         |                 system_attention_0_0_fsa_delay_line__parameterized27 |          1 |          1 |       0 |    0 |    122 |      0 |      0 |    0 |          0 |
|             g_k_skew[15].u_k_skew                                                         |                 system_attention_0_0_fsa_delay_line__parameterized29 |          1 |          1 |       0 |    0 |    129 |      0 |      0 |    0 |          0 |
|             g_k_skew[16].u_k_skew                                                         |                 system_attention_0_0_fsa_delay_line__parameterized31 |          1 |          1 |       0 |    0 |    137 |      0 |      0 |    0 |          0 |
|             g_k_skew[17].u_k_skew                                                         |                 system_attention_0_0_fsa_delay_line__parameterized33 |          1 |          1 |       0 |    0 |    145 |      0 |      0 |    0 |          0 |
|             g_k_skew[18].u_k_skew                                                         |                 system_attention_0_0_fsa_delay_line__parameterized35 |          1 |          1 |       0 |    0 |    153 |      0 |      0 |    0 |          0 |
|             g_k_skew[19].u_k_skew                                                         |                 system_attention_0_0_fsa_delay_line__parameterized37 |          1 |          1 |       0 |    0 |    161 |      0 |      0 |    0 |          0 |
|             g_k_skew[1].u_k_skew                                                          |                  system_attention_0_0_fsa_delay_line__parameterized1 |          2 |          2 |       0 |    0 |     17 |      0 |      0 |    0 |          0 |
|             g_k_skew[20].u_k_skew                                                         |                 system_attention_0_0_fsa_delay_line__parameterized39 |          1 |          1 |       0 |    0 |    169 |      0 |      0 |    0 |          0 |
|             g_k_skew[21].u_k_skew                                                         |                 system_attention_0_0_fsa_delay_line__parameterized41 |          1 |          1 |       0 |    0 |    177 |      0 |      0 |    0 |          0 |
|             g_k_skew[22].u_k_skew                                                         |                 system_attention_0_0_fsa_delay_line__parameterized43 |          1 |          1 |       0 |    0 |    185 |      0 |      0 |    0 |          0 |
|             g_k_skew[23].u_k_skew                                                         |                 system_attention_0_0_fsa_delay_line__parameterized45 |          1 |          1 |       0 |    0 |    193 |      0 |      0 |    0 |          0 |
|             g_k_skew[24].u_k_skew                                                         |                 system_attention_0_0_fsa_delay_line__parameterized47 |          1 |          1 |       0 |    0 |    201 |      0 |      0 |    0 |          0 |
|             g_k_skew[25].u_k_skew                                                         |                 system_attention_0_0_fsa_delay_line__parameterized49 |          1 |          1 |       0 |    0 |    209 |      0 |      0 |    0 |          0 |
|             g_k_skew[26].u_k_skew                                                         |                 system_attention_0_0_fsa_delay_line__parameterized51 |          1 |          1 |       0 |    0 |    217 |      0 |      0 |    0 |          0 |
|             g_k_skew[27].u_k_skew                                                         |                 system_attention_0_0_fsa_delay_line__parameterized53 |          1 |          1 |       0 |    0 |    225 |      0 |      0 |    0 |          0 |
|             g_k_skew[28].u_k_skew                                                         |                 system_attention_0_0_fsa_delay_line__parameterized55 |          1 |          1 |       0 |    0 |    233 |      0 |      0 |    0 |          0 |
|             g_k_skew[29].u_k_skew                                                         |                 system_attention_0_0_fsa_delay_line__parameterized57 |          1 |          1 |       0 |    0 |    256 |      0 |      0 |    0 |          0 |
|             g_k_skew[2].u_k_skew                                                          |                  system_attention_0_0_fsa_delay_line__parameterized3 |          2 |          2 |       0 |    0 |     25 |      0 |      0 |    0 |          0 |
|             g_k_skew[30].u_k_skew                                                         |                 system_attention_0_0_fsa_delay_line__parameterized59 |          1 |          1 |       0 |    0 |    250 |      0 |      0 |    0 |          0 |
|             g_k_skew[31].u_k_skew                                                         |                 system_attention_0_0_fsa_delay_line__parameterized61 |          0 |          0 |       0 |    0 |    257 |      0 |      0 |    0 |          0 |
|             g_k_skew[3].u_k_skew                                                          |                  system_attention_0_0_fsa_delay_line__parameterized5 |          1 |          1 |       0 |    0 |     33 |      0 |      0 |    0 |          0 |
|             g_k_skew[4].u_k_skew                                                          |                  system_attention_0_0_fsa_delay_line__parameterized7 |          2 |          2 |       0 |    0 |     41 |      0 |      0 |    0 |          0 |
|             g_k_skew[5].u_k_skew                                                          |                  system_attention_0_0_fsa_delay_line__parameterized9 |          7 |          7 |       0 |    0 |     54 |      0 |      0 |    0 |          0 |
|             g_k_skew[6].u_k_skew                                                          |                 system_attention_0_0_fsa_delay_line__parameterized11 |          2 |          2 |       0 |    0 |     57 |      0 |      0 |    0 |          0 |
|             g_k_skew[7].u_k_skew                                                          |                 system_attention_0_0_fsa_delay_line__parameterized13 |          1 |          1 |       0 |    0 |     65 |      0 |      0 |    0 |          0 |
|             g_k_skew[8].u_k_skew                                                          |                 system_attention_0_0_fsa_delay_line__parameterized15 |          0 |          0 |       0 |    0 |     73 |      0 |      0 |    0 |          0 |
|             g_k_skew[9].u_k_skew                                                          |                 system_attention_0_0_fsa_delay_line__parameterized17 |          4 |          4 |       0 |    0 |     85 |      0 |      0 |    0 |          0 |
|             g_q_skew[0].u_pv_seed_skew                                                    |                  system_attention_0_0_fsa_delay_line__parameterized0 |          3 |          3 |       0 |    0 |     39 |      0 |      0 |    0 |          0 |
|             g_q_skew[0].u_q_skew                                                          |                              system_attention_0_0_fsa_delay_line_105 |          1 |          1 |       0 |    0 |      9 |      0 |      0 |    0 |          0 |
|             g_q_skew[10].u_pv_seed_skew                                                   |                 system_attention_0_0_fsa_delay_line__parameterized20 |          1 |          1 |       0 |    0 |    359 |      0 |      0 |    0 |          0 |
|             g_q_skew[10].u_q_skew                                                         |             system_attention_0_0_fsa_delay_line__parameterized19_106 |          0 |          0 |       0 |    0 |     89 |      0 |      0 |    0 |          0 |
|             g_q_skew[11].u_pv_seed_skew                                                   |                 system_attention_0_0_fsa_delay_line__parameterized22 |          1 |          1 |       0 |    0 |    391 |      0 |      0 |    0 |          0 |
|             g_q_skew[11].u_q_skew                                                         |             system_attention_0_0_fsa_delay_line__parameterized21_107 |          0 |          0 |       0 |    0 |     97 |      0 |      0 |    0 |          0 |
|             g_q_skew[12].u_pv_seed_skew                                                   |                 system_attention_0_0_fsa_delay_line__parameterized24 |          1 |          1 |       0 |    0 |    423 |      0 |      0 |    0 |          0 |
|             g_q_skew[12].u_q_skew                                                         |             system_attention_0_0_fsa_delay_line__parameterized23_108 |          0 |          0 |       0 |    0 |    105 |      0 |      0 |    0 |          0 |
|             g_q_skew[13].u_pv_seed_skew                                                   |                 system_attention_0_0_fsa_delay_line__parameterized26 |          1 |          1 |       0 |    0 |    455 |      0 |      0 |    0 |          0 |
|             g_q_skew[13].u_q_skew                                                         |             system_attention_0_0_fsa_delay_line__parameterized25_109 |          0 |          0 |       0 |    0 |    113 |      0 |      0 |    0 |          0 |
|             g_q_skew[14].u_pv_seed_skew                                                   |                 system_attention_0_0_fsa_delay_line__parameterized28 |          1 |          1 |       0 |    0 |    487 |      0 |      0 |    0 |          0 |
|             g_q_skew[14].u_q_skew                                                         |             system_attention_0_0_fsa_delay_line__parameterized27_110 |          0 |          0 |       0 |    0 |    121 |      0 |      0 |    0 |          0 |
|             g_q_skew[15].u_pv_seed_skew                                                   |                 system_attention_0_0_fsa_delay_line__parameterized30 |          0 |          0 |       0 |    0 |    519 |      0 |      0 |    0 |          0 |
|             g_q_skew[15].u_q_skew                                                         |             system_attention_0_0_fsa_delay_line__parameterized29_111 |          0 |          0 |       0 |    0 |    129 |      0 |      0 |    0 |          0 |
|             g_q_skew[16].u_pv_seed_skew                                                   |                 system_attention_0_0_fsa_delay_line__parameterized32 |          9 |          9 |       0 |    0 |    663 |      0 |      0 |    0 |          0 |
|             g_q_skew[16].u_q_skew                                                         |             system_attention_0_0_fsa_delay_line__parameterized31_112 |          0 |          0 |       0 |    0 |    137 |      0 |      0 |    0 |          0 |
|             g_q_skew[17].u_pv_seed_skew                                                   |                 system_attention_0_0_fsa_delay_line__parameterized34 |          1 |          1 |       0 |    0 |    583 |      0 |      0 |    0 |          0 |
|             g_q_skew[17].u_q_skew                                                         |             system_attention_0_0_fsa_delay_line__parameterized33_113 |          0 |          0 |       0 |    0 |    145 |      0 |      0 |    0 |          0 |
|             g_q_skew[18].u_pv_seed_skew                                                   |                 system_attention_0_0_fsa_delay_line__parameterized36 |          1 |          1 |       0 |    0 |    615 |      0 |      0 |    0 |          0 |
|             g_q_skew[18].u_q_skew                                                         |             system_attention_0_0_fsa_delay_line__parameterized35_114 |          0 |          0 |       0 |    0 |    153 |      0 |      0 |    0 |          0 |
|             g_q_skew[19].u_pv_seed_skew                                                   |                 system_attention_0_0_fsa_delay_line__parameterized38 |          1 |          1 |       0 |    0 |    647 |      0 |      0 |    0 |          0 |
|             g_q_skew[19].u_q_skew                                                         |             system_attention_0_0_fsa_delay_line__parameterized37_115 |          0 |          0 |       0 |    0 |    161 |      0 |      0 |    0 |          0 |
|             g_q_skew[1].u_pv_seed_skew                                                    |                  system_attention_0_0_fsa_delay_line__parameterized2 |          2 |          2 |       0 |    0 |     71 |      0 |      0 |    0 |          0 |
|             g_q_skew[1].u_q_skew                                                          |              system_attention_0_0_fsa_delay_line__parameterized1_116 |          1 |          1 |       0 |    0 |     17 |      0 |      0 |    0 |          0 |
|             g_q_skew[20].u_pv_seed_skew                                                   |                 system_attention_0_0_fsa_delay_line__parameterized40 |          1 |          1 |       0 |    0 |    679 |      0 |      0 |    0 |          0 |
|             g_q_skew[20].u_q_skew                                                         |             system_attention_0_0_fsa_delay_line__parameterized39_117 |          0 |          0 |       0 |    0 |    169 |      0 |      0 |    0 |          0 |
|             g_q_skew[21].u_pv_seed_skew                                                   |                 system_attention_0_0_fsa_delay_line__parameterized42 |          1 |          1 |       0 |    0 |    711 |      0 |      0 |    0 |          0 |
|             g_q_skew[21].u_q_skew                                                         |             system_attention_0_0_fsa_delay_line__parameterized41_118 |          0 |          0 |       0 |    0 |    177 |      0 |      0 |    0 |          0 |
|             g_q_skew[22].u_pv_seed_skew                                                   |                 system_attention_0_0_fsa_delay_line__parameterized44 |          1 |          1 |       0 |    0 |    743 |      0 |      0 |    0 |          0 |
|             g_q_skew[22].u_q_skew                                                         |             system_attention_0_0_fsa_delay_line__parameterized43_119 |          0 |          0 |       0 |    0 |    185 |      0 |      0 |    0 |          0 |
|             g_q_skew[23].u_pv_seed_skew                                                   |                 system_attention_0_0_fsa_delay_line__parameterized46 |          0 |          0 |       0 |    0 |    775 |      0 |      0 |    0 |          0 |
|             g_q_skew[23].u_q_skew                                                         |             system_attention_0_0_fsa_delay_line__parameterized45_120 |          0 |          0 |       0 |    0 |    193 |      0 |      0 |    0 |          0 |
|             g_q_skew[24].u_pv_seed_skew                                                   |                 system_attention_0_0_fsa_delay_line__parameterized48 |         13 |         13 |       0 |    0 |    975 |      0 |      0 |    0 |          0 |
|             g_q_skew[24].u_q_skew                                                         |             system_attention_0_0_fsa_delay_line__parameterized47_121 |          0 |          0 |       0 |    0 |    201 |      0 |      0 |    0 |          0 |
|             g_q_skew[25].u_pv_seed_skew                                                   |                 system_attention_0_0_fsa_delay_line__parameterized50 |          1 |          1 |       0 |    0 |    839 |      0 |      0 |    0 |          0 |
|             g_q_skew[25].u_q_skew                                                         |             system_attention_0_0_fsa_delay_line__parameterized49_122 |          0 |          0 |       0 |    0 |    209 |      0 |      0 |    0 |          0 |
|             g_q_skew[26].u_pv_seed_skew                                                   |                 system_attention_0_0_fsa_delay_line__parameterized52 |          1 |          1 |       0 |    0 |    871 |      0 |      0 |    0 |          0 |
|             g_q_skew[26].u_q_skew                                                         |             system_attention_0_0_fsa_delay_line__parameterized51_123 |          0 |          0 |       0 |    0 |    217 |      0 |      0 |    0 |          0 |
|             g_q_skew[27].u_pv_seed_skew                                                   |                 system_attention_0_0_fsa_delay_line__parameterized54 |          1 |          1 |       0 |    0 |    903 |      0 |      0 |    0 |          0 |
|             g_q_skew[27].u_q_skew                                                         |             system_attention_0_0_fsa_delay_line__parameterized53_124 |          0 |          0 |       0 |    0 |    225 |      0 |      0 |    0 |          0 |
|             g_q_skew[28].u_pv_seed_skew                                                   |                 system_attention_0_0_fsa_delay_line__parameterized56 |          1 |          1 |       0 |    0 |    935 |      0 |      0 |    0 |          0 |
|             g_q_skew[28].u_q_skew                                                         |             system_attention_0_0_fsa_delay_line__parameterized55_125 |          0 |          0 |       0 |    0 |    233 |      0 |      0 |    0 |          0 |
|             g_q_skew[29].u_pv_seed_skew                                                   |                 system_attention_0_0_fsa_delay_line__parameterized58 |          1 |          1 |       0 |    0 |    967 |      0 |      0 |    0 |          0 |
|             g_q_skew[29].u_q_skew                                                         |             system_attention_0_0_fsa_delay_line__parameterized57_126 |          0 |          0 |       0 |    0 |    241 |      0 |      0 |    0 |          0 |
|             g_q_skew[2].u_pv_seed_skew                                                    |                  system_attention_0_0_fsa_delay_line__parameterized4 |          1 |          1 |       0 |    0 |    115 |      0 |      0 |    0 |          0 |
|             g_q_skew[2].u_q_skew                                                          |              system_attention_0_0_fsa_delay_line__parameterized3_127 |          1 |          1 |       0 |    0 |     25 |      0 |      0 |    0 |          0 |
|             g_q_skew[30].u_pv_seed_skew                                                   |                 system_attention_0_0_fsa_delay_line__parameterized60 |          1 |          1 |       0 |    0 |    999 |      0 |      0 |    0 |          0 |
|             g_q_skew[30].u_q_skew                                                         |             system_attention_0_0_fsa_delay_line__parameterized59_128 |          0 |          0 |       0 |    0 |    249 |      0 |      0 |    0 |          0 |
|             g_q_skew[31].u_pv_seed_skew                                                   |                 system_attention_0_0_fsa_delay_line__parameterized62 |          0 |          0 |       0 |    0 |   1031 |      0 |      0 |    0 |          0 |
|             g_q_skew[31].u_q_skew                                                         |             system_attention_0_0_fsa_delay_line__parameterized61_129 |          0 |          0 |       0 |    0 |    257 |      0 |      0 |    0 |          0 |
|             g_q_skew[3].u_pv_seed_skew                                                    |                  system_attention_0_0_fsa_delay_line__parameterized6 |          2 |          2 |       0 |    0 |    154 |      0 |      0 |    0 |          0 |
|             g_q_skew[3].u_q_skew                                                          |              system_attention_0_0_fsa_delay_line__parameterized5_130 |          0 |          0 |       0 |    0 |     33 |      0 |      0 |    0 |          0 |
|             g_q_skew[4].u_pv_seed_skew                                                    |                  system_attention_0_0_fsa_delay_line__parameterized8 |          1 |          1 |       0 |    0 |    179 |      0 |      0 |    0 |          0 |
|             g_q_skew[4].u_q_skew                                                          |              system_attention_0_0_fsa_delay_line__parameterized7_131 |          0 |          0 |       0 |    0 |     45 |      0 |      0 |    0 |          0 |
|             g_q_skew[5].u_pv_seed_skew                                                    |                 system_attention_0_0_fsa_delay_line__parameterized10 |          1 |          1 |       0 |    0 |    199 |      0 |      0 |    0 |          0 |
|             g_q_skew[5].u_q_skew                                                          |              system_attention_0_0_fsa_delay_line__parameterized9_132 |          0 |          0 |       0 |    0 |     49 |      0 |      0 |    0 |          0 |
|             g_q_skew[6].u_pv_seed_skew                                                    |                 system_attention_0_0_fsa_delay_line__parameterized12 |          1 |          1 |       0 |    0 |    231 |      0 |      0 |    0 |          0 |
|             g_q_skew[6].u_q_skew                                                          |             system_attention_0_0_fsa_delay_line__parameterized11_133 |          0 |          0 |       0 |    0 |     57 |      0 |      0 |    0 |          0 |
|             g_q_skew[7].u_pv_seed_skew                                                    |                 system_attention_0_0_fsa_delay_line__parameterized14 |          0 |          0 |       0 |    0 |    305 |      0 |      0 |    0 |          0 |
|             g_q_skew[7].u_q_skew                                                          |             system_attention_0_0_fsa_delay_line__parameterized13_134 |          0 |          0 |       0 |    0 |     65 |      0 |      0 |    0 |          0 |
|             g_q_skew[8].u_pv_seed_skew                                                    |                 system_attention_0_0_fsa_delay_line__parameterized16 |          5 |          5 |       0 |    0 |    351 |      0 |      0 |    0 |          0 |
|             g_q_skew[8].u_q_skew                                                          |             system_attention_0_0_fsa_delay_line__parameterized15_135 |          0 |          0 |       0 |    0 |     73 |      0 |      0 |    0 |          0 |
|             g_q_skew[9].u_pv_seed_skew                                                    |                 system_attention_0_0_fsa_delay_line__parameterized18 |          1 |          1 |       0 |    0 |    327 |      0 |      0 |    0 |          0 |
|             g_q_skew[9].u_q_skew                                                          |             system_attention_0_0_fsa_delay_line__parameterized17_136 |          0 |          0 |       0 |    0 |     81 |      0 |      0 |    0 |          0 |
|             g_stripe[0].u_stripe                                                          |                                   system_attention_0_0_fsa_stripe__1 |      65079 |      65079 |       0 |    0 |  62089 |      0 |      0 |    0 |        272 |
|               (g_stripe[0].u_stripe)                                                      |                                   system_attention_0_0_fsa_stripe__1 |        398 |        398 |       0 |    0 |   2205 |      0 |      0 |    0 |          0 |
|               g_clear_replica[0].u_clear_replica                                          |                             system_attention_0_0_fa_clear_replica__4 |          1 |          1 |       0 |    0 |      1 |      0 |      0 |    0 |          0 |
|               g_clear_replica[1].u_clear_replica                                          |                             system_attention_0_0_fa_clear_replica__5 |          1 |          1 |       0 |    0 |      1 |      0 |      0 |    0 |          0 |
|               g_clear_replica[2].u_clear_replica                                          |                             system_attention_0_0_fa_clear_replica__6 |          1 |          1 |       0 |    0 |      1 |      0 |      0 |    0 |          0 |
|               g_clear_replica[3].u_clear_replica                                          |                             system_attention_0_0_fa_clear_replica__7 |          1 |          1 |       0 |    0 |      1 |      0 |      0 |    0 |          0 |
|               g_pe_row[0].g_pe_col[0].u_pe                                                |                               system_attention_0_0_fsa_fused_pe_1758 |        341 |        341 |       0 |    0 |    138 |      0 |      0 |    0 |          1 |
|                 (g_pe_row[0].g_pe_col[0].u_pe)                                            |                               system_attention_0_0_fsa_fused_pe_1758 |        230 |        230 |       0 |    0 |    138 |      0 |      0 |    0 |          0 |
|                 u_shared_multiplier                                                       |                        system_attention_0_0_fa_signed_mult_comb_2278 |        112 |        112 |       0 |    0 |      0 |      0 |      0 |    0 |          1 |
|               g_pe_row[0].g_pe_col[10].u_pe                                               |                               system_attention_0_0_fsa_fused_pe_1759 |        216 |        216 |       0 |    0 |    171 |      0 |      0 |    0 |          1 |
|                 (g_pe_row[0].g_pe_col[10].u_pe)                                           |                               system_attention_0_0_fsa_fused_pe_1759 |        199 |        199 |       0 |    0 |    171 |      0 |      0 |    0 |          0 |
|                 u_shared_multiplier                                                       |                        system_attention_0_0_fa_signed_mult_comb_2277 |         18 |         18 |       0 |    0 |      0 |      0 |      0 |    0 |          1 |
|               g_pe_row[0].g_pe_col[11].u_pe                                               |                               system_attention_0_0_fsa_fused_pe_1760 |        216 |        216 |       0 |    0 |    172 |      0 |      0 |    0 |          1 |
|                 (g_pe_row[0].g_pe_col[11].u_pe)                                           |                               system_attention_0_0_fsa_fused_pe_1760 |        199 |        199 |       0 |    0 |    172 |      0 |      0 |    0 |          0 |
|                 u_shared_multiplier                                                       |                        system_attention_0_0_fa_signed_mult_comb_2276 |         18 |         18 |       0 |    0 |      0 |      0 |      0 |    0 |          1 |
|               g_pe_row[0].g_pe_col[12].u_pe                                               |                               system_attention_0_0_fsa_fused_pe_1761 |        733 |        733 |       0 |    0 |    172 |      0 |      0 |    0 |          1 |
|                 (g_pe_row[0].g_pe_col[12].u_pe)                                           |                               system_attention_0_0_fsa_fused_pe_1761 |        716 |        716 |       0 |    0 |    172 |      0 |      0 |    0 |          0 |
|                 u_shared_multiplier                                                       |                        system_attention_0_0_fa_signed_mult_comb_2275 |         18 |         18 |       0 |    0 |      0 |      0 |      0 |    0 |          1 |
|               g_pe_row[0].g_pe_col[13].u_pe                                               |                               system_attention_0_0_fsa_fused_pe_1762 |        217 |        217 |       0 |    0 |    171 |      0 |      0 |    0 |          1 |
|                 (g_pe_row[0].g_pe_col[13].u_pe)                                           |                               system_attention_0_0_fsa_fused_pe_1762 |        200 |        200 |       0 |    0 |    171 |      0 |      0 |    0 |          0 |
|                 u_shared_multiplier                                                       |                        system_attention_0_0_fa_signed_mult_comb_2274 |         18 |         18 |       0 |    0 |      0 |      0 |      0 |    0 |          1 |
|               g_pe_row[0].g_pe_col[14].u_pe                                               |                               system_attention_0_0_fsa_fused_pe_1763 |        231 |        231 |       0 |    0 |    172 |      0 |      0 |    0 |          1 |
|                 (g_pe_row[0].g_pe_col[14].u_pe)                                           |                               system_attention_0_0_fsa_fused_pe_1763 |        214 |        214 |       0 |    0 |    172 |      0 |      0 |    0 |          0 |
|                 u_shared_multiplier                                                       |                        system_attention_0_0_fa_signed_mult_comb_2273 |         18 |         18 |       0 |    0 |      0 |      0 |      0 |    0 |          1 |
|               g_pe_row[0].g_pe_col[15].u_pe                                               |                               system_attention_0_0_fsa_fused_pe_1764 |        216 |        216 |       0 |    0 |    172 |      0 |      0 |    0 |          1 |
|                 (g_pe_row[0].g_pe_col[15].u_pe)                                           |                               system_attention_0_0_fsa_fused_pe_1764 |        199 |        199 |       0 |    0 |    172 |      0 |      0 |    0 |          0 |
|                 u_shared_multiplier                                                       |                        system_attention_0_0_fa_signed_mult_comb_2272 |         18 |         18 |       0 |    0 |      0 |      0 |      0 |    0 |          1 |
|               g_pe_row[0].g_pe_col[16].u_pe                                               |                               system_attention_0_0_fsa_fused_pe_1765 |        216 |        216 |       0 |    0 |    172 |      0 |      0 |    0 |          1 |
|                 (g_pe_row[0].g_pe_col[16].u_pe)                                           |                               system_attention_0_0_fsa_fused_pe_1765 |        198 |        198 |       0 |    0 |    172 |      0 |      0 |    0 |          0 |
|                 u_shared_multiplier                                                       |                        system_attention_0_0_fa_signed_mult_comb_2271 |         18 |         18 |       0 |    0 |      0 |      0 |      0 |    0 |          1 |
|               g_pe_row[0].g_pe_col[17].u_pe                                               |                               system_attention_0_0_fsa_fused_pe_1766 |        471 |        471 |       0 |    0 |    171 |      0 |      0 |    0 |          1 |
|                 (g_pe_row[0].g_pe_col[17].u_pe)                                           |                               system_attention_0_0_fsa_fused_pe_1766 |        454 |        454 |       0 |    0 |    171 |      0 |      0 |    0 |          0 |
|                 u_shared_multiplier                                                       |                        system_attention_0_0_fa_signed_mult_comb_2270 |         18 |         18 |       0 |    0 |      0 |      0 |      0 |    0 |          1 |
|               g_pe_row[0].g_pe_col[18].u_pe                                               |                               system_attention_0_0_fsa_fused_pe_1767 |        216 |        216 |       0 |    0 |    172 |      0 |      0 |    0 |          1 |
|                 (g_pe_row[0].g_pe_col[18].u_pe)                                           |                               system_attention_0_0_fsa_fused_pe_1767 |        198 |        198 |       0 |    0 |    172 |      0 |      0 |    0 |          0 |
|                 u_shared_multiplier                                                       |                        system_attention_0_0_fa_signed_mult_comb_2269 |         18 |         18 |       0 |    0 |      0 |      0 |      0 |    0 |          1 |
|               g_pe_row[0].g_pe_col[19].u_pe                                               |                               system_attention_0_0_fsa_fused_pe_1768 |        216 |        216 |       0 |    0 |    172 |      0 |      0 |    0 |          1 |
|                 (g_pe_row[0].g_pe_col[19].u_pe)                                           |                               system_attention_0_0_fsa_fused_pe_1768 |        198 |        198 |       0 |    0 |    172 |      0 |      0 |    0 |          0 |
|                 u_shared_multiplier                                                       |                        system_attention_0_0_fa_signed_mult_comb_2268 |         18 |         18 |       0 |    0 |      0 |      0 |      0 |    0 |          1 |
|               g_pe_row[0].g_pe_col[1].u_pe                                                |                               system_attention_0_0_fsa_fused_pe_1769 |        485 |        485 |       0 |    0 |    172 |      0 |      0 |    0 |          1 |
|                 (g_pe_row[0].g_pe_col[1].u_pe)                                            |                               system_attention_0_0_fsa_fused_pe_1769 |        467 |        467 |       0 |    0 |    172 |      0 |      0 |    0 |          0 |
|                 u_shared_multiplier                                                       |                        system_attention_0_0_fa_signed_mult_comb_2267 |         18 |         18 |       0 |    0 |      0 |      0 |      0 |    0 |          1 |
|               g_pe_row[0].g_pe_col[20].u_pe                                               |                               system_attention_0_0_fsa_fused_pe_1770 |        743 |        743 |       0 |    0 |    173 |      0 |      0 |    0 |          1 |
|                 (g_pe_row[0].g_pe_col[20].u_pe)                                           |                               system_attention_0_0_fsa_fused_pe_1770 |        718 |        718 |       0 |    0 |    173 |      0 |      0 |    0 |          0 |
|                 u_shared_multiplier                                                       |                        system_attention_0_0_fa_signed_mult_comb_2266 |         25 |         25 |       0 |    0 |      0 |      0 |      0 |    0 |          1 |
|               g_pe_row[0].g_pe_col[21].u_pe                                               |                               system_attention_0_0_fsa_fused_pe_1771 |        222 |        222 |       0 |    0 |    171 |      0 |      0 |    0 |          1 |
|                 (g_pe_row[0].g_pe_col[21].u_pe)                                           |                               system_attention_0_0_fsa_fused_pe_1771 |        201 |        201 |       0 |    0 |    171 |      0 |      0 |    0 |          0 |
|                 u_shared_multiplier                                                       |                        system_attention_0_0_fa_signed_mult_comb_2265 |         21 |         21 |       0 |    0 |      0 |      0 |      0 |    0 |          1 |
|               g_pe_row[0].g_pe_col[22].u_pe                                               |                               system_attention_0_0_fsa_fused_pe_1772 |        229 |        229 |       0 |    0 |    172 |      0 |      0 |    0 |          1 |
|                 (g_pe_row[0].g_pe_col[22].u_pe)                                           |                               system_attention_0_0_fsa_fused_pe_1772 |        211 |        211 |       0 |    0 |    172 |      0 |      0 |    0 |          0 |
|                 u_shared_multiplier                                                       |                        system_attention_0_0_fa_signed_mult_comb_2264 |         18 |         18 |       0 |    0 |      0 |      0 |      0 |    0 |          1 |
|               g_pe_row[0].g_pe_col[23].u_pe                                               |                               system_attention_0_0_fsa_fused_pe_1773 |        210 |        210 |       0 |    0 |    173 |      0 |      0 |    0 |          1 |
|                 (g_pe_row[0].g_pe_col[23].u_pe)                                           |                               system_attention_0_0_fsa_fused_pe_1773 |        197 |        197 |       0 |    0 |    173 |      0 |      0 |    0 |          0 |
|                 u_shared_multiplier                                                       |                        system_attention_0_0_fa_signed_mult_comb_2263 |         14 |         14 |       0 |    0 |      0 |      0 |      0 |    0 |          1 |
|               g_pe_row[0].g_pe_col[24].u_pe                                               |                               system_attention_0_0_fsa_fused_pe_1774 |        225 |        225 |       0 |    0 |    173 |      0 |      0 |    0 |          1 |
|                 (g_pe_row[0].g_pe_col[24].u_pe)                                           |                               system_attention_0_0_fsa_fused_pe_1774 |        212 |        212 |       0 |    0 |    173 |      0 |      0 |    0 |          0 |
|                 u_shared_multiplier                                                       |                        system_attention_0_0_fa_signed_mult_comb_2262 |         14 |         14 |       0 |    0 |      0 |      0 |      0 |    0 |          1 |
|               g_pe_row[0].g_pe_col[25].u_pe                                               |                               system_attention_0_0_fsa_fused_pe_1775 |        465 |        465 |       0 |    0 |    172 |      0 |      0 |    0 |          1 |
|                 (g_pe_row[0].g_pe_col[25].u_pe)                                           |                               system_attention_0_0_fsa_fused_pe_1775 |        452 |        452 |       0 |    0 |    172 |      0 |      0 |    0 |          0 |
|                 u_shared_multiplier                                                       |                        system_attention_0_0_fa_signed_mult_comb_2261 |         14 |         14 |       0 |    0 |      0 |      0 |      0 |    0 |          1 |
|               g_pe_row[0].g_pe_col[26].u_pe                                               |                               system_attention_0_0_fsa_fused_pe_1776 |        235 |        235 |       0 |    0 |    170 |      0 |      0 |    0 |          1 |
|                 (g_pe_row[0].g_pe_col[26].u_pe)                                           |                               system_attention_0_0_fsa_fused_pe_1776 |        211 |        211 |       0 |    0 |    170 |      0 |      0 |    0 |          0 |
|                 u_shared_multiplier                                                       |                        system_attention_0_0_fa_signed_mult_comb_2260 |         24 |         24 |       0 |    0 |      0 |      0 |      0 |    0 |          1 |
|               g_pe_row[0].g_pe_col[27].u_pe                                               |                               system_attention_0_0_fsa_fused_pe_1777 |        214 |        214 |       0 |    0 |    170 |      0 |      0 |    0 |          1 |
|                 (g_pe_row[0].g_pe_col[27].u_pe)                                           |                               system_attention_0_0_fsa_fused_pe_1777 |        193 |        193 |       0 |    0 |    170 |      0 |      0 |    0 |          0 |
|                 u_shared_multiplier                                                       |                        system_attention_0_0_fa_signed_mult_comb_2259 |         21 |         21 |       0 |    0 |      0 |      0 |      0 |    0 |          1 |
|               g_pe_row[0].g_pe_col[28].u_pe                                               |                               system_attention_0_0_fsa_fused_pe_1778 |        738 |        738 |       0 |    0 |    170 |      0 |      0 |    0 |          1 |
|                 (g_pe_row[0].g_pe_col[28].u_pe)                                           |                               system_attention_0_0_fsa_fused_pe_1778 |        723 |        723 |       0 |    0 |    170 |      0 |      0 |    0 |          0 |
|                 u_shared_multiplier                                                       |                        system_attention_0_0_fa_signed_mult_comb_2258 |         16 |         16 |       0 |    0 |      0 |      0 |      0 |    0 |          1 |
|               g_pe_row[0].g_pe_col[29].u_pe                                               |                               system_attention_0_0_fsa_fused_pe_1779 |        217 |        217 |       0 |    0 |    172 |      0 |      0 |    0 |          1 |
|                 (g_pe_row[0].g_pe_col[29].u_pe)                                           |                               system_attention_0_0_fsa_fused_pe_1779 |        196 |        196 |       0 |    0 |    172 |      0 |      0 |    0 |          0 |
|                 u_shared_multiplier                                                       |                        system_attention_0_0_fa_signed_mult_comb_2257 |         21 |         21 |       0 |    0 |      0 |      0 |      0 |    0 |          1 |
|               g_pe_row[0].g_pe_col[2].u_pe                                                |                               system_attention_0_0_fsa_fused_pe_1780 |        227 |        227 |       0 |    0 |    172 |      0 |      0 |    0 |          1 |
|                 (g_pe_row[0].g_pe_col[2].u_pe)                                            |                               system_attention_0_0_fsa_fused_pe_1780 |        198 |        198 |       0 |    0 |    172 |      0 |      0 |    0 |          0 |
|                 u_shared_multiplier                                                       |                        system_attention_0_0_fa_signed_mult_comb_2256 |         30 |         30 |       0 |    0 |      0 |      0 |      0 |    0 |          1 |
|               g_pe_row[0].g_pe_col[30].u_pe                                               |                               system_attention_0_0_fsa_fused_pe_1781 |        225 |        225 |       0 |    0 |    172 |      0 |      0 |    0 |          1 |
|                 (g_pe_row[0].g_pe_col[30].u_pe)                                           |                               system_attention_0_0_fsa_fused_pe_1781 |        212 |        212 |       0 |    0 |    172 |      0 |      0 |    0 |          0 |
|                 u_shared_multiplier                                                       |                        system_attention_0_0_fa_signed_mult_comb_2255 |         14 |         14 |       0 |    0 |      0 |      0 |      0 |    0 |          1 |
|               g_pe_row[0].g_pe_col[31].u_pe                                               |                               system_attention_0_0_fsa_fused_pe_1782 |        112 |        112 |       0 |    0 |    162 |      0 |      0 |    0 |          1 |
|                 (g_pe_row[0].g_pe_col[31].u_pe)                                           |                               system_attention_0_0_fsa_fused_pe_1782 |        112 |        112 |       0 |    0 |    162 |      0 |      0 |    0 |          0 |
|                 u_shared_multiplier                                                       |                        system_attention_0_0_fa_signed_mult_comb_2254 |          0 |          0 |       0 |    0 |      0 |      0 |      0 |    0 |          1 |
|               g_pe_row[0].g_pe_col[3].u_pe                                                |                               system_attention_0_0_fsa_fused_pe_1783 |        216 |        216 |       0 |    0 |    172 |      0 |      0 |    0 |          1 |
|                 (g_pe_row[0].g_pe_col[3].u_pe)                                            |                               system_attention_0_0_fsa_fused_pe_1783 |        198 |        198 |       0 |    0 |    172 |      0 |      0 |    0 |          0 |
|                 u_shared_multiplier                                                       |                        system_attention_0_0_fa_signed_mult_comb_2253 |         18 |         18 |       0 |    0 |      0 |      0 |      0 |    0 |          1 |
|               g_pe_row[0].g_pe_col[4].u_pe                                                |                               system_attention_0_0_fsa_fused_pe_1784 |        697 |        697 |       0 |    0 |    172 |      0 |      0 |    0 |          1 |
|                 (g_pe_row[0].g_pe_col[4].u_pe)                                            |                               system_attention_0_0_fsa_fused_pe_1784 |        680 |        680 |       0 |    0 |    172 |      0 |      0 |    0 |          0 |
|                 u_shared_multiplier                                                       |                        system_attention_0_0_fa_signed_mult_comb_2252 |         18 |         18 |       0 |    0 |      0 |      0 |      0 |    0 |          1 |
|               g_pe_row[0].g_pe_col[5].u_pe                                                |                               system_attention_0_0_fsa_fused_pe_1785 |        218 |        218 |       0 |    0 |    171 |      0 |      0 |    0 |          1 |
|                 (g_pe_row[0].g_pe_col[5].u_pe)                                            |                               system_attention_0_0_fsa_fused_pe_1785 |        201 |        201 |       0 |    0 |    171 |      0 |      0 |    0 |          0 |
|                 u_shared_multiplier                                                       |                        system_attention_0_0_fa_signed_mult_comb_2251 |         18 |         18 |       0 |    0 |      0 |      0 |      0 |    0 |          1 |
|               g_pe_row[0].g_pe_col[6].u_pe                                                |                               system_attention_0_0_fsa_fused_pe_1786 |        263 |        263 |       0 |    0 |    170 |      0 |      0 |    0 |          1 |
|                 (g_pe_row[0].g_pe_col[6].u_pe)                                            |                               system_attention_0_0_fsa_fused_pe_1786 |        246 |        246 |       0 |    0 |    170 |      0 |      0 |    0 |          0 |
|                 u_shared_multiplier                                                       |                        system_attention_0_0_fa_signed_mult_comb_2250 |         18 |         18 |       0 |    0 |      0 |      0 |      0 |    0 |          1 |
|               g_pe_row[0].g_pe_col[7].u_pe                                                |                               system_attention_0_0_fsa_fused_pe_1787 |        214 |        214 |       0 |    0 |    174 |      0 |      0 |    0 |          1 |
|                 (g_pe_row[0].g_pe_col[7].u_pe)                                            |                               system_attention_0_0_fsa_fused_pe_1787 |        197 |        197 |       0 |    0 |    174 |      0 |      0 |    0 |          0 |
|                 u_shared_multiplier                                                       |                        system_attention_0_0_fa_signed_mult_comb_2249 |         18 |         18 |       0 |    0 |      0 |      0 |      0 |    0 |          1 |
|               g_pe_row[0].g_pe_col[8].u_pe                                                |                               system_attention_0_0_fsa_fused_pe_1788 |        218 |        218 |       0 |    0 |    173 |      0 |      0 |    0 |          1 |
|                 (g_pe_row[0].g_pe_col[8].u_pe)                                            |                               system_attention_0_0_fsa_fused_pe_1788 |        200 |        200 |       0 |    0 |    173 |      0 |      0 |    0 |          0 |
|                 u_shared_multiplier                                                       |                        system_attention_0_0_fa_signed_mult_comb_2248 |         18 |         18 |       0 |    0 |      0 |      0 |      0 |    0 |          1 |
|               g_pe_row[0].g_pe_col[9].u_pe                                                |                               system_attention_0_0_fsa_fused_pe_1789 |        474 |        474 |       0 |    0 |    172 |      0 |      0 |    0 |          1 |
|                 (g_pe_row[0].g_pe_col[9].u_pe)                                            |                               system_attention_0_0_fsa_fused_pe_1789 |        456 |        456 |       0 |    0 |    172 |      0 |      0 |    0 |          0 |
|                 u_shared_multiplier                                                       |                        system_attention_0_0_fa_signed_mult_comb_2247 |         18 |         18 |       0 |    0 |      0 |      0 |      0 |    0 |          1 |
|               g_pe_row[1].g_pe_col[0].u_pe                                                |                               system_attention_0_0_fsa_fused_pe_1790 |        353 |        353 |       0 |    0 |    137 |      0 |      0 |    0 |          1 |
|                 (g_pe_row[1].g_pe_col[0].u_pe)                                            |                               system_attention_0_0_fsa_fused_pe_1790 |        245 |        245 |       0 |    0 |    137 |      0 |      0 |    0 |          0 |
|                 u_shared_multiplier                                                       |                        system_attention_0_0_fa_signed_mult_comb_2246 |        108 |        108 |       0 |    0 |      0 |      0 |      0 |    0 |          1 |
|               g_pe_row[1].g_pe_col[10].u_pe                                               |                               system_attention_0_0_fsa_fused_pe_1791 |        213 |        213 |       0 |    0 |    170 |      0 |      0 |    0 |          1 |
|                 (g_pe_row[1].g_pe_col[10].u_pe)                                           |                               system_attention_0_0_fsa_fused_pe_1791 |        195 |        195 |       0 |    0 |    170 |      0 |      0 |    0 |          0 |
|                 u_shared_multiplier                                                       |                        system_attention_0_0_fa_signed_mult_comb_2245 |         18 |         18 |       0 |    0 |      0 |      0 |      0 |    0 |          1 |
|               g_pe_row[1].g_pe_col[11].u_pe                                               |                               system_attention_0_0_fsa_fused_pe_1792 |        215 |        215 |       0 |    0 |    170 |      0 |      0 |    0 |          1 |
|                 (g_pe_row[1].g_pe_col[11].u_pe)                                           |                               system_attention_0_0_fsa_fused_pe_1792 |        196 |        196 |       0 |    0 |    170 |      0 |      0 |    0 |          0 |
|                 u_shared_multiplier                                                       |                        system_attention_0_0_fa_signed_mult_comb_2244 |         19 |         19 |       0 |    0 |      0 |      0 |      0 |    0 |          1 |
|               g_pe_row[1].g_pe_col[12].u_pe                                               |                               system_attention_0_0_fsa_fused_pe_1793 |        216 |        216 |       0 |    0 |    170 |      0 |      0 |    0 |          1 |
|                 (g_pe_row[1].g_pe_col[12].u_pe)                                           |                               system_attention_0_0_fsa_fused_pe_1793 |        196 |        196 |       0 |    0 |    170 |      0 |      0 |    0 |          0 |
|                 u_shared_multiplier                                                       |                        system_attention_0_0_fa_signed_mult_comb_2243 |         20 |         20 |       0 |    0 |      0 |      0 |      0 |    0 |          1 |
|               g_pe_row[1].g_pe_col[13].u_pe                                               |                               system_attention_0_0_fsa_fused_pe_1794 |        216 |        216 |       0 |    0 |    170 |      0 |      0 |    0 |          1 |
|                 (g_pe_row[1].g_pe_col[13].u_pe)                                           |                               system_attention_0_0_fsa_fused_pe_1794 |        196 |        196 |       0 |    0 |    170 |      0 |      0 |    0 |          0 |
|                 u_shared_multiplier                                                       |                        system_attention_0_0_fa_signed_mult_comb_2242 |         20 |         20 |       0 |    0 |      0 |      0 |      0 |    0 |          1 |
|               g_pe_row[1].g_pe_col[14].u_pe                                               |                               system_attention_0_0_fsa_fused_pe_1795 |        228 |        228 |       0 |    0 |    170 |      0 |      0 |    0 |          1 |
|                 (g_pe_row[1].g_pe_col[14].u_pe)                                           |                               system_attention_0_0_fsa_fused_pe_1795 |        211 |        211 |       0 |    0 |    170 |      0 |      0 |    0 |          0 |
|                 u_shared_multiplier                                                       |                        system_attention_0_0_fa_signed_mult_comb_2241 |         18 |         18 |       0 |    0 |      0 |      0 |      0 |    0 |          1 |
|               g_pe_row[1].g_pe_col[15].u_pe                                               |                               system_attention_0_0_fsa_fused_pe_1796 |        212 |        212 |       0 |    0 |    170 |      0 |      0 |    0 |          1 |
|                 (g_pe_row[1].g_pe_col[15].u_pe)                                           |                               system_attention_0_0_fsa_fused_pe_1796 |        195 |        195 |       0 |    0 |    170 |      0 |      0 |    0 |          0 |
|                 u_shared_multiplier                                                       |                        system_attention_0_0_fa_signed_mult_comb_2240 |         18 |         18 |       0 |    0 |      0 |      0 |      0 |    0 |          1 |
|               g_pe_row[1].g_pe_col[16].u_pe                                               |                               system_attention_0_0_fsa_fused_pe_1797 |        212 |        212 |       0 |    0 |    170 |      0 |      0 |    0 |          1 |
|                 (g_pe_row[1].g_pe_col[16].u_pe)                                           |                               system_attention_0_0_fsa_fused_pe_1797 |        195 |        195 |       0 |    0 |    170 |      0 |      0 |    0 |          0 |
|                 u_shared_multiplier                                                       |                        system_attention_0_0_fa_signed_mult_comb_2239 |         18 |         18 |       0 |    0 |      0 |      0 |      0 |    0 |          1 |
|               g_pe_row[1].g_pe_col[17].u_pe                                               |                               system_attention_0_0_fsa_fused_pe_1798 |        212 |        212 |       0 |    0 |    170 |      0 |      0 |    0 |          1 |
|                 (g_pe_row[1].g_pe_col[17].u_pe)                                           |                               system_attention_0_0_fsa_fused_pe_1798 |        195 |        195 |       0 |    0 |    170 |      0 |      0 |    0 |          0 |
|                 u_shared_multiplier                                                       |                        system_attention_0_0_fa_signed_mult_comb_2238 |         18 |         18 |       0 |    0 |      0 |      0 |      0 |    0 |          1 |
|               g_pe_row[1].g_pe_col[18].u_pe                                               |                               system_attention_0_0_fsa_fused_pe_1799 |        212 |        212 |       0 |    0 |    170 |      0 |      0 |    0 |          1 |
|                 (g_pe_row[1].g_pe_col[18].u_pe)                                           |                               system_attention_0_0_fsa_fused_pe_1799 |        195 |        195 |       0 |    0 |    170 |      0 |      0 |    0 |          0 |
|                 u_shared_multiplier                                                       |                        system_attention_0_0_fa_signed_mult_comb_2237 |         18 |         18 |       0 |    0 |      0 |      0 |      0 |    0 |          1 |
|               g_pe_row[1].g_pe_col[19].u_pe                                               |                               system_attention_0_0_fsa_fused_pe_1800 |        212 |        212 |       0 |    0 |    170 |      0 |      0 |    0 |          1 |
|                 (g_pe_row[1].g_pe_col[19].u_pe)                                           |                               system_attention_0_0_fsa_fused_pe_1800 |        195 |        195 |       0 |    0 |    170 |      0 |      0 |    0 |          0 |
|                 u_shared_multiplier                                                       |                        system_attention_0_0_fa_signed_mult_comb_2236 |         18 |         18 |       0 |    0 |      0 |      0 |      0 |    0 |          1 |
|               g_pe_row[1].g_pe_col[1].u_pe                                                |                               system_attention_0_0_fsa_fused_pe_1801 |        242 |        242 |       0 |    0 |    170 |      0 |      0 |    0 |          1 |
|                 (g_pe_row[1].g_pe_col[1].u_pe)                                            |                               system_attention_0_0_fsa_fused_pe_1801 |        222 |        222 |       0 |    0 |    170 |      0 |      0 |    0 |          0 |
|                 u_shared_multiplier                                                       |                        system_attention_0_0_fa_signed_mult_comb_2235 |         20 |         20 |       0 |    0 |      0 |      0 |      0 |    0 |          1 |
|               g_pe_row[1].g_pe_col[20].u_pe                                               |                               system_attention_0_0_fsa_fused_pe_1802 |        212 |        212 |       0 |    0 |    170 |      0 |      0 |    0 |          1 |
|                 (g_pe_row[1].g_pe_col[20].u_pe)                                           |                               system_attention_0_0_fsa_fused_pe_1802 |        195 |        195 |       0 |    0 |    170 |      0 |      0 |    0 |          0 |
|                 u_shared_multiplier                                                       |                        system_attention_0_0_fa_signed_mult_comb_2234 |         18 |         18 |       0 |    0 |      0 |      0 |      0 |    0 |          1 |
|               g_pe_row[1].g_pe_col[21].u_pe                                               |                               system_attention_0_0_fsa_fused_pe_1803 |        212 |        212 |       0 |    0 |    170 |      0 |      0 |    0 |          1 |
|                 (g_pe_row[1].g_pe_col[21].u_pe)                                           |                               system_attention_0_0_fsa_fused_pe_1803 |        195 |        195 |       0 |    0 |    170 |      0 |      0 |    0 |          0 |
|                 u_shared_multiplier                                                       |                        system_attention_0_0_fa_signed_mult_comb_2233 |         18 |         18 |       0 |    0 |      0 |      0 |      0 |    0 |          1 |
|               g_pe_row[1].g_pe_col[22].u_pe                                               |                               system_attention_0_0_fsa_fused_pe_1804 |        228 |        228 |       0 |    0 |    170 |      0 |      0 |    0 |          1 |
|                 (g_pe_row[1].g_pe_col[22].u_pe)                                           |                               system_attention_0_0_fsa_fused_pe_1804 |        211 |        211 |       0 |    0 |    170 |      0 |      0 |    0 |          0 |
|                 u_shared_multiplier                                                       |                        system_attention_0_0_fa_signed_mult_comb_2232 |         18 |         18 |       0 |    0 |      0 |      0 |      0 |    0 |          1 |
|               g_pe_row[1].g_pe_col[23].u_pe                                               |                               system_attention_0_0_fsa_fused_pe_1805 |        212 |        212 |       0 |    0 |    170 |      0 |      0 |    0 |          1 |
|                 (g_pe_row[1].g_pe_col[23].u_pe)                                           |                               system_attention_0_0_fsa_fused_pe_1805 |        195 |        195 |       0 |    0 |    170 |      0 |      0 |    0 |          0 |
|                 u_shared_multiplier                                                       |                        system_attention_0_0_fa_signed_mult_comb_2231 |         18 |         18 |       0 |    0 |      0 |      0 |      0 |    0 |          1 |
|               g_pe_row[1].g_pe_col[24].u_pe                                               |                               system_attention_0_0_fsa_fused_pe_1806 |        212 |        212 |       0 |    0 |    170 |      0 |      0 |    0 |          1 |
|                 (g_pe_row[1].g_pe_col[24].u_pe)                                           |                               system_attention_0_0_fsa_fused_pe_1806 |        195 |        195 |       0 |    0 |    170 |      0 |      0 |    0 |          0 |
|                 u_shared_multiplier                                                       |                        system_attention_0_0_fa_signed_mult_comb_2230 |         18 |         18 |       0 |    0 |      0 |      0 |      0 |    0 |          1 |
|               g_pe_row[1].g_pe_col[25].u_pe                                               |                               system_attention_0_0_fsa_fused_pe_1807 |        212 |        212 |       0 |    0 |    170 |      0 |      0 |    0 |          1 |
|                 (g_pe_row[1].g_pe_col[25].u_pe)                                           |                               system_attention_0_0_fsa_fused_pe_1807 |        195 |        195 |       0 |    0 |    170 |      0 |      0 |    0 |          0 |
|                 u_shared_multiplier                                                       |                        system_attention_0_0_fa_signed_mult_comb_2229 |         18 |         18 |       0 |    0 |      0 |      0 |      0 |    0 |          1 |
|               g_pe_row[1].g_pe_col[26].u_pe                                               |                               system_attention_0_0_fsa_fused_pe_1808 |        212 |        212 |       0 |    0 |    170 |      0 |      0 |    0 |          1 |
|                 (g_pe_row[1].g_pe_col[26].u_pe)                                           |                               system_attention_0_0_fsa_fused_pe_1808 |        195 |        195 |       0 |    0 |    170 |      0 |      0 |    0 |          0 |
|                 u_shared_multiplier                                                       |                        system_attention_0_0_fa_signed_mult_comb_2228 |         18 |         18 |       0 |    0 |      0 |      0 |      0 |    0 |          1 |
|               g_pe_row[1].g_pe_col[27].u_pe                                               |                               system_attention_0_0_fsa_fused_pe_1809 |        212 |        212 |       0 |    0 |    170 |      0 |      0 |    0 |          1 |
|                 (g_pe_row[1].g_pe_col[27].u_pe)                                           |                               system_attention_0_0_fsa_fused_pe_1809 |        195 |        195 |       0 |    0 |    170 |      0 |      0 |    0 |          0 |
|                 u_shared_multiplier                                                       |                        system_attention_0_0_fa_signed_mult_comb_2227 |         18 |         18 |       0 |    0 |      0 |      0 |      0 |    0 |          1 |
|               g_pe_row[1].g_pe_col[28].u_pe                                               |                               system_attention_0_0_fsa_fused_pe_1810 |        213 |        213 |       0 |    0 |    170 |      0 |      0 |    0 |          1 |
|                 (g_pe_row[1].g_pe_col[28].u_pe)                                           |                               system_attention_0_0_fsa_fused_pe_1810 |        195 |        195 |       0 |    0 |    170 |      0 |      0 |    0 |          0 |
|                 u_shared_multiplier                                                       |                        system_attention_0_0_fa_signed_mult_comb_2226 |         18 |         18 |       0 |    0 |      0 |      0 |      0 |    0 |          1 |
|               g_pe_row[1].g_pe_col[29].u_pe                                               |                               system_attention_0_0_fsa_fused_pe_1811 |        212 |        212 |       0 |    0 |    170 |      0 |      0 |    0 |          1 |
|                 (g_pe_row[1].g_pe_col[29].u_pe)                                           |                               system_attention_0_0_fsa_fused_pe_1811 |        195 |        195 |       0 |    0 |    170 |      0 |      0 |    0 |          0 |
|                 u_shared_multiplier                                                       |                        system_attention_0_0_fa_signed_mult_comb_2225 |         18 |         18 |       0 |    0 |      0 |      0 |      0 |    0 |          1 |
|               g_pe_row[1].g_pe_col[2].u_pe                                                |                               system_attention_0_0_fsa_fused_pe_1812 |        216 |        216 |       0 |    0 |    170 |      0 |      0 |    0 |          1 |
|                 (g_pe_row[1].g_pe_col[2].u_pe)                                            |                               system_attention_0_0_fsa_fused_pe_1812 |        197 |        197 |       0 |    0 |    170 |      0 |      0 |    0 |          0 |
|                 u_shared_multiplier                                                       |                        system_attention_0_0_fa_signed_mult_comb_2224 |         19 |         19 |       0 |    0 |      0 |      0 |      0 |    0 |          1 |
|               g_pe_row[1].g_pe_col[30].u_pe                                               |                               system_attention_0_0_fsa_fused_pe_1813 |        247 |        247 |       0 |    0 |    170 |      0 |      0 |    0 |          1 |
|                 (g_pe_row[1].g_pe_col[30].u_pe)                                           |                               system_attention_0_0_fsa_fused_pe_1813 |        217 |        217 |       0 |    0 |    170 |      0 |      0 |    0 |          0 |
|                 u_shared_multiplier                                                       |                        system_attention_0_0_fa_signed_mult_comb_2223 |         30 |         30 |       0 |    0 |      0 |      0 |      0 |    0 |          1 |
|               g_pe_row[1].g_pe_col[31].u_pe                                               |                               system_attention_0_0_fsa_fused_pe_1814 |        124 |        124 |       0 |    0 |    161 |      0 |      0 |    0 |          1 |
|                 (g_pe_row[1].g_pe_col[31].u_pe)                                           |                               system_attention_0_0_fsa_fused_pe_1814 |        115 |        115 |       0 |    0 |    161 |      0 |      0 |    0 |          0 |
|                 u_shared_multiplier                                                       |                        system_attention_0_0_fa_signed_mult_comb_2222 |          9 |          9 |       0 |    0 |      0 |      0 |      0 |    0 |          1 |
|               g_pe_row[1].g_pe_col[3].u_pe                                                |                               system_attention_0_0_fsa_fused_pe_1815 |        212 |        212 |       0 |    0 |    170 |      0 |      0 |    0 |          1 |
|                 (g_pe_row[1].g_pe_col[3].u_pe)                                            |                               system_attention_0_0_fsa_fused_pe_1815 |        195 |        195 |       0 |    0 |    170 |      0 |      0 |    0 |          0 |
|                 u_shared_multiplier                                                       |                        system_attention_0_0_fa_signed_mult_comb_2221 |         18 |         18 |       0 |    0 |      0 |      0 |      0 |    0 |          1 |
|               g_pe_row[1].g_pe_col[4].u_pe                                                |                               system_attention_0_0_fsa_fused_pe_1816 |        215 |        215 |       0 |    0 |    170 |      0 |      0 |    0 |          1 |
|                 (g_pe_row[1].g_pe_col[4].u_pe)                                            |                               system_attention_0_0_fsa_fused_pe_1816 |        196 |        196 |       0 |    0 |    170 |      0 |      0 |    0 |          0 |
|                 u_shared_multiplier                                                       |                        system_attention_0_0_fa_signed_mult_comb_2220 |         20 |         20 |       0 |    0 |      0 |      0 |      0 |    0 |          1 |
|               g_pe_row[1].g_pe_col[5].u_pe                                                |                               system_attention_0_0_fsa_fused_pe_1817 |        220 |        220 |       0 |    0 |    170 |      0 |      0 |    0 |          1 |
|                 (g_pe_row[1].g_pe_col[5].u_pe)                                            |                               system_attention_0_0_fsa_fused_pe_1817 |        196 |        196 |       0 |    0 |    170 |      0 |      0 |    0 |          0 |
|                 u_shared_multiplier                                                       |                        system_attention_0_0_fa_signed_mult_comb_2219 |         24 |         24 |       0 |    0 |      0 |      0 |      0 |    0 |          1 |
|               g_pe_row[1].g_pe_col[6].u_pe                                                |                               system_attention_0_0_fsa_fused_pe_1818 |        233 |        233 |       0 |    0 |    170 |      0 |      0 |    0 |          1 |
|                 (g_pe_row[1].g_pe_col[6].u_pe)                                            |                               system_attention_0_0_fsa_fused_pe_1818 |        212 |        212 |       0 |    0 |    170 |      0 |      0 |    0 |          0 |
|                 u_shared_multiplier                                                       |                        system_attention_0_0_fa_signed_mult_comb_2218 |         21 |         21 |       0 |    0 |      0 |      0 |      0 |    0 |          1 |
|               g_pe_row[1].g_pe_col[7].u_pe                                                |                               system_attention_0_0_fsa_fused_pe_1819 |        217 |        217 |       0 |    0 |    170 |      0 |      0 |    0 |          1 |
|                 (g_pe_row[1].g_pe_col[7].u_pe)                                            |                               system_attention_0_0_fsa_fused_pe_1819 |        196 |        196 |       0 |    0 |    170 |      0 |      0 |    0 |          0 |
|                 u_shared_multiplier                                                       |                        system_attention_0_0_fa_signed_mult_comb_2217 |         21 |         21 |       0 |    0 |      0 |      0 |      0 |    0 |          1 |
|               g_pe_row[1].g_pe_col[8].u_pe                                                |                               system_attention_0_0_fsa_fused_pe_1820 |        216 |        216 |       0 |    0 |    170 |      0 |      0 |    0 |          1 |
|                 (g_pe_row[1].g_pe_col[8].u_pe)                                            |                               system_attention_0_0_fsa_fused_pe_1820 |        196 |        196 |       0 |    0 |    170 |      0 |      0 |    0 |          0 |
|                 u_shared_multiplier                                                       |                        system_attention_0_0_fa_signed_mult_comb_2216 |         20 |         20 |       0 |    0 |      0 |      0 |      0 |    0 |          1 |
|               g_pe_row[1].g_pe_col[9].u_pe                                                |                               system_attention_0_0_fsa_fused_pe_1821 |        215 |        215 |       0 |    0 |    170 |      0 |      0 |    0 |          1 |
|                 (g_pe_row[1].g_pe_col[9].u_pe)                                            |                               system_attention_0_0_fsa_fused_pe_1821 |        196 |        196 |       0 |    0 |    170 |      0 |      0 |    0 |          0 |
|                 u_shared_multiplier                                                       |                        system_attention_0_0_fa_signed_mult_comb_2215 |         19 |         19 |       0 |    0 |      0 |      0 |      0 |    0 |          1 |
|               g_pe_row[2].g_pe_col[0].u_pe                                                |                               system_attention_0_0_fsa_fused_pe_1822 |        281 |        281 |       0 |    0 |    137 |      0 |      0 |    0 |          1 |
|                 (g_pe_row[2].g_pe_col[0].u_pe)                                            |                               system_attention_0_0_fsa_fused_pe_1822 |        225 |        225 |       0 |    0 |    137 |      0 |      0 |    0 |          0 |
|                 u_shared_multiplier                                                       |                        system_attention_0_0_fa_signed_mult_comb_2214 |         56 |         56 |       0 |    0 |      0 |      0 |      0 |    0 |          1 |
|               g_pe_row[2].g_pe_col[10].u_pe                                               |                               system_attention_0_0_fsa_fused_pe_1823 |        204 |        204 |       0 |    0 |    170 |      0 |      0 |    0 |          1 |
|                 (g_pe_row[2].g_pe_col[10].u_pe)                                           |                               system_attention_0_0_fsa_fused_pe_1823 |        190 |        190 |       0 |    0 |    170 |      0 |      0 |    0 |          0 |
|                 u_shared_multiplier                                                       |                        system_attention_0_0_fa_signed_mult_comb_2213 |         14 |         14 |       0 |    0 |      0 |      0 |      0 |    0 |          1 |
|               g_pe_row[2].g_pe_col[11].u_pe                                               |                               system_attention_0_0_fsa_fused_pe_1824 |        221 |        221 |       0 |    0 |    170 |      0 |      0 |    0 |          1 |
|                 (g_pe_row[2].g_pe_col[11].u_pe)                                           |                               system_attention_0_0_fsa_fused_pe_1824 |        207 |        207 |       0 |    0 |    170 |      0 |      0 |    0 |          0 |
|                 u_shared_multiplier                                                       |                        system_attention_0_0_fa_signed_mult_comb_2212 |         14 |         14 |       0 |    0 |      0 |      0 |      0 |    0 |          1 |
|               g_pe_row[2].g_pe_col[12].u_pe                                               |                               system_attention_0_0_fsa_fused_pe_1825 |        221 |        221 |       0 |    0 |    170 |      0 |      0 |    0 |          1 |
|                 (g_pe_row[2].g_pe_col[12].u_pe)                                           |                               system_attention_0_0_fsa_fused_pe_1825 |        208 |        208 |       0 |    0 |    170 |      0 |      0 |    0 |          0 |
|                 u_shared_multiplier                                                       |                        system_attention_0_0_fa_signed_mult_comb_2211 |         14 |         14 |       0 |    0 |      0 |      0 |      0 |    0 |          1 |
|               g_pe_row[2].g_pe_col[13].u_pe                                               |                               system_attention_0_0_fsa_fused_pe_1826 |        221 |        221 |       0 |    0 |    170 |      0 |      0 |    0 |          1 |
|                 (g_pe_row[2].g_pe_col[13].u_pe)                                           |                               system_attention_0_0_fsa_fused_pe_1826 |        207 |        207 |       0 |    0 |    170 |      0 |      0 |    0 |          0 |
|                 u_shared_multiplier                                                       |                        system_attention_0_0_fa_signed_mult_comb_2210 |         14 |         14 |       0 |    0 |      0 |      0 |      0 |    0 |          1 |
|               g_pe_row[2].g_pe_col[14].u_pe                                               |                               system_attention_0_0_fsa_fused_pe_1827 |        236 |        236 |       0 |    0 |    170 |      0 |      0 |    0 |          1 |
|                 (g_pe_row[2].g_pe_col[14].u_pe)                                           |                               system_attention_0_0_fsa_fused_pe_1827 |        223 |        223 |       0 |    0 |    170 |      0 |      0 |    0 |          0 |
|                 u_shared_multiplier                                                       |                        system_attention_0_0_fa_signed_mult_comb_2209 |         14 |         14 |       0 |    0 |      0 |      0 |      0 |    0 |          1 |
|               g_pe_row[2].g_pe_col[15].u_pe                                               |                               system_attention_0_0_fsa_fused_pe_1828 |        220 |        220 |       0 |    0 |    170 |      0 |      0 |    0 |          1 |
|                 (g_pe_row[2].g_pe_col[15].u_pe)                                           |                               system_attention_0_0_fsa_fused_pe_1828 |        207 |        207 |       0 |    0 |    170 |      0 |      0 |    0 |          0 |
|                 u_shared_multiplier                                                       |                        system_attention_0_0_fa_signed_mult_comb_2208 |         14 |         14 |       0 |    0 |      0 |      0 |      0 |    0 |          1 |
|               g_pe_row[2].g_pe_col[16].u_pe                                               |                               system_attention_0_0_fsa_fused_pe_1829 |        220 |        220 |       0 |    0 |    170 |      0 |      0 |    0 |          1 |
|                 (g_pe_row[2].g_pe_col[16].u_pe)                                           |                               system_attention_0_0_fsa_fused_pe_1829 |        207 |        207 |       0 |    0 |    170 |      0 |      0 |    0 |          0 |
|                 u_shared_multiplier                                                       |                        system_attention_0_0_fa_signed_mult_comb_2207 |         14 |         14 |       0 |    0 |      0 |      0 |      0 |    0 |          1 |
|               g_pe_row[2].g_pe_col[17].u_pe                                               |                               system_attention_0_0_fsa_fused_pe_1830 |        207 |        207 |       0 |    0 |    170 |      0 |      0 |    0 |          1 |
|                 (g_pe_row[2].g_pe_col[17].u_pe)                                           |                               system_attention_0_0_fsa_fused_pe_1830 |        194 |        194 |       0 |    0 |    170 |      0 |      0 |    0 |          0 |
|                 u_shared_multiplier                                                       |                        system_attention_0_0_fa_signed_mult_comb_2206 |         14 |         14 |       0 |    0 |      0 |      0 |      0 |    0 |          1 |
|               g_pe_row[2].g_pe_col[18].u_pe                                               |                               system_attention_0_0_fsa_fused_pe_1831 |        222 |        222 |       0 |    0 |    170 |      0 |      0 |    0 |          1 |
|                 (g_pe_row[2].g_pe_col[18].u_pe)                                           |                               system_attention_0_0_fsa_fused_pe_1831 |        196 |        196 |       0 |    0 |    170 |      0 |      0 |    0 |          0 |
|                 u_shared_multiplier                                                       |                        system_attention_0_0_fa_signed_mult_comb_2205 |         26 |         26 |       0 |    0 |      0 |      0 |      0 |    0 |          1 |
|               g_pe_row[2].g_pe_col[19].u_pe                                               |                               system_attention_0_0_fsa_fused_pe_1832 |        216 |        216 |       0 |    0 |    170 |      0 |      0 |    0 |          1 |
|                 (g_pe_row[2].g_pe_col[19].u_pe)                                           |                               system_attention_0_0_fsa_fused_pe_1832 |        195 |        195 |       0 |    0 |    170 |      0 |      0 |    0 |          0 |
|                 u_shared_multiplier                                                       |                        system_attention_0_0_fa_signed_mult_comb_2204 |         22 |         22 |       0 |    0 |      0 |      0 |      0 |    0 |          1 |
|               g_pe_row[2].g_pe_col[1].u_pe                                                |                               system_attention_0_0_fsa_fused_pe_1833 |        318 |        318 |       0 |    0 |    170 |      0 |      0 |    0 |          1 |
|                 (g_pe_row[2].g_pe_col[1].u_pe)                                            |                               system_attention_0_0_fsa_fused_pe_1833 |        304 |        304 |       0 |    0 |    170 |      0 |      0 |    0 |          0 |
|                 u_shared_multiplier                                                       |                        system_attention_0_0_fa_signed_mult_comb_2203 |         14 |         14 |       0 |    0 |      0 |      0 |      0 |    0 |          1 |
|               g_pe_row[2].g_pe_col[20].u_pe                                               |                               system_attention_0_0_fsa_fused_pe_1834 |        212 |        212 |       0 |    0 |    170 |      0 |      0 |    0 |          1 |
|                 (g_pe_row[2].g_pe_col[20].u_pe)                                           |                               system_attention_0_0_fsa_fused_pe_1834 |        195 |        195 |       0 |    0 |    170 |      0 |      0 |    0 |          0 |
|                 u_shared_multiplier                                                       |                        system_attention_0_0_fa_signed_mult_comb_2202 |         18 |         18 |       0 |    0 |      0 |      0 |      0 |    0 |          1 |
|               g_pe_row[2].g_pe_col[21].u_pe                                               |                               system_attention_0_0_fsa_fused_pe_1835 |        213 |        213 |       0 |    0 |    170 |      0 |      0 |    0 |          1 |
|                 (g_pe_row[2].g_pe_col[21].u_pe)                                           |                               system_attention_0_0_fsa_fused_pe_1835 |        195 |        195 |       0 |    0 |    170 |      0 |      0 |    0 |          0 |
|                 u_shared_multiplier                                                       |                        system_attention_0_0_fa_signed_mult_comb_2201 |         18 |         18 |       0 |    0 |      0 |      0 |      0 |    0 |          1 |
|               g_pe_row[2].g_pe_col[22].u_pe                                               |                               system_attention_0_0_fsa_fused_pe_1836 |        228 |        228 |       0 |    0 |    170 |      0 |      0 |    0 |          1 |
|                 (g_pe_row[2].g_pe_col[22].u_pe)                                           |                               system_attention_0_0_fsa_fused_pe_1836 |        211 |        211 |       0 |    0 |    170 |      0 |      0 |    0 |          0 |
|                 u_shared_multiplier                                                       |                        system_attention_0_0_fa_signed_mult_comb_2200 |         18 |         18 |       0 |    0 |      0 |      0 |      0 |    0 |          1 |
|               g_pe_row[2].g_pe_col[23].u_pe                                               |                               system_attention_0_0_fsa_fused_pe_1837 |        218 |        218 |       0 |    0 |    170 |      0 |      0 |    0 |          1 |
|                 (g_pe_row[2].g_pe_col[23].u_pe)                                           |                               system_attention_0_0_fsa_fused_pe_1837 |        196 |        196 |       0 |    0 |    170 |      0 |      0 |    0 |          0 |
|                 u_shared_multiplier                                                       |                        system_attention_0_0_fa_signed_mult_comb_2199 |         22 |         22 |       0 |    0 |      0 |      0 |      0 |    0 |          1 |
|               g_pe_row[2].g_pe_col[24].u_pe                                               |                               system_attention_0_0_fsa_fused_pe_1838 |        214 |        214 |       0 |    0 |    170 |      0 |      0 |    0 |          1 |
|                 (g_pe_row[2].g_pe_col[24].u_pe)                                           |                               system_attention_0_0_fsa_fused_pe_1838 |        195 |        195 |       0 |    0 |    170 |      0 |      0 |    0 |          0 |
|                 u_shared_multiplier                                                       |                        system_attention_0_0_fa_signed_mult_comb_2198 |         20 |         20 |       0 |    0 |      0 |      0 |      0 |    0 |          1 |
|               g_pe_row[2].g_pe_col[25].u_pe                                               |                               system_attention_0_0_fsa_fused_pe_1839 |        215 |        215 |       0 |    0 |    170 |      0 |      0 |    0 |          1 |
|                 (g_pe_row[2].g_pe_col[25].u_pe)                                           |                               system_attention_0_0_fsa_fused_pe_1839 |        196 |        196 |       0 |    0 |    170 |      0 |      0 |    0 |          0 |
|                 u_shared_multiplier                                                       |                        system_attention_0_0_fa_signed_mult_comb_2197 |         19 |         19 |       0 |    0 |      0 |      0 |      0 |    0 |          1 |
|               g_pe_row[2].g_pe_col[26].u_pe                                               |                               system_attention_0_0_fsa_fused_pe_1840 |        217 |        217 |       0 |    0 |    170 |      0 |      0 |    0 |          1 |
|                 (g_pe_row[2].g_pe_col[26].u_pe)                                           |                               system_attention_0_0_fsa_fused_pe_1840 |        196 |        196 |       0 |    0 |    170 |      0 |      0 |    0 |          0 |
|                 u_shared_multiplier                                                       |                        system_attention_0_0_fa_signed_mult_comb_2196 |         22 |         22 |       0 |    0 |      0 |      0 |      0 |    0 |          1 |
|               g_pe_row[2].g_pe_col[27].u_pe                                               |                               system_attention_0_0_fsa_fused_pe_1841 |        212 |        212 |       0 |    0 |    170 |      0 |      0 |    0 |          1 |
|                 (g_pe_row[2].g_pe_col[27].u_pe)                                           |                               system_attention_0_0_fsa_fused_pe_1841 |        195 |        195 |       0 |    0 |    170 |      0 |      0 |    0 |          0 |
|                 u_shared_multiplier                                                       |                        system_attention_0_0_fa_signed_mult_comb_2195 |         18 |         18 |       0 |    0 |      0 |      0 |      0 |    0 |          1 |
|               g_pe_row[2].g_pe_col[28].u_pe                                               |                               system_attention_0_0_fsa_fused_pe_1842 |        212 |        212 |       0 |    0 |    170 |      0 |      0 |    0 |          1 |
|                 (g_pe_row[2].g_pe_col[28].u_pe)                                           |                               system_attention_0_0_fsa_fused_pe_1842 |        195 |        195 |       0 |    0 |    170 |      0 |      0 |    0 |          0 |
|                 u_shared_multiplier                                                       |                        system_attention_0_0_fa_signed_mult_comb_2194 |         18 |         18 |       0 |    0 |      0 |      0 |      0 |    0 |          1 |
|               g_pe_row[2].g_pe_col[29].u_pe                                               |                               system_attention_0_0_fsa_fused_pe_1843 |        212 |        212 |       0 |    0 |    170 |      0 |      0 |    0 |          1 |
|                 (g_pe_row[2].g_pe_col[29].u_pe)                                           |                               system_attention_0_0_fsa_fused_pe_1843 |        195 |        195 |       0 |    0 |    170 |      0 |      0 |    0 |          0 |
|                 u_shared_multiplier                                                       |                        system_attention_0_0_fa_signed_mult_comb_2193 |         18 |         18 |       0 |    0 |      0 |      0 |      0 |    0 |          1 |
|               g_pe_row[2].g_pe_col[2].u_pe                                                |                               system_attention_0_0_fsa_fused_pe_1844 |        203 |        203 |       0 |    0 |    170 |      0 |      0 |    0 |          1 |
|                 (g_pe_row[2].g_pe_col[2].u_pe)                                            |                               system_attention_0_0_fsa_fused_pe_1844 |        190 |        190 |       0 |    0 |    170 |      0 |      0 |    0 |          0 |
|                 u_shared_multiplier                                                       |                        system_attention_0_0_fa_signed_mult_comb_2192 |         14 |         14 |       0 |    0 |      0 |      0 |      0 |    0 |          1 |
|               g_pe_row[2].g_pe_col[30].u_pe                                               |                               system_attention_0_0_fsa_fused_pe_1845 |        252 |        252 |       0 |    0 |    170 |      0 |      0 |    0 |          1 |
|                 (g_pe_row[2].g_pe_col[30].u_pe)                                           |                               system_attention_0_0_fsa_fused_pe_1845 |        234 |        234 |       0 |    0 |    170 |      0 |      0 |    0 |          0 |
|                 u_shared_multiplier                                                       |                        system_attention_0_0_fa_signed_mult_comb_2191 |         18 |         18 |       0 |    0 |      0 |      0 |      0 |    0 |          1 |
|               g_pe_row[2].g_pe_col[31].u_pe                                               |                               system_attention_0_0_fsa_fused_pe_1846 |        115 |        115 |       0 |    0 |    161 |      0 |      0 |    0 |          1 |
|                 (g_pe_row[2].g_pe_col[31].u_pe)                                           |                               system_attention_0_0_fsa_fused_pe_1846 |        110 |        110 |       0 |    0 |    161 |      0 |      0 |    0 |          0 |
|                 u_shared_multiplier                                                       |                        system_attention_0_0_fa_signed_mult_comb_2190 |          5 |          5 |       0 |    0 |      0 |      0 |      0 |    0 |          1 |
|               g_pe_row[2].g_pe_col[3].u_pe                                                |                               system_attention_0_0_fsa_fused_pe_1847 |        220 |        220 |       0 |    0 |    170 |      0 |      0 |    0 |          1 |
|                 (g_pe_row[2].g_pe_col[3].u_pe)                                            |                               system_attention_0_0_fsa_fused_pe_1847 |        207 |        207 |       0 |    0 |    170 |      0 |      0 |    0 |          0 |
|                 u_shared_multiplier                                                       |                        system_attention_0_0_fa_signed_mult_comb_2189 |         14 |         14 |       0 |    0 |      0 |      0 |      0 |    0 |          1 |
|               g_pe_row[2].g_pe_col[4].u_pe                                                |                               system_attention_0_0_fsa_fused_pe_1848 |        206 |        206 |       0 |    0 |    170 |      0 |      0 |    0 |          1 |
|                 (g_pe_row[2].g_pe_col[4].u_pe)                                            |                               system_attention_0_0_fsa_fused_pe_1848 |        192 |        192 |       0 |    0 |    170 |      0 |      0 |    0 |          0 |
|                 u_shared_multiplier                                                       |                        system_attention_0_0_fa_signed_mult_comb_2188 |         15 |         15 |       0 |    0 |      0 |      0 |      0 |    0 |          1 |
|               g_pe_row[2].g_pe_col[5].u_pe                                                |                               system_attention_0_0_fsa_fused_pe_1849 |        221 |        221 |       0 |    0 |    170 |      0 |      0 |    0 |          1 |
|                 (g_pe_row[2].g_pe_col[5].u_pe)                                            |                               system_attention_0_0_fsa_fused_pe_1849 |        207 |        207 |       0 |    0 |    170 |      0 |      0 |    0 |          0 |
|                 u_shared_multiplier                                                       |                        system_attention_0_0_fa_signed_mult_comb_2187 |         14 |         14 |       0 |    0 |      0 |      0 |      0 |    0 |          1 |
|               g_pe_row[2].g_pe_col[6].u_pe                                                |                               system_attention_0_0_fsa_fused_pe_1850 |        219 |        219 |       0 |    0 |    170 |      0 |      0 |    0 |          1 |
|                 (g_pe_row[2].g_pe_col[6].u_pe)                                            |                               system_attention_0_0_fsa_fused_pe_1850 |        206 |        206 |       0 |    0 |    170 |      0 |      0 |    0 |          0 |
|                 u_shared_multiplier                                                       |                        system_attention_0_0_fa_signed_mult_comb_2186 |         14 |         14 |       0 |    0 |      0 |      0 |      0 |    0 |          1 |
|               g_pe_row[2].g_pe_col[7].u_pe                                                |                               system_attention_0_0_fsa_fused_pe_1851 |        221 |        221 |       0 |    0 |    170 |      0 |      0 |    0 |          1 |
|                 (g_pe_row[2].g_pe_col[7].u_pe)                                            |                               system_attention_0_0_fsa_fused_pe_1851 |        207 |        207 |       0 |    0 |    170 |      0 |      0 |    0 |          0 |
|                 u_shared_multiplier                                                       |                        system_attention_0_0_fa_signed_mult_comb_2185 |         14 |         14 |       0 |    0 |      0 |      0 |      0 |    0 |          1 |
|               g_pe_row[2].g_pe_col[8].u_pe                                                |                               system_attention_0_0_fsa_fused_pe_1852 |        204 |        204 |       0 |    0 |    170 |      0 |      0 |    0 |          1 |
|                 (g_pe_row[2].g_pe_col[8].u_pe)                                            |                               system_attention_0_0_fsa_fused_pe_1852 |        190 |        190 |       0 |    0 |    170 |      0 |      0 |    0 |          0 |
|                 u_shared_multiplier                                                       |                        system_attention_0_0_fa_signed_mult_comb_2184 |         14 |         14 |       0 |    0 |      0 |      0 |      0 |    0 |          1 |
|               g_pe_row[2].g_pe_col[9].u_pe                                                |                               system_attention_0_0_fsa_fused_pe_1853 |        221 |        221 |       0 |    0 |    170 |      0 |      0 |    0 |          1 |
|                 (g_pe_row[2].g_pe_col[9].u_pe)                                            |                               system_attention_0_0_fsa_fused_pe_1853 |        207 |        207 |       0 |    0 |    170 |      0 |      0 |    0 |          0 |
|                 u_shared_multiplier                                                       |                        system_attention_0_0_fa_signed_mult_comb_2183 |         14 |         14 |       0 |    0 |      0 |      0 |      0 |    0 |          1 |
|               g_pe_row[3].g_pe_col[0].u_pe                                                |                               system_attention_0_0_fsa_fused_pe_1854 |        341 |        341 |       0 |    0 |    137 |      0 |      0 |    0 |          1 |
|                 (g_pe_row[3].g_pe_col[0].u_pe)                                            |                               system_attention_0_0_fsa_fused_pe_1854 |        243 |        243 |       0 |    0 |    137 |      0 |      0 |    0 |          0 |
|                 u_shared_multiplier                                                       |                        system_attention_0_0_fa_signed_mult_comb_2182 |         98 |         98 |       0 |    0 |      0 |      0 |      0 |    0 |          1 |
|               g_pe_row[3].g_pe_col[10].u_pe                                               |                               system_attention_0_0_fsa_fused_pe_1855 |        229 |        229 |       0 |    0 |    170 |      0 |      0 |    0 |          1 |
|                 (g_pe_row[3].g_pe_col[10].u_pe)                                           |                               system_attention_0_0_fsa_fused_pe_1855 |        197 |        197 |       0 |    0 |    170 |      0 |      0 |    0 |          0 |
|                 u_shared_multiplier                                                       |                        system_attention_0_0_fa_signed_mult_comb_2181 |         33 |         33 |       0 |    0 |      0 |      0 |      0 |    0 |          1 |
|               g_pe_row[3].g_pe_col[11].u_pe                                               |                               system_attention_0_0_fsa_fused_pe_1856 |        218 |        218 |       0 |    0 |    170 |      0 |      0 |    0 |          1 |
|                 (g_pe_row[3].g_pe_col[11].u_pe)                                           |                               system_attention_0_0_fsa_fused_pe_1856 |        197 |        197 |       0 |    0 |    170 |      0 |      0 |    0 |          0 |
|                 u_shared_multiplier                                                       |                        system_attention_0_0_fa_signed_mult_comb_2180 |         22 |         22 |       0 |    0 |      0 |      0 |      0 |    0 |          1 |
|               g_pe_row[3].g_pe_col[12].u_pe                                               |                               system_attention_0_0_fsa_fused_pe_1857 |        222 |        222 |       0 |    0 |    170 |      0 |      0 |    0 |          1 |
|                 (g_pe_row[3].g_pe_col[12].u_pe)                                           |                               system_attention_0_0_fsa_fused_pe_1857 |        197 |        197 |       0 |    0 |    170 |      0 |      0 |    0 |          0 |
|                 u_shared_multiplier                                                       |                        system_attention_0_0_fa_signed_mult_comb_2179 |         25 |         25 |       0 |    0 |      0 |      0 |      0 |    0 |          1 |
|               g_pe_row[3].g_pe_col[13].u_pe                                               |                               system_attention_0_0_fsa_fused_pe_1858 |        218 |        218 |       0 |    0 |    170 |      0 |      0 |    0 |          1 |
|                 (g_pe_row[3].g_pe_col[13].u_pe)                                           |                               system_attention_0_0_fsa_fused_pe_1858 |        196 |        196 |       0 |    0 |    170 |      0 |      0 |    0 |          0 |
|                 u_shared_multiplier                                                       |                        system_attention_0_0_fa_signed_mult_comb_2178 |         22 |         22 |       0 |    0 |      0 |      0 |      0 |    0 |          1 |
|               g_pe_row[3].g_pe_col[14].u_pe                                               |                               system_attention_0_0_fsa_fused_pe_1859 |        229 |        229 |       0 |    0 |    170 |      0 |      0 |    0 |          1 |
|                 (g_pe_row[3].g_pe_col[14].u_pe)                                           |                               system_attention_0_0_fsa_fused_pe_1859 |        212 |        212 |       0 |    0 |    170 |      0 |      0 |    0 |          0 |
|                 u_shared_multiplier                                                       |                        system_attention_0_0_fa_signed_mult_comb_2177 |         18 |         18 |       0 |    0 |      0 |      0 |      0 |    0 |          1 |
|               g_pe_row[3].g_pe_col[15].u_pe                                               |                               system_attention_0_0_fsa_fused_pe_1860 |        218 |        218 |       0 |    0 |    170 |      0 |      0 |    0 |          1 |
|                 (g_pe_row[3].g_pe_col[15].u_pe)                                           |                               system_attention_0_0_fsa_fused_pe_1860 |        197 |        197 |       0 |    0 |    170 |      0 |      0 |    0 |          0 |
|                 u_shared_multiplier                                                       |                        system_attention_0_0_fa_signed_mult_comb_2176 |         21 |         21 |       0 |    0 |      0 |      0 |      0 |    0 |          1 |
|               g_pe_row[3].g_pe_col[16].u_pe                                               |                               system_attention_0_0_fsa_fused_pe_1861 |        223 |        223 |       0 |    0 |    170 |      0 |      0 |    0 |          1 |
|                 (g_pe_row[3].g_pe_col[16].u_pe)                                           |                               system_attention_0_0_fsa_fused_pe_1861 |        198 |        198 |       0 |    0 |    170 |      0 |      0 |    0 |          0 |
|                 u_shared_multiplier                                                       |                        system_attention_0_0_fa_signed_mult_comb_2175 |         25 |         25 |       0 |    0 |      0 |      0 |      0 |    0 |          1 |
|               g_pe_row[3].g_pe_col[17].u_pe                                               |                               system_attention_0_0_fsa_fused_pe_1862 |        215 |        215 |       0 |    0 |    170 |      0 |      0 |    0 |          1 |
|                 (g_pe_row[3].g_pe_col[17].u_pe)                                           |                               system_attention_0_0_fsa_fused_pe_1862 |        196 |        196 |       0 |    0 |    170 |      0 |      0 |    0 |          0 |
|                 u_shared_multiplier                                                       |                        system_attention_0_0_fa_signed_mult_comb_2174 |         20 |         20 |       0 |    0 |      0 |      0 |      0 |    0 |          1 |
|               g_pe_row[3].g_pe_col[18].u_pe                                               |                               system_attention_0_0_fsa_fused_pe_1863 |        216 |        216 |       0 |    0 |    170 |      0 |      0 |    0 |          1 |
|                 (g_pe_row[3].g_pe_col[18].u_pe)                                           |                               system_attention_0_0_fsa_fused_pe_1863 |        197 |        197 |       0 |    0 |    170 |      0 |      0 |    0 |          0 |
|                 u_shared_multiplier                                                       |                        system_attention_0_0_fa_signed_mult_comb_2173 |         20 |         20 |       0 |    0 |      0 |      0 |      0 |    0 |          1 |
|               g_pe_row[3].g_pe_col[19].u_pe                                               |                               system_attention_0_0_fsa_fused_pe_1864 |        214 |        214 |       0 |    0 |    170 |      0 |      0 |    0 |          1 |
|                 (g_pe_row[3].g_pe_col[19].u_pe)                                           |                               system_attention_0_0_fsa_fused_pe_1864 |        197 |        197 |       0 |    0 |    170 |      0 |      0 |    0 |          0 |
|                 u_shared_multiplier                                                       |                        system_attention_0_0_fa_signed_mult_comb_2172 |         18 |         18 |       0 |    0 |      0 |      0 |      0 |    0 |          1 |
|               g_pe_row[3].g_pe_col[1].u_pe                                                |                               system_attention_0_0_fsa_fused_pe_1865 |        238 |        238 |       0 |    0 |    170 |      0 |      0 |    0 |          1 |
|                 (g_pe_row[3].g_pe_col[1].u_pe)                                            |                               system_attention_0_0_fsa_fused_pe_1865 |        220 |        220 |       0 |    0 |    170 |      0 |      0 |    0 |          0 |
|                 u_shared_multiplier                                                       |                        system_attention_0_0_fa_signed_mult_comb_2171 |         18 |         18 |       0 |    0 |      0 |      0 |      0 |    0 |          1 |
|               g_pe_row[3].g_pe_col[20].u_pe                                               |                               system_attention_0_0_fsa_fused_pe_1866 |        213 |        213 |       0 |    0 |    170 |      0 |      0 |    0 |          1 |
|                 (g_pe_row[3].g_pe_col[20].u_pe)                                           |                               system_attention_0_0_fsa_fused_pe_1866 |        196 |        196 |       0 |    0 |    170 |      0 |      0 |    0 |          0 |
|                 u_shared_multiplier                                                       |                        system_attention_0_0_fa_signed_mult_comb_2170 |         18 |         18 |       0 |    0 |      0 |      0 |      0 |    0 |          1 |
|               g_pe_row[3].g_pe_col[21].u_pe                                               |                               system_attention_0_0_fsa_fused_pe_1867 |        214 |        214 |       0 |    0 |    170 |      0 |      0 |    0 |          1 |
|                 (g_pe_row[3].g_pe_col[21].u_pe)                                           |                               system_attention_0_0_fsa_fused_pe_1867 |        196 |        196 |       0 |    0 |    170 |      0 |      0 |    0 |          0 |
|                 u_shared_multiplier                                                       |                        system_attention_0_0_fa_signed_mult_comb_2169 |         18 |         18 |       0 |    0 |      0 |      0 |      0 |    0 |          1 |
|               g_pe_row[3].g_pe_col[22].u_pe                                               |                               system_attention_0_0_fsa_fused_pe_1868 |        230 |        230 |       0 |    0 |    170 |      0 |      0 |    0 |          1 |
|                 (g_pe_row[3].g_pe_col[22].u_pe)                                           |                               system_attention_0_0_fsa_fused_pe_1868 |        212 |        212 |       0 |    0 |    170 |      0 |      0 |    0 |          0 |
|                 u_shared_multiplier                                                       |                        system_attention_0_0_fa_signed_mult_comb_2168 |         18 |         18 |       0 |    0 |      0 |      0 |      0 |    0 |          1 |
|               g_pe_row[3].g_pe_col[23].u_pe                                               |                               system_attention_0_0_fsa_fused_pe_1869 |        216 |        216 |       0 |    0 |    170 |      0 |      0 |    0 |          1 |
|                 (g_pe_row[3].g_pe_col[23].u_pe)                                           |                               system_attention_0_0_fsa_fused_pe_1869 |        196 |        196 |       0 |    0 |    170 |      0 |      0 |    0 |          0 |
|                 u_shared_multiplier                                                       |                        system_attention_0_0_fa_signed_mult_comb_2167 |         20 |         20 |       0 |    0 |      0 |      0 |      0 |    0 |          1 |
|               g_pe_row[3].g_pe_col[24].u_pe                                               |                               system_attention_0_0_fsa_fused_pe_1870 |        216 |        216 |       0 |    0 |    170 |      0 |      0 |    0 |          1 |
|                 (g_pe_row[3].g_pe_col[24].u_pe)                                           |                               system_attention_0_0_fsa_fused_pe_1870 |        196 |        196 |       0 |    0 |    170 |      0 |      0 |    0 |          0 |
|                 u_shared_multiplier                                                       |                        system_attention_0_0_fa_signed_mult_comb_2166 |         20 |         20 |       0 |    0 |      0 |      0 |      0 |    0 |          1 |
|               g_pe_row[3].g_pe_col[25].u_pe                                               |                               system_attention_0_0_fsa_fused_pe_1871 |        220 |        220 |       0 |    0 |    170 |      0 |      0 |    0 |          1 |
|                 (g_pe_row[3].g_pe_col[25].u_pe)                                           |                               system_attention_0_0_fsa_fused_pe_1871 |        196 |        196 |       0 |    0 |    170 |      0 |      0 |    0 |          0 |
|                 u_shared_multiplier                                                       |                        system_attention_0_0_fa_signed_mult_comb_2165 |         24 |         24 |       0 |    0 |      0 |      0 |      0 |    0 |          1 |
|               g_pe_row[3].g_pe_col[26].u_pe                                               |                               system_attention_0_0_fsa_fused_pe_1872 |        225 |        225 |       0 |    0 |    170 |      0 |      0 |    0 |          1 |
|                 (g_pe_row[3].g_pe_col[26].u_pe)                                           |                               system_attention_0_0_fsa_fused_pe_1872 |        196 |        196 |       0 |    0 |    170 |      0 |      0 |    0 |          0 |
|                 u_shared_multiplier                                                       |                        system_attention_0_0_fa_signed_mult_comb_2164 |         29 |         29 |       0 |    0 |      0 |      0 |      0 |    0 |          1 |
|               g_pe_row[3].g_pe_col[27].u_pe                                               |                               system_attention_0_0_fsa_fused_pe_1873 |        217 |        217 |       0 |    0 |    170 |      0 |      0 |    0 |          1 |
|                 (g_pe_row[3].g_pe_col[27].u_pe)                                           |                               system_attention_0_0_fsa_fused_pe_1873 |        195 |        195 |       0 |    0 |    170 |      0 |      0 |    0 |          0 |
|                 u_shared_multiplier                                                       |                        system_attention_0_0_fa_signed_mult_comb_2163 |         22 |         22 |       0 |    0 |      0 |      0 |      0 |    0 |          1 |
|               g_pe_row[3].g_pe_col[28].u_pe                                               |                               system_attention_0_0_fsa_fused_pe_1874 |        213 |        213 |       0 |    0 |    170 |      0 |      0 |    0 |          1 |
|                 (g_pe_row[3].g_pe_col[28].u_pe)                                           |                               system_attention_0_0_fsa_fused_pe_1874 |        195 |        195 |       0 |    0 |    170 |      0 |      0 |    0 |          0 |
|                 u_shared_multiplier                                                       |                        system_attention_0_0_fa_signed_mult_comb_2162 |         18 |         18 |       0 |    0 |      0 |      0 |      0 |    0 |          1 |
|               g_pe_row[3].g_pe_col[29].u_pe                                               |                               system_attention_0_0_fsa_fused_pe_1875 |        225 |        225 |       0 |    0 |    170 |      0 |      0 |    0 |          1 |
|                 (g_pe_row[3].g_pe_col[29].u_pe)                                           |                               system_attention_0_0_fsa_fused_pe_1875 |        196 |        196 |       0 |    0 |    170 |      0 |      0 |    0 |          0 |
|                 u_shared_multiplier                                                       |                        system_attention_0_0_fa_signed_mult_comb_2161 |         29 |         29 |       0 |    0 |      0 |      0 |      0 |    0 |          1 |
|               g_pe_row[3].g_pe_col[2].u_pe                                                |                               system_attention_0_0_fsa_fused_pe_1876 |        213 |        213 |       0 |    0 |    170 |      0 |      0 |    0 |          1 |
|                 (g_pe_row[3].g_pe_col[2].u_pe)                                            |                               system_attention_0_0_fsa_fused_pe_1876 |        195 |        195 |       0 |    0 |    170 |      0 |      0 |    0 |          0 |
|                 u_shared_multiplier                                                       |                        system_attention_0_0_fa_signed_mult_comb_2160 |         18 |         18 |       0 |    0 |      0 |      0 |      0 |    0 |          1 |
|               g_pe_row[3].g_pe_col[30].u_pe                                               |                               system_attention_0_0_fsa_fused_pe_1877 |        252 |        252 |       0 |    0 |    170 |      0 |      0 |    0 |          1 |
|                 (g_pe_row[3].g_pe_col[30].u_pe)                                           |                               system_attention_0_0_fsa_fused_pe_1877 |        218 |        218 |       0 |    0 |    170 |      0 |      0 |    0 |          0 |
|                 u_shared_multiplier                                                       |                        system_attention_0_0_fa_signed_mult_comb_2159 |         34 |         34 |       0 |    0 |      0 |      0 |      0 |    0 |          1 |
|               g_pe_row[3].g_pe_col[31].u_pe                                               |                               system_attention_0_0_fsa_fused_pe_1878 |        123 |        123 |       0 |    0 |    161 |      0 |      0 |    0 |          1 |
|                 (g_pe_row[3].g_pe_col[31].u_pe)                                           |                               system_attention_0_0_fsa_fused_pe_1878 |        114 |        114 |       0 |    0 |    161 |      0 |      0 |    0 |          0 |
|                 u_shared_multiplier                                                       |                        system_attention_0_0_fa_signed_mult_comb_2158 |          9 |          9 |       0 |    0 |      0 |      0 |      0 |    0 |          1 |
|               g_pe_row[3].g_pe_col[3].u_pe                                                |                               system_attention_0_0_fsa_fused_pe_1879 |        214 |        214 |       0 |    0 |    170 |      0 |      0 |    0 |          1 |
|                 (g_pe_row[3].g_pe_col[3].u_pe)                                            |                               system_attention_0_0_fsa_fused_pe_1879 |        196 |        196 |       0 |    0 |    170 |      0 |      0 |    0 |          0 |
|                 u_shared_multiplier                                                       |                        system_attention_0_0_fa_signed_mult_comb_2157 |         18 |         18 |       0 |    0 |      0 |      0 |      0 |    0 |          1 |
|               g_pe_row[3].g_pe_col[4].u_pe                                                |                               system_attention_0_0_fsa_fused_pe_1880 |        214 |        214 |       0 |    0 |    170 |      0 |      0 |    0 |          1 |
|                 (g_pe_row[3].g_pe_col[4].u_pe)                                            |                               system_attention_0_0_fsa_fused_pe_1880 |        196 |        196 |       0 |    0 |    170 |      0 |      0 |    0 |          0 |
|                 u_shared_multiplier                                                       |                        system_attention_0_0_fa_signed_mult_comb_2156 |         18 |         18 |       0 |    0 |      0 |      0 |      0 |    0 |          1 |
|               g_pe_row[3].g_pe_col[5].u_pe                                                |                               system_attention_0_0_fsa_fused_pe_1881 |        227 |        227 |       0 |    0 |    170 |      0 |      0 |    0 |          1 |
|                 (g_pe_row[3].g_pe_col[5].u_pe)                                            |                               system_attention_0_0_fsa_fused_pe_1881 |        197 |        197 |       0 |    0 |    170 |      0 |      0 |    0 |          0 |
|                 u_shared_multiplier                                                       |                        system_attention_0_0_fa_signed_mult_comb_2155 |         30 |         30 |       0 |    0 |      0 |      0 |      0 |    0 |          1 |
|               g_pe_row[3].g_pe_col[6].u_pe                                                |                               system_attention_0_0_fsa_fused_pe_1882 |        233 |        233 |       0 |    0 |    170 |      0 |      0 |    0 |          1 |
|                 (g_pe_row[3].g_pe_col[6].u_pe)                                            |                               system_attention_0_0_fsa_fused_pe_1882 |        212 |        212 |       0 |    0 |    170 |      0 |      0 |    0 |          0 |
|                 u_shared_multiplier                                                       |                        system_attention_0_0_fa_signed_mult_comb_2154 |         22 |         22 |       0 |    0 |      0 |      0 |      0 |    0 |          1 |
|               g_pe_row[3].g_pe_col[7].u_pe                                                |                               system_attention_0_0_fsa_fused_pe_1883 |        213 |        213 |       0 |    0 |    170 |      0 |      0 |    0 |          1 |
|                 (g_pe_row[3].g_pe_col[7].u_pe)                                            |                               system_attention_0_0_fsa_fused_pe_1883 |        196 |        196 |       0 |    0 |    170 |      0 |      0 |    0 |          0 |
|                 u_shared_multiplier                                                       |                        system_attention_0_0_fa_signed_mult_comb_2153 |         18 |         18 |       0 |    0 |      0 |      0 |      0 |    0 |          1 |
|               g_pe_row[3].g_pe_col[8].u_pe                                                |                               system_attention_0_0_fsa_fused_pe_1884 |        213 |        213 |       0 |    0 |    170 |      0 |      0 |    0 |          1 |
|                 (g_pe_row[3].g_pe_col[8].u_pe)                                            |                               system_attention_0_0_fsa_fused_pe_1884 |        196 |        196 |       0 |    0 |    170 |      0 |      0 |    0 |          0 |
|                 u_shared_multiplier                                                       |                        system_attention_0_0_fa_signed_mult_comb_2152 |         18 |         18 |       0 |    0 |      0 |      0 |      0 |    0 |          1 |
|               g_pe_row[3].g_pe_col[9].u_pe                                                |                               system_attention_0_0_fsa_fused_pe_1885 |        227 |        227 |       0 |    0 |    170 |      0 |      0 |    0 |          1 |
|                 (g_pe_row[3].g_pe_col[9].u_pe)                                            |                               system_attention_0_0_fsa_fused_pe_1885 |        197 |        197 |       0 |    0 |    170 |      0 |      0 |    0 |          0 |
|                 u_shared_multiplier                                                       |                        system_attention_0_0_fa_signed_mult_comb_2151 |         30 |         30 |       0 |    0 |      0 |      0 |      0 |    0 |          1 |
|               g_pe_row[4].g_pe_col[0].u_pe                                                |                               system_attention_0_0_fsa_fused_pe_1886 |        331 |        331 |       0 |    0 |    137 |      0 |      0 |    0 |          1 |
|                 (g_pe_row[4].g_pe_col[0].u_pe)                                            |                               system_attention_0_0_fsa_fused_pe_1886 |        233 |        233 |       0 |    0 |    137 |      0 |      0 |    0 |          0 |
|                 u_shared_multiplier                                                       |                        system_attention_0_0_fa_signed_mult_comb_2150 |         98 |         98 |       0 |    0 |      0 |      0 |      0 |    0 |          1 |
|               g_pe_row[4].g_pe_col[10].u_pe                                               |                               system_attention_0_0_fsa_fused_pe_1887 |        212 |        212 |       0 |    0 |    170 |      0 |      0 |    0 |          1 |
|                 (g_pe_row[4].g_pe_col[10].u_pe)                                           |                               system_attention_0_0_fsa_fused_pe_1887 |        195 |        195 |       0 |    0 |    170 |      0 |      0 |    0 |          0 |
|                 u_shared_multiplier                                                       |                        system_attention_0_0_fa_signed_mult_comb_2149 |         18 |         18 |       0 |    0 |      0 |      0 |      0 |    0 |          1 |
|               g_pe_row[4].g_pe_col[11].u_pe                                               |                               system_attention_0_0_fsa_fused_pe_1888 |        213 |        213 |       0 |    0 |    170 |      0 |      0 |    0 |          1 |
|                 (g_pe_row[4].g_pe_col[11].u_pe)                                           |                               system_attention_0_0_fsa_fused_pe_1888 |        195 |        195 |       0 |    0 |    170 |      0 |      0 |    0 |          0 |
|                 u_shared_multiplier                                                       |                        system_attention_0_0_fa_signed_mult_comb_2148 |         18 |         18 |       0 |    0 |      0 |      0 |      0 |    0 |          1 |
|               g_pe_row[4].g_pe_col[12].u_pe                                               |                               system_attention_0_0_fsa_fused_pe_1889 |        212 |        212 |       0 |    0 |    170 |      0 |      0 |    0 |          1 |
|                 (g_pe_row[4].g_pe_col[12].u_pe)                                           |                               system_attention_0_0_fsa_fused_pe_1889 |        195 |        195 |       0 |    0 |    170 |      0 |      0 |    0 |          0 |
|                 u_shared_multiplier                                                       |                        system_attention_0_0_fa_signed_mult_comb_2147 |         18 |         18 |       0 |    0 |      0 |      0 |      0 |    0 |          1 |
|               g_pe_row[4].g_pe_col[13].u_pe                                               |                               system_attention_0_0_fsa_fused_pe_1890 |        216 |        216 |       0 |    0 |    170 |      0 |      0 |    0 |          1 |
|                 (g_pe_row[4].g_pe_col[13].u_pe)                                           |                               system_attention_0_0_fsa_fused_pe_1890 |        196 |        196 |       0 |    0 |    170 |      0 |      0 |    0 |          0 |
|                 u_shared_multiplier                                                       |                        system_attention_0_0_fa_signed_mult_comb_2146 |         21 |         21 |       0 |    0 |      0 |      0 |      0 |    0 |          1 |
|               g_pe_row[4].g_pe_col[14].u_pe                                               |                               system_attention_0_0_fsa_fused_pe_1891 |        232 |        232 |       0 |    0 |    170 |      0 |      0 |    0 |          1 |
|                 (g_pe_row[4].g_pe_col[14].u_pe)                                           |                               system_attention_0_0_fsa_fused_pe_1891 |        211 |        211 |       0 |    0 |    170 |      0 |      0 |    0 |          0 |
|                 u_shared_multiplier                                                       |                        system_attention_0_0_fa_signed_mult_comb_2145 |         22 |         22 |       0 |    0 |      0 |      0 |      0 |    0 |          1 |
|               g_pe_row[4].g_pe_col[15].u_pe                                               |                               system_attention_0_0_fsa_fused_pe_1892 |        212 |        212 |       0 |    0 |    170 |      0 |      0 |    0 |          1 |
|                 (g_pe_row[4].g_pe_col[15].u_pe)                                           |                               system_attention_0_0_fsa_fused_pe_1892 |        195 |        195 |       0 |    0 |    170 |      0 |      0 |    0 |          0 |
|                 u_shared_multiplier                                                       |                        system_attention_0_0_fa_signed_mult_comb_2144 |         18 |         18 |       0 |    0 |      0 |      0 |      0 |    0 |          1 |
|               g_pe_row[4].g_pe_col[16].u_pe                                               |                               system_attention_0_0_fsa_fused_pe_1893 |        215 |        215 |       0 |    0 |    170 |      0 |      0 |    0 |          1 |
|                 (g_pe_row[4].g_pe_col[16].u_pe)                                           |                               system_attention_0_0_fsa_fused_pe_1893 |        196 |        196 |       0 |    0 |    170 |      0 |      0 |    0 |          0 |
|                 u_shared_multiplier                                                       |                        system_attention_0_0_fa_signed_mult_comb_2143 |         20 |         20 |       0 |    0 |      0 |      0 |      0 |    0 |          1 |
|               g_pe_row[4].g_pe_col[17].u_pe                                               |                               system_attention_0_0_fsa_fused_pe_1894 |        212 |        212 |       0 |    0 |    170 |      0 |      0 |    0 |          1 |
|                 (g_pe_row[4].g_pe_col[17].u_pe)                                           |                               system_attention_0_0_fsa_fused_pe_1894 |        195 |        195 |       0 |    0 |    170 |      0 |      0 |    0 |          0 |
|                 u_shared_multiplier                                                       |                        system_attention_0_0_fa_signed_mult_comb_2142 |         18 |         18 |       0 |    0 |      0 |      0 |      0 |    0 |          1 |
|               g_pe_row[4].g_pe_col[18].u_pe                                               |                               system_attention_0_0_fsa_fused_pe_1895 |        212 |        212 |       0 |    0 |    170 |      0 |      0 |    0 |          1 |
|                 (g_pe_row[4].g_pe_col[18].u_pe)                                           |                               system_attention_0_0_fsa_fused_pe_1895 |        195 |        195 |       0 |    0 |    170 |      0 |      0 |    0 |          0 |
|                 u_shared_multiplier                                                       |                        system_attention_0_0_fa_signed_mult_comb_2141 |         18 |         18 |       0 |    0 |      0 |      0 |      0 |    0 |          1 |
|               g_pe_row[4].g_pe_col[19].u_pe                                               |                               system_attention_0_0_fsa_fused_pe_1896 |        215 |        215 |       0 |    0 |    170 |      0 |      0 |    0 |          1 |
|                 (g_pe_row[4].g_pe_col[19].u_pe)                                           |                               system_attention_0_0_fsa_fused_pe_1896 |        196 |        196 |       0 |    0 |    170 |      0 |      0 |    0 |          0 |
|                 u_shared_multiplier                                                       |                        system_attention_0_0_fa_signed_mult_comb_2140 |         20 |         20 |       0 |    0 |      0 |      0 |      0 |    0 |          1 |
|               g_pe_row[4].g_pe_col[1].u_pe                                                |                               system_attention_0_0_fsa_fused_pe_1897 |        250 |        250 |       0 |    0 |    170 |      0 |      0 |    0 |          1 |
|                 (g_pe_row[4].g_pe_col[1].u_pe)                                            |                               system_attention_0_0_fsa_fused_pe_1897 |        220 |        220 |       0 |    0 |    170 |      0 |      0 |    0 |          0 |
|                 u_shared_multiplier                                                       |                        system_attention_0_0_fa_signed_mult_comb_2139 |         30 |         30 |       0 |    0 |      0 |      0 |      0 |    0 |          1 |
|               g_pe_row[4].g_pe_col[20].u_pe                                               |                               system_attention_0_0_fsa_fused_pe_1898 |        232 |        232 |       0 |    0 |    170 |      0 |      0 |    0 |          1 |
|                 (g_pe_row[4].g_pe_col[20].u_pe)                                           |                               system_attention_0_0_fsa_fused_pe_1898 |        211 |        211 |       0 |    0 |    170 |      0 |      0 |    0 |          0 |
|                 u_shared_multiplier                                                       |                        system_attention_0_0_fa_signed_mult_comb_2138 |         21 |         21 |       0 |    0 |      0 |      0 |      0 |    0 |          1 |
|               g_pe_row[4].g_pe_col[21].u_pe                                               |                               system_attention_0_0_fsa_fused_pe_1899 |        205 |        205 |       0 |    0 |    170 |      0 |      0 |    0 |          1 |
|                 (g_pe_row[4].g_pe_col[21].u_pe)                                           |                               system_attention_0_0_fsa_fused_pe_1899 |        192 |        192 |       0 |    0 |    170 |      0 |      0 |    0 |          0 |
|                 u_shared_multiplier                                                       |                        system_attention_0_0_fa_signed_mult_comb_2137 |         14 |         14 |       0 |    0 |      0 |      0 |      0 |    0 |          1 |
|               g_pe_row[4].g_pe_col[22].u_pe                                               |                               system_attention_0_0_fsa_fused_pe_1900 |        221 |        221 |       0 |    0 |    170 |      0 |      0 |    0 |          1 |
|                 (g_pe_row[4].g_pe_col[22].u_pe)                                           |                               system_attention_0_0_fsa_fused_pe_1900 |        208 |        208 |       0 |    0 |    170 |      0 |      0 |    0 |          0 |
|                 u_shared_multiplier                                                       |                        system_attention_0_0_fa_signed_mult_comb_2136 |         14 |         14 |       0 |    0 |      0 |      0 |      0 |    0 |          1 |
|               g_pe_row[4].g_pe_col[23].u_pe                                               |                               system_attention_0_0_fsa_fused_pe_1901 |        204 |        204 |       0 |    0 |    170 |      0 |      0 |    0 |          1 |
|                 (g_pe_row[4].g_pe_col[23].u_pe)                                           |                               system_attention_0_0_fsa_fused_pe_1901 |        191 |        191 |       0 |    0 |    170 |      0 |      0 |    0 |          0 |
|                 u_shared_multiplier                                                       |                        system_attention_0_0_fa_signed_mult_comb_2135 |         14 |         14 |       0 |    0 |      0 |      0 |      0 |    0 |          1 |
|               g_pe_row[4].g_pe_col[24].u_pe                                               |                               system_attention_0_0_fsa_fused_pe_1902 |        203 |        203 |       0 |    0 |    170 |      0 |      0 |    0 |          1 |
|                 (g_pe_row[4].g_pe_col[24].u_pe)                                           |                               system_attention_0_0_fsa_fused_pe_1902 |        190 |        190 |       0 |    0 |    170 |      0 |      0 |    0 |          0 |
|                 u_shared_multiplier                                                       |                        system_attention_0_0_fa_signed_mult_comb_2134 |         14 |         14 |       0 |    0 |      0 |      0 |      0 |    0 |          1 |
|               g_pe_row[4].g_pe_col[25].u_pe                                               |                               system_attention_0_0_fsa_fused_pe_1903 |        204 |        204 |       0 |    0 |    169 |      0 |      0 |    0 |          1 |
|                 (g_pe_row[4].g_pe_col[25].u_pe)                                           |                               system_attention_0_0_fsa_fused_pe_1903 |        190 |        190 |       0 |    0 |    169 |      0 |      0 |    0 |          0 |
|                 u_shared_multiplier                                                       |                        system_attention_0_0_fa_signed_mult_comb_2133 |         14 |         14 |       0 |    0 |      0 |      0 |      0 |    0 |          1 |
|               g_pe_row[4].g_pe_col[26].u_pe                                               |                               system_attention_0_0_fsa_fused_pe_1904 |        205 |        205 |       0 |    0 |    170 |      0 |      0 |    0 |          1 |
|                 (g_pe_row[4].g_pe_col[26].u_pe)                                           |                               system_attention_0_0_fsa_fused_pe_1904 |        191 |        191 |       0 |    0 |    170 |      0 |      0 |    0 |          0 |
|                 u_shared_multiplier                                                       |                        system_attention_0_0_fa_signed_mult_comb_2132 |         14 |         14 |       0 |    0 |      0 |      0 |      0 |    0 |          1 |
|               g_pe_row[4].g_pe_col[27].u_pe                                               |                               system_attention_0_0_fsa_fused_pe_1905 |        207 |        207 |       0 |    0 |    170 |      0 |      0 |    0 |          1 |
|                 (g_pe_row[4].g_pe_col[27].u_pe)                                           |                               system_attention_0_0_fsa_fused_pe_1905 |        194 |        194 |       0 |    0 |    170 |      0 |      0 |    0 |          0 |
|                 u_shared_multiplier                                                       |                        system_attention_0_0_fa_signed_mult_comb_2131 |         14 |         14 |       0 |    0 |      0 |      0 |      0 |    0 |          1 |
|               g_pe_row[4].g_pe_col[28].u_pe                                               |                               system_attention_0_0_fsa_fused_pe_1906 |        212 |        212 |       0 |    0 |    170 |      0 |      0 |    0 |          1 |
|                 (g_pe_row[4].g_pe_col[28].u_pe)                                           |                               system_attention_0_0_fsa_fused_pe_1906 |        194 |        194 |       0 |    0 |    170 |      0 |      0 |    0 |          0 |
|                 u_shared_multiplier                                                       |                        system_attention_0_0_fa_signed_mult_comb_2130 |         18 |         18 |       0 |    0 |      0 |      0 |      0 |    0 |          1 |
|               g_pe_row[4].g_pe_col[29].u_pe                                               |                               system_attention_0_0_fsa_fused_pe_1907 |        212 |        212 |       0 |    0 |    170 |      0 |      0 |    0 |          1 |
|                 (g_pe_row[4].g_pe_col[29].u_pe)                                           |                               system_attention_0_0_fsa_fused_pe_1907 |        195 |        195 |       0 |    0 |    170 |      0 |      0 |    0 |          0 |
|                 u_shared_multiplier                                                       |                        system_attention_0_0_fa_signed_mult_comb_2129 |         18 |         18 |       0 |    0 |      0 |      0 |      0 |    0 |          1 |
|               g_pe_row[4].g_pe_col[2].u_pe                                                |                               system_attention_0_0_fsa_fused_pe_1908 |        212 |        212 |       0 |    0 |    170 |      0 |      0 |    0 |          1 |
|                 (g_pe_row[4].g_pe_col[2].u_pe)                                            |                               system_attention_0_0_fsa_fused_pe_1908 |        194 |        194 |       0 |    0 |    170 |      0 |      0 |    0 |          0 |
|                 u_shared_multiplier                                                       |                        system_attention_0_0_fa_signed_mult_comb_2128 |         18 |         18 |       0 |    0 |      0 |      0 |      0 |    0 |          1 |
|               g_pe_row[4].g_pe_col[30].u_pe                                               |                               system_attention_0_0_fsa_fused_pe_1909 |        238 |        238 |       0 |    0 |    170 |      0 |      0 |    0 |          1 |
|                 (g_pe_row[4].g_pe_col[30].u_pe)                                           |                               system_attention_0_0_fsa_fused_pe_1909 |        218 |        218 |       0 |    0 |    170 |      0 |      0 |    0 |          0 |
|                 u_shared_multiplier                                                       |                        system_attention_0_0_fa_signed_mult_comb_2127 |         20 |         20 |       0 |    0 |      0 |      0 |      0 |    0 |          1 |
|               g_pe_row[4].g_pe_col[31].u_pe                                               |                               system_attention_0_0_fsa_fused_pe_1910 |        122 |        122 |       0 |    0 |    161 |      0 |      0 |    0 |          1 |
|                 (g_pe_row[4].g_pe_col[31].u_pe)                                           |                               system_attention_0_0_fsa_fused_pe_1910 |        113 |        113 |       0 |    0 |    161 |      0 |      0 |    0 |          0 |
|                 u_shared_multiplier                                                       |                        system_attention_0_0_fa_signed_mult_comb_2126 |          9 |          9 |       0 |    0 |      0 |      0 |      0 |    0 |          1 |
|               g_pe_row[4].g_pe_col[3].u_pe                                                |                               system_attention_0_0_fsa_fused_pe_1911 |        212 |        212 |       0 |    0 |    170 |      0 |      0 |    0 |          1 |
|                 (g_pe_row[4].g_pe_col[3].u_pe)                                            |                               system_attention_0_0_fsa_fused_pe_1911 |        195 |        195 |       0 |    0 |    170 |      0 |      0 |    0 |          0 |
|                 u_shared_multiplier                                                       |                        system_attention_0_0_fa_signed_mult_comb_2125 |         18 |         18 |       0 |    0 |      0 |      0 |      0 |    0 |          1 |
|               g_pe_row[4].g_pe_col[4].u_pe                                                |                               system_attention_0_0_fsa_fused_pe_1912 |        213 |        213 |       0 |    0 |    170 |      0 |      0 |    0 |          1 |
|                 (g_pe_row[4].g_pe_col[4].u_pe)                                            |                               system_attention_0_0_fsa_fused_pe_1912 |        195 |        195 |       0 |    0 |    170 |      0 |      0 |    0 |          0 |
|                 u_shared_multiplier                                                       |                        system_attention_0_0_fa_signed_mult_comb_2124 |         18 |         18 |       0 |    0 |      0 |      0 |      0 |    0 |          1 |
|               g_pe_row[4].g_pe_col[5].u_pe                                                |                               system_attention_0_0_fsa_fused_pe_1913 |        213 |        213 |       0 |    0 |    170 |      0 |      0 |    0 |          1 |
|                 (g_pe_row[4].g_pe_col[5].u_pe)                                            |                               system_attention_0_0_fsa_fused_pe_1913 |        195 |        195 |       0 |    0 |    170 |      0 |      0 |    0 |          0 |
|                 u_shared_multiplier                                                       |                        system_attention_0_0_fa_signed_mult_comb_2123 |         18 |         18 |       0 |    0 |      0 |      0 |      0 |    0 |          1 |
|               g_pe_row[4].g_pe_col[6].u_pe                                                |                               system_attention_0_0_fsa_fused_pe_1914 |        229 |        229 |       0 |    0 |    170 |      0 |      0 |    0 |          1 |
|                 (g_pe_row[4].g_pe_col[6].u_pe)                                            |                               system_attention_0_0_fsa_fused_pe_1914 |        212 |        212 |       0 |    0 |    170 |      0 |      0 |    0 |          0 |
|                 u_shared_multiplier                                                       |                        system_attention_0_0_fa_signed_mult_comb_2122 |         18 |         18 |       0 |    0 |      0 |      0 |      0 |    0 |          1 |
|               g_pe_row[4].g_pe_col[7].u_pe                                                |                               system_attention_0_0_fsa_fused_pe_1915 |        213 |        213 |       0 |    0 |    170 |      0 |      0 |    0 |          1 |
|                 (g_pe_row[4].g_pe_col[7].u_pe)                                            |                               system_attention_0_0_fsa_fused_pe_1915 |        196 |        196 |       0 |    0 |    170 |      0 |      0 |    0 |          0 |
|                 u_shared_multiplier                                                       |                        system_attention_0_0_fa_signed_mult_comb_2121 |         18 |         18 |       0 |    0 |      0 |      0 |      0 |    0 |          1 |
|               g_pe_row[4].g_pe_col[8].u_pe                                                |                               system_attention_0_0_fsa_fused_pe_1916 |        223 |        223 |       0 |    0 |    170 |      0 |      0 |    0 |          1 |
|                 (g_pe_row[4].g_pe_col[8].u_pe)                                            |                               system_attention_0_0_fsa_fused_pe_1916 |        196 |        196 |       0 |    0 |    170 |      0 |      0 |    0 |          0 |
|                 u_shared_multiplier                                                       |                        system_attention_0_0_fa_signed_mult_comb_2120 |         27 |         27 |       0 |    0 |      0 |      0 |      0 |    0 |          1 |
|               g_pe_row[4].g_pe_col[9].u_pe                                                |                               system_attention_0_0_fsa_fused_pe_1917 |        216 |        216 |       0 |    0 |    170 |      0 |      0 |    0 |          1 |
|                 (g_pe_row[4].g_pe_col[9].u_pe)                                            |                               system_attention_0_0_fsa_fused_pe_1917 |        195 |        195 |       0 |    0 |    170 |      0 |      0 |    0 |          0 |
|                 u_shared_multiplier                                                       |                        system_attention_0_0_fa_signed_mult_comb_2119 |         22 |         22 |       0 |    0 |      0 |      0 |      0 |    0 |          1 |
|               g_pe_row[5].g_pe_col[0].u_pe                                                |                               system_attention_0_0_fsa_fused_pe_1918 |        343 |        343 |       0 |    0 |    137 |      0 |      0 |    0 |          1 |
|                 (g_pe_row[5].g_pe_col[0].u_pe)                                            |                               system_attention_0_0_fsa_fused_pe_1918 |        233 |        233 |       0 |    0 |    137 |      0 |      0 |    0 |          0 |
|                 u_shared_multiplier                                                       |                        system_attention_0_0_fa_signed_mult_comb_2118 |        110 |        110 |       0 |    0 |      0 |      0 |      0 |    0 |          1 |
|               g_pe_row[5].g_pe_col[10].u_pe                                               |                               system_attention_0_0_fsa_fused_pe_1919 |        212 |        212 |       0 |    0 |    170 |      0 |      0 |    0 |          1 |
|                 (g_pe_row[5].g_pe_col[10].u_pe)                                           |                               system_attention_0_0_fsa_fused_pe_1919 |        195 |        195 |       0 |    0 |    170 |      0 |      0 |    0 |          0 |
|                 u_shared_multiplier                                                       |                        system_attention_0_0_fa_signed_mult_comb_2117 |         18 |         18 |       0 |    0 |      0 |      0 |      0 |    0 |          1 |
|               g_pe_row[5].g_pe_col[11].u_pe                                               |                               system_attention_0_0_fsa_fused_pe_1920 |        213 |        213 |       0 |    0 |    170 |      0 |      0 |    0 |          1 |
|                 (g_pe_row[5].g_pe_col[11].u_pe)                                           |                               system_attention_0_0_fsa_fused_pe_1920 |        195 |        195 |       0 |    0 |    170 |      0 |      0 |    0 |          0 |
|                 u_shared_multiplier                                                       |                        system_attention_0_0_fa_signed_mult_comb_2116 |         18 |         18 |       0 |    0 |      0 |      0 |      0 |    0 |          1 |
|               g_pe_row[5].g_pe_col[12].u_pe                                               |                               system_attention_0_0_fsa_fused_pe_1921 |        212 |        212 |       0 |    0 |    170 |      0 |      0 |    0 |          1 |
|                 (g_pe_row[5].g_pe_col[12].u_pe)                                           |                               system_attention_0_0_fsa_fused_pe_1921 |        195 |        195 |       0 |    0 |    170 |      0 |      0 |    0 |          0 |
|                 u_shared_multiplier                                                       |                        system_attention_0_0_fa_signed_mult_comb_2115 |         18 |         18 |       0 |    0 |      0 |      0 |      0 |    0 |          1 |
|               g_pe_row[5].g_pe_col[13].u_pe                                               |                               system_attention_0_0_fsa_fused_pe_1922 |        213 |        213 |       0 |    0 |    170 |      0 |      0 |    0 |          1 |
|                 (g_pe_row[5].g_pe_col[13].u_pe)                                           |                               system_attention_0_0_fsa_fused_pe_1922 |        195 |        195 |       0 |    0 |    170 |      0 |      0 |    0 |          0 |
|                 u_shared_multiplier                                                       |                        system_attention_0_0_fa_signed_mult_comb_2114 |         18 |         18 |       0 |    0 |      0 |      0 |      0 |    0 |          1 |
|               g_pe_row[5].g_pe_col[14].u_pe                                               |                               system_attention_0_0_fsa_fused_pe_1923 |        229 |        229 |       0 |    0 |    170 |      0 |      0 |    0 |          1 |
|                 (g_pe_row[5].g_pe_col[14].u_pe)                                           |                               system_attention_0_0_fsa_fused_pe_1923 |        211 |        211 |       0 |    0 |    170 |      0 |      0 |    0 |          0 |
|                 u_shared_multiplier                                                       |                        system_attention_0_0_fa_signed_mult_comb_2113 |         18 |         18 |       0 |    0 |      0 |      0 |      0 |    0 |          1 |
|               g_pe_row[5].g_pe_col[15].u_pe                                               |                               system_attention_0_0_fsa_fused_pe_1924 |        222 |        222 |       0 |    0 |    170 |      0 |      0 |    0 |          1 |
|                 (g_pe_row[5].g_pe_col[15].u_pe)                                           |                               system_attention_0_0_fsa_fused_pe_1924 |        196 |        196 |       0 |    0 |    170 |      0 |      0 |    0 |          0 |
|                 u_shared_multiplier                                                       |                        system_attention_0_0_fa_signed_mult_comb_2112 |         26 |         26 |       0 |    0 |      0 |      0 |      0 |    0 |          1 |
|               g_pe_row[5].g_pe_col[16].u_pe                                               |                               system_attention_0_0_fsa_fused_pe_1925 |        230 |        230 |       0 |    0 |    170 |      0 |      0 |    0 |          1 |
|                 (g_pe_row[5].g_pe_col[16].u_pe)                                           |                               system_attention_0_0_fsa_fused_pe_1925 |        196 |        196 |       0 |    0 |    170 |      0 |      0 |    0 |          0 |
|                 u_shared_multiplier                                                       |                        system_attention_0_0_fa_signed_mult_comb_2111 |         34 |         34 |       0 |    0 |      0 |      0 |      0 |    0 |          1 |
|               g_pe_row[5].g_pe_col[17].u_pe                                               |                               system_attention_0_0_fsa_fused_pe_1926 |        227 |        227 |       0 |    0 |    170 |      0 |      0 |    0 |          1 |
|                 (g_pe_row[5].g_pe_col[17].u_pe)                                           |                               system_attention_0_0_fsa_fused_pe_1926 |        196 |        196 |       0 |    0 |    170 |      0 |      0 |    0 |          0 |
|                 u_shared_multiplier                                                       |                        system_attention_0_0_fa_signed_mult_comb_2110 |         31 |         31 |       0 |    0 |      0 |      0 |      0 |    0 |          1 |
|               g_pe_row[5].g_pe_col[18].u_pe                                               |                               system_attention_0_0_fsa_fused_pe_1927 |        226 |        226 |       0 |    0 |    170 |      0 |      0 |    0 |          1 |
|                 (g_pe_row[5].g_pe_col[18].u_pe)                                           |                               system_attention_0_0_fsa_fused_pe_1927 |        196 |        196 |       0 |    0 |    170 |      0 |      0 |    0 |          0 |
|                 u_shared_multiplier                                                       |                        system_attention_0_0_fa_signed_mult_comb_2109 |         30 |         30 |       0 |    0 |      0 |      0 |      0 |    0 |          1 |
|               g_pe_row[5].g_pe_col[19].u_pe                                               |                               system_attention_0_0_fsa_fused_pe_1928 |        230 |        230 |       0 |    0 |    170 |      0 |      0 |    0 |          1 |
|                 (g_pe_row[5].g_pe_col[19].u_pe)                                           |                               system_attention_0_0_fsa_fused_pe_1928 |        196 |        196 |       0 |    0 |    170 |      0 |      0 |    0 |          0 |
|                 u_shared_multiplier                                                       |                        system_attention_0_0_fa_signed_mult_comb_2108 |         34 |         34 |       0 |    0 |      0 |      0 |      0 |    0 |          1 |
|               g_pe_row[5].g_pe_col[1].u_pe                                                |                               system_attention_0_0_fsa_fused_pe_1929 |        256 |        256 |       0 |    0 |    170 |      0 |      0 |    0 |          1 |
|                 (g_pe_row[5].g_pe_col[1].u_pe)                                            |                               system_attention_0_0_fsa_fused_pe_1929 |        221 |        221 |       0 |    0 |    170 |      0 |      0 |    0 |          0 |
|                 u_shared_multiplier                                                       |                        system_attention_0_0_fa_signed_mult_comb_2107 |         35 |         35 |       0 |    0 |      0 |      0 |      0 |    0 |          1 |
|               g_pe_row[5].g_pe_col[20].u_pe                                               |                               system_attention_0_0_fsa_fused_pe_1930 |        219 |        219 |       0 |    0 |    170 |      0 |      0 |    0 |          1 |
|                 (g_pe_row[5].g_pe_col[20].u_pe)                                           |                               system_attention_0_0_fsa_fused_pe_1930 |        196 |        196 |       0 |    0 |    170 |      0 |      0 |    0 |          0 |
|                 u_shared_multiplier                                                       |                        system_attention_0_0_fa_signed_mult_comb_2106 |         24 |         24 |       0 |    0 |      0 |      0 |      0 |    0 |          1 |
|               g_pe_row[5].g_pe_col[21].u_pe                                               |                               system_attention_0_0_fsa_fused_pe_1931 |        226 |        226 |       0 |    0 |    170 |      0 |      0 |    0 |          1 |
|                 (g_pe_row[5].g_pe_col[21].u_pe)                                           |                               system_attention_0_0_fsa_fused_pe_1931 |        196 |        196 |       0 |    0 |    170 |      0 |      0 |    0 |          0 |
|                 u_shared_multiplier                                                       |                        system_attention_0_0_fa_signed_mult_comb_2105 |         30 |         30 |       0 |    0 |      0 |      0 |      0 |    0 |          1 |
|               g_pe_row[5].g_pe_col[22].u_pe                                               |                               system_attention_0_0_fsa_fused_pe_1932 |        246 |        246 |       0 |    0 |    170 |      0 |      0 |    0 |          1 |
|                 (g_pe_row[5].g_pe_col[22].u_pe)                                           |                               system_attention_0_0_fsa_fused_pe_1932 |        212 |        212 |       0 |    0 |    170 |      0 |      0 |    0 |          0 |
|                 u_shared_multiplier                                                       |                        system_attention_0_0_fa_signed_mult_comb_2104 |         34 |         34 |       0 |    0 |      0 |      0 |      0 |    0 |          1 |
|               g_pe_row[5].g_pe_col[23].u_pe                                               |                               system_attention_0_0_fsa_fused_pe_1933 |        229 |        229 |       0 |    0 |    170 |      0 |      0 |    0 |          1 |
|                 (g_pe_row[5].g_pe_col[23].u_pe)                                           |                               system_attention_0_0_fsa_fused_pe_1933 |        208 |        208 |       0 |    0 |    170 |      0 |      0 |    0 |          0 |
|                 u_shared_multiplier                                                       |                        system_attention_0_0_fa_signed_mult_comb_2103 |         22 |         22 |       0 |    0 |      0 |      0 |      0 |    0 |          1 |
|               g_pe_row[5].g_pe_col[24].u_pe                                               |                               system_attention_0_0_fsa_fused_pe_1934 |        205 |        205 |       0 |    0 |    170 |      0 |      0 |    0 |          1 |
|                 (g_pe_row[5].g_pe_col[24].u_pe)                                           |                               system_attention_0_0_fsa_fused_pe_1934 |        192 |        192 |       0 |    0 |    170 |      0 |      0 |    0 |          0 |
|                 u_shared_multiplier                                                       |                        system_attention_0_0_fa_signed_mult_comb_2102 |         14 |         14 |       0 |    0 |      0 |      0 |      0 |    0 |          1 |
|               g_pe_row[5].g_pe_col[25].u_pe                                               |                               system_attention_0_0_fsa_fused_pe_1935 |        204 |        204 |       0 |    0 |    170 |      0 |      0 |    0 |          1 |
|                 (g_pe_row[5].g_pe_col[25].u_pe)                                           |                               system_attention_0_0_fsa_fused_pe_1935 |        191 |        191 |       0 |    0 |    170 |      0 |      0 |    0 |          0 |
|                 u_shared_multiplier                                                       |                        system_attention_0_0_fa_signed_mult_comb_2101 |         14 |         14 |       0 |    0 |      0 |      0 |      0 |    0 |          1 |
|               g_pe_row[5].g_pe_col[26].u_pe                                               |                               system_attention_0_0_fsa_fused_pe_1936 |        204 |        204 |       0 |    0 |    170 |      0 |      0 |    0 |          1 |
|                 (g_pe_row[5].g_pe_col[26].u_pe)                                           |                               system_attention_0_0_fsa_fused_pe_1936 |        190 |        190 |       0 |    0 |    170 |      0 |      0 |    0 |          0 |
|                 u_shared_multiplier                                                       |                        system_attention_0_0_fa_signed_mult_comb_2100 |         14 |         14 |       0 |    0 |      0 |      0 |      0 |    0 |          1 |
|               g_pe_row[5].g_pe_col[27].u_pe                                               |                               system_attention_0_0_fsa_fused_pe_1937 |        203 |        203 |       0 |    0 |    170 |      0 |      0 |    0 |          1 |
|                 (g_pe_row[5].g_pe_col[27].u_pe)                                           |                               system_attention_0_0_fsa_fused_pe_1937 |        190 |        190 |       0 |    0 |    170 |      0 |      0 |    0 |          0 |
|                 u_shared_multiplier                                                       |                        system_attention_0_0_fa_signed_mult_comb_2099 |         14 |         14 |       0 |    0 |      0 |      0 |      0 |    0 |          1 |
|               g_pe_row[5].g_pe_col[28].u_pe                                               |                               system_attention_0_0_fsa_fused_pe_1938 |        203 |        203 |       0 |    0 |    170 |      0 |      0 |    0 |          1 |
|                 (g_pe_row[5].g_pe_col[28].u_pe)                                           |                               system_attention_0_0_fsa_fused_pe_1938 |        190 |        190 |       0 |    0 |    170 |      0 |      0 |    0 |          0 |
|                 u_shared_multiplier                                                       |                        system_attention_0_0_fa_signed_mult_comb_2098 |         14 |         14 |       0 |    0 |      0 |      0 |      0 |    0 |          1 |
|               g_pe_row[5].g_pe_col[29].u_pe                                               |                               system_attention_0_0_fsa_fused_pe_1939 |        203 |        203 |       0 |    0 |    170 |      0 |      0 |    0 |          1 |
|                 (g_pe_row[5].g_pe_col[29].u_pe)                                           |                               system_attention_0_0_fsa_fused_pe_1939 |        190 |        190 |       0 |    0 |    170 |      0 |      0 |    0 |          0 |
|                 u_shared_multiplier                                                       |                        system_attention_0_0_fa_signed_mult_comb_2097 |         14 |         14 |       0 |    0 |      0 |      0 |      0 |    0 |          1 |
|               g_pe_row[5].g_pe_col[2].u_pe                                                |                               system_attention_0_0_fsa_fused_pe_1940 |        216 |        216 |       0 |    0 |    170 |      0 |      0 |    0 |          1 |
|                 (g_pe_row[5].g_pe_col[2].u_pe)                                            |                               system_attention_0_0_fsa_fused_pe_1940 |        194 |        194 |       0 |    0 |    170 |      0 |      0 |    0 |          0 |
|                 u_shared_multiplier                                                       |                        system_attention_0_0_fa_signed_mult_comb_2096 |         23 |         23 |       0 |    0 |      0 |      0 |      0 |    0 |          1 |
|               g_pe_row[5].g_pe_col[30].u_pe                                               |                               system_attention_0_0_fsa_fused_pe_1941 |        243 |        243 |       0 |    0 |    170 |      0 |      0 |    0 |          1 |
|                 (g_pe_row[5].g_pe_col[30].u_pe)                                           |                               system_attention_0_0_fsa_fused_pe_1941 |        217 |        217 |       0 |    0 |    170 |      0 |      0 |    0 |          0 |
|                 u_shared_multiplier                                                       |                        system_attention_0_0_fa_signed_mult_comb_2095 |         26 |         26 |       0 |    0 |      0 |      0 |      0 |    0 |          1 |
|               g_pe_row[5].g_pe_col[31].u_pe                                               |                               system_attention_0_0_fsa_fused_pe_1942 |        122 |        122 |       0 |    0 |    161 |      0 |      0 |    0 |          1 |
|                 (g_pe_row[5].g_pe_col[31].u_pe)                                           |                               system_attention_0_0_fsa_fused_pe_1942 |        113 |        113 |       0 |    0 |    161 |      0 |      0 |    0 |          0 |
|                 u_shared_multiplier                                                       |                        system_attention_0_0_fa_signed_mult_comb_2094 |          9 |          9 |       0 |    0 |      0 |      0 |      0 |    0 |          1 |
|               g_pe_row[5].g_pe_col[3].u_pe                                                |                               system_attention_0_0_fsa_fused_pe_1943 |        214 |        214 |       0 |    0 |    170 |      0 |      0 |    0 |          1 |
|                 (g_pe_row[5].g_pe_col[3].u_pe)                                            |                               system_attention_0_0_fsa_fused_pe_1943 |        195 |        195 |       0 |    0 |    170 |      0 |      0 |    0 |          0 |
|                 u_shared_multiplier                                                       |                        system_attention_0_0_fa_signed_mult_comb_2093 |         19 |         19 |       0 |    0 |      0 |      0 |      0 |    0 |          1 |
|               g_pe_row[5].g_pe_col[4].u_pe                                                |                               system_attention_0_0_fsa_fused_pe_1944 |        212 |        212 |       0 |    0 |    170 |      0 |      0 |    0 |          1 |
|                 (g_pe_row[5].g_pe_col[4].u_pe)                                            |                               system_attention_0_0_fsa_fused_pe_1944 |        195 |        195 |       0 |    0 |    170 |      0 |      0 |    0 |          0 |
|                 u_shared_multiplier                                                       |                        system_attention_0_0_fa_signed_mult_comb_2092 |         18 |         18 |       0 |    0 |      0 |      0 |      0 |    0 |          1 |
|               g_pe_row[5].g_pe_col[5].u_pe                                                |                               system_attention_0_0_fsa_fused_pe_1945 |        212 |        212 |       0 |    0 |    170 |      0 |      0 |    0 |          1 |
|                 (g_pe_row[5].g_pe_col[5].u_pe)                                            |                               system_attention_0_0_fsa_fused_pe_1945 |        195 |        195 |       0 |    0 |    170 |      0 |      0 |    0 |          0 |
|                 u_shared_multiplier                                                       |                        system_attention_0_0_fa_signed_mult_comb_2091 |         18 |         18 |       0 |    0 |      0 |      0 |      0 |    0 |          1 |
|               g_pe_row[5].g_pe_col[6].u_pe                                                |                               system_attention_0_0_fsa_fused_pe_1946 |        228 |        228 |       0 |    0 |    170 |      0 |      0 |    0 |          1 |
|                 (g_pe_row[5].g_pe_col[6].u_pe)                                            |                               system_attention_0_0_fsa_fused_pe_1946 |        211 |        211 |       0 |    0 |    170 |      0 |      0 |    0 |          0 |
|                 u_shared_multiplier                                                       |                        system_attention_0_0_fa_signed_mult_comb_2090 |         18 |         18 |       0 |    0 |      0 |      0 |      0 |    0 |          1 |
|               g_pe_row[5].g_pe_col[7].u_pe                                                |                               system_attention_0_0_fsa_fused_pe_1947 |        212 |        212 |       0 |    0 |    170 |      0 |      0 |    0 |          1 |
|                 (g_pe_row[5].g_pe_col[7].u_pe)                                            |                               system_attention_0_0_fsa_fused_pe_1947 |        195 |        195 |       0 |    0 |    170 |      0 |      0 |    0 |          0 |
|                 u_shared_multiplier                                                       |                        system_attention_0_0_fa_signed_mult_comb_2089 |         18 |         18 |       0 |    0 |      0 |      0 |      0 |    0 |          1 |
|               g_pe_row[5].g_pe_col[8].u_pe                                                |                               system_attention_0_0_fsa_fused_pe_1948 |        213 |        213 |       0 |    0 |    169 |      0 |      0 |    0 |          1 |
|                 (g_pe_row[5].g_pe_col[8].u_pe)                                            |                               system_attention_0_0_fsa_fused_pe_1948 |        195 |        195 |       0 |    0 |    169 |      0 |      0 |    0 |          0 |
|                 u_shared_multiplier                                                       |                        system_attention_0_0_fa_signed_mult_comb_2088 |         18 |         18 |       0 |    0 |      0 |      0 |      0 |    0 |          1 |
|               g_pe_row[5].g_pe_col[9].u_pe                                                |                               system_attention_0_0_fsa_fused_pe_1949 |        212 |        212 |       0 |    0 |    170 |      0 |      0 |    0 |          1 |
|                 (g_pe_row[5].g_pe_col[9].u_pe)                                            |                               system_attention_0_0_fsa_fused_pe_1949 |        195 |        195 |       0 |    0 |    170 |      0 |      0 |    0 |          0 |
|                 u_shared_multiplier                                                       |                        system_attention_0_0_fa_signed_mult_comb_2087 |         18 |         18 |       0 |    0 |      0 |      0 |      0 |    0 |          1 |
|               g_pe_row[6].g_pe_col[0].u_pe                                                |                               system_attention_0_0_fsa_fused_pe_1950 |        350 |        350 |       0 |    0 |    137 |      0 |      0 |    0 |          1 |
|                 (g_pe_row[6].g_pe_col[0].u_pe)                                            |                               system_attention_0_0_fsa_fused_pe_1950 |        234 |        234 |       0 |    0 |    137 |      0 |      0 |    0 |          0 |
|                 u_shared_multiplier                                                       |                        system_attention_0_0_fa_signed_mult_comb_2086 |        116 |        116 |       0 |    0 |      0 |      0 |      0 |    0 |          1 |
|               g_pe_row[6].g_pe_col[10].u_pe                                               |                               system_attention_0_0_fsa_fused_pe_1951 |        212 |        212 |       0 |    0 |    170 |      0 |      0 |    0 |          1 |
|                 (g_pe_row[6].g_pe_col[10].u_pe)                                           |                               system_attention_0_0_fsa_fused_pe_1951 |        195 |        195 |       0 |    0 |    170 |      0 |      0 |    0 |          0 |
|                 u_shared_multiplier                                                       |                        system_attention_0_0_fa_signed_mult_comb_2085 |         18 |         18 |       0 |    0 |      0 |      0 |      0 |    0 |          1 |
|               g_pe_row[6].g_pe_col[11].u_pe                                               |                               system_attention_0_0_fsa_fused_pe_1952 |        215 |        215 |       0 |    0 |    170 |      0 |      0 |    0 |          1 |
|                 (g_pe_row[6].g_pe_col[11].u_pe)                                           |                               system_attention_0_0_fsa_fused_pe_1952 |        196 |        196 |       0 |    0 |    170 |      0 |      0 |    0 |          0 |
|                 u_shared_multiplier                                                       |                        system_attention_0_0_fa_signed_mult_comb_2084 |         20 |         20 |       0 |    0 |      0 |      0 |      0 |    0 |          1 |
|               g_pe_row[6].g_pe_col[12].u_pe                                               |                               system_attention_0_0_fsa_fused_pe_1953 |        213 |        213 |       0 |    0 |    170 |      0 |      0 |    0 |          1 |
|                 (g_pe_row[6].g_pe_col[12].u_pe)                                           |                               system_attention_0_0_fsa_fused_pe_1953 |        195 |        195 |       0 |    0 |    170 |      0 |      0 |    0 |          0 |
|                 u_shared_multiplier                                                       |                        system_attention_0_0_fa_signed_mult_comb_2083 |         19 |         19 |       0 |    0 |      0 |      0 |      0 |    0 |          1 |
|               g_pe_row[6].g_pe_col[13].u_pe                                               |                               system_attention_0_0_fsa_fused_pe_1954 |        212 |        212 |       0 |    0 |    170 |      0 |      0 |    0 |          1 |
|                 (g_pe_row[6].g_pe_col[13].u_pe)                                           |                               system_attention_0_0_fsa_fused_pe_1954 |        195 |        195 |       0 |    0 |    170 |      0 |      0 |    0 |          0 |
|                 u_shared_multiplier                                                       |                        system_attention_0_0_fa_signed_mult_comb_2082 |         18 |         18 |       0 |    0 |      0 |      0 |      0 |    0 |          1 |
|               g_pe_row[6].g_pe_col[14].u_pe                                               |                               system_attention_0_0_fsa_fused_pe_1955 |        228 |        228 |       0 |    0 |    170 |      0 |      0 |    0 |          1 |
|                 (g_pe_row[6].g_pe_col[14].u_pe)                                           |                               system_attention_0_0_fsa_fused_pe_1955 |        211 |        211 |       0 |    0 |    170 |      0 |      0 |    0 |          0 |
|                 u_shared_multiplier                                                       |                        system_attention_0_0_fa_signed_mult_comb_2081 |         18 |         18 |       0 |    0 |      0 |      0 |      0 |    0 |          1 |
|               g_pe_row[6].g_pe_col[15].u_pe                                               |                               system_attention_0_0_fsa_fused_pe_1956 |        212 |        212 |       0 |    0 |    170 |      0 |      0 |    0 |          1 |
|                 (g_pe_row[6].g_pe_col[15].u_pe)                                           |                               system_attention_0_0_fsa_fused_pe_1956 |        195 |        195 |       0 |    0 |    170 |      0 |      0 |    0 |          0 |
|                 u_shared_multiplier                                                       |                        system_attention_0_0_fa_signed_mult_comb_2080 |         18 |         18 |       0 |    0 |      0 |      0 |      0 |    0 |          1 |
|               g_pe_row[6].g_pe_col[16].u_pe                                               |                               system_attention_0_0_fsa_fused_pe_1957 |        213 |        213 |       0 |    0 |    170 |      0 |      0 |    0 |          1 |
|                 (g_pe_row[6].g_pe_col[16].u_pe)                                           |                               system_attention_0_0_fsa_fused_pe_1957 |        196 |        196 |       0 |    0 |    170 |      0 |      0 |    0 |          0 |
|                 u_shared_multiplier                                                       |                        system_attention_0_0_fa_signed_mult_comb_2079 |         18 |         18 |       0 |    0 |      0 |      0 |      0 |    0 |          1 |
|               g_pe_row[6].g_pe_col[17].u_pe                                               |                               system_attention_0_0_fsa_fused_pe_1958 |        212 |        212 |       0 |    0 |    170 |      0 |      0 |    0 |          1 |
|                 (g_pe_row[6].g_pe_col[17].u_pe)                                           |                               system_attention_0_0_fsa_fused_pe_1958 |        195 |        195 |       0 |    0 |    170 |      0 |      0 |    0 |          0 |
|                 u_shared_multiplier                                                       |                        system_attention_0_0_fa_signed_mult_comb_2078 |         18 |         18 |       0 |    0 |      0 |      0 |      0 |    0 |          1 |
|               g_pe_row[6].g_pe_col[18].u_pe                                               |                               system_attention_0_0_fsa_fused_pe_1959 |        214 |        214 |       0 |    0 |    170 |      0 |      0 |    0 |          1 |
|                 (g_pe_row[6].g_pe_col[18].u_pe)                                           |                               system_attention_0_0_fsa_fused_pe_1959 |        196 |        196 |       0 |    0 |    170 |      0 |      0 |    0 |          0 |
|                 u_shared_multiplier                                                       |                        system_attention_0_0_fa_signed_mult_comb_2077 |         19 |         19 |       0 |    0 |      0 |      0 |      0 |    0 |          1 |
|               g_pe_row[6].g_pe_col[19].u_pe                                               |                               system_attention_0_0_fsa_fused_pe_1960 |        219 |        219 |       0 |    0 |    170 |      0 |      0 |    0 |          1 |
|                 (g_pe_row[6].g_pe_col[19].u_pe)                                           |                               system_attention_0_0_fsa_fused_pe_1960 |        196 |        196 |       0 |    0 |    170 |      0 |      0 |    0 |          0 |
|                 u_shared_multiplier                                                       |                        system_attention_0_0_fa_signed_mult_comb_2076 |         24 |         24 |       0 |    0 |      0 |      0 |      0 |    0 |          1 |
|               g_pe_row[6].g_pe_col[1].u_pe                                                |                               system_attention_0_0_fsa_fused_pe_1961 |        249 |        249 |       0 |    0 |    170 |      0 |      0 |    0 |          1 |
|                 (g_pe_row[6].g_pe_col[1].u_pe)                                            |                               system_attention_0_0_fsa_fused_pe_1961 |        220 |        220 |       0 |    0 |    170 |      0 |      0 |    0 |          0 |
|                 u_shared_multiplier                                                       |                        system_attention_0_0_fa_signed_mult_comb_2075 |         30 |         30 |       0 |    0 |      0 |      0 |      0 |    0 |          1 |
|               g_pe_row[6].g_pe_col[20].u_pe                                               |                               system_attention_0_0_fsa_fused_pe_1962 |        214 |        214 |       0 |    0 |    170 |      0 |      0 |    0 |          1 |
|                 (g_pe_row[6].g_pe_col[20].u_pe)                                           |                               system_attention_0_0_fsa_fused_pe_1962 |        195 |        195 |       0 |    0 |    170 |      0 |      0 |    0 |          0 |
|                 u_shared_multiplier                                                       |                        system_attention_0_0_fa_signed_mult_comb_2074 |         20 |         20 |       0 |    0 |      0 |      0 |      0 |    0 |          1 |
|               g_pe_row[6].g_pe_col[21].u_pe                                               |                               system_attention_0_0_fsa_fused_pe_1963 |        212 |        212 |       0 |    0 |    170 |      0 |      0 |    0 |          1 |
|                 (g_pe_row[6].g_pe_col[21].u_pe)                                           |                               system_attention_0_0_fsa_fused_pe_1963 |        195 |        195 |       0 |    0 |    170 |      0 |      0 |    0 |          0 |
|                 u_shared_multiplier                                                       |                        system_attention_0_0_fa_signed_mult_comb_2073 |         18 |         18 |       0 |    0 |      0 |      0 |      0 |    0 |          1 |
|               g_pe_row[6].g_pe_col[22].u_pe                                               |                               system_attention_0_0_fsa_fused_pe_1964 |        236 |        236 |       0 |    0 |    170 |      0 |      0 |    0 |          1 |
|                 (g_pe_row[6].g_pe_col[22].u_pe)                                           |                               system_attention_0_0_fsa_fused_pe_1964 |        212 |        212 |       0 |    0 |    170 |      0 |      0 |    0 |          0 |
|                 u_shared_multiplier                                                       |                        system_attention_0_0_fa_signed_mult_comb_2072 |         25 |         25 |       0 |    0 |      0 |      0 |      0 |    0 |          1 |
|               g_pe_row[6].g_pe_col[23].u_pe                                               |                               system_attention_0_0_fsa_fused_pe_1965 |        216 |        216 |       0 |    0 |    170 |      0 |      0 |    0 |          1 |
|                 (g_pe_row[6].g_pe_col[23].u_pe)                                           |                               system_attention_0_0_fsa_fused_pe_1965 |        195 |        195 |       0 |    0 |    170 |      0 |      0 |    0 |          0 |
|                 u_shared_multiplier                                                       |                        system_attention_0_0_fa_signed_mult_comb_2071 |         21 |         21 |       0 |    0 |      0 |      0 |      0 |    0 |          1 |
|               g_pe_row[6].g_pe_col[24].u_pe                                               |                               system_attention_0_0_fsa_fused_pe_1966 |        212 |        212 |       0 |    0 |    170 |      0 |      0 |    0 |          1 |
|                 (g_pe_row[6].g_pe_col[24].u_pe)                                           |                               system_attention_0_0_fsa_fused_pe_1966 |        195 |        195 |       0 |    0 |    170 |      0 |      0 |    0 |          0 |
|                 u_shared_multiplier                                                       |                        system_attention_0_0_fa_signed_mult_comb_2070 |         18 |         18 |       0 |    0 |      0 |      0 |      0 |    0 |          1 |
|               g_pe_row[6].g_pe_col[25].u_pe                                               |                               system_attention_0_0_fsa_fused_pe_1967 |        220 |        220 |       0 |    0 |    170 |      0 |      0 |    0 |          1 |
|                 (g_pe_row[6].g_pe_col[25].u_pe)                                           |                               system_attention_0_0_fsa_fused_pe_1967 |        196 |        196 |       0 |    0 |    170 |      0 |      0 |    0 |          0 |
|                 u_shared_multiplier                                                       |                        system_attention_0_0_fa_signed_mult_comb_2069 |         24 |         24 |       0 |    0 |      0 |      0 |      0 |    0 |          1 |
|               g_pe_row[6].g_pe_col[26].u_pe                                               |                               system_attention_0_0_fsa_fused_pe_1968 |        228 |        228 |       0 |    0 |    170 |      0 |      0 |    0 |          1 |
|                 (g_pe_row[6].g_pe_col[26].u_pe)                                           |                               system_attention_0_0_fsa_fused_pe_1968 |        196 |        196 |       0 |    0 |    170 |      0 |      0 |    0 |          0 |
|                 u_shared_multiplier                                                       |                        system_attention_0_0_fa_signed_mult_comb_2068 |         32 |         32 |       0 |    0 |      0 |      0 |      0 |    0 |          1 |
|               g_pe_row[6].g_pe_col[27].u_pe                                               |                               system_attention_0_0_fsa_fused_pe_1969 |        216 |        216 |       0 |    0 |    170 |      0 |      0 |    0 |          1 |
|                 (g_pe_row[6].g_pe_col[27].u_pe)                                           |                               system_attention_0_0_fsa_fused_pe_1969 |        195 |        195 |       0 |    0 |    170 |      0 |      0 |    0 |          0 |
|                 u_shared_multiplier                                                       |                        system_attention_0_0_fa_signed_mult_comb_2067 |         22 |         22 |       0 |    0 |      0 |      0 |      0 |    0 |          1 |
|               g_pe_row[6].g_pe_col[28].u_pe                                               |                               system_attention_0_0_fsa_fused_pe_1970 |        224 |        224 |       0 |    0 |    170 |      0 |      0 |    0 |          1 |
|                 (g_pe_row[6].g_pe_col[28].u_pe)                                           |                               system_attention_0_0_fsa_fused_pe_1970 |        196 |        196 |       0 |    0 |    170 |      0 |      0 |    0 |          0 |
|                 u_shared_multiplier                                                       |                        system_attention_0_0_fa_signed_mult_comb_2066 |         29 |         29 |       0 |    0 |      0 |      0 |      0 |    0 |          1 |
|               g_pe_row[6].g_pe_col[29].u_pe                                               |                               system_attention_0_0_fsa_fused_pe_1971 |        215 |        215 |       0 |    0 |    170 |      0 |      0 |    0 |          1 |
|                 (g_pe_row[6].g_pe_col[29].u_pe)                                           |                               system_attention_0_0_fsa_fused_pe_1971 |        196 |        196 |       0 |    0 |    170 |      0 |      0 |    0 |          0 |
|                 u_shared_multiplier                                                       |                        system_attention_0_0_fa_signed_mult_comb_2065 |         20 |         20 |       0 |    0 |      0 |      0 |      0 |    0 |          1 |
|               g_pe_row[6].g_pe_col[2].u_pe                                                |                               system_attention_0_0_fsa_fused_pe_1972 |        211 |        211 |       0 |    0 |    170 |      0 |      0 |    0 |          1 |
|                 (g_pe_row[6].g_pe_col[2].u_pe)                                            |                               system_attention_0_0_fsa_fused_pe_1972 |        194 |        194 |       0 |    0 |    170 |      0 |      0 |    0 |          0 |
|                 u_shared_multiplier                                                       |                        system_attention_0_0_fa_signed_mult_comb_2064 |         18 |         18 |       0 |    0 |      0 |      0 |      0 |    0 |          1 |
|               g_pe_row[6].g_pe_col[30].u_pe                                               |                               system_attention_0_0_fsa_fused_pe_1973 |        251 |        251 |       0 |    0 |    170 |      0 |      0 |    0 |          1 |
|                 (g_pe_row[6].g_pe_col[30].u_pe)                                           |                               system_attention_0_0_fsa_fused_pe_1973 |        220 |        220 |       0 |    0 |    170 |      0 |      0 |    0 |          0 |
|                 u_shared_multiplier                                                       |                        system_attention_0_0_fa_signed_mult_comb_2063 |         31 |         31 |       0 |    0 |      0 |      0 |      0 |    0 |          1 |
|               g_pe_row[6].g_pe_col[31].u_pe                                               |                               system_attention_0_0_fsa_fused_pe_1974 |        123 |        123 |       0 |    0 |    161 |      0 |      0 |    0 |          1 |
|                 (g_pe_row[6].g_pe_col[31].u_pe)                                           |                               system_attention_0_0_fsa_fused_pe_1974 |        114 |        114 |       0 |    0 |    161 |      0 |      0 |    0 |          0 |
|                 u_shared_multiplier                                                       |                        system_attention_0_0_fa_signed_mult_comb_2062 |          9 |          9 |       0 |    0 |      0 |      0 |      0 |    0 |          1 |
|               g_pe_row[6].g_pe_col[3].u_pe                                                |                               system_attention_0_0_fsa_fused_pe_1975 |        212 |        212 |       0 |    0 |    170 |      0 |      0 |    0 |          1 |
|                 (g_pe_row[6].g_pe_col[3].u_pe)                                            |                               system_attention_0_0_fsa_fused_pe_1975 |        195 |        195 |       0 |    0 |    170 |      0 |      0 |    0 |          0 |
|                 u_shared_multiplier                                                       |                        system_attention_0_0_fa_signed_mult_comb_2061 |         18 |         18 |       0 |    0 |      0 |      0 |      0 |    0 |          1 |
|               g_pe_row[6].g_pe_col[4].u_pe                                                |                               system_attention_0_0_fsa_fused_pe_1976 |        212 |        212 |       0 |    0 |    170 |      0 |      0 |    0 |          1 |
|                 (g_pe_row[6].g_pe_col[4].u_pe)                                            |                               system_attention_0_0_fsa_fused_pe_1976 |        195 |        195 |       0 |    0 |    170 |      0 |      0 |    0 |          0 |
|                 u_shared_multiplier                                                       |                        system_attention_0_0_fa_signed_mult_comb_2060 |         18 |         18 |       0 |    0 |      0 |      0 |      0 |    0 |          1 |
|               g_pe_row[6].g_pe_col[5].u_pe                                                |                               system_attention_0_0_fsa_fused_pe_1977 |        212 |        212 |       0 |    0 |    170 |      0 |      0 |    0 |          1 |
|                 (g_pe_row[6].g_pe_col[5].u_pe)                                            |                               system_attention_0_0_fsa_fused_pe_1977 |        195 |        195 |       0 |    0 |    170 |      0 |      0 |    0 |          0 |
|                 u_shared_multiplier                                                       |                        system_attention_0_0_fa_signed_mult_comb_2059 |         18 |         18 |       0 |    0 |      0 |      0 |      0 |    0 |          1 |
|               g_pe_row[6].g_pe_col[6].u_pe                                                |                               system_attention_0_0_fsa_fused_pe_1978 |        228 |        228 |       0 |    0 |    170 |      0 |      0 |    0 |          1 |
|                 (g_pe_row[6].g_pe_col[6].u_pe)                                            |                               system_attention_0_0_fsa_fused_pe_1978 |        211 |        211 |       0 |    0 |    170 |      0 |      0 |    0 |          0 |
|                 u_shared_multiplier                                                       |                        system_attention_0_0_fa_signed_mult_comb_2058 |         18 |         18 |       0 |    0 |      0 |      0 |      0 |    0 |          1 |
|               g_pe_row[6].g_pe_col[7].u_pe                                                |                               system_attention_0_0_fsa_fused_pe_1979 |        212 |        212 |       0 |    0 |    170 |      0 |      0 |    0 |          1 |
|                 (g_pe_row[6].g_pe_col[7].u_pe)                                            |                               system_attention_0_0_fsa_fused_pe_1979 |        195 |        195 |       0 |    0 |    170 |      0 |      0 |    0 |          0 |
|                 u_shared_multiplier                                                       |                        system_attention_0_0_fa_signed_mult_comb_2057 |         18 |         18 |       0 |    0 |      0 |      0 |      0 |    0 |          1 |
|               g_pe_row[6].g_pe_col[8].u_pe                                                |                               system_attention_0_0_fsa_fused_pe_1980 |        212 |        212 |       0 |    0 |    170 |      0 |      0 |    0 |          1 |
|                 (g_pe_row[6].g_pe_col[8].u_pe)                                            |                               system_attention_0_0_fsa_fused_pe_1980 |        195 |        195 |       0 |    0 |    170 |      0 |      0 |    0 |          0 |
|                 u_shared_multiplier                                                       |                        system_attention_0_0_fa_signed_mult_comb_2056 |         18 |         18 |       0 |    0 |      0 |      0 |      0 |    0 |          1 |
|               g_pe_row[6].g_pe_col[9].u_pe                                                |                               system_attention_0_0_fsa_fused_pe_1981 |        219 |        219 |       0 |    0 |    170 |      0 |      0 |    0 |          1 |
|                 (g_pe_row[6].g_pe_col[9].u_pe)                                            |                               system_attention_0_0_fsa_fused_pe_1981 |        196 |        196 |       0 |    0 |    170 |      0 |      0 |    0 |          0 |
|                 u_shared_multiplier                                                       |                        system_attention_0_0_fa_signed_mult_comb_2055 |         23 |         23 |       0 |    0 |      0 |      0 |      0 |    0 |          1 |
|               g_pe_row[7].g_pe_col[0].u_pe                                                |                               system_attention_0_0_fsa_fused_pe_1982 |        344 |        344 |       0 |    0 |    137 |      0 |      0 |    0 |          1 |
|                 (g_pe_row[7].g_pe_col[0].u_pe)                                            |                               system_attention_0_0_fsa_fused_pe_1982 |        243 |        243 |       0 |    0 |    137 |      0 |      0 |    0 |          0 |
|                 u_shared_multiplier                                                       |                        system_attention_0_0_fa_signed_mult_comb_2054 |        101 |        101 |       0 |    0 |      0 |      0 |      0 |    0 |          1 |
|               g_pe_row[7].g_pe_col[10].u_pe                                               |                               system_attention_0_0_fsa_fused_pe_1983 |        211 |        211 |       0 |    0 |    170 |      0 |      0 |    0 |          1 |
|                 (g_pe_row[7].g_pe_col[10].u_pe)                                           |                               system_attention_0_0_fsa_fused_pe_1983 |        194 |        194 |       0 |    0 |    170 |      0 |      0 |    0 |          0 |
|                 u_shared_multiplier                                                       |                        system_attention_0_0_fa_signed_mult_comb_2053 |         18 |         18 |       0 |    0 |      0 |      0 |      0 |    0 |          1 |
|               g_pe_row[7].g_pe_col[11].u_pe                                               |                               system_attention_0_0_fsa_fused_pe_1984 |        211 |        211 |       0 |    0 |    170 |      0 |      0 |    0 |          1 |
|                 (g_pe_row[7].g_pe_col[11].u_pe)                                           |                               system_attention_0_0_fsa_fused_pe_1984 |        194 |        194 |       0 |    0 |    170 |      0 |      0 |    0 |          0 |
|                 u_shared_multiplier                                                       |                        system_attention_0_0_fa_signed_mult_comb_2052 |         18 |         18 |       0 |    0 |      0 |      0 |      0 |    0 |          1 |
|               g_pe_row[7].g_pe_col[12].u_pe                                               |                               system_attention_0_0_fsa_fused_pe_1985 |        213 |        213 |       0 |    0 |    170 |      0 |      0 |    0 |          1 |
|                 (g_pe_row[7].g_pe_col[12].u_pe)                                           |                               system_attention_0_0_fsa_fused_pe_1985 |        195 |        195 |       0 |    0 |    170 |      0 |      0 |    0 |          0 |
|                 u_shared_multiplier                                                       |                        system_attention_0_0_fa_signed_mult_comb_2051 |         18 |         18 |       0 |    0 |      0 |      0 |      0 |    0 |          1 |
|               g_pe_row[7].g_pe_col[13].u_pe                                               |                               system_attention_0_0_fsa_fused_pe_1986 |        212 |        212 |       0 |    0 |    170 |      0 |      0 |    0 |          1 |
|                 (g_pe_row[7].g_pe_col[13].u_pe)                                           |                               system_attention_0_0_fsa_fused_pe_1986 |        194 |        194 |       0 |    0 |    170 |      0 |      0 |    0 |          0 |
|                 u_shared_multiplier                                                       |                        system_attention_0_0_fa_signed_mult_comb_2050 |         18 |         18 |       0 |    0 |      0 |      0 |      0 |    0 |          1 |
|               g_pe_row[7].g_pe_col[14].u_pe                                               |                               system_attention_0_0_fsa_fused_pe_1987 |        229 |        229 |       0 |    0 |    170 |      0 |      0 |    0 |          1 |
|                 (g_pe_row[7].g_pe_col[14].u_pe)                                           |                               system_attention_0_0_fsa_fused_pe_1987 |        211 |        211 |       0 |    0 |    170 |      0 |      0 |    0 |          0 |
|                 u_shared_multiplier                                                       |                        system_attention_0_0_fa_signed_mult_comb_2049 |         18 |         18 |       0 |    0 |      0 |      0 |      0 |    0 |          1 |
|               g_pe_row[7].g_pe_col[15].u_pe                                               |                               system_attention_0_0_fsa_fused_pe_1988 |        211 |        211 |       0 |    0 |    170 |      0 |      0 |    0 |          1 |
|                 (g_pe_row[7].g_pe_col[15].u_pe)                                           |                               system_attention_0_0_fsa_fused_pe_1988 |        194 |        194 |       0 |    0 |    170 |      0 |      0 |    0 |          0 |
|                 u_shared_multiplier                                                       |                        system_attention_0_0_fa_signed_mult_comb_2048 |         18 |         18 |       0 |    0 |      0 |      0 |      0 |    0 |          1 |
|               g_pe_row[7].g_pe_col[16].u_pe                                               |                               system_attention_0_0_fsa_fused_pe_1989 |        211 |        211 |       0 |    0 |    170 |      0 |      0 |    0 |          1 |
|                 (g_pe_row[7].g_pe_col[16].u_pe)                                           |                               system_attention_0_0_fsa_fused_pe_1989 |        194 |        194 |       0 |    0 |    170 |      0 |      0 |    0 |          0 |
|                 u_shared_multiplier                                                       |                        system_attention_0_0_fa_signed_mult_comb_2047 |         18 |         18 |       0 |    0 |      0 |      0 |      0 |    0 |          1 |
|               g_pe_row[7].g_pe_col[17].u_pe                                               |                               system_attention_0_0_fsa_fused_pe_1990 |        211 |        211 |       0 |    0 |    170 |      0 |      0 |    0 |          1 |
|                 (g_pe_row[7].g_pe_col[17].u_pe)                                           |                               system_attention_0_0_fsa_fused_pe_1990 |        194 |        194 |       0 |    0 |    170 |      0 |      0 |    0 |          0 |
|                 u_shared_multiplier                                                       |                        system_attention_0_0_fa_signed_mult_comb_2046 |         18 |         18 |       0 |    0 |      0 |      0 |      0 |    0 |          1 |
|               g_pe_row[7].g_pe_col[18].u_pe                                               |                               system_attention_0_0_fsa_fused_pe_1991 |        211 |        211 |       0 |    0 |    170 |      0 |      0 |    0 |          1 |
|                 (g_pe_row[7].g_pe_col[18].u_pe)                                           |                               system_attention_0_0_fsa_fused_pe_1991 |        194 |        194 |       0 |    0 |    170 |      0 |      0 |    0 |          0 |
|                 u_shared_multiplier                                                       |                        system_attention_0_0_fa_signed_mult_comb_2045 |         18 |         18 |       0 |    0 |      0 |      0 |      0 |    0 |          1 |
|               g_pe_row[7].g_pe_col[19].u_pe                                               |                               system_attention_0_0_fsa_fused_pe_1992 |        211 |        211 |       0 |    0 |    170 |      0 |      0 |    0 |          1 |
|                 (g_pe_row[7].g_pe_col[19].u_pe)                                           |                               system_attention_0_0_fsa_fused_pe_1992 |        194 |        194 |       0 |    0 |    170 |      0 |      0 |    0 |          0 |
|                 u_shared_multiplier                                                       |                        system_attention_0_0_fa_signed_mult_comb_2044 |         18 |         18 |       0 |    0 |      0 |      0 |      0 |    0 |          1 |
|               g_pe_row[7].g_pe_col[1].u_pe                                                |                               system_attention_0_0_fsa_fused_pe_1993 |        241 |        241 |       0 |    0 |    170 |      0 |      0 |    0 |          1 |
|                 (g_pe_row[7].g_pe_col[1].u_pe)                                            |                               system_attention_0_0_fsa_fused_pe_1993 |        220 |        220 |       0 |    0 |    170 |      0 |      0 |    0 |          0 |
|                 u_shared_multiplier                                                       |                        system_attention_0_0_fa_signed_mult_comb_2043 |         22 |         22 |       0 |    0 |      0 |      0 |      0 |    0 |          1 |
|               g_pe_row[7].g_pe_col[20].u_pe                                               |                               system_attention_0_0_fsa_fused_pe_1994 |        211 |        211 |       0 |    0 |    170 |      0 |      0 |    0 |          1 |
|                 (g_pe_row[7].g_pe_col[20].u_pe)                                           |                               system_attention_0_0_fsa_fused_pe_1994 |        194 |        194 |       0 |    0 |    170 |      0 |      0 |    0 |          0 |
|                 u_shared_multiplier                                                       |                        system_attention_0_0_fa_signed_mult_comb_2042 |         18 |         18 |       0 |    0 |      0 |      0 |      0 |    0 |          1 |
|               g_pe_row[7].g_pe_col[21].u_pe                                               |                               system_attention_0_0_fsa_fused_pe_1995 |        211 |        211 |       0 |    0 |    170 |      0 |      0 |    0 |          1 |
|                 (g_pe_row[7].g_pe_col[21].u_pe)                                           |                               system_attention_0_0_fsa_fused_pe_1995 |        194 |        194 |       0 |    0 |    170 |      0 |      0 |    0 |          0 |
|                 u_shared_multiplier                                                       |                        system_attention_0_0_fa_signed_mult_comb_2041 |         18 |         18 |       0 |    0 |      0 |      0 |      0 |    0 |          1 |
|               g_pe_row[7].g_pe_col[22].u_pe                                               |                               system_attention_0_0_fsa_fused_pe_1996 |        228 |        228 |       0 |    0 |    170 |      0 |      0 |    0 |          1 |
|                 (g_pe_row[7].g_pe_col[22].u_pe)                                           |                               system_attention_0_0_fsa_fused_pe_1996 |        211 |        211 |       0 |    0 |    170 |      0 |      0 |    0 |          0 |
|                 u_shared_multiplier                                                       |                        system_attention_0_0_fa_signed_mult_comb_2040 |         18 |         18 |       0 |    0 |      0 |      0 |      0 |    0 |          1 |
|               g_pe_row[7].g_pe_col[23].u_pe                                               |                               system_attention_0_0_fsa_fused_pe_1997 |        212 |        212 |       0 |    0 |    170 |      0 |      0 |    0 |          1 |
|                 (g_pe_row[7].g_pe_col[23].u_pe)                                           |                               system_attention_0_0_fsa_fused_pe_1997 |        195 |        195 |       0 |    0 |    170 |      0 |      0 |    0 |          0 |
|                 u_shared_multiplier                                                       |                        system_attention_0_0_fa_signed_mult_comb_2039 |         18 |         18 |       0 |    0 |      0 |      0 |      0 |    0 |          1 |
|               g_pe_row[7].g_pe_col[24].u_pe                                               |                               system_attention_0_0_fsa_fused_pe_1998 |        214 |        214 |       0 |    0 |    170 |      0 |      0 |    0 |          1 |
|                 (g_pe_row[7].g_pe_col[24].u_pe)                                           |                               system_attention_0_0_fsa_fused_pe_1998 |        197 |        197 |       0 |    0 |    170 |      0 |      0 |    0 |          0 |
|                 u_shared_multiplier                                                       |                        system_attention_0_0_fa_signed_mult_comb_2038 |         18 |         18 |       0 |    0 |      0 |      0 |      0 |    0 |          1 |
|               g_pe_row[7].g_pe_col[25].u_pe                                               |                               system_attention_0_0_fsa_fused_pe_1999 |        215 |        215 |       0 |    0 |    170 |      0 |      0 |    0 |          1 |
|                 (g_pe_row[7].g_pe_col[25].u_pe)                                           |                               system_attention_0_0_fsa_fused_pe_1999 |        196 |        196 |       0 |    0 |    170 |      0 |      0 |    0 |          0 |
|                 u_shared_multiplier                                                       |                        system_attention_0_0_fa_signed_mult_comb_2037 |         19 |         19 |       0 |    0 |      0 |      0 |      0 |    0 |          1 |
|               g_pe_row[7].g_pe_col[26].u_pe                                               |                               system_attention_0_0_fsa_fused_pe_2000 |        213 |        213 |       0 |    0 |    170 |      0 |      0 |    0 |          1 |
|                 (g_pe_row[7].g_pe_col[26].u_pe)                                           |                               system_attention_0_0_fsa_fused_pe_2000 |        195 |        195 |       0 |    0 |    170 |      0 |      0 |    0 |          0 |
|                 u_shared_multiplier                                                       |                        system_attention_0_0_fa_signed_mult_comb_2036 |         19 |         19 |       0 |    0 |      0 |      0 |      0 |    0 |          1 |
|               g_pe_row[7].g_pe_col[27].u_pe                                               |                               system_attention_0_0_fsa_fused_pe_2001 |        219 |        219 |       0 |    0 |    170 |      0 |      0 |    0 |          1 |
|                 (g_pe_row[7].g_pe_col[27].u_pe)                                           |                               system_attention_0_0_fsa_fused_pe_2001 |        196 |        196 |       0 |    0 |    170 |      0 |      0 |    0 |          0 |
|                 u_shared_multiplier                                                       |                        system_attention_0_0_fa_signed_mult_comb_2035 |         23 |         23 |       0 |    0 |      0 |      0 |      0 |    0 |          1 |
|               g_pe_row[7].g_pe_col[28].u_pe                                               |                               system_attention_0_0_fsa_fused_pe_2002 |        224 |        224 |       0 |    0 |    170 |      0 |      0 |    0 |          1 |
|                 (g_pe_row[7].g_pe_col[28].u_pe)                                           |                               system_attention_0_0_fsa_fused_pe_2002 |        196 |        196 |       0 |    0 |    170 |      0 |      0 |    0 |          0 |
|                 u_shared_multiplier                                                       |                        system_attention_0_0_fa_signed_mult_comb_2034 |         28 |         28 |       0 |    0 |      0 |      0 |      0 |    0 |          1 |
|               g_pe_row[7].g_pe_col[29].u_pe                                               |                               system_attention_0_0_fsa_fused_pe_2003 |        247 |        247 |       0 |    0 |    170 |      0 |      0 |    0 |          1 |
|                 (g_pe_row[7].g_pe_col[29].u_pe)                                           |                               system_attention_0_0_fsa_fused_pe_2003 |        213 |        213 |       0 |    0 |    170 |      0 |      0 |    0 |          0 |
|                 u_shared_multiplier                                                       |                        system_attention_0_0_fa_signed_mult_comb_2033 |         34 |         34 |       0 |    0 |      0 |      0 |      0 |    0 |          1 |
|               g_pe_row[7].g_pe_col[2].u_pe                                                |                               system_attention_0_0_fsa_fused_pe_2004 |        211 |        211 |       0 |    0 |    170 |      0 |      0 |    0 |          1 |
|                 (g_pe_row[7].g_pe_col[2].u_pe)                                            |                               system_attention_0_0_fsa_fused_pe_2004 |        194 |        194 |       0 |    0 |    170 |      0 |      0 |    0 |          0 |
|                 u_shared_multiplier                                                       |                        system_attention_0_0_fa_signed_mult_comb_2032 |         18 |         18 |       0 |    0 |      0 |      0 |      0 |    0 |          1 |
|               g_pe_row[7].g_pe_col[30].u_pe                                               |                               system_attention_0_0_fsa_fused_pe_2005 |        264 |        264 |       0 |    0 |    170 |      0 |      0 |    0 |          1 |
|                 (g_pe_row[7].g_pe_col[30].u_pe)                                           |                               system_attention_0_0_fsa_fused_pe_2005 |        238 |        238 |       0 |    0 |    170 |      0 |      0 |    0 |          0 |
|                 u_shared_multiplier                                                       |                        system_attention_0_0_fa_signed_mult_comb_2031 |         26 |         26 |       0 |    0 |      0 |      0 |      0 |    0 |          1 |
|               g_pe_row[7].g_pe_col[31].u_pe                                               |                               system_attention_0_0_fsa_fused_pe_2006 |        117 |        117 |       0 |    0 |    161 |      0 |      0 |    0 |          1 |
|                 (g_pe_row[7].g_pe_col[31].u_pe)                                           |                               system_attention_0_0_fsa_fused_pe_2006 |        108 |        108 |       0 |    0 |    161 |      0 |      0 |    0 |          0 |
|                 u_shared_multiplier                                                       |                        system_attention_0_0_fa_signed_mult_comb_2030 |          9 |          9 |       0 |    0 |      0 |      0 |      0 |    0 |          1 |
|               g_pe_row[7].g_pe_col[3].u_pe                                                |                               system_attention_0_0_fsa_fused_pe_2007 |        211 |        211 |       0 |    0 |    170 |      0 |      0 |    0 |          1 |
|                 (g_pe_row[7].g_pe_col[3].u_pe)                                            |                               system_attention_0_0_fsa_fused_pe_2007 |        194 |        194 |       0 |    0 |    170 |      0 |      0 |    0 |          0 |
|                 u_shared_multiplier                                                       |                        system_attention_0_0_fa_signed_mult_comb_2029 |         18 |         18 |       0 |    0 |      0 |      0 |      0 |    0 |          1 |
|               g_pe_row[7].g_pe_col[4].u_pe                                                |                               system_attention_0_0_fsa_fused_pe_2008 |        211 |        211 |       0 |    0 |    170 |      0 |      0 |    0 |          1 |
|                 (g_pe_row[7].g_pe_col[4].u_pe)                                            |                               system_attention_0_0_fsa_fused_pe_2008 |        194 |        194 |       0 |    0 |    170 |      0 |      0 |    0 |          0 |
|                 u_shared_multiplier                                                       |                        system_attention_0_0_fa_signed_mult_comb_2028 |         18 |         18 |       0 |    0 |      0 |      0 |      0 |    0 |          1 |
|               g_pe_row[7].g_pe_col[5].u_pe                                                |                               system_attention_0_0_fsa_fused_pe_2009 |        211 |        211 |       0 |    0 |    170 |      0 |      0 |    0 |          1 |
|                 (g_pe_row[7].g_pe_col[5].u_pe)                                            |                               system_attention_0_0_fsa_fused_pe_2009 |        194 |        194 |       0 |    0 |    170 |      0 |      0 |    0 |          0 |
|                 u_shared_multiplier                                                       |                        system_attention_0_0_fa_signed_mult_comb_2027 |         18 |         18 |       0 |    0 |      0 |      0 |      0 |    0 |          1 |
|               g_pe_row[7].g_pe_col[6].u_pe                                                |                               system_attention_0_0_fsa_fused_pe_2010 |        228 |        228 |       0 |    0 |    170 |      0 |      0 |    0 |          1 |
|                 (g_pe_row[7].g_pe_col[6].u_pe)                                            |                               system_attention_0_0_fsa_fused_pe_2010 |        210 |        210 |       0 |    0 |    170 |      0 |      0 |    0 |          0 |
|                 u_shared_multiplier                                                       |                        system_attention_0_0_fa_signed_mult_comb_2026 |         18 |         18 |       0 |    0 |      0 |      0 |      0 |    0 |          1 |
|               g_pe_row[7].g_pe_col[7].u_pe                                                |                               system_attention_0_0_fsa_fused_pe_2011 |        211 |        211 |       0 |    0 |    170 |      0 |      0 |    0 |          1 |
|                 (g_pe_row[7].g_pe_col[7].u_pe)                                            |                               system_attention_0_0_fsa_fused_pe_2011 |        194 |        194 |       0 |    0 |    170 |      0 |      0 |    0 |          0 |
|                 u_shared_multiplier                                                       |                        system_attention_0_0_fa_signed_mult_comb_2025 |         18 |         18 |       0 |    0 |      0 |      0 |      0 |    0 |          1 |
|               g_pe_row[7].g_pe_col[8].u_pe                                                |                               system_attention_0_0_fsa_fused_pe_2012 |        211 |        211 |       0 |    0 |    170 |      0 |      0 |    0 |          1 |
|                 (g_pe_row[7].g_pe_col[8].u_pe)                                            |                               system_attention_0_0_fsa_fused_pe_2012 |        194 |        194 |       0 |    0 |    170 |      0 |      0 |    0 |          0 |
|                 u_shared_multiplier                                                       |                        system_attention_0_0_fa_signed_mult_comb_2024 |         18 |         18 |       0 |    0 |      0 |      0 |      0 |    0 |          1 |
|               g_pe_row[7].g_pe_col[9].u_pe                                                |                               system_attention_0_0_fsa_fused_pe_2013 |        211 |        211 |       0 |    0 |    170 |      0 |      0 |    0 |          1 |
|                 (g_pe_row[7].g_pe_col[9].u_pe)                                            |                               system_attention_0_0_fsa_fused_pe_2013 |        194 |        194 |       0 |    0 |    170 |      0 |      0 |    0 |          0 |
|                 u_shared_multiplier                                                       |                        system_attention_0_0_fa_signed_mult_comb_2023 |         18 |         18 |       0 |    0 |      0 |      0 |      0 |    0 |          1 |
|               g_pv_seed_rescale[0].u_o_rescale_multiplier                                 |                       system_attention_0_0_fa_signed_mult_pipe2_2014 |         17 |         17 |       0 |    0 |      2 |      0 |      0 |    0 |          2 |
|               g_pv_seed_rescale[1].u_o_rescale_multiplier                                 |                       system_attention_0_0_fa_signed_mult_pipe2_2015 |         16 |         16 |       0 |    0 |      0 |      0 |      0 |    0 |          2 |
|               g_pv_seed_rescale[2].u_o_rescale_multiplier                                 |                       system_attention_0_0_fa_signed_mult_pipe2_2016 |         16 |         16 |       0 |    0 |      0 |      0 |      0 |    0 |          2 |
|               g_pv_seed_rescale[3].u_o_rescale_multiplier                                 |                       system_attention_0_0_fa_signed_mult_pipe2_2017 |         16 |         16 |       0 |    0 |      0 |      0 |      0 |    0 |          2 |
|               g_pv_seed_rescale[4].u_o_rescale_multiplier                                 |                       system_attention_0_0_fa_signed_mult_pipe2_2018 |         16 |         16 |       0 |    0 |      0 |      0 |      0 |    0 |          2 |
|               g_pv_seed_rescale[5].u_o_rescale_multiplier                                 |                       system_attention_0_0_fa_signed_mult_pipe2_2019 |         16 |         16 |       0 |    0 |      0 |      0 |      0 |    0 |          2 |
|               g_pv_seed_rescale[6].u_o_rescale_multiplier                                 |                       system_attention_0_0_fa_signed_mult_pipe2_2020 |         16 |         16 |       0 |    0 |      0 |      0 |      0 |    0 |          2 |
|               g_pv_seed_rescale[7].u_o_rescale_multiplier                                 |                       system_attention_0_0_fa_signed_mult_pipe2_2021 |         17 |         17 |       0 |    0 |      0 |      0 |      0 |    0 |          2 |
|               u_o_bank                                                                    |                         system_attention_0_0_o_accumulator_bank_2022 |       5378 |       5378 |       0 |    0 |  16641 |      0 |      0 |    0 |          0 |
|             g_stripe[1].u_stripe                                                          |                                   system_attention_0_0_fsa_stripe__2 |      65356 |      65356 |       0 |    0 |  62065 |      0 |      0 |    0 |        272 |
|               (g_stripe[1].u_stripe)                                                      |                                   system_attention_0_0_fsa_stripe__2 |        390 |        390 |       0 |    0 |   2186 |      0 |      0 |    0 |          0 |
|               g_clear_replica[0].u_clear_replica                                          |                             system_attention_0_0_fa_clear_replica__8 |          1 |          1 |       0 |    0 |      1 |      0 |      0 |    0 |          0 |
|               g_clear_replica[1].u_clear_replica                                          |                             system_attention_0_0_fa_clear_replica__9 |          1 |          1 |       0 |    0 |      1 |      0 |      0 |    0 |          0 |
|               g_clear_replica[2].u_clear_replica                                          |                            system_attention_0_0_fa_clear_replica__10 |          1 |          1 |       0 |    0 |      1 |      0 |      0 |    0 |          0 |
|               g_clear_replica[3].u_clear_replica                                          |                            system_attention_0_0_fa_clear_replica__11 |          1 |          1 |       0 |    0 |      1 |      0 |      0 |    0 |          0 |
|               g_pe_row[0].g_pe_col[0].u_pe                                                |                               system_attention_0_0_fsa_fused_pe_1237 |        349 |        349 |       0 |    0 |    138 |      0 |      0 |    0 |          1 |
|                 (g_pe_row[0].g_pe_col[0].u_pe)                                            |                               system_attention_0_0_fsa_fused_pe_1237 |        230 |        230 |       0 |    0 |    138 |      0 |      0 |    0 |          0 |
|                 u_shared_multiplier                                                       |                        system_attention_0_0_fa_signed_mult_comb_1757 |        120 |        120 |       0 |    0 |      0 |      0 |      0 |    0 |          1 |
|               g_pe_row[0].g_pe_col[10].u_pe                                               |                               system_attention_0_0_fsa_fused_pe_1238 |        233 |        233 |       0 |    0 |    171 |      0 |      0 |    0 |          1 |
|                 (g_pe_row[0].g_pe_col[10].u_pe)                                           |                               system_attention_0_0_fsa_fused_pe_1238 |        200 |        200 |       0 |    0 |    171 |      0 |      0 |    0 |          0 |
|                 u_shared_multiplier                                                       |                        system_attention_0_0_fa_signed_mult_comb_1756 |         33 |         33 |       0 |    0 |      0 |      0 |      0 |    0 |          1 |
|               g_pe_row[0].g_pe_col[11].u_pe                                               |                               system_attention_0_0_fsa_fused_pe_1239 |        221 |        221 |       0 |    0 |    172 |      0 |      0 |    0 |          1 |
|                 (g_pe_row[0].g_pe_col[11].u_pe)                                           |                               system_attention_0_0_fsa_fused_pe_1239 |        199 |        199 |       0 |    0 |    172 |      0 |      0 |    0 |          0 |
|                 u_shared_multiplier                                                       |                        system_attention_0_0_fa_signed_mult_comb_1755 |         22 |         22 |       0 |    0 |      0 |      0 |      0 |    0 |          1 |
|               g_pe_row[0].g_pe_col[12].u_pe                                               |                               system_attention_0_0_fsa_fused_pe_1240 |        733 |        733 |       0 |    0 |    171 |      0 |      0 |    0 |          1 |
|                 (g_pe_row[0].g_pe_col[12].u_pe)                                           |                               system_attention_0_0_fsa_fused_pe_1240 |        714 |        714 |       0 |    0 |    171 |      0 |      0 |    0 |          0 |
|                 u_shared_multiplier                                                       |                        system_attention_0_0_fa_signed_mult_comb_1754 |         19 |         19 |       0 |    0 |      0 |      0 |      0 |    0 |          1 |
|               g_pe_row[0].g_pe_col[13].u_pe                                               |                               system_attention_0_0_fsa_fused_pe_1241 |        219 |        219 |       0 |    0 |    171 |      0 |      0 |    0 |          1 |
|                 (g_pe_row[0].g_pe_col[13].u_pe)                                           |                               system_attention_0_0_fsa_fused_pe_1241 |        199 |        199 |       0 |    0 |    171 |      0 |      0 |    0 |          0 |
|                 u_shared_multiplier                                                       |                        system_attention_0_0_fa_signed_mult_comb_1753 |         20 |         20 |       0 |    0 |      0 |      0 |      0 |    0 |          1 |
|               g_pe_row[0].g_pe_col[14].u_pe                                               |                               system_attention_0_0_fsa_fused_pe_1242 |        239 |        239 |       0 |    0 |    170 |      0 |      0 |    0 |          1 |
|                 (g_pe_row[0].g_pe_col[14].u_pe)                                           |                               system_attention_0_0_fsa_fused_pe_1242 |        216 |        216 |       0 |    0 |    170 |      0 |      0 |    0 |          0 |
|                 u_shared_multiplier                                                       |                        system_attention_0_0_fa_signed_mult_comb_1752 |         23 |         23 |       0 |    0 |      0 |      0 |      0 |    0 |          1 |
|               g_pe_row[0].g_pe_col[15].u_pe                                               |                               system_attention_0_0_fsa_fused_pe_1243 |        220 |        220 |       0 |    0 |    170 |      0 |      0 |    0 |          1 |
|                 (g_pe_row[0].g_pe_col[15].u_pe)                                           |                               system_attention_0_0_fsa_fused_pe_1243 |        198 |        198 |       0 |    0 |    170 |      0 |      0 |    0 |          0 |
|                 u_shared_multiplier                                                       |                        system_attention_0_0_fa_signed_mult_comb_1751 |         23 |         23 |       0 |    0 |      0 |      0 |      0 |    0 |          1 |
|               g_pe_row[0].g_pe_col[16].u_pe                                               |                               system_attention_0_0_fsa_fused_pe_1244 |        215 |        215 |       0 |    0 |    172 |      0 |      0 |    0 |          1 |
|                 (g_pe_row[0].g_pe_col[16].u_pe)                                           |                               system_attention_0_0_fsa_fused_pe_1244 |        197 |        197 |       0 |    0 |    172 |      0 |      0 |    0 |          0 |
|                 u_shared_multiplier                                                       |                        system_attention_0_0_fa_signed_mult_comb_1750 |         18 |         18 |       0 |    0 |      0 |      0 |      0 |    0 |          1 |
|               g_pe_row[0].g_pe_col[17].u_pe                                               |                               system_attention_0_0_fsa_fused_pe_1245 |        479 |        479 |       0 |    0 |    172 |      0 |      0 |    0 |          1 |
|                 (g_pe_row[0].g_pe_col[17].u_pe)                                           |                               system_attention_0_0_fsa_fused_pe_1245 |        456 |        456 |       0 |    0 |    172 |      0 |      0 |    0 |          0 |
|                 u_shared_multiplier                                                       |                        system_attention_0_0_fa_signed_mult_comb_1749 |         23 |         23 |       0 |    0 |      0 |      0 |      0 |    0 |          1 |
|               g_pe_row[0].g_pe_col[18].u_pe                                               |                               system_attention_0_0_fsa_fused_pe_1246 |        230 |        230 |       0 |    0 |    171 |      0 |      0 |    0 |          1 |
|                 (g_pe_row[0].g_pe_col[18].u_pe)                                           |                               system_attention_0_0_fsa_fused_pe_1246 |        200 |        200 |       0 |    0 |    171 |      0 |      0 |    0 |          0 |
|                 u_shared_multiplier                                                       |                        system_attention_0_0_fa_signed_mult_comb_1748 |         30 |         30 |       0 |    0 |      0 |      0 |      0 |    0 |          1 |
|               g_pe_row[0].g_pe_col[19].u_pe                                               |                               system_attention_0_0_fsa_fused_pe_1247 |        227 |        227 |       0 |    0 |    172 |      0 |      0 |    0 |          1 |
|                 (g_pe_row[0].g_pe_col[19].u_pe)                                           |                               system_attention_0_0_fsa_fused_pe_1247 |        198 |        198 |       0 |    0 |    172 |      0 |      0 |    0 |          0 |
|                 u_shared_multiplier                                                       |                        system_attention_0_0_fa_signed_mult_comb_1747 |         29 |         29 |       0 |    0 |      0 |      0 |      0 |    0 |          1 |
|               g_pe_row[0].g_pe_col[1].u_pe                                                |                               system_attention_0_0_fsa_fused_pe_1248 |        488 |        488 |       0 |    0 |    171 |      0 |      0 |    0 |          1 |
|                 (g_pe_row[0].g_pe_col[1].u_pe)                                            |                               system_attention_0_0_fsa_fused_pe_1248 |        468 |        468 |       0 |    0 |    171 |      0 |      0 |    0 |          0 |
|                 u_shared_multiplier                                                       |                        system_attention_0_0_fa_signed_mult_comb_1746 |         20 |         20 |       0 |    0 |      0 |      0 |      0 |    0 |          1 |
|               g_pe_row[0].g_pe_col[20].u_pe                                               |                               system_attention_0_0_fsa_fused_pe_1249 |        747 |        747 |       0 |    0 |    173 |      0 |      0 |    0 |          1 |
|                 (g_pe_row[0].g_pe_col[20].u_pe)                                           |                               system_attention_0_0_fsa_fused_pe_1249 |        717 |        717 |       0 |    0 |    173 |      0 |      0 |    0 |          0 |
|                 u_shared_multiplier                                                       |                        system_attention_0_0_fa_signed_mult_comb_1745 |         30 |         30 |       0 |    0 |      0 |      0 |      0 |    0 |          1 |
|               g_pe_row[0].g_pe_col[21].u_pe                                               |                               system_attention_0_0_fsa_fused_pe_1250 |        234 |        234 |       0 |    0 |    172 |      0 |      0 |    0 |          1 |
|                 (g_pe_row[0].g_pe_col[21].u_pe)                                           |                               system_attention_0_0_fsa_fused_pe_1250 |        200 |        200 |       0 |    0 |    172 |      0 |      0 |    0 |          0 |
|                 u_shared_multiplier                                                       |                        system_attention_0_0_fa_signed_mult_comb_1744 |         34 |         34 |       0 |    0 |      0 |      0 |      0 |    0 |          1 |
|               g_pe_row[0].g_pe_col[22].u_pe                                               |                               system_attention_0_0_fsa_fused_pe_1251 |        234 |        234 |       0 |    0 |    172 |      0 |      0 |    0 |          1 |
|                 (g_pe_row[0].g_pe_col[22].u_pe)                                           |                               system_attention_0_0_fsa_fused_pe_1251 |        212 |        212 |       0 |    0 |    172 |      0 |      0 |    0 |          0 |
|                 u_shared_multiplier                                                       |                        system_attention_0_0_fa_signed_mult_comb_1743 |         22 |         22 |       0 |    0 |      0 |      0 |      0 |    0 |          1 |
|               g_pe_row[0].g_pe_col[23].u_pe                                               |                               system_attention_0_0_fsa_fused_pe_1252 |        211 |        211 |       0 |    0 |    173 |      0 |      0 |    0 |          1 |
|                 (g_pe_row[0].g_pe_col[23].u_pe)                                           |                               system_attention_0_0_fsa_fused_pe_1252 |        197 |        197 |       0 |    0 |    173 |      0 |      0 |    0 |          0 |
|                 u_shared_multiplier                                                       |                        system_attention_0_0_fa_signed_mult_comb_1742 |         14 |         14 |       0 |    0 |      0 |      0 |      0 |    0 |          1 |
|               g_pe_row[0].g_pe_col[24].u_pe                                               |                               system_attention_0_0_fsa_fused_pe_1253 |        225 |        225 |       0 |    0 |    173 |      0 |      0 |    0 |          1 |
|                 (g_pe_row[0].g_pe_col[24].u_pe)                                           |                               system_attention_0_0_fsa_fused_pe_1253 |        211 |        211 |       0 |    0 |    173 |      0 |      0 |    0 |          0 |
|                 u_shared_multiplier                                                       |                        system_attention_0_0_fa_signed_mult_comb_1741 |         14 |         14 |       0 |    0 |      0 |      0 |      0 |    0 |          1 |
|               g_pe_row[0].g_pe_col[25].u_pe                                               |                               system_attention_0_0_fsa_fused_pe_1254 |        466 |        466 |       0 |    0 |    172 |      0 |      0 |    0 |          1 |
|                 (g_pe_row[0].g_pe_col[25].u_pe)                                           |                               system_attention_0_0_fsa_fused_pe_1254 |        452 |        452 |       0 |    0 |    172 |      0 |      0 |    0 |          0 |
|                 u_shared_multiplier                                                       |                        system_attention_0_0_fa_signed_mult_comb_1740 |         14 |         14 |       0 |    0 |      0 |      0 |      0 |    0 |          1 |
|               g_pe_row[0].g_pe_col[26].u_pe                                               |                               system_attention_0_0_fsa_fused_pe_1255 |        224 |        224 |       0 |    0 |    172 |      0 |      0 |    0 |          1 |
|                 (g_pe_row[0].g_pe_col[26].u_pe)                                           |                               system_attention_0_0_fsa_fused_pe_1255 |        210 |        210 |       0 |    0 |    172 |      0 |      0 |    0 |          0 |
|                 u_shared_multiplier                                                       |                        system_attention_0_0_fa_signed_mult_comb_1739 |         14 |         14 |       0 |    0 |      0 |      0 |      0 |    0 |          1 |
|               g_pe_row[0].g_pe_col[27].u_pe                                               |                               system_attention_0_0_fsa_fused_pe_1256 |        211 |        211 |       0 |    0 |    170 |      0 |      0 |    0 |          1 |
|                 (g_pe_row[0].g_pe_col[27].u_pe)                                           |                               system_attention_0_0_fsa_fused_pe_1256 |        195 |        195 |       0 |    0 |    170 |      0 |      0 |    0 |          0 |
|                 u_shared_multiplier                                                       |                        system_attention_0_0_fa_signed_mult_comb_1738 |         16 |         16 |       0 |    0 |      0 |      0 |      0 |    0 |          1 |
|               g_pe_row[0].g_pe_col[28].u_pe                                               |                               system_attention_0_0_fsa_fused_pe_1257 |        743 |        743 |       0 |    0 |    169 |      0 |      0 |    0 |          1 |
|                 (g_pe_row[0].g_pe_col[28].u_pe)                                           |                               system_attention_0_0_fsa_fused_pe_1257 |        724 |        724 |       0 |    0 |    169 |      0 |      0 |    0 |          0 |
|                 u_shared_multiplier                                                       |                        system_attention_0_0_fa_signed_mult_comb_1737 |         19 |         19 |       0 |    0 |      0 |      0 |      0 |    0 |          1 |
|               g_pe_row[0].g_pe_col[29].u_pe                                               |                               system_attention_0_0_fsa_fused_pe_1258 |        212 |        212 |       0 |    0 |    171 |      0 |      0 |    0 |          1 |
|                 (g_pe_row[0].g_pe_col[29].u_pe)                                           |                               system_attention_0_0_fsa_fused_pe_1258 |        194 |        194 |       0 |    0 |    171 |      0 |      0 |    0 |          0 |
|                 u_shared_multiplier                                                       |                        system_attention_0_0_fa_signed_mult_comb_1736 |         18 |         18 |       0 |    0 |      0 |      0 |      0 |    0 |          1 |
|               g_pe_row[0].g_pe_col[2].u_pe                                                |                               system_attention_0_0_fsa_fused_pe_1259 |        240 |        240 |       0 |    0 |    172 |      0 |      0 |    0 |          1 |
|                 (g_pe_row[0].g_pe_col[2].u_pe)                                            |                               system_attention_0_0_fsa_fused_pe_1259 |        198 |        198 |       0 |    0 |    172 |      0 |      0 |    0 |          0 |
|                 u_shared_multiplier                                                       |                        system_attention_0_0_fa_signed_mult_comb_1735 |         42 |         42 |       0 |    0 |      0 |      0 |      0 |    0 |          1 |
|               g_pe_row[0].g_pe_col[30].u_pe                                               |                               system_attention_0_0_fsa_fused_pe_1260 |        227 |        227 |       0 |    0 |    172 |      0 |      0 |    0 |          1 |
|                 (g_pe_row[0].g_pe_col[30].u_pe)                                           |                               system_attention_0_0_fsa_fused_pe_1260 |        212 |        212 |       0 |    0 |    172 |      0 |      0 |    0 |          0 |
|                 u_shared_multiplier                                                       |                        system_attention_0_0_fa_signed_mult_comb_1734 |         15 |         15 |       0 |    0 |      0 |      0 |      0 |    0 |          1 |
|               g_pe_row[0].g_pe_col[31].u_pe                                               |                               system_attention_0_0_fsa_fused_pe_1261 |        112 |        112 |       0 |    0 |    162 |      0 |      0 |    0 |          1 |
|                 (g_pe_row[0].g_pe_col[31].u_pe)                                           |                               system_attention_0_0_fsa_fused_pe_1261 |        112 |        112 |       0 |    0 |    162 |      0 |      0 |    0 |          0 |
|                 u_shared_multiplier                                                       |                        system_attention_0_0_fa_signed_mult_comb_1733 |          0 |          0 |       0 |    0 |      0 |      0 |      0 |    0 |          1 |
|               g_pe_row[0].g_pe_col[3].u_pe                                                |                               system_attention_0_0_fsa_fused_pe_1262 |        230 |        230 |       0 |    0 |    172 |      0 |      0 |    0 |          1 |
|                 (g_pe_row[0].g_pe_col[3].u_pe)                                            |                               system_attention_0_0_fsa_fused_pe_1262 |        198 |        198 |       0 |    0 |    172 |      0 |      0 |    0 |          0 |
|                 u_shared_multiplier                                                       |                        system_attention_0_0_fa_signed_mult_comb_1732 |         32 |         32 |       0 |    0 |      0 |      0 |      0 |    0 |          1 |
|               g_pe_row[0].g_pe_col[4].u_pe                                                |                               system_attention_0_0_fsa_fused_pe_1263 |        712 |        712 |       0 |    0 |    172 |      0 |      0 |    0 |          1 |
|                 (g_pe_row[0].g_pe_col[4].u_pe)                                            |                               system_attention_0_0_fsa_fused_pe_1263 |        683 |        683 |       0 |    0 |    172 |      0 |      0 |    0 |          0 |
|                 u_shared_multiplier                                                       |                        system_attention_0_0_fa_signed_mult_comb_1731 |         29 |         29 |       0 |    0 |      0 |      0 |      0 |    0 |          1 |
|               g_pe_row[0].g_pe_col[5].u_pe                                                |                               system_attention_0_0_fsa_fused_pe_1264 |        233 |        233 |       0 |    0 |    172 |      0 |      0 |    0 |          1 |
|                 (g_pe_row[0].g_pe_col[5].u_pe)                                            |                               system_attention_0_0_fsa_fused_pe_1264 |        200 |        200 |       0 |    0 |    172 |      0 |      0 |    0 |          0 |
|                 u_shared_multiplier                                                       |                        system_attention_0_0_fa_signed_mult_comb_1730 |         33 |         33 |       0 |    0 |      0 |      0 |      0 |    0 |          1 |
|               g_pe_row[0].g_pe_col[6].u_pe                                                |                               system_attention_0_0_fsa_fused_pe_1265 |        282 |        282 |       0 |    0 |    170 |      0 |      0 |    0 |          1 |
|                 (g_pe_row[0].g_pe_col[6].u_pe)                                            |                               system_attention_0_0_fsa_fused_pe_1265 |        248 |        248 |       0 |    0 |    170 |      0 |      0 |    0 |          0 |
|                 u_shared_multiplier                                                       |                        system_attention_0_0_fa_signed_mult_comb_1729 |         34 |         34 |       0 |    0 |      0 |      0 |      0 |    0 |          1 |
|               g_pe_row[0].g_pe_col[7].u_pe                                                |                               system_attention_0_0_fsa_fused_pe_1266 |        217 |        217 |       0 |    0 |    173 |      0 |      0 |    0 |          1 |
|                 (g_pe_row[0].g_pe_col[7].u_pe)                                            |                               system_attention_0_0_fsa_fused_pe_1266 |        196 |        196 |       0 |    0 |    173 |      0 |      0 |    0 |          0 |
|                 u_shared_multiplier                                                       |                        system_attention_0_0_fa_signed_mult_comb_1728 |         22 |         22 |       0 |    0 |      0 |      0 |      0 |    0 |          1 |
|               g_pe_row[0].g_pe_col[8].u_pe                                                |                               system_attention_0_0_fsa_fused_pe_1267 |        231 |        231 |       0 |    0 |    172 |      0 |      0 |    0 |          1 |
|                 (g_pe_row[0].g_pe_col[8].u_pe)                                            |                               system_attention_0_0_fsa_fused_pe_1267 |        201 |        201 |       0 |    0 |    172 |      0 |      0 |    0 |          0 |
|                 u_shared_multiplier                                                       |                        system_attention_0_0_fa_signed_mult_comb_1727 |         30 |         30 |       0 |    0 |      0 |      0 |      0 |    0 |          1 |
|               g_pe_row[0].g_pe_col[9].u_pe                                                |                               system_attention_0_0_fsa_fused_pe_1268 |        490 |        490 |       0 |    0 |    172 |      0 |      0 |    0 |          1 |
|                 (g_pe_row[0].g_pe_col[9].u_pe)                                            |                               system_attention_0_0_fsa_fused_pe_1268 |        456 |        456 |       0 |    0 |    172 |      0 |      0 |    0 |          0 |
|                 u_shared_multiplier                                                       |                        system_attention_0_0_fa_signed_mult_comb_1726 |         34 |         34 |       0 |    0 |      0 |      0 |      0 |    0 |          1 |
|               g_pe_row[1].g_pe_col[0].u_pe                                                |                               system_attention_0_0_fsa_fused_pe_1269 |        349 |        349 |       0 |    0 |    137 |      0 |      0 |    0 |          1 |
|                 (g_pe_row[1].g_pe_col[0].u_pe)                                            |                               system_attention_0_0_fsa_fused_pe_1269 |        244 |        244 |       0 |    0 |    137 |      0 |      0 |    0 |          0 |
|                 u_shared_multiplier                                                       |                        system_attention_0_0_fa_signed_mult_comb_1725 |        105 |        105 |       0 |    0 |      0 |      0 |      0 |    0 |          1 |
|               g_pe_row[1].g_pe_col[10].u_pe                                               |                               system_attention_0_0_fsa_fused_pe_1270 |        212 |        212 |       0 |    0 |    170 |      0 |      0 |    0 |          1 |
|                 (g_pe_row[1].g_pe_col[10].u_pe)                                           |                               system_attention_0_0_fsa_fused_pe_1270 |        195 |        195 |       0 |    0 |    170 |      0 |      0 |    0 |          0 |
|                 u_shared_multiplier                                                       |                        system_attention_0_0_fa_signed_mult_comb_1724 |         18 |         18 |       0 |    0 |      0 |      0 |      0 |    0 |          1 |
|               g_pe_row[1].g_pe_col[11].u_pe                                               |                               system_attention_0_0_fsa_fused_pe_1271 |        212 |        212 |       0 |    0 |    170 |      0 |      0 |    0 |          1 |
|                 (g_pe_row[1].g_pe_col[11].u_pe)                                           |                               system_attention_0_0_fsa_fused_pe_1271 |        195 |        195 |       0 |    0 |    170 |      0 |      0 |    0 |          0 |
|                 u_shared_multiplier                                                       |                        system_attention_0_0_fa_signed_mult_comb_1723 |         18 |         18 |       0 |    0 |      0 |      0 |      0 |    0 |          1 |
|               g_pe_row[1].g_pe_col[12].u_pe                                               |                               system_attention_0_0_fsa_fused_pe_1272 |        212 |        212 |       0 |    0 |    170 |      0 |      0 |    0 |          1 |
|                 (g_pe_row[1].g_pe_col[12].u_pe)                                           |                               system_attention_0_0_fsa_fused_pe_1272 |        195 |        195 |       0 |    0 |    170 |      0 |      0 |    0 |          0 |
|                 u_shared_multiplier                                                       |                        system_attention_0_0_fa_signed_mult_comb_1722 |         18 |         18 |       0 |    0 |      0 |      0 |      0 |    0 |          1 |
|               g_pe_row[1].g_pe_col[13].u_pe                                               |                               system_attention_0_0_fsa_fused_pe_1273 |        214 |        214 |       0 |    0 |    170 |      0 |      0 |    0 |          1 |
|                 (g_pe_row[1].g_pe_col[13].u_pe)                                           |                               system_attention_0_0_fsa_fused_pe_1273 |        196 |        196 |       0 |    0 |    170 |      0 |      0 |    0 |          0 |
|                 u_shared_multiplier                                                       |                        system_attention_0_0_fa_signed_mult_comb_1721 |         19 |         19 |       0 |    0 |      0 |      0 |      0 |    0 |          1 |
|               g_pe_row[1].g_pe_col[14].u_pe                                               |                               system_attention_0_0_fsa_fused_pe_1274 |        243 |        243 |       0 |    0 |    170 |      0 |      0 |    0 |          1 |
|                 (g_pe_row[1].g_pe_col[14].u_pe)                                           |                               system_attention_0_0_fsa_fused_pe_1274 |        212 |        212 |       0 |    0 |    170 |      0 |      0 |    0 |          0 |
|                 u_shared_multiplier                                                       |                        system_attention_0_0_fa_signed_mult_comb_1720 |         31 |         31 |       0 |    0 |      0 |      0 |      0 |    0 |          1 |
|               g_pe_row[1].g_pe_col[15].u_pe                                               |                               system_attention_0_0_fsa_fused_pe_1275 |        216 |        216 |       0 |    0 |    170 |      0 |      0 |    0 |          1 |
|                 (g_pe_row[1].g_pe_col[15].u_pe)                                           |                               system_attention_0_0_fsa_fused_pe_1275 |        195 |        195 |       0 |    0 |    170 |      0 |      0 |    0 |          0 |
|                 u_shared_multiplier                                                       |                        system_attention_0_0_fa_signed_mult_comb_1719 |         22 |         22 |       0 |    0 |      0 |      0 |      0 |    0 |          1 |
|               g_pe_row[1].g_pe_col[16].u_pe                                               |                               system_attention_0_0_fsa_fused_pe_1276 |        212 |        212 |       0 |    0 |    170 |      0 |      0 |    0 |          1 |
|                 (g_pe_row[1].g_pe_col[16].u_pe)                                           |                               system_attention_0_0_fsa_fused_pe_1276 |        195 |        195 |       0 |    0 |    170 |      0 |      0 |    0 |          0 |
|                 u_shared_multiplier                                                       |                        system_attention_0_0_fa_signed_mult_comb_1718 |         18 |         18 |       0 |    0 |      0 |      0 |      0 |    0 |          1 |
|               g_pe_row[1].g_pe_col[17].u_pe                                               |                               system_attention_0_0_fsa_fused_pe_1277 |        212 |        212 |       0 |    0 |    170 |      0 |      0 |    0 |          1 |
|                 (g_pe_row[1].g_pe_col[17].u_pe)                                           |                               system_attention_0_0_fsa_fused_pe_1277 |        195 |        195 |       0 |    0 |    170 |      0 |      0 |    0 |          0 |
|                 u_shared_multiplier                                                       |                        system_attention_0_0_fa_signed_mult_comb_1717 |         18 |         18 |       0 |    0 |      0 |      0 |      0 |    0 |          1 |
|               g_pe_row[1].g_pe_col[18].u_pe                                               |                               system_attention_0_0_fsa_fused_pe_1278 |        214 |        214 |       0 |    0 |    170 |      0 |      0 |    0 |          1 |
|                 (g_pe_row[1].g_pe_col[18].u_pe)                                           |                               system_attention_0_0_fsa_fused_pe_1278 |        196 |        196 |       0 |    0 |    170 |      0 |      0 |    0 |          0 |
|                 u_shared_multiplier                                                       |                        system_attention_0_0_fa_signed_mult_comb_1716 |         19 |         19 |       0 |    0 |      0 |      0 |      0 |    0 |          1 |
|               g_pe_row[1].g_pe_col[19].u_pe                                               |                               system_attention_0_0_fsa_fused_pe_1279 |        214 |        214 |       0 |    0 |    170 |      0 |      0 |    0 |          1 |
|                 (g_pe_row[1].g_pe_col[19].u_pe)                                           |                               system_attention_0_0_fsa_fused_pe_1279 |        195 |        195 |       0 |    0 |    170 |      0 |      0 |    0 |          0 |
|                 u_shared_multiplier                                                       |                        system_attention_0_0_fa_signed_mult_comb_1715 |         19 |         19 |       0 |    0 |      0 |      0 |      0 |    0 |          1 |
|               g_pe_row[1].g_pe_col[1].u_pe                                                |                               system_attention_0_0_fsa_fused_pe_1280 |        238 |        238 |       0 |    0 |    170 |      0 |      0 |    0 |          1 |
|                 (g_pe_row[1].g_pe_col[1].u_pe)                                            |                               system_attention_0_0_fsa_fused_pe_1280 |        221 |        221 |       0 |    0 |    170 |      0 |      0 |    0 |          0 |
|                 u_shared_multiplier                                                       |                        system_attention_0_0_fa_signed_mult_comb_1714 |         18 |         18 |       0 |    0 |      0 |      0 |      0 |    0 |          1 |
|               g_pe_row[1].g_pe_col[20].u_pe                                               |                               system_attention_0_0_fsa_fused_pe_1281 |        212 |        212 |       0 |    0 |    170 |      0 |      0 |    0 |          1 |
|                 (g_pe_row[1].g_pe_col[20].u_pe)                                           |                               system_attention_0_0_fsa_fused_pe_1281 |        195 |        195 |       0 |    0 |    170 |      0 |      0 |    0 |          0 |
|                 u_shared_multiplier                                                       |                        system_attention_0_0_fa_signed_mult_comb_1713 |         18 |         18 |       0 |    0 |      0 |      0 |      0 |    0 |          1 |
|               g_pe_row[1].g_pe_col[21].u_pe                                               |                               system_attention_0_0_fsa_fused_pe_1282 |        212 |        212 |       0 |    0 |    170 |      0 |      0 |    0 |          1 |
|                 (g_pe_row[1].g_pe_col[21].u_pe)                                           |                               system_attention_0_0_fsa_fused_pe_1282 |        195 |        195 |       0 |    0 |    170 |      0 |      0 |    0 |          0 |
|                 u_shared_multiplier                                                       |                        system_attention_0_0_fa_signed_mult_comb_1712 |         18 |         18 |       0 |    0 |      0 |      0 |      0 |    0 |          1 |
|               g_pe_row[1].g_pe_col[22].u_pe                                               |                               system_attention_0_0_fsa_fused_pe_1283 |        228 |        228 |       0 |    0 |    170 |      0 |      0 |    0 |          1 |
|                 (g_pe_row[1].g_pe_col[22].u_pe)                                           |                               system_attention_0_0_fsa_fused_pe_1283 |        211 |        211 |       0 |    0 |    170 |      0 |      0 |    0 |          0 |
|                 u_shared_multiplier                                                       |                        system_attention_0_0_fa_signed_mult_comb_1711 |         18 |         18 |       0 |    0 |      0 |      0 |      0 |    0 |          1 |
|               g_pe_row[1].g_pe_col[23].u_pe                                               |                               system_attention_0_0_fsa_fused_pe_1284 |        226 |        226 |       0 |    0 |    170 |      0 |      0 |    0 |          1 |
|                 (g_pe_row[1].g_pe_col[23].u_pe)                                           |                               system_attention_0_0_fsa_fused_pe_1284 |        196 |        196 |       0 |    0 |    170 |      0 |      0 |    0 |          0 |
|                 u_shared_multiplier                                                       |                        system_attention_0_0_fa_signed_mult_comb_1710 |         30 |         30 |       0 |    0 |      0 |      0 |      0 |    0 |          1 |
|               g_pe_row[1].g_pe_col[24].u_pe                                               |                               system_attention_0_0_fsa_fused_pe_1285 |        216 |        216 |       0 |    0 |    170 |      0 |      0 |    0 |          1 |
|                 (g_pe_row[1].g_pe_col[24].u_pe)                                           |                               system_attention_0_0_fsa_fused_pe_1285 |        195 |        195 |       0 |    0 |    170 |      0 |      0 |    0 |          0 |
|                 u_shared_multiplier                                                       |                        system_attention_0_0_fa_signed_mult_comb_1709 |         22 |         22 |       0 |    0 |      0 |      0 |      0 |    0 |          1 |
|               g_pe_row[1].g_pe_col[25].u_pe                                               |                               system_attention_0_0_fsa_fused_pe_1286 |        212 |        212 |       0 |    0 |    170 |      0 |      0 |    0 |          1 |
|                 (g_pe_row[1].g_pe_col[25].u_pe)                                           |                               system_attention_0_0_fsa_fused_pe_1286 |        195 |        195 |       0 |    0 |    170 |      0 |      0 |    0 |          0 |
|                 u_shared_multiplier                                                       |                        system_attention_0_0_fa_signed_mult_comb_1708 |         18 |         18 |       0 |    0 |      0 |      0 |      0 |    0 |          1 |
|               g_pe_row[1].g_pe_col[26].u_pe                                               |                               system_attention_0_0_fsa_fused_pe_1287 |        212 |        212 |       0 |    0 |    170 |      0 |      0 |    0 |          1 |
|                 (g_pe_row[1].g_pe_col[26].u_pe)                                           |                               system_attention_0_0_fsa_fused_pe_1287 |        195 |        195 |       0 |    0 |    170 |      0 |      0 |    0 |          0 |
|                 u_shared_multiplier                                                       |                        system_attention_0_0_fa_signed_mult_comb_1707 |         18 |         18 |       0 |    0 |      0 |      0 |      0 |    0 |          1 |
|               g_pe_row[1].g_pe_col[27].u_pe                                               |                               system_attention_0_0_fsa_fused_pe_1288 |        226 |        226 |       0 |    0 |    170 |      0 |      0 |    0 |          1 |
|                 (g_pe_row[1].g_pe_col[27].u_pe)                                           |                               system_attention_0_0_fsa_fused_pe_1288 |        196 |        196 |       0 |    0 |    170 |      0 |      0 |    0 |          0 |
|                 u_shared_multiplier                                                       |                        system_attention_0_0_fa_signed_mult_comb_1706 |         30 |         30 |       0 |    0 |      0 |      0 |      0 |    0 |          1 |
|               g_pe_row[1].g_pe_col[28].u_pe                                               |                               system_attention_0_0_fsa_fused_pe_1289 |        216 |        216 |       0 |    0 |    170 |      0 |      0 |    0 |          1 |
|                 (g_pe_row[1].g_pe_col[28].u_pe)                                           |                               system_attention_0_0_fsa_fused_pe_1289 |        195 |        195 |       0 |    0 |    170 |      0 |      0 |    0 |          0 |
|                 u_shared_multiplier                                                       |                        system_attention_0_0_fa_signed_mult_comb_1705 |         22 |         22 |       0 |    0 |      0 |      0 |      0 |    0 |          1 |
|               g_pe_row[1].g_pe_col[29].u_pe                                               |                               system_attention_0_0_fsa_fused_pe_1290 |        223 |        223 |       0 |    0 |    170 |      0 |      0 |    0 |          1 |
|                 (g_pe_row[1].g_pe_col[29].u_pe)                                           |                               system_attention_0_0_fsa_fused_pe_1290 |        196 |        196 |       0 |    0 |    170 |      0 |      0 |    0 |          0 |
|                 u_shared_multiplier                                                       |                        system_attention_0_0_fa_signed_mult_comb_1704 |         27 |         27 |       0 |    0 |      0 |      0 |      0 |    0 |          1 |
|               g_pe_row[1].g_pe_col[2].u_pe                                                |                               system_attention_0_0_fsa_fused_pe_1291 |        226 |        226 |       0 |    0 |    170 |      0 |      0 |    0 |          1 |
|                 (g_pe_row[1].g_pe_col[2].u_pe)                                            |                               system_attention_0_0_fsa_fused_pe_1291 |        197 |        197 |       0 |    0 |    170 |      0 |      0 |    0 |          0 |
|                 u_shared_multiplier                                                       |                        system_attention_0_0_fa_signed_mult_comb_1703 |         29 |         29 |       0 |    0 |      0 |      0 |      0 |    0 |          1 |
|               g_pe_row[1].g_pe_col[30].u_pe                                               |                               system_attention_0_0_fsa_fused_pe_1292 |        243 |        243 |       0 |    0 |    170 |      0 |      0 |    0 |          1 |
|                 (g_pe_row[1].g_pe_col[30].u_pe)                                           |                               system_attention_0_0_fsa_fused_pe_1292 |        218 |        218 |       0 |    0 |    170 |      0 |      0 |    0 |          0 |
|                 u_shared_multiplier                                                       |                        system_attention_0_0_fa_signed_mult_comb_1702 |         26 |         26 |       0 |    0 |      0 |      0 |      0 |    0 |          1 |
|               g_pe_row[1].g_pe_col[31].u_pe                                               |                               system_attention_0_0_fsa_fused_pe_1293 |        123 |        123 |       0 |    0 |    161 |      0 |      0 |    0 |          1 |
|                 (g_pe_row[1].g_pe_col[31].u_pe)                                           |                               system_attention_0_0_fsa_fused_pe_1293 |        114 |        114 |       0 |    0 |    161 |      0 |      0 |    0 |          0 |
|                 u_shared_multiplier                                                       |                        system_attention_0_0_fa_signed_mult_comb_1701 |          9 |          9 |       0 |    0 |      0 |      0 |      0 |    0 |          1 |
|               g_pe_row[1].g_pe_col[3].u_pe                                                |                               system_attention_0_0_fsa_fused_pe_1294 |        216 |        216 |       0 |    0 |    170 |      0 |      0 |    0 |          1 |
|                 (g_pe_row[1].g_pe_col[3].u_pe)                                            |                               system_attention_0_0_fsa_fused_pe_1294 |        195 |        195 |       0 |    0 |    170 |      0 |      0 |    0 |          0 |
|                 u_shared_multiplier                                                       |                        system_attention_0_0_fa_signed_mult_comb_1700 |         22 |         22 |       0 |    0 |      0 |      0 |      0 |    0 |          1 |
|               g_pe_row[1].g_pe_col[4].u_pe                                                |                               system_attention_0_0_fsa_fused_pe_1295 |        213 |        213 |       0 |    0 |    170 |      0 |      0 |    0 |          1 |
|                 (g_pe_row[1].g_pe_col[4].u_pe)                                            |                               system_attention_0_0_fsa_fused_pe_1295 |        195 |        195 |       0 |    0 |    170 |      0 |      0 |    0 |          0 |
|                 u_shared_multiplier                                                       |                        system_attention_0_0_fa_signed_mult_comb_1699 |         18 |         18 |       0 |    0 |      0 |      0 |      0 |    0 |          1 |
|               g_pe_row[1].g_pe_col[5].u_pe                                                |                               system_attention_0_0_fsa_fused_pe_1296 |        213 |        213 |       0 |    0 |    170 |      0 |      0 |    0 |          1 |
|                 (g_pe_row[1].g_pe_col[5].u_pe)                                            |                               system_attention_0_0_fsa_fused_pe_1296 |        195 |        195 |       0 |    0 |    170 |      0 |      0 |    0 |          0 |
|                 u_shared_multiplier                                                       |                        system_attention_0_0_fa_signed_mult_comb_1698 |         18 |         18 |       0 |    0 |      0 |      0 |      0 |    0 |          1 |
|               g_pe_row[1].g_pe_col[6].u_pe                                                |                               system_attention_0_0_fsa_fused_pe_1297 |        228 |        228 |       0 |    0 |    170 |      0 |      0 |    0 |          1 |
|                 (g_pe_row[1].g_pe_col[6].u_pe)                                            |                               system_attention_0_0_fsa_fused_pe_1297 |        211 |        211 |       0 |    0 |    170 |      0 |      0 |    0 |          0 |
|                 u_shared_multiplier                                                       |                        system_attention_0_0_fa_signed_mult_comb_1697 |         18 |         18 |       0 |    0 |      0 |      0 |      0 |    0 |          1 |
|               g_pe_row[1].g_pe_col[7].u_pe                                                |                               system_attention_0_0_fsa_fused_pe_1298 |        212 |        212 |       0 |    0 |    170 |      0 |      0 |    0 |          1 |
|                 (g_pe_row[1].g_pe_col[7].u_pe)                                            |                               system_attention_0_0_fsa_fused_pe_1298 |        195 |        195 |       0 |    0 |    170 |      0 |      0 |    0 |          0 |
|                 u_shared_multiplier                                                       |                        system_attention_0_0_fa_signed_mult_comb_1696 |         18 |         18 |       0 |    0 |      0 |      0 |      0 |    0 |          1 |
|               g_pe_row[1].g_pe_col[8].u_pe                                                |                               system_attention_0_0_fsa_fused_pe_1299 |        212 |        212 |       0 |    0 |    170 |      0 |      0 |    0 |          1 |
|                 (g_pe_row[1].g_pe_col[8].u_pe)                                            |                               system_attention_0_0_fsa_fused_pe_1299 |        195 |        195 |       0 |    0 |    170 |      0 |      0 |    0 |          0 |
|                 u_shared_multiplier                                                       |                        system_attention_0_0_fa_signed_mult_comb_1695 |         18 |         18 |       0 |    0 |      0 |      0 |      0 |    0 |          1 |
|               g_pe_row[1].g_pe_col[9].u_pe                                                |                               system_attention_0_0_fsa_fused_pe_1300 |        212 |        212 |       0 |    0 |    170 |      0 |      0 |    0 |          1 |
|                 (g_pe_row[1].g_pe_col[9].u_pe)                                            |                               system_attention_0_0_fsa_fused_pe_1300 |        195 |        195 |       0 |    0 |    170 |      0 |      0 |    0 |          0 |
|                 u_shared_multiplier                                                       |                        system_attention_0_0_fa_signed_mult_comb_1694 |         18 |         18 |       0 |    0 |      0 |      0 |      0 |    0 |          1 |
|               g_pe_row[2].g_pe_col[0].u_pe                                                |                               system_attention_0_0_fsa_fused_pe_1301 |        276 |        276 |       0 |    0 |    137 |      0 |      0 |    0 |          1 |
|                 (g_pe_row[2].g_pe_col[0].u_pe)                                            |                               system_attention_0_0_fsa_fused_pe_1301 |        225 |        225 |       0 |    0 |    137 |      0 |      0 |    0 |          0 |
|                 u_shared_multiplier                                                       |                        system_attention_0_0_fa_signed_mult_comb_1693 |         51 |         51 |       0 |    0 |      0 |      0 |      0 |    0 |          1 |
|               g_pe_row[2].g_pe_col[10].u_pe                                               |                               system_attention_0_0_fsa_fused_pe_1302 |        203 |        203 |       0 |    0 |    170 |      0 |      0 |    0 |          1 |
|                 (g_pe_row[2].g_pe_col[10].u_pe)                                           |                               system_attention_0_0_fsa_fused_pe_1302 |        190 |        190 |       0 |    0 |    170 |      0 |      0 |    0 |          0 |
|                 u_shared_multiplier                                                       |                        system_attention_0_0_fa_signed_mult_comb_1692 |         14 |         14 |       0 |    0 |      0 |      0 |      0 |    0 |          1 |
|               g_pe_row[2].g_pe_col[11].u_pe                                               |                               system_attention_0_0_fsa_fused_pe_1303 |        220 |        220 |       0 |    0 |    170 |      0 |      0 |    0 |          1 |
|                 (g_pe_row[2].g_pe_col[11].u_pe)                                           |                               system_attention_0_0_fsa_fused_pe_1303 |        207 |        207 |       0 |    0 |    170 |      0 |      0 |    0 |          0 |
|                 u_shared_multiplier                                                       |                        system_attention_0_0_fa_signed_mult_comb_1691 |         14 |         14 |       0 |    0 |      0 |      0 |      0 |    0 |          1 |
|               g_pe_row[2].g_pe_col[12].u_pe                                               |                               system_attention_0_0_fsa_fused_pe_1304 |        222 |        222 |       0 |    0 |    170 |      0 |      0 |    0 |          1 |
|                 (g_pe_row[2].g_pe_col[12].u_pe)                                           |                               system_attention_0_0_fsa_fused_pe_1304 |        208 |        208 |       0 |    0 |    170 |      0 |      0 |    0 |          0 |
|                 u_shared_multiplier                                                       |                        system_attention_0_0_fa_signed_mult_comb_1690 |         14 |         14 |       0 |    0 |      0 |      0 |      0 |    0 |          1 |
|               g_pe_row[2].g_pe_col[13].u_pe                                               |                               system_attention_0_0_fsa_fused_pe_1305 |        220 |        220 |       0 |    0 |    170 |      0 |      0 |    0 |          1 |
|                 (g_pe_row[2].g_pe_col[13].u_pe)                                           |                               system_attention_0_0_fsa_fused_pe_1305 |        207 |        207 |       0 |    0 |    170 |      0 |      0 |    0 |          0 |
|                 u_shared_multiplier                                                       |                        system_attention_0_0_fa_signed_mult_comb_1689 |         14 |         14 |       0 |    0 |      0 |      0 |      0 |    0 |          1 |
|               g_pe_row[2].g_pe_col[14].u_pe                                               |                               system_attention_0_0_fsa_fused_pe_1306 |        237 |        237 |       0 |    0 |    170 |      0 |      0 |    0 |          1 |
|                 (g_pe_row[2].g_pe_col[14].u_pe)                                           |                               system_attention_0_0_fsa_fused_pe_1306 |        223 |        223 |       0 |    0 |    170 |      0 |      0 |    0 |          0 |
|                 u_shared_multiplier                                                       |                        system_attention_0_0_fa_signed_mult_comb_1688 |         14 |         14 |       0 |    0 |      0 |      0 |      0 |    0 |          1 |
|               g_pe_row[2].g_pe_col[15].u_pe                                               |                               system_attention_0_0_fsa_fused_pe_1307 |        221 |        221 |       0 |    0 |    170 |      0 |      0 |    0 |          1 |
|                 (g_pe_row[2].g_pe_col[15].u_pe)                                           |                               system_attention_0_0_fsa_fused_pe_1307 |        207 |        207 |       0 |    0 |    170 |      0 |      0 |    0 |          0 |
|                 u_shared_multiplier                                                       |                        system_attention_0_0_fa_signed_mult_comb_1687 |         14 |         14 |       0 |    0 |      0 |      0 |      0 |    0 |          1 |
|               g_pe_row[2].g_pe_col[16].u_pe                                               |                               system_attention_0_0_fsa_fused_pe_1308 |        221 |        221 |       0 |    0 |    170 |      0 |      0 |    0 |          1 |
|                 (g_pe_row[2].g_pe_col[16].u_pe)                                           |                               system_attention_0_0_fsa_fused_pe_1308 |        207 |        207 |       0 |    0 |    170 |      0 |      0 |    0 |          0 |
|                 u_shared_multiplier                                                       |                        system_attention_0_0_fa_signed_mult_comb_1686 |         14 |         14 |       0 |    0 |      0 |      0 |      0 |    0 |          1 |
|               g_pe_row[2].g_pe_col[17].u_pe                                               |                               system_attention_0_0_fsa_fused_pe_1309 |        208 |        208 |       0 |    0 |    170 |      0 |      0 |    0 |          1 |
|                 (g_pe_row[2].g_pe_col[17].u_pe)                                           |                               system_attention_0_0_fsa_fused_pe_1309 |        194 |        194 |       0 |    0 |    170 |      0 |      0 |    0 |          0 |
|                 u_shared_multiplier                                                       |                        system_attention_0_0_fa_signed_mult_comb_1685 |         14 |         14 |       0 |    0 |      0 |      0 |      0 |    0 |          1 |
|               g_pe_row[2].g_pe_col[18].u_pe                                               |                               system_attention_0_0_fsa_fused_pe_1310 |        213 |        213 |       0 |    0 |    170 |      0 |      0 |    0 |          1 |
|                 (g_pe_row[2].g_pe_col[18].u_pe)                                           |                               system_attention_0_0_fsa_fused_pe_1310 |        195 |        195 |       0 |    0 |    170 |      0 |      0 |    0 |          0 |
|                 u_shared_multiplier                                                       |                        system_attention_0_0_fa_signed_mult_comb_1684 |         18 |         18 |       0 |    0 |      0 |      0 |      0 |    0 |          1 |
|               g_pe_row[2].g_pe_col[19].u_pe                                               |                               system_attention_0_0_fsa_fused_pe_1311 |        212 |        212 |       0 |    0 |    170 |      0 |      0 |    0 |          1 |
|                 (g_pe_row[2].g_pe_col[19].u_pe)                                           |                               system_attention_0_0_fsa_fused_pe_1311 |        195 |        195 |       0 |    0 |    170 |      0 |      0 |    0 |          0 |
|                 u_shared_multiplier                                                       |                        system_attention_0_0_fa_signed_mult_comb_1683 |         18 |         18 |       0 |    0 |      0 |      0 |      0 |    0 |          1 |
|               g_pe_row[2].g_pe_col[1].u_pe                                                |                               system_attention_0_0_fsa_fused_pe_1312 |        319 |        319 |       0 |    0 |    170 |      0 |      0 |    0 |          1 |
|                 (g_pe_row[2].g_pe_col[1].u_pe)                                            |                               system_attention_0_0_fsa_fused_pe_1312 |        305 |        305 |       0 |    0 |    170 |      0 |      0 |    0 |          0 |
|                 u_shared_multiplier                                                       |                        system_attention_0_0_fa_signed_mult_comb_1682 |         14 |         14 |       0 |    0 |      0 |      0 |      0 |    0 |          1 |
|               g_pe_row[2].g_pe_col[20].u_pe                                               |                               system_attention_0_0_fsa_fused_pe_1313 |        213 |        213 |       0 |    0 |    170 |      0 |      0 |    0 |          1 |
|                 (g_pe_row[2].g_pe_col[20].u_pe)                                           |                               system_attention_0_0_fsa_fused_pe_1313 |        195 |        195 |       0 |    0 |    170 |      0 |      0 |    0 |          0 |
|                 u_shared_multiplier                                                       |                        system_attention_0_0_fa_signed_mult_comb_1681 |         18 |         18 |       0 |    0 |      0 |      0 |      0 |    0 |          1 |
|               g_pe_row[2].g_pe_col[21].u_pe                                               |                               system_attention_0_0_fsa_fused_pe_1314 |        213 |        213 |       0 |    0 |    170 |      0 |      0 |    0 |          1 |
|                 (g_pe_row[2].g_pe_col[21].u_pe)                                           |                               system_attention_0_0_fsa_fused_pe_1314 |        195 |        195 |       0 |    0 |    170 |      0 |      0 |    0 |          0 |
|                 u_shared_multiplier                                                       |                        system_attention_0_0_fa_signed_mult_comb_1680 |         18 |         18 |       0 |    0 |      0 |      0 |      0 |    0 |          1 |
|               g_pe_row[2].g_pe_col[22].u_pe                                               |                               system_attention_0_0_fsa_fused_pe_1315 |        229 |        229 |       0 |    0 |    170 |      0 |      0 |    0 |          1 |
|                 (g_pe_row[2].g_pe_col[22].u_pe)                                           |                               system_attention_0_0_fsa_fused_pe_1315 |        211 |        211 |       0 |    0 |    170 |      0 |      0 |    0 |          0 |
|                 u_shared_multiplier                                                       |                        system_attention_0_0_fa_signed_mult_comb_1679 |         18 |         18 |       0 |    0 |      0 |      0 |      0 |    0 |          1 |
|               g_pe_row[2].g_pe_col[23].u_pe                                               |                               system_attention_0_0_fsa_fused_pe_1316 |        213 |        213 |       0 |    0 |    170 |      0 |      0 |    0 |          1 |
|                 (g_pe_row[2].g_pe_col[23].u_pe)                                           |                               system_attention_0_0_fsa_fused_pe_1316 |        195 |        195 |       0 |    0 |    170 |      0 |      0 |    0 |          0 |
|                 u_shared_multiplier                                                       |                        system_attention_0_0_fa_signed_mult_comb_1678 |         18 |         18 |       0 |    0 |      0 |      0 |      0 |    0 |          1 |
|               g_pe_row[2].g_pe_col[24].u_pe                                               |                               system_attention_0_0_fsa_fused_pe_1317 |        213 |        213 |       0 |    0 |    170 |      0 |      0 |    0 |          1 |
|                 (g_pe_row[2].g_pe_col[24].u_pe)                                           |                               system_attention_0_0_fsa_fused_pe_1317 |        195 |        195 |       0 |    0 |    170 |      0 |      0 |    0 |          0 |
|                 u_shared_multiplier                                                       |                        system_attention_0_0_fa_signed_mult_comb_1677 |         18 |         18 |       0 |    0 |      0 |      0 |      0 |    0 |          1 |
|               g_pe_row[2].g_pe_col[25].u_pe                                               |                               system_attention_0_0_fsa_fused_pe_1318 |        213 |        213 |       0 |    0 |    170 |      0 |      0 |    0 |          1 |
|                 (g_pe_row[2].g_pe_col[25].u_pe)                                           |                               system_attention_0_0_fsa_fused_pe_1318 |        195 |        195 |       0 |    0 |    170 |      0 |      0 |    0 |          0 |
|                 u_shared_multiplier                                                       |                        system_attention_0_0_fa_signed_mult_comb_1676 |         18 |         18 |       0 |    0 |      0 |      0 |      0 |    0 |          1 |
|               g_pe_row[2].g_pe_col[26].u_pe                                               |                               system_attention_0_0_fsa_fused_pe_1319 |        213 |        213 |       0 |    0 |    170 |      0 |      0 |    0 |          1 |
|                 (g_pe_row[2].g_pe_col[26].u_pe)                                           |                               system_attention_0_0_fsa_fused_pe_1319 |        195 |        195 |       0 |    0 |    170 |      0 |      0 |    0 |          0 |
|                 u_shared_multiplier                                                       |                        system_attention_0_0_fa_signed_mult_comb_1675 |         18 |         18 |       0 |    0 |      0 |      0 |      0 |    0 |          1 |
|               g_pe_row[2].g_pe_col[27].u_pe                                               |                               system_attention_0_0_fsa_fused_pe_1320 |        213 |        213 |       0 |    0 |    170 |      0 |      0 |    0 |          1 |
|                 (g_pe_row[2].g_pe_col[27].u_pe)                                           |                               system_attention_0_0_fsa_fused_pe_1320 |        195 |        195 |       0 |    0 |    170 |      0 |      0 |    0 |          0 |
|                 u_shared_multiplier                                                       |                        system_attention_0_0_fa_signed_mult_comb_1674 |         18 |         18 |       0 |    0 |      0 |      0 |      0 |    0 |          1 |
|               g_pe_row[2].g_pe_col[28].u_pe                                               |                               system_attention_0_0_fsa_fused_pe_1321 |        219 |        219 |       0 |    0 |    170 |      0 |      0 |    0 |          1 |
|                 (g_pe_row[2].g_pe_col[28].u_pe)                                           |                               system_attention_0_0_fsa_fused_pe_1321 |        196 |        196 |       0 |    0 |    170 |      0 |      0 |    0 |          0 |
|                 u_shared_multiplier                                                       |                        system_attention_0_0_fa_signed_mult_comb_1673 |         23 |         23 |       0 |    0 |      0 |      0 |      0 |    0 |          1 |
|               g_pe_row[2].g_pe_col[29].u_pe                                               |                               system_attention_0_0_fsa_fused_pe_1322 |        214 |        214 |       0 |    0 |    170 |      0 |      0 |    0 |          1 |
|                 (g_pe_row[2].g_pe_col[29].u_pe)                                           |                               system_attention_0_0_fsa_fused_pe_1322 |        195 |        195 |       0 |    0 |    170 |      0 |      0 |    0 |          0 |
|                 u_shared_multiplier                                                       |                        system_attention_0_0_fa_signed_mult_comb_1672 |         20 |         20 |       0 |    0 |      0 |      0 |      0 |    0 |          1 |
|               g_pe_row[2].g_pe_col[2].u_pe                                                |                               system_attention_0_0_fsa_fused_pe_1323 |        205 |        205 |       0 |    0 |    170 |      0 |      0 |    0 |          1 |
|                 (g_pe_row[2].g_pe_col[2].u_pe)                                            |                               system_attention_0_0_fsa_fused_pe_1323 |        191 |        191 |       0 |    0 |    170 |      0 |      0 |    0 |          0 |
|                 u_shared_multiplier                                                       |                        system_attention_0_0_fa_signed_mult_comb_1671 |         14 |         14 |       0 |    0 |      0 |      0 |      0 |    0 |          1 |
|               g_pe_row[2].g_pe_col[30].u_pe                                               |                               system_attention_0_0_fsa_fused_pe_1324 |        263 |        263 |       0 |    0 |    170 |      0 |      0 |    0 |          1 |
|                 (g_pe_row[2].g_pe_col[30].u_pe)                                           |                               system_attention_0_0_fsa_fused_pe_1324 |        236 |        236 |       0 |    0 |    170 |      0 |      0 |    0 |          0 |
|                 u_shared_multiplier                                                       |                        system_attention_0_0_fa_signed_mult_comb_1670 |         28 |         28 |       0 |    0 |      0 |      0 |      0 |    0 |          1 |
|               g_pe_row[2].g_pe_col[31].u_pe                                               |                               system_attention_0_0_fsa_fused_pe_1325 |        118 |        118 |       0 |    0 |    161 |      0 |      0 |    0 |          1 |
|                 (g_pe_row[2].g_pe_col[31].u_pe)                                           |                               system_attention_0_0_fsa_fused_pe_1325 |        109 |        109 |       0 |    0 |    161 |      0 |      0 |    0 |          0 |
|                 u_shared_multiplier                                                       |                        system_attention_0_0_fa_signed_mult_comb_1669 |          9 |          9 |       0 |    0 |      0 |      0 |      0 |    0 |          1 |
|               g_pe_row[2].g_pe_col[3].u_pe                                                |                               system_attention_0_0_fsa_fused_pe_1326 |        221 |        221 |       0 |    0 |    170 |      0 |      0 |    0 |          1 |
|                 (g_pe_row[2].g_pe_col[3].u_pe)                                            |                               system_attention_0_0_fsa_fused_pe_1326 |        207 |        207 |       0 |    0 |    170 |      0 |      0 |    0 |          0 |
|                 u_shared_multiplier                                                       |                        system_attention_0_0_fa_signed_mult_comb_1668 |         14 |         14 |       0 |    0 |      0 |      0 |      0 |    0 |          1 |
|               g_pe_row[2].g_pe_col[4].u_pe                                                |                               system_attention_0_0_fsa_fused_pe_1327 |        204 |        204 |       0 |    0 |    170 |      0 |      0 |    0 |          1 |
|                 (g_pe_row[2].g_pe_col[4].u_pe)                                            |                               system_attention_0_0_fsa_fused_pe_1327 |        190 |        190 |       0 |    0 |    170 |      0 |      0 |    0 |          0 |
|                 u_shared_multiplier                                                       |                        system_attention_0_0_fa_signed_mult_comb_1667 |         14 |         14 |       0 |    0 |      0 |      0 |      0 |    0 |          1 |
|               g_pe_row[2].g_pe_col[5].u_pe                                                |                               system_attention_0_0_fsa_fused_pe_1328 |        223 |        223 |       0 |    0 |    170 |      0 |      0 |    0 |          1 |
|                 (g_pe_row[2].g_pe_col[5].u_pe)                                            |                               system_attention_0_0_fsa_fused_pe_1328 |        208 |        208 |       0 |    0 |    170 |      0 |      0 |    0 |          0 |
|                 u_shared_multiplier                                                       |                        system_attention_0_0_fa_signed_mult_comb_1666 |         15 |         15 |       0 |    0 |      0 |      0 |      0 |    0 |          1 |
|               g_pe_row[2].g_pe_col[6].u_pe                                                |                               system_attention_0_0_fsa_fused_pe_1329 |        220 |        220 |       0 |    0 |    170 |      0 |      0 |    0 |          1 |
|                 (g_pe_row[2].g_pe_col[6].u_pe)                                            |                               system_attention_0_0_fsa_fused_pe_1329 |        206 |        206 |       0 |    0 |    170 |      0 |      0 |    0 |          0 |
|                 u_shared_multiplier                                                       |                        system_attention_0_0_fa_signed_mult_comb_1665 |         14 |         14 |       0 |    0 |      0 |      0 |      0 |    0 |          1 |
|               g_pe_row[2].g_pe_col[7].u_pe                                                |                               system_attention_0_0_fsa_fused_pe_1330 |        221 |        221 |       0 |    0 |    170 |      0 |      0 |    0 |          1 |
|                 (g_pe_row[2].g_pe_col[7].u_pe)                                            |                               system_attention_0_0_fsa_fused_pe_1330 |        207 |        207 |       0 |    0 |    170 |      0 |      0 |    0 |          0 |
|                 u_shared_multiplier                                                       |                        system_attention_0_0_fa_signed_mult_comb_1664 |         14 |         14 |       0 |    0 |      0 |      0 |      0 |    0 |          1 |
|               g_pe_row[2].g_pe_col[8].u_pe                                                |                               system_attention_0_0_fsa_fused_pe_1331 |        204 |        204 |       0 |    0 |    170 |      0 |      0 |    0 |          1 |
|                 (g_pe_row[2].g_pe_col[8].u_pe)                                            |                               system_attention_0_0_fsa_fused_pe_1331 |        190 |        190 |       0 |    0 |    170 |      0 |      0 |    0 |          0 |
|                 u_shared_multiplier                                                       |                        system_attention_0_0_fa_signed_mult_comb_1663 |         14 |         14 |       0 |    0 |      0 |      0 |      0 |    0 |          1 |
|               g_pe_row[2].g_pe_col[9].u_pe                                                |                               system_attention_0_0_fsa_fused_pe_1332 |        223 |        223 |       0 |    0 |    170 |      0 |      0 |    0 |          1 |
|                 (g_pe_row[2].g_pe_col[9].u_pe)                                            |                               system_attention_0_0_fsa_fused_pe_1332 |        208 |        208 |       0 |    0 |    170 |      0 |      0 |    0 |          0 |
|                 u_shared_multiplier                                                       |                        system_attention_0_0_fa_signed_mult_comb_1662 |         15 |         15 |       0 |    0 |      0 |      0 |      0 |    0 |          1 |
|               g_pe_row[3].g_pe_col[0].u_pe                                                |                               system_attention_0_0_fsa_fused_pe_1333 |        342 |        342 |       0 |    0 |    137 |      0 |      0 |    0 |          1 |
|                 (g_pe_row[3].g_pe_col[0].u_pe)                                            |                               system_attention_0_0_fsa_fused_pe_1333 |        244 |        244 |       0 |    0 |    137 |      0 |      0 |    0 |          0 |
|                 u_shared_multiplier                                                       |                        system_attention_0_0_fa_signed_mult_comb_1661 |         98 |         98 |       0 |    0 |      0 |      0 |      0 |    0 |          1 |
|               g_pe_row[3].g_pe_col[10].u_pe                                               |                               system_attention_0_0_fsa_fused_pe_1334 |        213 |        213 |       0 |    0 |    170 |      0 |      0 |    0 |          1 |
|                 (g_pe_row[3].g_pe_col[10].u_pe)                                           |                               system_attention_0_0_fsa_fused_pe_1334 |        196 |        196 |       0 |    0 |    170 |      0 |      0 |    0 |          0 |
|                 u_shared_multiplier                                                       |                        system_attention_0_0_fa_signed_mult_comb_1660 |         18 |         18 |       0 |    0 |      0 |      0 |      0 |    0 |          1 |
|               g_pe_row[3].g_pe_col[11].u_pe                                               |                               system_attention_0_0_fsa_fused_pe_1335 |        215 |        215 |       0 |    0 |    170 |      0 |      0 |    0 |          1 |
|                 (g_pe_row[3].g_pe_col[11].u_pe)                                           |                               system_attention_0_0_fsa_fused_pe_1335 |        197 |        197 |       0 |    0 |    170 |      0 |      0 |    0 |          0 |
|                 u_shared_multiplier                                                       |                        system_attention_0_0_fa_signed_mult_comb_1659 |         18 |         18 |       0 |    0 |      0 |      0 |      0 |    0 |          1 |
|               g_pe_row[3].g_pe_col[12].u_pe                                               |                               system_attention_0_0_fsa_fused_pe_1336 |        214 |        214 |       0 |    0 |    170 |      0 |      0 |    0 |          1 |
|                 (g_pe_row[3].g_pe_col[12].u_pe)                                           |                               system_attention_0_0_fsa_fused_pe_1336 |        196 |        196 |       0 |    0 |    170 |      0 |      0 |    0 |          0 |
|                 u_shared_multiplier                                                       |                        system_attention_0_0_fa_signed_mult_comb_1658 |         18 |         18 |       0 |    0 |      0 |      0 |      0 |    0 |          1 |
|               g_pe_row[3].g_pe_col[13].u_pe                                               |                               system_attention_0_0_fsa_fused_pe_1337 |        214 |        214 |       0 |    0 |    170 |      0 |      0 |    0 |          1 |
|                 (g_pe_row[3].g_pe_col[13].u_pe)                                           |                               system_attention_0_0_fsa_fused_pe_1337 |        196 |        196 |       0 |    0 |    170 |      0 |      0 |    0 |          0 |
|                 u_shared_multiplier                                                       |                        system_attention_0_0_fa_signed_mult_comb_1657 |         18 |         18 |       0 |    0 |      0 |      0 |      0 |    0 |          1 |
|               g_pe_row[3].g_pe_col[14].u_pe                                               |                               system_attention_0_0_fsa_fused_pe_1338 |        230 |        230 |       0 |    0 |    170 |      0 |      0 |    0 |          1 |
|                 (g_pe_row[3].g_pe_col[14].u_pe)                                           |                               system_attention_0_0_fsa_fused_pe_1338 |        212 |        212 |       0 |    0 |    170 |      0 |      0 |    0 |          0 |
|                 u_shared_multiplier                                                       |                        system_attention_0_0_fa_signed_mult_comb_1656 |         18 |         18 |       0 |    0 |      0 |      0 |      0 |    0 |          1 |
|               g_pe_row[3].g_pe_col[15].u_pe                                               |                               system_attention_0_0_fsa_fused_pe_1339 |        214 |        214 |       0 |    0 |    170 |      0 |      0 |    0 |          1 |
|                 (g_pe_row[3].g_pe_col[15].u_pe)                                           |                               system_attention_0_0_fsa_fused_pe_1339 |        196 |        196 |       0 |    0 |    170 |      0 |      0 |    0 |          0 |
|                 u_shared_multiplier                                                       |                        system_attention_0_0_fa_signed_mult_comb_1655 |         18 |         18 |       0 |    0 |      0 |      0 |      0 |    0 |          1 |
|               g_pe_row[3].g_pe_col[16].u_pe                                               |                               system_attention_0_0_fsa_fused_pe_1340 |        214 |        214 |       0 |    0 |    170 |      0 |      0 |    0 |          1 |
|                 (g_pe_row[3].g_pe_col[16].u_pe)                                           |                               system_attention_0_0_fsa_fused_pe_1340 |        197 |        197 |       0 |    0 |    170 |      0 |      0 |    0 |          0 |
|                 u_shared_multiplier                                                       |                        system_attention_0_0_fa_signed_mult_comb_1654 |         18 |         18 |       0 |    0 |      0 |      0 |      0 |    0 |          1 |
|               g_pe_row[3].g_pe_col[17].u_pe                                               |                               system_attention_0_0_fsa_fused_pe_1341 |        214 |        214 |       0 |    0 |    170 |      0 |      0 |    0 |          1 |
|                 (g_pe_row[3].g_pe_col[17].u_pe)                                           |                               system_attention_0_0_fsa_fused_pe_1341 |        196 |        196 |       0 |    0 |    170 |      0 |      0 |    0 |          0 |
|                 u_shared_multiplier                                                       |                        system_attention_0_0_fa_signed_mult_comb_1653 |         18 |         18 |       0 |    0 |      0 |      0 |      0 |    0 |          1 |
|               g_pe_row[3].g_pe_col[18].u_pe                                               |                               system_attention_0_0_fsa_fused_pe_1342 |        214 |        214 |       0 |    0 |    170 |      0 |      0 |    0 |          1 |
|                 (g_pe_row[3].g_pe_col[18].u_pe)                                           |                               system_attention_0_0_fsa_fused_pe_1342 |        196 |        196 |       0 |    0 |    170 |      0 |      0 |    0 |          0 |
|                 u_shared_multiplier                                                       |                        system_attention_0_0_fa_signed_mult_comb_1652 |         18 |         18 |       0 |    0 |      0 |      0 |      0 |    0 |          1 |
|               g_pe_row[3].g_pe_col[19].u_pe                                               |                               system_attention_0_0_fsa_fused_pe_1343 |        214 |        214 |       0 |    0 |    170 |      0 |      0 |    0 |          1 |
|                 (g_pe_row[3].g_pe_col[19].u_pe)                                           |                               system_attention_0_0_fsa_fused_pe_1343 |        196 |        196 |       0 |    0 |    170 |      0 |      0 |    0 |          0 |
|                 u_shared_multiplier                                                       |                        system_attention_0_0_fa_signed_mult_comb_1651 |         18 |         18 |       0 |    0 |      0 |      0 |      0 |    0 |          1 |
|               g_pe_row[3].g_pe_col[1].u_pe                                                |                               system_attention_0_0_fsa_fused_pe_1344 |        238 |        238 |       0 |    0 |    170 |      0 |      0 |    0 |          1 |
|                 (g_pe_row[3].g_pe_col[1].u_pe)                                            |                               system_attention_0_0_fsa_fused_pe_1344 |        220 |        220 |       0 |    0 |    170 |      0 |      0 |    0 |          0 |
|                 u_shared_multiplier                                                       |                        system_attention_0_0_fa_signed_mult_comb_1650 |         18 |         18 |       0 |    0 |      0 |      0 |      0 |    0 |          1 |
|               g_pe_row[3].g_pe_col[20].u_pe                                               |                               system_attention_0_0_fsa_fused_pe_1345 |        214 |        214 |       0 |    0 |    170 |      0 |      0 |    0 |          1 |
|                 (g_pe_row[3].g_pe_col[20].u_pe)                                           |                               system_attention_0_0_fsa_fused_pe_1345 |        196 |        196 |       0 |    0 |    170 |      0 |      0 |    0 |          0 |
|                 u_shared_multiplier                                                       |                        system_attention_0_0_fa_signed_mult_comb_1649 |         18 |         18 |       0 |    0 |      0 |      0 |      0 |    0 |          1 |
|               g_pe_row[3].g_pe_col[21].u_pe                                               |                               system_attention_0_0_fsa_fused_pe_1346 |        213 |        213 |       0 |    0 |    170 |      0 |      0 |    0 |          1 |
|                 (g_pe_row[3].g_pe_col[21].u_pe)                                           |                               system_attention_0_0_fsa_fused_pe_1346 |        196 |        196 |       0 |    0 |    170 |      0 |      0 |    0 |          0 |
|                 u_shared_multiplier                                                       |                        system_attention_0_0_fa_signed_mult_comb_1648 |         18 |         18 |       0 |    0 |      0 |      0 |      0 |    0 |          1 |
|               g_pe_row[3].g_pe_col[22].u_pe                                               |                               system_attention_0_0_fsa_fused_pe_1347 |        230 |        230 |       0 |    0 |    170 |      0 |      0 |    0 |          1 |
|                 (g_pe_row[3].g_pe_col[22].u_pe)                                           |                               system_attention_0_0_fsa_fused_pe_1347 |        212 |        212 |       0 |    0 |    170 |      0 |      0 |    0 |          0 |
|                 u_shared_multiplier                                                       |                        system_attention_0_0_fa_signed_mult_comb_1647 |         18 |         18 |       0 |    0 |      0 |      0 |      0 |    0 |          1 |
|               g_pe_row[3].g_pe_col[23].u_pe                                               |                               system_attention_0_0_fsa_fused_pe_1348 |        213 |        213 |       0 |    0 |    170 |      0 |      0 |    0 |          1 |
|                 (g_pe_row[3].g_pe_col[23].u_pe)                                           |                               system_attention_0_0_fsa_fused_pe_1348 |        195 |        195 |       0 |    0 |    170 |      0 |      0 |    0 |          0 |
|                 u_shared_multiplier                                                       |                        system_attention_0_0_fa_signed_mult_comb_1646 |         18 |         18 |       0 |    0 |      0 |      0 |      0 |    0 |          1 |
|               g_pe_row[3].g_pe_col[24].u_pe                                               |                               system_attention_0_0_fsa_fused_pe_1349 |        212 |        212 |       0 |    0 |    170 |      0 |      0 |    0 |          1 |
|                 (g_pe_row[3].g_pe_col[24].u_pe)                                           |                               system_attention_0_0_fsa_fused_pe_1349 |        195 |        195 |       0 |    0 |    170 |      0 |      0 |    0 |          0 |
|                 u_shared_multiplier                                                       |                        system_attention_0_0_fa_signed_mult_comb_1645 |         18 |         18 |       0 |    0 |      0 |      0 |      0 |    0 |          1 |
|               g_pe_row[3].g_pe_col[25].u_pe                                               |                               system_attention_0_0_fsa_fused_pe_1350 |        213 |        213 |       0 |    0 |    170 |      0 |      0 |    0 |          1 |
|                 (g_pe_row[3].g_pe_col[25].u_pe)                                           |                               system_attention_0_0_fsa_fused_pe_1350 |        195 |        195 |       0 |    0 |    170 |      0 |      0 |    0 |          0 |
|                 u_shared_multiplier                                                       |                        system_attention_0_0_fa_signed_mult_comb_1644 |         18 |         18 |       0 |    0 |      0 |      0 |      0 |    0 |          1 |
|               g_pe_row[3].g_pe_col[26].u_pe                                               |                               system_attention_0_0_fsa_fused_pe_1351 |        213 |        213 |       0 |    0 |    170 |      0 |      0 |    0 |          1 |
|                 (g_pe_row[3].g_pe_col[26].u_pe)                                           |                               system_attention_0_0_fsa_fused_pe_1351 |        195 |        195 |       0 |    0 |    170 |      0 |      0 |    0 |          0 |
|                 u_shared_multiplier                                                       |                        system_attention_0_0_fa_signed_mult_comb_1643 |         18 |         18 |       0 |    0 |      0 |      0 |      0 |    0 |          1 |
|               g_pe_row[3].g_pe_col[27].u_pe                                               |                               system_attention_0_0_fsa_fused_pe_1352 |        212 |        212 |       0 |    0 |    170 |      0 |      0 |    0 |          1 |
|                 (g_pe_row[3].g_pe_col[27].u_pe)                                           |                               system_attention_0_0_fsa_fused_pe_1352 |        195 |        195 |       0 |    0 |    170 |      0 |      0 |    0 |          0 |
|                 u_shared_multiplier                                                       |                        system_attention_0_0_fa_signed_mult_comb_1642 |         18 |         18 |       0 |    0 |      0 |      0 |      0 |    0 |          1 |
|               g_pe_row[3].g_pe_col[28].u_pe                                               |                               system_attention_0_0_fsa_fused_pe_1353 |        215 |        215 |       0 |    0 |    170 |      0 |      0 |    0 |          1 |
|                 (g_pe_row[3].g_pe_col[28].u_pe)                                           |                               system_attention_0_0_fsa_fused_pe_1353 |        196 |        196 |       0 |    0 |    170 |      0 |      0 |    0 |          0 |
|                 u_shared_multiplier                                                       |                        system_attention_0_0_fa_signed_mult_comb_1641 |         19 |         19 |       0 |    0 |      0 |      0 |      0 |    0 |          1 |
|               g_pe_row[3].g_pe_col[29].u_pe                                               |                               system_attention_0_0_fsa_fused_pe_1354 |        214 |        214 |       0 |    0 |    170 |      0 |      0 |    0 |          1 |
|                 (g_pe_row[3].g_pe_col[29].u_pe)                                           |                               system_attention_0_0_fsa_fused_pe_1354 |        195 |        195 |       0 |    0 |    170 |      0 |      0 |    0 |          0 |
|                 u_shared_multiplier                                                       |                        system_attention_0_0_fa_signed_mult_comb_1640 |         19 |         19 |       0 |    0 |      0 |      0 |      0 |    0 |          1 |
|               g_pe_row[3].g_pe_col[2].u_pe                                                |                               system_attention_0_0_fsa_fused_pe_1355 |        213 |        213 |       0 |    0 |    170 |      0 |      0 |    0 |          1 |
|                 (g_pe_row[3].g_pe_col[2].u_pe)                                            |                               system_attention_0_0_fsa_fused_pe_1355 |        195 |        195 |       0 |    0 |    170 |      0 |      0 |    0 |          0 |
|                 u_shared_multiplier                                                       |                        system_attention_0_0_fa_signed_mult_comb_1639 |         18 |         18 |       0 |    0 |      0 |      0 |      0 |    0 |          1 |
|               g_pe_row[3].g_pe_col[30].u_pe                                               |                               system_attention_0_0_fsa_fused_pe_1356 |        248 |        248 |       0 |    0 |    170 |      0 |      0 |    0 |          1 |
|                 (g_pe_row[3].g_pe_col[30].u_pe)                                           |                               system_attention_0_0_fsa_fused_pe_1356 |        218 |        218 |       0 |    0 |    170 |      0 |      0 |    0 |          0 |
|                 u_shared_multiplier                                                       |                        system_attention_0_0_fa_signed_mult_comb_1638 |         30 |         30 |       0 |    0 |      0 |      0 |      0 |    0 |          1 |
|               g_pe_row[3].g_pe_col[31].u_pe                                               |                               system_attention_0_0_fsa_fused_pe_1357 |        124 |        124 |       0 |    0 |    161 |      0 |      0 |    0 |          1 |
|                 (g_pe_row[3].g_pe_col[31].u_pe)                                           |                               system_attention_0_0_fsa_fused_pe_1357 |        115 |        115 |       0 |    0 |    161 |      0 |      0 |    0 |          0 |
|                 u_shared_multiplier                                                       |                        system_attention_0_0_fa_signed_mult_comb_1637 |          9 |          9 |       0 |    0 |      0 |      0 |      0 |    0 |          1 |
|               g_pe_row[3].g_pe_col[3].u_pe                                                |                               system_attention_0_0_fsa_fused_pe_1358 |        227 |        227 |       0 |    0 |    170 |      0 |      0 |    0 |          1 |
|                 (g_pe_row[3].g_pe_col[3].u_pe)                                            |                               system_attention_0_0_fsa_fused_pe_1358 |        197 |        197 |       0 |    0 |    170 |      0 |      0 |    0 |          0 |
|                 u_shared_multiplier                                                       |                        system_attention_0_0_fa_signed_mult_comb_1636 |         30 |         30 |       0 |    0 |      0 |      0 |      0 |    0 |          1 |
|               g_pe_row[3].g_pe_col[4].u_pe                                                |                               system_attention_0_0_fsa_fused_pe_1359 |        220 |        220 |       0 |    0 |    170 |      0 |      0 |    0 |          1 |
|                 (g_pe_row[3].g_pe_col[4].u_pe)                                            |                               system_attention_0_0_fsa_fused_pe_1359 |        197 |        197 |       0 |    0 |    170 |      0 |      0 |    0 |          0 |
|                 u_shared_multiplier                                                       |                        system_attention_0_0_fa_signed_mult_comb_1635 |         23 |         23 |       0 |    0 |      0 |      0 |      0 |    0 |          1 |
|               g_pe_row[3].g_pe_col[5].u_pe                                                |                               system_attention_0_0_fsa_fused_pe_1360 |        214 |        214 |       0 |    0 |    170 |      0 |      0 |    0 |          1 |
|                 (g_pe_row[3].g_pe_col[5].u_pe)                                            |                               system_attention_0_0_fsa_fused_pe_1360 |        196 |        196 |       0 |    0 |    170 |      0 |      0 |    0 |          0 |
|                 u_shared_multiplier                                                       |                        system_attention_0_0_fa_signed_mult_comb_1634 |         18 |         18 |       0 |    0 |      0 |      0 |      0 |    0 |          1 |
|               g_pe_row[3].g_pe_col[6].u_pe                                                |                               system_attention_0_0_fsa_fused_pe_1361 |        230 |        230 |       0 |    0 |    170 |      0 |      0 |    0 |          1 |
|                 (g_pe_row[3].g_pe_col[6].u_pe)                                            |                               system_attention_0_0_fsa_fused_pe_1361 |        212 |        212 |       0 |    0 |    170 |      0 |      0 |    0 |          0 |
|                 u_shared_multiplier                                                       |                        system_attention_0_0_fa_signed_mult_comb_1633 |         18 |         18 |       0 |    0 |      0 |      0 |      0 |    0 |          1 |
|               g_pe_row[3].g_pe_col[7].u_pe                                                |                               system_attention_0_0_fsa_fused_pe_1362 |        214 |        214 |       0 |    0 |    170 |      0 |      0 |    0 |          1 |
|                 (g_pe_row[3].g_pe_col[7].u_pe)                                            |                               system_attention_0_0_fsa_fused_pe_1362 |        196 |        196 |       0 |    0 |    170 |      0 |      0 |    0 |          0 |
|                 u_shared_multiplier                                                       |                        system_attention_0_0_fa_signed_mult_comb_1632 |         18 |         18 |       0 |    0 |      0 |      0 |      0 |    0 |          1 |
|               g_pe_row[3].g_pe_col[8].u_pe                                                |                               system_attention_0_0_fsa_fused_pe_1363 |        214 |        214 |       0 |    0 |    170 |      0 |      0 |    0 |          1 |
|                 (g_pe_row[3].g_pe_col[8].u_pe)                                            |                               system_attention_0_0_fsa_fused_pe_1363 |        196 |        196 |       0 |    0 |    170 |      0 |      0 |    0 |          0 |
|                 u_shared_multiplier                                                       |                        system_attention_0_0_fa_signed_mult_comb_1631 |         18 |         18 |       0 |    0 |      0 |      0 |      0 |    0 |          1 |
|               g_pe_row[3].g_pe_col[9].u_pe                                                |                               system_attention_0_0_fsa_fused_pe_1364 |        214 |        214 |       0 |    0 |    170 |      0 |      0 |    0 |          1 |
|                 (g_pe_row[3].g_pe_col[9].u_pe)                                            |                               system_attention_0_0_fsa_fused_pe_1364 |        196 |        196 |       0 |    0 |    170 |      0 |      0 |    0 |          0 |
|                 u_shared_multiplier                                                       |                        system_attention_0_0_fa_signed_mult_comb_1630 |         18 |         18 |       0 |    0 |      0 |      0 |      0 |    0 |          1 |
|               g_pe_row[4].g_pe_col[0].u_pe                                                |                               system_attention_0_0_fsa_fused_pe_1365 |        333 |        333 |       0 |    0 |    137 |      0 |      0 |    0 |          1 |
|                 (g_pe_row[4].g_pe_col[0].u_pe)                                            |                               system_attention_0_0_fsa_fused_pe_1365 |        233 |        233 |       0 |    0 |    137 |      0 |      0 |    0 |          0 |
|                 u_shared_multiplier                                                       |                        system_attention_0_0_fa_signed_mult_comb_1629 |        100 |        100 |       0 |    0 |      0 |      0 |      0 |    0 |          1 |
|               g_pe_row[4].g_pe_col[10].u_pe                                               |                               system_attention_0_0_fsa_fused_pe_1366 |        213 |        213 |       0 |    0 |    170 |      0 |      0 |    0 |          1 |
|                 (g_pe_row[4].g_pe_col[10].u_pe)                                           |                               system_attention_0_0_fsa_fused_pe_1366 |        195 |        195 |       0 |    0 |    170 |      0 |      0 |    0 |          0 |
|                 u_shared_multiplier                                                       |                        system_attention_0_0_fa_signed_mult_comb_1628 |         18 |         18 |       0 |    0 |      0 |      0 |      0 |    0 |          1 |
|               g_pe_row[4].g_pe_col[11].u_pe                                               |                               system_attention_0_0_fsa_fused_pe_1367 |        213 |        213 |       0 |    0 |    170 |      0 |      0 |    0 |          1 |
|                 (g_pe_row[4].g_pe_col[11].u_pe)                                           |                               system_attention_0_0_fsa_fused_pe_1367 |        195 |        195 |       0 |    0 |    170 |      0 |      0 |    0 |          0 |
|                 u_shared_multiplier                                                       |                        system_attention_0_0_fa_signed_mult_comb_1627 |         18 |         18 |       0 |    0 |      0 |      0 |      0 |    0 |          1 |
|               g_pe_row[4].g_pe_col[12].u_pe                                               |                               system_attention_0_0_fsa_fused_pe_1368 |        213 |        213 |       0 |    0 |    170 |      0 |      0 |    0 |          1 |
|                 (g_pe_row[4].g_pe_col[12].u_pe)                                           |                               system_attention_0_0_fsa_fused_pe_1368 |        195 |        195 |       0 |    0 |    170 |      0 |      0 |    0 |          0 |
|                 u_shared_multiplier                                                       |                        system_attention_0_0_fa_signed_mult_comb_1626 |         18 |         18 |       0 |    0 |      0 |      0 |      0 |    0 |          1 |
|               g_pe_row[4].g_pe_col[13].u_pe                                               |                               system_attention_0_0_fsa_fused_pe_1369 |        212 |        212 |       0 |    0 |    170 |      0 |      0 |    0 |          1 |
|                 (g_pe_row[4].g_pe_col[13].u_pe)                                           |                               system_attention_0_0_fsa_fused_pe_1369 |        195 |        195 |       0 |    0 |    170 |      0 |      0 |    0 |          0 |
|                 u_shared_multiplier                                                       |                        system_attention_0_0_fa_signed_mult_comb_1625 |         18 |         18 |       0 |    0 |      0 |      0 |      0 |    0 |          1 |
|               g_pe_row[4].g_pe_col[14].u_pe                                               |                               system_attention_0_0_fsa_fused_pe_1370 |        228 |        228 |       0 |    0 |    170 |      0 |      0 |    0 |          1 |
|                 (g_pe_row[4].g_pe_col[14].u_pe)                                           |                               system_attention_0_0_fsa_fused_pe_1370 |        211 |        211 |       0 |    0 |    170 |      0 |      0 |    0 |          0 |
|                 u_shared_multiplier                                                       |                        system_attention_0_0_fa_signed_mult_comb_1624 |         18 |         18 |       0 |    0 |      0 |      0 |      0 |    0 |          1 |
|               g_pe_row[4].g_pe_col[15].u_pe                                               |                               system_attention_0_0_fsa_fused_pe_1371 |        213 |        213 |       0 |    0 |    170 |      0 |      0 |    0 |          1 |
|                 (g_pe_row[4].g_pe_col[15].u_pe)                                           |                               system_attention_0_0_fsa_fused_pe_1371 |        195 |        195 |       0 |    0 |    170 |      0 |      0 |    0 |          0 |
|                 u_shared_multiplier                                                       |                        system_attention_0_0_fa_signed_mult_comb_1623 |         18 |         18 |       0 |    0 |      0 |      0 |      0 |    0 |          1 |
|               g_pe_row[4].g_pe_col[16].u_pe                                               |                               system_attention_0_0_fsa_fused_pe_1372 |        213 |        213 |       0 |    0 |    170 |      0 |      0 |    0 |          1 |
|                 (g_pe_row[4].g_pe_col[16].u_pe)                                           |                               system_attention_0_0_fsa_fused_pe_1372 |        195 |        195 |       0 |    0 |    170 |      0 |      0 |    0 |          0 |
|                 u_shared_multiplier                                                       |                        system_attention_0_0_fa_signed_mult_comb_1622 |         18 |         18 |       0 |    0 |      0 |      0 |      0 |    0 |          1 |
|               g_pe_row[4].g_pe_col[17].u_pe                                               |                               system_attention_0_0_fsa_fused_pe_1373 |        213 |        213 |       0 |    0 |    170 |      0 |      0 |    0 |          1 |
|                 (g_pe_row[4].g_pe_col[17].u_pe)                                           |                               system_attention_0_0_fsa_fused_pe_1373 |        195 |        195 |       0 |    0 |    170 |      0 |      0 |    0 |          0 |
|                 u_shared_multiplier                                                       |                        system_attention_0_0_fa_signed_mult_comb_1621 |         18 |         18 |       0 |    0 |      0 |      0 |      0 |    0 |          1 |
|               g_pe_row[4].g_pe_col[18].u_pe                                               |                               system_attention_0_0_fsa_fused_pe_1374 |        213 |        213 |       0 |    0 |    170 |      0 |      0 |    0 |          1 |
|                 (g_pe_row[4].g_pe_col[18].u_pe)                                           |                               system_attention_0_0_fsa_fused_pe_1374 |        195 |        195 |       0 |    0 |    170 |      0 |      0 |    0 |          0 |
|                 u_shared_multiplier                                                       |                        system_attention_0_0_fa_signed_mult_comb_1620 |         18 |         18 |       0 |    0 |      0 |      0 |      0 |    0 |          1 |
|               g_pe_row[4].g_pe_col[19].u_pe                                               |                               system_attention_0_0_fsa_fused_pe_1375 |        213 |        213 |       0 |    0 |    170 |      0 |      0 |    0 |          1 |
|                 (g_pe_row[4].g_pe_col[19].u_pe)                                           |                               system_attention_0_0_fsa_fused_pe_1375 |        195 |        195 |       0 |    0 |    170 |      0 |      0 |    0 |          0 |
|                 u_shared_multiplier                                                       |                        system_attention_0_0_fa_signed_mult_comb_1619 |         18 |         18 |       0 |    0 |      0 |      0 |      0 |    0 |          1 |
|               g_pe_row[4].g_pe_col[1].u_pe                                                |                               system_attention_0_0_fsa_fused_pe_1376 |        255 |        255 |       0 |    0 |    170 |      0 |      0 |    0 |          1 |
|                 (g_pe_row[4].g_pe_col[1].u_pe)                                            |                               system_attention_0_0_fsa_fused_pe_1376 |        221 |        221 |       0 |    0 |    170 |      0 |      0 |    0 |          0 |
|                 u_shared_multiplier                                                       |                        system_attention_0_0_fa_signed_mult_comb_1618 |         34 |         34 |       0 |    0 |      0 |      0 |      0 |    0 |          1 |
|               g_pe_row[4].g_pe_col[20].u_pe                                               |                               system_attention_0_0_fsa_fused_pe_1377 |        227 |        227 |       0 |    0 |    170 |      0 |      0 |    0 |          1 |
|                 (g_pe_row[4].g_pe_col[20].u_pe)                                           |                               system_attention_0_0_fsa_fused_pe_1377 |        209 |        209 |       0 |    0 |    170 |      0 |      0 |    0 |          0 |
|                 u_shared_multiplier                                                       |                        system_attention_0_0_fa_signed_mult_comb_1617 |         18 |         18 |       0 |    0 |      0 |      0 |      0 |    0 |          1 |
|               g_pe_row[4].g_pe_col[21].u_pe                                               |                               system_attention_0_0_fsa_fused_pe_1378 |        207 |        207 |       0 |    0 |    170 |      0 |      0 |    0 |          1 |
|                 (g_pe_row[4].g_pe_col[21].u_pe)                                           |                               system_attention_0_0_fsa_fused_pe_1378 |        192 |        192 |       0 |    0 |    170 |      0 |      0 |    0 |          0 |
|                 u_shared_multiplier                                                       |                        system_attention_0_0_fa_signed_mult_comb_1616 |         15 |         15 |       0 |    0 |      0 |      0 |      0 |    0 |          1 |
|               g_pe_row[4].g_pe_col[22].u_pe                                               |                               system_attention_0_0_fsa_fused_pe_1379 |        226 |        226 |       0 |    0 |    170 |      0 |      0 |    0 |          1 |
|                 (g_pe_row[4].g_pe_col[22].u_pe)                                           |                               system_attention_0_0_fsa_fused_pe_1379 |        210 |        210 |       0 |    0 |    170 |      0 |      0 |    0 |          0 |
|                 u_shared_multiplier                                                       |                        system_attention_0_0_fa_signed_mult_comb_1615 |         16 |         16 |       0 |    0 |      0 |      0 |      0 |    0 |          1 |
|               g_pe_row[4].g_pe_col[23].u_pe                                               |                               system_attention_0_0_fsa_fused_pe_1380 |        215 |        215 |       0 |    0 |    170 |      0 |      0 |    0 |          1 |
|                 (g_pe_row[4].g_pe_col[23].u_pe)                                           |                               system_attention_0_0_fsa_fused_pe_1380 |        194 |        194 |       0 |    0 |    170 |      0 |      0 |    0 |          0 |
|                 u_shared_multiplier                                                       |                        system_attention_0_0_fa_signed_mult_comb_1614 |         21 |         21 |       0 |    0 |      0 |      0 |      0 |    0 |          1 |
|               g_pe_row[4].g_pe_col[24].u_pe                                               |                               system_attention_0_0_fsa_fused_pe_1381 |        204 |        204 |       0 |    0 |    170 |      0 |      0 |    0 |          1 |
|                 (g_pe_row[4].g_pe_col[24].u_pe)                                           |                               system_attention_0_0_fsa_fused_pe_1381 |        190 |        190 |       0 |    0 |    170 |      0 |      0 |    0 |          0 |
|                 u_shared_multiplier                                                       |                        system_attention_0_0_fa_signed_mult_comb_1613 |         14 |         14 |       0 |    0 |      0 |      0 |      0 |    0 |          1 |
|               g_pe_row[4].g_pe_col[25].u_pe                                               |                               system_attention_0_0_fsa_fused_pe_1382 |        203 |        203 |       0 |    0 |    169 |      0 |      0 |    0 |          1 |
|                 (g_pe_row[4].g_pe_col[25].u_pe)                                           |                               system_attention_0_0_fsa_fused_pe_1382 |        190 |        190 |       0 |    0 |    169 |      0 |      0 |    0 |          0 |
|                 u_shared_multiplier                                                       |                        system_attention_0_0_fa_signed_mult_comb_1612 |         14 |         14 |       0 |    0 |      0 |      0 |      0 |    0 |          1 |
|               g_pe_row[4].g_pe_col[26].u_pe                                               |                               system_attention_0_0_fsa_fused_pe_1383 |        206 |        206 |       0 |    0 |    170 |      0 |      0 |    0 |          1 |
|                 (g_pe_row[4].g_pe_col[26].u_pe)                                           |                               system_attention_0_0_fsa_fused_pe_1383 |        192 |        192 |       0 |    0 |    170 |      0 |      0 |    0 |          0 |
|                 u_shared_multiplier                                                       |                        system_attention_0_0_fa_signed_mult_comb_1611 |         14 |         14 |       0 |    0 |      0 |      0 |      0 |    0 |          1 |
|               g_pe_row[4].g_pe_col[27].u_pe                                               |                               system_attention_0_0_fsa_fused_pe_1384 |        217 |        217 |       0 |    0 |    170 |      0 |      0 |    0 |          1 |
|                 (g_pe_row[4].g_pe_col[27].u_pe)                                           |                               system_attention_0_0_fsa_fused_pe_1384 |        195 |        195 |       0 |    0 |    170 |      0 |      0 |    0 |          0 |
|                 u_shared_multiplier                                                       |                        system_attention_0_0_fa_signed_mult_comb_1610 |         23 |         23 |       0 |    0 |      0 |      0 |      0 |    0 |          1 |
|               g_pe_row[4].g_pe_col[28].u_pe                                               |                               system_attention_0_0_fsa_fused_pe_1385 |        215 |        215 |       0 |    0 |    170 |      0 |      0 |    0 |          1 |
|                 (g_pe_row[4].g_pe_col[28].u_pe)                                           |                               system_attention_0_0_fsa_fused_pe_1385 |        194 |        194 |       0 |    0 |    170 |      0 |      0 |    0 |          0 |
|                 u_shared_multiplier                                                       |                        system_attention_0_0_fa_signed_mult_comb_1609 |         22 |         22 |       0 |    0 |      0 |      0 |      0 |    0 |          1 |
|               g_pe_row[4].g_pe_col[29].u_pe                                               |                               system_attention_0_0_fsa_fused_pe_1386 |        213 |        213 |       0 |    0 |    170 |      0 |      0 |    0 |          1 |
|                 (g_pe_row[4].g_pe_col[29].u_pe)                                           |                               system_attention_0_0_fsa_fused_pe_1386 |        195 |        195 |       0 |    0 |    170 |      0 |      0 |    0 |          0 |
|                 u_shared_multiplier                                                       |                        system_attention_0_0_fa_signed_mult_comb_1608 |         18 |         18 |       0 |    0 |      0 |      0 |      0 |    0 |          1 |
|               g_pe_row[4].g_pe_col[2].u_pe                                                |                               system_attention_0_0_fsa_fused_pe_1387 |        224 |        224 |       0 |    0 |    170 |      0 |      0 |    0 |          1 |
|                 (g_pe_row[4].g_pe_col[2].u_pe)                                            |                               system_attention_0_0_fsa_fused_pe_1387 |        195 |        195 |       0 |    0 |    170 |      0 |      0 |    0 |          0 |
|                 u_shared_multiplier                                                       |                        system_attention_0_0_fa_signed_mult_comb_1607 |         29 |         29 |       0 |    0 |      0 |      0 |      0 |    0 |          1 |
|               g_pe_row[4].g_pe_col[30].u_pe                                               |                               system_attention_0_0_fsa_fused_pe_1388 |        243 |        243 |       0 |    0 |    170 |      0 |      0 |    0 |          1 |
|                 (g_pe_row[4].g_pe_col[30].u_pe)                                           |                               system_attention_0_0_fsa_fused_pe_1388 |        218 |        218 |       0 |    0 |    170 |      0 |      0 |    0 |          0 |
|                 u_shared_multiplier                                                       |                        system_attention_0_0_fa_signed_mult_comb_1606 |         25 |         25 |       0 |    0 |      0 |      0 |      0 |    0 |          1 |
|               g_pe_row[4].g_pe_col[31].u_pe                                               |                               system_attention_0_0_fsa_fused_pe_1389 |        123 |        123 |       0 |    0 |    161 |      0 |      0 |    0 |          1 |
|                 (g_pe_row[4].g_pe_col[31].u_pe)                                           |                               system_attention_0_0_fsa_fused_pe_1389 |        114 |        114 |       0 |    0 |    161 |      0 |      0 |    0 |          0 |
|                 u_shared_multiplier                                                       |                        system_attention_0_0_fa_signed_mult_comb_1605 |          9 |          9 |       0 |    0 |      0 |      0 |      0 |    0 |          1 |
|               g_pe_row[4].g_pe_col[3].u_pe                                                |                               system_attention_0_0_fsa_fused_pe_1390 |        217 |        217 |       0 |    0 |    170 |      0 |      0 |    0 |          1 |
|                 (g_pe_row[4].g_pe_col[3].u_pe)                                            |                               system_attention_0_0_fsa_fused_pe_1390 |        195 |        195 |       0 |    0 |    170 |      0 |      0 |    0 |          0 |
|                 u_shared_multiplier                                                       |                        system_attention_0_0_fa_signed_mult_comb_1604 |         22 |         22 |       0 |    0 |      0 |      0 |      0 |    0 |          1 |
|               g_pe_row[4].g_pe_col[4].u_pe                                                |                               system_attention_0_0_fsa_fused_pe_1391 |        213 |        213 |       0 |    0 |    170 |      0 |      0 |    0 |          1 |
|                 (g_pe_row[4].g_pe_col[4].u_pe)                                            |                               system_attention_0_0_fsa_fused_pe_1391 |        195 |        195 |       0 |    0 |    170 |      0 |      0 |    0 |          0 |
|                 u_shared_multiplier                                                       |                        system_attention_0_0_fa_signed_mult_comb_1603 |         18 |         18 |       0 |    0 |      0 |      0 |      0 |    0 |          1 |
|               g_pe_row[4].g_pe_col[5].u_pe                                                |                               system_attention_0_0_fsa_fused_pe_1392 |        213 |        213 |       0 |    0 |    170 |      0 |      0 |    0 |          1 |
|                 (g_pe_row[4].g_pe_col[5].u_pe)                                            |                               system_attention_0_0_fsa_fused_pe_1392 |        195 |        195 |       0 |    0 |    170 |      0 |      0 |    0 |          0 |
|                 u_shared_multiplier                                                       |                        system_attention_0_0_fa_signed_mult_comb_1602 |         18 |         18 |       0 |    0 |      0 |      0 |      0 |    0 |          1 |
|               g_pe_row[4].g_pe_col[6].u_pe                                                |                               system_attention_0_0_fsa_fused_pe_1393 |        239 |        239 |       0 |    0 |    170 |      0 |      0 |    0 |          1 |
|                 (g_pe_row[4].g_pe_col[6].u_pe)                                            |                               system_attention_0_0_fsa_fused_pe_1393 |        213 |        213 |       0 |    0 |    170 |      0 |      0 |    0 |          0 |
|                 u_shared_multiplier                                                       |                        system_attention_0_0_fa_signed_mult_comb_1601 |         26 |         26 |       0 |    0 |      0 |      0 |      0 |    0 |          1 |
|               g_pe_row[4].g_pe_col[7].u_pe                                                |                               system_attention_0_0_fsa_fused_pe_1394 |        217 |        217 |       0 |    0 |    170 |      0 |      0 |    0 |          1 |
|                 (g_pe_row[4].g_pe_col[7].u_pe)                                            |                               system_attention_0_0_fsa_fused_pe_1394 |        196 |        196 |       0 |    0 |    170 |      0 |      0 |    0 |          0 |
|                 u_shared_multiplier                                                       |                        system_attention_0_0_fa_signed_mult_comb_1600 |         21 |         21 |       0 |    0 |      0 |      0 |      0 |    0 |          1 |
|               g_pe_row[4].g_pe_col[8].u_pe                                                |                               system_attention_0_0_fsa_fused_pe_1395 |        213 |        213 |       0 |    0 |    170 |      0 |      0 |    0 |          1 |
|                 (g_pe_row[4].g_pe_col[8].u_pe)                                            |                               system_attention_0_0_fsa_fused_pe_1395 |        195 |        195 |       0 |    0 |    170 |      0 |      0 |    0 |          0 |
|                 u_shared_multiplier                                                       |                        system_attention_0_0_fa_signed_mult_comb_1599 |         18 |         18 |       0 |    0 |      0 |      0 |      0 |    0 |          1 |
|               g_pe_row[4].g_pe_col[9].u_pe                                                |                               system_attention_0_0_fsa_fused_pe_1396 |        212 |        212 |       0 |    0 |    170 |      0 |      0 |    0 |          1 |
|                 (g_pe_row[4].g_pe_col[9].u_pe)                                            |                               system_attention_0_0_fsa_fused_pe_1396 |        195 |        195 |       0 |    0 |    170 |      0 |      0 |    0 |          0 |
|                 u_shared_multiplier                                                       |                        system_attention_0_0_fa_signed_mult_comb_1598 |         18 |         18 |       0 |    0 |      0 |      0 |      0 |    0 |          1 |
|               g_pe_row[5].g_pe_col[0].u_pe                                                |                               system_attention_0_0_fsa_fused_pe_1397 |        330 |        330 |       0 |    0 |    137 |      0 |      0 |    0 |          1 |
|                 (g_pe_row[5].g_pe_col[0].u_pe)                                            |                               system_attention_0_0_fsa_fused_pe_1397 |        233 |        233 |       0 |    0 |    137 |      0 |      0 |    0 |          0 |
|                 u_shared_multiplier                                                       |                        system_attention_0_0_fa_signed_mult_comb_1597 |         97 |         97 |       0 |    0 |      0 |      0 |      0 |    0 |          1 |
|               g_pe_row[5].g_pe_col[10].u_pe                                               |                               system_attention_0_0_fsa_fused_pe_1398 |        213 |        213 |       0 |    0 |    170 |      0 |      0 |    0 |          1 |
|                 (g_pe_row[5].g_pe_col[10].u_pe)                                           |                               system_attention_0_0_fsa_fused_pe_1398 |        195 |        195 |       0 |    0 |    170 |      0 |      0 |    0 |          0 |
|                 u_shared_multiplier                                                       |                        system_attention_0_0_fa_signed_mult_comb_1596 |         18 |         18 |       0 |    0 |      0 |      0 |      0 |    0 |          1 |
|               g_pe_row[5].g_pe_col[11].u_pe                                               |                               system_attention_0_0_fsa_fused_pe_1399 |        214 |        214 |       0 |    0 |    170 |      0 |      0 |    0 |          1 |
|                 (g_pe_row[5].g_pe_col[11].u_pe)                                           |                               system_attention_0_0_fsa_fused_pe_1399 |        196 |        196 |       0 |    0 |    170 |      0 |      0 |    0 |          0 |
|                 u_shared_multiplier                                                       |                        system_attention_0_0_fa_signed_mult_comb_1595 |         18 |         18 |       0 |    0 |      0 |      0 |      0 |    0 |          1 |
|               g_pe_row[5].g_pe_col[12].u_pe                                               |                               system_attention_0_0_fsa_fused_pe_1400 |        226 |        226 |       0 |    0 |    170 |      0 |      0 |    0 |          1 |
|                 (g_pe_row[5].g_pe_col[12].u_pe)                                           |                               system_attention_0_0_fsa_fused_pe_1400 |        196 |        196 |       0 |    0 |    170 |      0 |      0 |    0 |          0 |
|                 u_shared_multiplier                                                       |                        system_attention_0_0_fa_signed_mult_comb_1594 |         30 |         30 |       0 |    0 |      0 |      0 |      0 |    0 |          1 |
|               g_pe_row[5].g_pe_col[13].u_pe                                               |                               system_attention_0_0_fsa_fused_pe_1401 |        220 |        220 |       0 |    0 |    170 |      0 |      0 |    0 |          1 |
|                 (g_pe_row[5].g_pe_col[13].u_pe)                                           |                               system_attention_0_0_fsa_fused_pe_1401 |        196 |        196 |       0 |    0 |    170 |      0 |      0 |    0 |          0 |
|                 u_shared_multiplier                                                       |                        system_attention_0_0_fa_signed_mult_comb_1593 |         24 |         24 |       0 |    0 |      0 |      0 |      0 |    0 |          1 |
|               g_pe_row[5].g_pe_col[14].u_pe                                               |                               system_attention_0_0_fsa_fused_pe_1402 |        234 |        234 |       0 |    0 |    170 |      0 |      0 |    0 |          1 |
|                 (g_pe_row[5].g_pe_col[14].u_pe)                                           |                               system_attention_0_0_fsa_fused_pe_1402 |        211 |        211 |       0 |    0 |    170 |      0 |      0 |    0 |          0 |
|                 u_shared_multiplier                                                       |                        system_attention_0_0_fa_signed_mult_comb_1592 |         23 |         23 |       0 |    0 |      0 |      0 |      0 |    0 |          1 |
|               g_pe_row[5].g_pe_col[15].u_pe                                               |                               system_attention_0_0_fsa_fused_pe_1403 |        214 |        214 |       0 |    0 |    170 |      0 |      0 |    0 |          1 |
|                 (g_pe_row[5].g_pe_col[15].u_pe)                                           |                               system_attention_0_0_fsa_fused_pe_1403 |        195 |        195 |       0 |    0 |    170 |      0 |      0 |    0 |          0 |
|                 u_shared_multiplier                                                       |                        system_attention_0_0_fa_signed_mult_comb_1591 |         19 |         19 |       0 |    0 |      0 |      0 |      0 |    0 |          1 |
|               g_pe_row[5].g_pe_col[16].u_pe                                               |                               system_attention_0_0_fsa_fused_pe_1404 |        217 |        217 |       0 |    0 |    170 |      0 |      0 |    0 |          1 |
|                 (g_pe_row[5].g_pe_col[16].u_pe)                                           |                               system_attention_0_0_fsa_fused_pe_1404 |        195 |        195 |       0 |    0 |    170 |      0 |      0 |    0 |          0 |
|                 u_shared_multiplier                                                       |                        system_attention_0_0_fa_signed_mult_comb_1590 |         22 |         22 |       0 |    0 |      0 |      0 |      0 |    0 |          1 |
|               g_pe_row[5].g_pe_col[17].u_pe                                               |                               system_attention_0_0_fsa_fused_pe_1405 |        215 |        215 |       0 |    0 |    170 |      0 |      0 |    0 |          1 |
|                 (g_pe_row[5].g_pe_col[17].u_pe)                                           |                               system_attention_0_0_fsa_fused_pe_1405 |        195 |        195 |       0 |    0 |    170 |      0 |      0 |    0 |          0 |
|                 u_shared_multiplier                                                       |                        system_attention_0_0_fa_signed_mult_comb_1589 |         20 |         20 |       0 |    0 |      0 |      0 |      0 |    0 |          1 |
|               g_pe_row[5].g_pe_col[18].u_pe                                               |                               system_attention_0_0_fsa_fused_pe_1406 |        214 |        214 |       0 |    0 |    170 |      0 |      0 |    0 |          1 |
|                 (g_pe_row[5].g_pe_col[18].u_pe)                                           |                               system_attention_0_0_fsa_fused_pe_1406 |        195 |        195 |       0 |    0 |    170 |      0 |      0 |    0 |          0 |
|                 u_shared_multiplier                                                       |                        system_attention_0_0_fa_signed_mult_comb_1588 |         19 |         19 |       0 |    0 |      0 |      0 |      0 |    0 |          1 |
|               g_pe_row[5].g_pe_col[19].u_pe                                               |                               system_attention_0_0_fsa_fused_pe_1407 |        217 |        217 |       0 |    0 |    170 |      0 |      0 |    0 |          1 |
|                 (g_pe_row[5].g_pe_col[19].u_pe)                                           |                               system_attention_0_0_fsa_fused_pe_1407 |        196 |        196 |       0 |    0 |    170 |      0 |      0 |    0 |          0 |
|                 u_shared_multiplier                                                       |                        system_attention_0_0_fa_signed_mult_comb_1587 |         21 |         21 |       0 |    0 |      0 |      0 |      0 |    0 |          1 |
|               g_pe_row[5].g_pe_col[1].u_pe                                                |                               system_attention_0_0_fsa_fused_pe_1408 |        249 |        249 |       0 |    0 |    170 |      0 |      0 |    0 |          1 |
|                 (g_pe_row[5].g_pe_col[1].u_pe)                                            |                               system_attention_0_0_fsa_fused_pe_1408 |        220 |        220 |       0 |    0 |    170 |      0 |      0 |    0 |          0 |
|                 u_shared_multiplier                                                       |                        system_attention_0_0_fa_signed_mult_comb_1586 |         30 |         30 |       0 |    0 |      0 |      0 |      0 |    0 |          1 |
|               g_pe_row[5].g_pe_col[20].u_pe                                               |                               system_attention_0_0_fsa_fused_pe_1409 |        216 |        216 |       0 |    0 |    170 |      0 |      0 |    0 |          1 |
|                 (g_pe_row[5].g_pe_col[20].u_pe)                                           |                               system_attention_0_0_fsa_fused_pe_1409 |        195 |        195 |       0 |    0 |    170 |      0 |      0 |    0 |          0 |
|                 u_shared_multiplier                                                       |                        system_attention_0_0_fa_signed_mult_comb_1585 |         21 |         21 |       0 |    0 |      0 |      0 |      0 |    0 |          1 |
|               g_pe_row[5].g_pe_col[21].u_pe                                               |                               system_attention_0_0_fsa_fused_pe_1410 |        212 |        212 |       0 |    0 |    170 |      0 |      0 |    0 |          1 |
|                 (g_pe_row[5].g_pe_col[21].u_pe)                                           |                               system_attention_0_0_fsa_fused_pe_1410 |        195 |        195 |       0 |    0 |    170 |      0 |      0 |    0 |          0 |
|                 u_shared_multiplier                                                       |                        system_attention_0_0_fa_signed_mult_comb_1584 |         18 |         18 |       0 |    0 |      0 |      0 |      0 |    0 |          1 |
|               g_pe_row[5].g_pe_col[22].u_pe                                               |                               system_attention_0_0_fsa_fused_pe_1411 |        242 |        242 |       0 |    0 |    170 |      0 |      0 |    0 |          1 |
|                 (g_pe_row[5].g_pe_col[22].u_pe)                                           |                               system_attention_0_0_fsa_fused_pe_1411 |        212 |        212 |       0 |    0 |    170 |      0 |      0 |    0 |          0 |
|                 u_shared_multiplier                                                       |                        system_attention_0_0_fa_signed_mult_comb_1583 |         30 |         30 |       0 |    0 |      0 |      0 |      0 |    0 |          1 |
|               g_pe_row[5].g_pe_col[23].u_pe                                               |                               system_attention_0_0_fsa_fused_pe_1412 |        229 |        229 |       0 |    0 |    170 |      0 |      0 |    0 |          1 |
|                 (g_pe_row[5].g_pe_col[23].u_pe)                                           |                               system_attention_0_0_fsa_fused_pe_1412 |        208 |        208 |       0 |    0 |    170 |      0 |      0 |    0 |          0 |
|                 u_shared_multiplier                                                       |                        system_attention_0_0_fa_signed_mult_comb_1582 |         22 |         22 |       0 |    0 |      0 |      0 |      0 |    0 |          1 |
|               g_pe_row[5].g_pe_col[24].u_pe                                               |                               system_attention_0_0_fsa_fused_pe_1413 |        205 |        205 |       0 |    0 |    170 |      0 |      0 |    0 |          1 |
|                 (g_pe_row[5].g_pe_col[24].u_pe)                                           |                               system_attention_0_0_fsa_fused_pe_1413 |        192 |        192 |       0 |    0 |    170 |      0 |      0 |    0 |          0 |
|                 u_shared_multiplier                                                       |                        system_attention_0_0_fa_signed_mult_comb_1581 |         14 |         14 |       0 |    0 |      0 |      0 |      0 |    0 |          1 |
|               g_pe_row[5].g_pe_col[25].u_pe                                               |                               system_attention_0_0_fsa_fused_pe_1414 |        210 |        210 |       0 |    0 |    170 |      0 |      0 |    0 |          1 |
|                 (g_pe_row[5].g_pe_col[25].u_pe)                                           |                               system_attention_0_0_fsa_fused_pe_1414 |        194 |        194 |       0 |    0 |    170 |      0 |      0 |    0 |          0 |
|                 u_shared_multiplier                                                       |                        system_attention_0_0_fa_signed_mult_comb_1580 |         16 |         16 |       0 |    0 |      0 |      0 |      0 |    0 |          1 |
|               g_pe_row[5].g_pe_col[26].u_pe                                               |                               system_attention_0_0_fsa_fused_pe_1415 |        203 |        203 |       0 |    0 |    170 |      0 |      0 |    0 |          1 |
|                 (g_pe_row[5].g_pe_col[26].u_pe)                                           |                               system_attention_0_0_fsa_fused_pe_1415 |        190 |        190 |       0 |    0 |    170 |      0 |      0 |    0 |          0 |
|                 u_shared_multiplier                                                       |                        system_attention_0_0_fa_signed_mult_comb_1579 |         14 |         14 |       0 |    0 |      0 |      0 |      0 |    0 |          1 |
|               g_pe_row[5].g_pe_col[27].u_pe                                               |                               system_attention_0_0_fsa_fused_pe_1416 |        205 |        205 |       0 |    0 |    170 |      0 |      0 |    0 |          1 |
|                 (g_pe_row[5].g_pe_col[27].u_pe)                                           |                               system_attention_0_0_fsa_fused_pe_1416 |        191 |        191 |       0 |    0 |    170 |      0 |      0 |    0 |          0 |
|                 u_shared_multiplier                                                       |                        system_attention_0_0_fa_signed_mult_comb_1578 |         14 |         14 |       0 |    0 |      0 |      0 |      0 |    0 |          1 |
|               g_pe_row[5].g_pe_col[28].u_pe                                               |                               system_attention_0_0_fsa_fused_pe_1417 |        204 |        204 |       0 |    0 |    170 |      0 |      0 |    0 |          1 |
|                 (g_pe_row[5].g_pe_col[28].u_pe)                                           |                               system_attention_0_0_fsa_fused_pe_1417 |        190 |        190 |       0 |    0 |    170 |      0 |      0 |    0 |          0 |
|                 u_shared_multiplier                                                       |                        system_attention_0_0_fa_signed_mult_comb_1577 |         14 |         14 |       0 |    0 |      0 |      0 |      0 |    0 |          1 |
|               g_pe_row[5].g_pe_col[29].u_pe                                               |                               system_attention_0_0_fsa_fused_pe_1418 |        204 |        204 |       0 |    0 |    170 |      0 |      0 |    0 |          1 |
|                 (g_pe_row[5].g_pe_col[29].u_pe)                                           |                               system_attention_0_0_fsa_fused_pe_1418 |        190 |        190 |       0 |    0 |    170 |      0 |      0 |    0 |          0 |
|                 u_shared_multiplier                                                       |                        system_attention_0_0_fa_signed_mult_comb_1576 |         14 |         14 |       0 |    0 |      0 |      0 |      0 |    0 |          1 |
|               g_pe_row[5].g_pe_col[2].u_pe                                                |                               system_attention_0_0_fsa_fused_pe_1419 |        212 |        212 |       0 |    0 |    170 |      0 |      0 |    0 |          1 |
|                 (g_pe_row[5].g_pe_col[2].u_pe)                                            |                               system_attention_0_0_fsa_fused_pe_1419 |        195 |        195 |       0 |    0 |    170 |      0 |      0 |    0 |          0 |
|                 u_shared_multiplier                                                       |                        system_attention_0_0_fa_signed_mult_comb_1575 |         18 |         18 |       0 |    0 |      0 |      0 |      0 |    0 |          1 |
|               g_pe_row[5].g_pe_col[30].u_pe                                               |                               system_attention_0_0_fsa_fused_pe_1420 |        230 |        230 |       0 |    0 |    170 |      0 |      0 |    0 |          1 |
|                 (g_pe_row[5].g_pe_col[30].u_pe)                                           |                               system_attention_0_0_fsa_fused_pe_1420 |        216 |        216 |       0 |    0 |    170 |      0 |      0 |    0 |          0 |
|                 u_shared_multiplier                                                       |                        system_attention_0_0_fa_signed_mult_comb_1574 |         14 |         14 |       0 |    0 |      0 |      0 |      0 |    0 |          1 |
|               g_pe_row[5].g_pe_col[31].u_pe                                               |                               system_attention_0_0_fsa_fused_pe_1421 |        118 |        118 |       0 |    0 |    161 |      0 |      0 |    0 |          1 |
|                 (g_pe_row[5].g_pe_col[31].u_pe)                                           |                               system_attention_0_0_fsa_fused_pe_1421 |        113 |        113 |       0 |    0 |    161 |      0 |      0 |    0 |          0 |
|                 u_shared_multiplier                                                       |                        system_attention_0_0_fa_signed_mult_comb_1573 |          5 |          5 |       0 |    0 |      0 |      0 |      0 |    0 |          1 |
|               g_pe_row[5].g_pe_col[3].u_pe                                                |                               system_attention_0_0_fsa_fused_pe_1422 |        212 |        212 |       0 |    0 |    170 |      0 |      0 |    0 |          1 |
|                 (g_pe_row[5].g_pe_col[3].u_pe)                                            |                               system_attention_0_0_fsa_fused_pe_1422 |        195 |        195 |       0 |    0 |    170 |      0 |      0 |    0 |          0 |
|                 u_shared_multiplier                                                       |                        system_attention_0_0_fa_signed_mult_comb_1572 |         18 |         18 |       0 |    0 |      0 |      0 |      0 |    0 |          1 |
|               g_pe_row[5].g_pe_col[4].u_pe                                                |                               system_attention_0_0_fsa_fused_pe_1423 |        212 |        212 |       0 |    0 |    170 |      0 |      0 |    0 |          1 |
|                 (g_pe_row[5].g_pe_col[4].u_pe)                                            |                               system_attention_0_0_fsa_fused_pe_1423 |        195 |        195 |       0 |    0 |    170 |      0 |      0 |    0 |          0 |
|                 u_shared_multiplier                                                       |                        system_attention_0_0_fa_signed_mult_comb_1571 |         18 |         18 |       0 |    0 |      0 |      0 |      0 |    0 |          1 |
|               g_pe_row[5].g_pe_col[5].u_pe                                                |                               system_attention_0_0_fsa_fused_pe_1424 |        212 |        212 |       0 |    0 |    170 |      0 |      0 |    0 |          1 |
|                 (g_pe_row[5].g_pe_col[5].u_pe)                                            |                               system_attention_0_0_fsa_fused_pe_1424 |        195 |        195 |       0 |    0 |    170 |      0 |      0 |    0 |          0 |
|                 u_shared_multiplier                                                       |                        system_attention_0_0_fa_signed_mult_comb_1570 |         18 |         18 |       0 |    0 |      0 |      0 |      0 |    0 |          1 |
|               g_pe_row[5].g_pe_col[6].u_pe                                                |                               system_attention_0_0_fsa_fused_pe_1425 |        228 |        228 |       0 |    0 |    170 |      0 |      0 |    0 |          1 |
|                 (g_pe_row[5].g_pe_col[6].u_pe)                                            |                               system_attention_0_0_fsa_fused_pe_1425 |        211 |        211 |       0 |    0 |    170 |      0 |      0 |    0 |          0 |
|                 u_shared_multiplier                                                       |                        system_attention_0_0_fa_signed_mult_comb_1569 |         18 |         18 |       0 |    0 |      0 |      0 |      0 |    0 |          1 |
|               g_pe_row[5].g_pe_col[7].u_pe                                                |                               system_attention_0_0_fsa_fused_pe_1426 |        212 |        212 |       0 |    0 |    170 |      0 |      0 |    0 |          1 |
|                 (g_pe_row[5].g_pe_col[7].u_pe)                                            |                               system_attention_0_0_fsa_fused_pe_1426 |        195 |        195 |       0 |    0 |    170 |      0 |      0 |    0 |          0 |
|                 u_shared_multiplier                                                       |                        system_attention_0_0_fa_signed_mult_comb_1568 |         18 |         18 |       0 |    0 |      0 |      0 |      0 |    0 |          1 |
|               g_pe_row[5].g_pe_col[8].u_pe                                                |                               system_attention_0_0_fsa_fused_pe_1427 |        213 |        213 |       0 |    0 |    170 |      0 |      0 |    0 |          1 |
|                 (g_pe_row[5].g_pe_col[8].u_pe)                                            |                               system_attention_0_0_fsa_fused_pe_1427 |        196 |        196 |       0 |    0 |    170 |      0 |      0 |    0 |          0 |
|                 u_shared_multiplier                                                       |                        system_attention_0_0_fa_signed_mult_comb_1567 |         18 |         18 |       0 |    0 |      0 |      0 |      0 |    0 |          1 |
|               g_pe_row[5].g_pe_col[9].u_pe                                                |                               system_attention_0_0_fsa_fused_pe_1428 |        214 |        214 |       0 |    0 |    170 |      0 |      0 |    0 |          1 |
|                 (g_pe_row[5].g_pe_col[9].u_pe)                                            |                               system_attention_0_0_fsa_fused_pe_1428 |        195 |        195 |       0 |    0 |    170 |      0 |      0 |    0 |          0 |
|                 u_shared_multiplier                                                       |                        system_attention_0_0_fa_signed_mult_comb_1566 |         19 |         19 |       0 |    0 |      0 |      0 |      0 |    0 |          1 |
|               g_pe_row[6].g_pe_col[0].u_pe                                                |                               system_attention_0_0_fsa_fused_pe_1429 |        344 |        344 |       0 |    0 |    137 |      0 |      0 |    0 |          1 |
|                 (g_pe_row[6].g_pe_col[0].u_pe)                                            |                               system_attention_0_0_fsa_fused_pe_1429 |        234 |        234 |       0 |    0 |    137 |      0 |      0 |    0 |          0 |
|                 u_shared_multiplier                                                       |                        system_attention_0_0_fa_signed_mult_comb_1565 |        110 |        110 |       0 |    0 |      0 |      0 |      0 |    0 |          1 |
|               g_pe_row[6].g_pe_col[10].u_pe                                               |                               system_attention_0_0_fsa_fused_pe_1430 |        226 |        226 |       0 |    0 |    170 |      0 |      0 |    0 |          1 |
|                 (g_pe_row[6].g_pe_col[10].u_pe)                                           |                               system_attention_0_0_fsa_fused_pe_1430 |        196 |        196 |       0 |    0 |    170 |      0 |      0 |    0 |          0 |
|                 u_shared_multiplier                                                       |                        system_attention_0_0_fa_signed_mult_comb_1564 |         30 |         30 |       0 |    0 |      0 |      0 |      0 |    0 |          1 |
|               g_pe_row[6].g_pe_col[11].u_pe                                               |                               system_attention_0_0_fsa_fused_pe_1431 |        227 |        227 |       0 |    0 |    170 |      0 |      0 |    0 |          1 |
|                 (g_pe_row[6].g_pe_col[11].u_pe)                                           |                               system_attention_0_0_fsa_fused_pe_1431 |        196 |        196 |       0 |    0 |    170 |      0 |      0 |    0 |          0 |
|                 u_shared_multiplier                                                       |                        system_attention_0_0_fa_signed_mult_comb_1563 |         31 |         31 |       0 |    0 |      0 |      0 |      0 |    0 |          1 |
|               g_pe_row[6].g_pe_col[12].u_pe                                               |                               system_attention_0_0_fsa_fused_pe_1432 |        222 |        222 |       0 |    0 |    170 |      0 |      0 |    0 |          1 |
|                 (g_pe_row[6].g_pe_col[12].u_pe)                                           |                               system_attention_0_0_fsa_fused_pe_1432 |        196 |        196 |       0 |    0 |    170 |      0 |      0 |    0 |          0 |
|                 u_shared_multiplier                                                       |                        system_attention_0_0_fa_signed_mult_comb_1562 |         26 |         26 |       0 |    0 |      0 |      0 |      0 |    0 |          1 |
|               g_pe_row[6].g_pe_col[13].u_pe                                               |                               system_attention_0_0_fsa_fused_pe_1433 |        213 |        213 |       0 |    0 |    170 |      0 |      0 |    0 |          1 |
|                 (g_pe_row[6].g_pe_col[13].u_pe)                                           |                               system_attention_0_0_fsa_fused_pe_1433 |        195 |        195 |       0 |    0 |    170 |      0 |      0 |    0 |          0 |
|                 u_shared_multiplier                                                       |                        system_attention_0_0_fa_signed_mult_comb_1561 |         18 |         18 |       0 |    0 |      0 |      0 |      0 |    0 |          1 |
|               g_pe_row[6].g_pe_col[14].u_pe                                               |                               system_attention_0_0_fsa_fused_pe_1434 |        237 |        237 |       0 |    0 |    170 |      0 |      0 |    0 |          1 |
|                 (g_pe_row[6].g_pe_col[14].u_pe)                                           |                               system_attention_0_0_fsa_fused_pe_1434 |        212 |        212 |       0 |    0 |    170 |      0 |      0 |    0 |          0 |
|                 u_shared_multiplier                                                       |                        system_attention_0_0_fa_signed_mult_comb_1560 |         25 |         25 |       0 |    0 |      0 |      0 |      0 |    0 |          1 |
|               g_pe_row[6].g_pe_col[15].u_pe                                               |                               system_attention_0_0_fsa_fused_pe_1435 |        215 |        215 |       0 |    0 |    170 |      0 |      0 |    0 |          1 |
|                 (g_pe_row[6].g_pe_col[15].u_pe)                                           |                               system_attention_0_0_fsa_fused_pe_1435 |        195 |        195 |       0 |    0 |    170 |      0 |      0 |    0 |          0 |
|                 u_shared_multiplier                                                       |                        system_attention_0_0_fa_signed_mult_comb_1559 |         20 |         20 |       0 |    0 |      0 |      0 |      0 |    0 |          1 |
|               g_pe_row[6].g_pe_col[16].u_pe                                               |                               system_attention_0_0_fsa_fused_pe_1436 |        220 |        220 |       0 |    0 |    170 |      0 |      0 |    0 |          1 |
|                 (g_pe_row[6].g_pe_col[16].u_pe)                                           |                               system_attention_0_0_fsa_fused_pe_1436 |        197 |        197 |       0 |    0 |    170 |      0 |      0 |    0 |          0 |
|                 u_shared_multiplier                                                       |                        system_attention_0_0_fa_signed_mult_comb_1558 |         23 |         23 |       0 |    0 |      0 |      0 |      0 |    0 |          1 |
|               g_pe_row[6].g_pe_col[17].u_pe                                               |                               system_attention_0_0_fsa_fused_pe_1437 |        221 |        221 |       0 |    0 |    170 |      0 |      0 |    0 |          1 |
|                 (g_pe_row[6].g_pe_col[17].u_pe)                                           |                               system_attention_0_0_fsa_fused_pe_1437 |        196 |        196 |       0 |    0 |    170 |      0 |      0 |    0 |          0 |
|                 u_shared_multiplier                                                       |                        system_attention_0_0_fa_signed_mult_comb_1557 |         25 |         25 |       0 |    0 |      0 |      0 |      0 |    0 |          1 |
|               g_pe_row[6].g_pe_col[18].u_pe                                               |                               system_attention_0_0_fsa_fused_pe_1438 |        227 |        227 |       0 |    0 |    170 |      0 |      0 |    0 |          1 |
|                 (g_pe_row[6].g_pe_col[18].u_pe)                                           |                               system_attention_0_0_fsa_fused_pe_1438 |        196 |        196 |       0 |    0 |    170 |      0 |      0 |    0 |          0 |
|                 u_shared_multiplier                                                       |                        system_attention_0_0_fa_signed_mult_comb_1556 |         31 |         31 |       0 |    0 |      0 |      0 |      0 |    0 |          1 |
|               g_pe_row[6].g_pe_col[19].u_pe                                               |                               system_attention_0_0_fsa_fused_pe_1439 |        226 |        226 |       0 |    0 |    170 |      0 |      0 |    0 |          1 |
|                 (g_pe_row[6].g_pe_col[19].u_pe)                                           |                               system_attention_0_0_fsa_fused_pe_1439 |        196 |        196 |       0 |    0 |    170 |      0 |      0 |    0 |          0 |
|                 u_shared_multiplier                                                       |                        system_attention_0_0_fa_signed_mult_comb_1555 |         30 |         30 |       0 |    0 |      0 |      0 |      0 |    0 |          1 |
|               g_pe_row[6].g_pe_col[1].u_pe                                                |                               system_attention_0_0_fsa_fused_pe_1440 |        250 |        250 |       0 |    0 |    170 |      0 |      0 |    0 |          1 |
|                 (g_pe_row[6].g_pe_col[1].u_pe)                                            |                               system_attention_0_0_fsa_fused_pe_1440 |        220 |        220 |       0 |    0 |    170 |      0 |      0 |    0 |          0 |
|                 u_shared_multiplier                                                       |                        system_attention_0_0_fa_signed_mult_comb_1554 |         30 |         30 |       0 |    0 |      0 |      0 |      0 |    0 |          1 |
|               g_pe_row[6].g_pe_col[20].u_pe                                               |                               system_attention_0_0_fsa_fused_pe_1441 |        227 |        227 |       0 |    0 |    170 |      0 |      0 |    0 |          1 |
|                 (g_pe_row[6].g_pe_col[20].u_pe)                                           |                               system_attention_0_0_fsa_fused_pe_1441 |        196 |        196 |       0 |    0 |    170 |      0 |      0 |    0 |          0 |
|                 u_shared_multiplier                                                       |                        system_attention_0_0_fa_signed_mult_comb_1553 |         31 |         31 |       0 |    0 |      0 |      0 |      0 |    0 |          1 |
|               g_pe_row[6].g_pe_col[21].u_pe                                               |                               system_attention_0_0_fsa_fused_pe_1442 |        228 |        228 |       0 |    0 |    170 |      0 |      0 |    0 |          1 |
|                 (g_pe_row[6].g_pe_col[21].u_pe)                                           |                               system_attention_0_0_fsa_fused_pe_1442 |        196 |        196 |       0 |    0 |    170 |      0 |      0 |    0 |          0 |
|                 u_shared_multiplier                                                       |                        system_attention_0_0_fa_signed_mult_comb_1552 |         32 |         32 |       0 |    0 |      0 |      0 |      0 |    0 |          1 |
|               g_pe_row[6].g_pe_col[22].u_pe                                               |                               system_attention_0_0_fsa_fused_pe_1443 |        246 |        246 |       0 |    0 |    170 |      0 |      0 |    0 |          1 |
|                 (g_pe_row[6].g_pe_col[22].u_pe)                                           |                               system_attention_0_0_fsa_fused_pe_1443 |        212 |        212 |       0 |    0 |    170 |      0 |      0 |    0 |          0 |
|                 u_shared_multiplier                                                       |                        system_attention_0_0_fa_signed_mult_comb_1551 |         34 |         34 |       0 |    0 |      0 |      0 |      0 |    0 |          1 |
|               g_pe_row[6].g_pe_col[23].u_pe                                               |                               system_attention_0_0_fsa_fused_pe_1444 |        216 |        216 |       0 |    0 |    170 |      0 |      0 |    0 |          1 |
|                 (g_pe_row[6].g_pe_col[23].u_pe)                                           |                               system_attention_0_0_fsa_fused_pe_1444 |        195 |        195 |       0 |    0 |    170 |      0 |      0 |    0 |          0 |
|                 u_shared_multiplier                                                       |                        system_attention_0_0_fa_signed_mult_comb_1550 |         22 |         22 |       0 |    0 |      0 |      0 |      0 |    0 |          1 |
|               g_pe_row[6].g_pe_col[24].u_pe                                               |                               system_attention_0_0_fsa_fused_pe_1445 |        212 |        212 |       0 |    0 |    170 |      0 |      0 |    0 |          1 |
|                 (g_pe_row[6].g_pe_col[24].u_pe)                                           |                               system_attention_0_0_fsa_fused_pe_1445 |        195 |        195 |       0 |    0 |    170 |      0 |      0 |    0 |          0 |
|                 u_shared_multiplier                                                       |                        system_attention_0_0_fa_signed_mult_comb_1549 |         18 |         18 |       0 |    0 |      0 |      0 |      0 |    0 |          1 |
|               g_pe_row[6].g_pe_col[25].u_pe                                               |                               system_attention_0_0_fsa_fused_pe_1446 |        213 |        213 |       0 |    0 |    170 |      0 |      0 |    0 |          1 |
|                 (g_pe_row[6].g_pe_col[25].u_pe)                                           |                               system_attention_0_0_fsa_fused_pe_1446 |        195 |        195 |       0 |    0 |    170 |      0 |      0 |    0 |          0 |
|                 u_shared_multiplier                                                       |                        system_attention_0_0_fa_signed_mult_comb_1548 |         18 |         18 |       0 |    0 |      0 |      0 |      0 |    0 |          1 |
|               g_pe_row[6].g_pe_col[26].u_pe                                               |                               system_attention_0_0_fsa_fused_pe_1447 |        215 |        215 |       0 |    0 |    170 |      0 |      0 |    0 |          1 |
|                 (g_pe_row[6].g_pe_col[26].u_pe)                                           |                               system_attention_0_0_fsa_fused_pe_1447 |        196 |        196 |       0 |    0 |    170 |      0 |      0 |    0 |          0 |
|                 u_shared_multiplier                                                       |                        system_attention_0_0_fa_signed_mult_comb_1547 |         19 |         19 |       0 |    0 |      0 |      0 |      0 |    0 |          1 |
|               g_pe_row[6].g_pe_col[27].u_pe                                               |                               system_attention_0_0_fsa_fused_pe_1448 |        212 |        212 |       0 |    0 |    170 |      0 |      0 |    0 |          1 |
|                 (g_pe_row[6].g_pe_col[27].u_pe)                                           |                               system_attention_0_0_fsa_fused_pe_1448 |        195 |        195 |       0 |    0 |    170 |      0 |      0 |    0 |          0 |
|                 u_shared_multiplier                                                       |                        system_attention_0_0_fa_signed_mult_comb_1546 |         18 |         18 |       0 |    0 |      0 |      0 |      0 |    0 |          1 |
|               g_pe_row[6].g_pe_col[28].u_pe                                               |                               system_attention_0_0_fsa_fused_pe_1449 |        220 |        220 |       0 |    0 |    170 |      0 |      0 |    0 |          1 |
|                 (g_pe_row[6].g_pe_col[28].u_pe)                                           |                               system_attention_0_0_fsa_fused_pe_1449 |        196 |        196 |       0 |    0 |    170 |      0 |      0 |    0 |          0 |
|                 u_shared_multiplier                                                       |                        system_attention_0_0_fa_signed_mult_comb_1545 |         24 |         24 |       0 |    0 |      0 |      0 |      0 |    0 |          1 |
|               g_pe_row[6].g_pe_col[29].u_pe                                               |                               system_attention_0_0_fsa_fused_pe_1450 |        212 |        212 |       0 |    0 |    170 |      0 |      0 |    0 |          1 |
|                 (g_pe_row[6].g_pe_col[29].u_pe)                                           |                               system_attention_0_0_fsa_fused_pe_1450 |        195 |        195 |       0 |    0 |    170 |      0 |      0 |    0 |          0 |
|                 u_shared_multiplier                                                       |                        system_attention_0_0_fa_signed_mult_comb_1544 |         18 |         18 |       0 |    0 |      0 |      0 |      0 |    0 |          1 |
|               g_pe_row[6].g_pe_col[2].u_pe                                                |                               system_attention_0_0_fsa_fused_pe_1451 |        212 |        212 |       0 |    0 |    170 |      0 |      0 |    0 |          1 |
|                 (g_pe_row[6].g_pe_col[2].u_pe)                                            |                               system_attention_0_0_fsa_fused_pe_1451 |        194 |        194 |       0 |    0 |    170 |      0 |      0 |    0 |          0 |
|                 u_shared_multiplier                                                       |                        system_attention_0_0_fa_signed_mult_comb_1543 |         18 |         18 |       0 |    0 |      0 |      0 |      0 |    0 |          1 |
|               g_pe_row[6].g_pe_col[30].u_pe                                               |                               system_attention_0_0_fsa_fused_pe_1452 |        248 |        248 |       0 |    0 |    170 |      0 |      0 |    0 |          1 |
|                 (g_pe_row[6].g_pe_col[30].u_pe)                                           |                               system_attention_0_0_fsa_fused_pe_1452 |        218 |        218 |       0 |    0 |    170 |      0 |      0 |    0 |          0 |
|                 u_shared_multiplier                                                       |                        system_attention_0_0_fa_signed_mult_comb_1542 |         30 |         30 |       0 |    0 |      0 |      0 |      0 |    0 |          1 |
|               g_pe_row[6].g_pe_col[31].u_pe                                               |                               system_attention_0_0_fsa_fused_pe_1453 |        124 |        124 |       0 |    0 |    161 |      0 |      0 |    0 |          1 |
|                 (g_pe_row[6].g_pe_col[31].u_pe)                                           |                               system_attention_0_0_fsa_fused_pe_1453 |        115 |        115 |       0 |    0 |    161 |      0 |      0 |    0 |          0 |
|                 u_shared_multiplier                                                       |                        system_attention_0_0_fa_signed_mult_comb_1541 |          9 |          9 |       0 |    0 |      0 |      0 |      0 |    0 |          1 |
|               g_pe_row[6].g_pe_col[3].u_pe                                                |                               system_attention_0_0_fsa_fused_pe_1454 |        213 |        213 |       0 |    0 |    170 |      0 |      0 |    0 |          1 |
|                 (g_pe_row[6].g_pe_col[3].u_pe)                                            |                               system_attention_0_0_fsa_fused_pe_1454 |        195 |        195 |       0 |    0 |    170 |      0 |      0 |    0 |          0 |
|                 u_shared_multiplier                                                       |                        system_attention_0_0_fa_signed_mult_comb_1540 |         18 |         18 |       0 |    0 |      0 |      0 |      0 |    0 |          1 |
|               g_pe_row[6].g_pe_col[4].u_pe                                                |                               system_attention_0_0_fsa_fused_pe_1455 |        213 |        213 |       0 |    0 |    170 |      0 |      0 |    0 |          1 |
|                 (g_pe_row[6].g_pe_col[4].u_pe)                                            |                               system_attention_0_0_fsa_fused_pe_1455 |        195 |        195 |       0 |    0 |    170 |      0 |      0 |    0 |          0 |
|                 u_shared_multiplier                                                       |                        system_attention_0_0_fa_signed_mult_comb_1539 |         18 |         18 |       0 |    0 |      0 |      0 |      0 |    0 |          1 |
|               g_pe_row[6].g_pe_col[5].u_pe                                                |                               system_attention_0_0_fsa_fused_pe_1456 |        213 |        213 |       0 |    0 |    170 |      0 |      0 |    0 |          1 |
|                 (g_pe_row[6].g_pe_col[5].u_pe)                                            |                               system_attention_0_0_fsa_fused_pe_1456 |        195 |        195 |       0 |    0 |    170 |      0 |      0 |    0 |          0 |
|                 u_shared_multiplier                                                       |                        system_attention_0_0_fa_signed_mult_comb_1538 |         18 |         18 |       0 |    0 |      0 |      0 |      0 |    0 |          1 |
|               g_pe_row[6].g_pe_col[6].u_pe                                                |                               system_attention_0_0_fsa_fused_pe_1457 |        232 |        232 |       0 |    0 |    170 |      0 |      0 |    0 |          1 |
|                 (g_pe_row[6].g_pe_col[6].u_pe)                                            |                               system_attention_0_0_fsa_fused_pe_1457 |        212 |        212 |       0 |    0 |    170 |      0 |      0 |    0 |          0 |
|                 u_shared_multiplier                                                       |                        system_attention_0_0_fa_signed_mult_comb_1537 |         20 |         20 |       0 |    0 |      0 |      0 |      0 |    0 |          1 |
|               g_pe_row[6].g_pe_col[7].u_pe                                                |                               system_attention_0_0_fsa_fused_pe_1458 |        219 |        219 |       0 |    0 |    170 |      0 |      0 |    0 |          1 |
|                 (g_pe_row[6].g_pe_col[7].u_pe)                                            |                               system_attention_0_0_fsa_fused_pe_1458 |        196 |        196 |       0 |    0 |    170 |      0 |      0 |    0 |          0 |
|                 u_shared_multiplier                                                       |                        system_attention_0_0_fa_signed_mult_comb_1536 |         23 |         23 |       0 |    0 |      0 |      0 |      0 |    0 |          1 |
|               g_pe_row[6].g_pe_col[8].u_pe                                                |                               system_attention_0_0_fsa_fused_pe_1459 |        221 |        221 |       0 |    0 |    170 |      0 |      0 |    0 |          1 |
|                 (g_pe_row[6].g_pe_col[8].u_pe)                                            |                               system_attention_0_0_fsa_fused_pe_1459 |        196 |        196 |       0 |    0 |    170 |      0 |      0 |    0 |          0 |
|                 u_shared_multiplier                                                       |                        system_attention_0_0_fa_signed_mult_comb_1535 |         25 |         25 |       0 |    0 |      0 |      0 |      0 |    0 |          1 |
|               g_pe_row[6].g_pe_col[9].u_pe                                                |                               system_attention_0_0_fsa_fused_pe_1460 |        225 |        225 |       0 |    0 |    170 |      0 |      0 |    0 |          1 |
|                 (g_pe_row[6].g_pe_col[9].u_pe)                                            |                               system_attention_0_0_fsa_fused_pe_1460 |        196 |        196 |       0 |    0 |    170 |      0 |      0 |    0 |          0 |
|                 u_shared_multiplier                                                       |                        system_attention_0_0_fa_signed_mult_comb_1534 |         29 |         29 |       0 |    0 |      0 |      0 |      0 |    0 |          1 |
|               g_pe_row[7].g_pe_col[0].u_pe                                                |                               system_attention_0_0_fsa_fused_pe_1461 |        333 |        333 |       0 |    0 |    137 |      0 |      0 |    0 |          1 |
|                 (g_pe_row[7].g_pe_col[0].u_pe)                                            |                               system_attention_0_0_fsa_fused_pe_1461 |        244 |        244 |       0 |    0 |    137 |      0 |      0 |    0 |          0 |
|                 u_shared_multiplier                                                       |                        system_attention_0_0_fa_signed_mult_comb_1533 |         89 |         89 |       0 |    0 |      0 |      0 |      0 |    0 |          1 |
|               g_pe_row[7].g_pe_col[10].u_pe                                               |                               system_attention_0_0_fsa_fused_pe_1462 |        212 |        212 |       0 |    0 |    170 |      0 |      0 |    0 |          1 |
|                 (g_pe_row[7].g_pe_col[10].u_pe)                                           |                               system_attention_0_0_fsa_fused_pe_1462 |        194 |        194 |       0 |    0 |    170 |      0 |      0 |    0 |          0 |
|                 u_shared_multiplier                                                       |                        system_attention_0_0_fa_signed_mult_comb_1532 |         18 |         18 |       0 |    0 |      0 |      0 |      0 |    0 |          1 |
|               g_pe_row[7].g_pe_col[11].u_pe                                               |                               system_attention_0_0_fsa_fused_pe_1463 |        219 |        219 |       0 |    0 |    170 |      0 |      0 |    0 |          1 |
|                 (g_pe_row[7].g_pe_col[11].u_pe)                                           |                               system_attention_0_0_fsa_fused_pe_1463 |        195 |        195 |       0 |    0 |    170 |      0 |      0 |    0 |          0 |
|                 u_shared_multiplier                                                       |                        system_attention_0_0_fa_signed_mult_comb_1531 |         24 |         24 |       0 |    0 |      0 |      0 |      0 |    0 |          1 |
|               g_pe_row[7].g_pe_col[12].u_pe                                               |                               system_attention_0_0_fsa_fused_pe_1464 |        215 |        215 |       0 |    0 |    170 |      0 |      0 |    0 |          1 |
|                 (g_pe_row[7].g_pe_col[12].u_pe)                                           |                               system_attention_0_0_fsa_fused_pe_1464 |        194 |        194 |       0 |    0 |    170 |      0 |      0 |    0 |          0 |
|                 u_shared_multiplier                                                       |                        system_attention_0_0_fa_signed_mult_comb_1530 |         21 |         21 |       0 |    0 |      0 |      0 |      0 |    0 |          1 |
|               g_pe_row[7].g_pe_col[13].u_pe                                               |                               system_attention_0_0_fsa_fused_pe_1465 |        211 |        211 |       0 |    0 |    170 |      0 |      0 |    0 |          1 |
|                 (g_pe_row[7].g_pe_col[13].u_pe)                                           |                               system_attention_0_0_fsa_fused_pe_1465 |        194 |        194 |       0 |    0 |    170 |      0 |      0 |    0 |          0 |
|                 u_shared_multiplier                                                       |                        system_attention_0_0_fa_signed_mult_comb_1529 |         18 |         18 |       0 |    0 |      0 |      0 |      0 |    0 |          1 |
|               g_pe_row[7].g_pe_col[14].u_pe                                               |                               system_attention_0_0_fsa_fused_pe_1466 |        228 |        228 |       0 |    0 |    170 |      0 |      0 |    0 |          1 |
|                 (g_pe_row[7].g_pe_col[14].u_pe)                                           |                               system_attention_0_0_fsa_fused_pe_1466 |        211 |        211 |       0 |    0 |    170 |      0 |      0 |    0 |          0 |
|                 u_shared_multiplier                                                       |                        system_attention_0_0_fa_signed_mult_comb_1528 |         18 |         18 |       0 |    0 |      0 |      0 |      0 |    0 |          1 |
|               g_pe_row[7].g_pe_col[15].u_pe                                               |                               system_attention_0_0_fsa_fused_pe_1467 |        213 |        213 |       0 |    0 |    170 |      0 |      0 |    0 |          1 |
|                 (g_pe_row[7].g_pe_col[15].u_pe)                                           |                               system_attention_0_0_fsa_fused_pe_1467 |        195 |        195 |       0 |    0 |    170 |      0 |      0 |    0 |          0 |
|                 u_shared_multiplier                                                       |                        system_attention_0_0_fa_signed_mult_comb_1527 |         19 |         19 |       0 |    0 |      0 |      0 |      0 |    0 |          1 |
|               g_pe_row[7].g_pe_col[16].u_pe                                               |                               system_attention_0_0_fsa_fused_pe_1468 |        211 |        211 |       0 |    0 |    170 |      0 |      0 |    0 |          1 |
|                 (g_pe_row[7].g_pe_col[16].u_pe)                                           |                               system_attention_0_0_fsa_fused_pe_1468 |        194 |        194 |       0 |    0 |    170 |      0 |      0 |    0 |          0 |
|                 u_shared_multiplier                                                       |                        system_attention_0_0_fa_signed_mult_comb_1526 |         18 |         18 |       0 |    0 |      0 |      0 |      0 |    0 |          1 |
|               g_pe_row[7].g_pe_col[17].u_pe                                               |                               system_attention_0_0_fsa_fused_pe_1469 |        212 |        212 |       0 |    0 |    170 |      0 |      0 |    0 |          1 |
|                 (g_pe_row[7].g_pe_col[17].u_pe)                                           |                               system_attention_0_0_fsa_fused_pe_1469 |        194 |        194 |       0 |    0 |    170 |      0 |      0 |    0 |          0 |
|                 u_shared_multiplier                                                       |                        system_attention_0_0_fa_signed_mult_comb_1525 |         18 |         18 |       0 |    0 |      0 |      0 |      0 |    0 |          1 |
|               g_pe_row[7].g_pe_col[18].u_pe                                               |                               system_attention_0_0_fsa_fused_pe_1470 |        214 |        214 |       0 |    0 |    170 |      0 |      0 |    0 |          1 |
|                 (g_pe_row[7].g_pe_col[18].u_pe)                                           |                               system_attention_0_0_fsa_fused_pe_1470 |        195 |        195 |       0 |    0 |    170 |      0 |      0 |    0 |          0 |
|                 u_shared_multiplier                                                       |                        system_attention_0_0_fa_signed_mult_comb_1524 |         19 |         19 |       0 |    0 |      0 |      0 |      0 |    0 |          1 |
|               g_pe_row[7].g_pe_col[19].u_pe                                               |                               system_attention_0_0_fsa_fused_pe_1471 |        213 |        213 |       0 |    0 |    170 |      0 |      0 |    0 |          1 |
|                 (g_pe_row[7].g_pe_col[19].u_pe)                                           |                               system_attention_0_0_fsa_fused_pe_1471 |        194 |        194 |       0 |    0 |    170 |      0 |      0 |    0 |          0 |
|                 u_shared_multiplier                                                       |                        system_attention_0_0_fa_signed_mult_comb_1523 |         19 |         19 |       0 |    0 |      0 |      0 |      0 |    0 |          1 |
|               g_pe_row[7].g_pe_col[1].u_pe                                                |                               system_attention_0_0_fsa_fused_pe_1472 |        251 |        251 |       0 |    0 |    170 |      0 |      0 |    0 |          1 |
|                 (g_pe_row[7].g_pe_col[1].u_pe)                                            |                               system_attention_0_0_fsa_fused_pe_1472 |        221 |        221 |       0 |    0 |    170 |      0 |      0 |    0 |          0 |
|                 u_shared_multiplier                                                       |                        system_attention_0_0_fa_signed_mult_comb_1522 |         30 |         30 |       0 |    0 |      0 |      0 |      0 |    0 |          1 |
|               g_pe_row[7].g_pe_col[20].u_pe                                               |                               system_attention_0_0_fsa_fused_pe_1473 |        214 |        214 |       0 |    0 |    170 |      0 |      0 |    0 |          1 |
|                 (g_pe_row[7].g_pe_col[20].u_pe)                                           |                               system_attention_0_0_fsa_fused_pe_1473 |        195 |        195 |       0 |    0 |    170 |      0 |      0 |    0 |          0 |
|                 u_shared_multiplier                                                       |                        system_attention_0_0_fa_signed_mult_comb_1521 |         19 |         19 |       0 |    0 |      0 |      0 |      0 |    0 |          1 |
|               g_pe_row[7].g_pe_col[21].u_pe                                               |                               system_attention_0_0_fsa_fused_pe_1474 |        212 |        212 |       0 |    0 |    170 |      0 |      0 |    0 |          1 |
|                 (g_pe_row[7].g_pe_col[21].u_pe)                                           |                               system_attention_0_0_fsa_fused_pe_1474 |        194 |        194 |       0 |    0 |    170 |      0 |      0 |    0 |          0 |
|                 u_shared_multiplier                                                       |                        system_attention_0_0_fa_signed_mult_comb_1520 |         19 |         19 |       0 |    0 |      0 |      0 |      0 |    0 |          1 |
|               g_pe_row[7].g_pe_col[22].u_pe                                               |                               system_attention_0_0_fsa_fused_pe_1475 |        228 |        228 |       0 |    0 |    170 |      0 |      0 |    0 |          1 |
|                 (g_pe_row[7].g_pe_col[22].u_pe)                                           |                               system_attention_0_0_fsa_fused_pe_1475 |        210 |        210 |       0 |    0 |    170 |      0 |      0 |    0 |          0 |
|                 u_shared_multiplier                                                       |                        system_attention_0_0_fa_signed_mult_comb_1519 |         18 |         18 |       0 |    0 |      0 |      0 |      0 |    0 |          1 |
|               g_pe_row[7].g_pe_col[23].u_pe                                               |                               system_attention_0_0_fsa_fused_pe_1476 |        213 |        213 |       0 |    0 |    170 |      0 |      0 |    0 |          1 |
|                 (g_pe_row[7].g_pe_col[23].u_pe)                                           |                               system_attention_0_0_fsa_fused_pe_1476 |        195 |        195 |       0 |    0 |    170 |      0 |      0 |    0 |          0 |
|                 u_shared_multiplier                                                       |                        system_attention_0_0_fa_signed_mult_comb_1518 |         18 |         18 |       0 |    0 |      0 |      0 |      0 |    0 |          1 |
|               g_pe_row[7].g_pe_col[24].u_pe                                               |                               system_attention_0_0_fsa_fused_pe_1477 |        214 |        214 |       0 |    0 |    170 |      0 |      0 |    0 |          1 |
|                 (g_pe_row[7].g_pe_col[24].u_pe)                                           |                               system_attention_0_0_fsa_fused_pe_1477 |        196 |        196 |       0 |    0 |    170 |      0 |      0 |    0 |          0 |
|                 u_shared_multiplier                                                       |                        system_attention_0_0_fa_signed_mult_comb_1517 |         18 |         18 |       0 |    0 |      0 |      0 |      0 |    0 |          1 |
|               g_pe_row[7].g_pe_col[25].u_pe                                               |                               system_attention_0_0_fsa_fused_pe_1478 |        221 |        221 |       0 |    0 |    170 |      0 |      0 |    0 |          1 |
|                 (g_pe_row[7].g_pe_col[25].u_pe)                                           |                               system_attention_0_0_fsa_fused_pe_1478 |        196 |        196 |       0 |    0 |    170 |      0 |      0 |    0 |          0 |
|                 u_shared_multiplier                                                       |                        system_attention_0_0_fa_signed_mult_comb_1516 |         25 |         25 |       0 |    0 |      0 |      0 |      0 |    0 |          1 |
|               g_pe_row[7].g_pe_col[26].u_pe                                               |                               system_attention_0_0_fsa_fused_pe_1479 |        224 |        224 |       0 |    0 |    170 |      0 |      0 |    0 |          1 |
|                 (g_pe_row[7].g_pe_col[26].u_pe)                                           |                               system_attention_0_0_fsa_fused_pe_1479 |        196 |        196 |       0 |    0 |    170 |      0 |      0 |    0 |          0 |
|                 u_shared_multiplier                                                       |                        system_attention_0_0_fa_signed_mult_comb_1515 |         28 |         28 |       0 |    0 |      0 |      0 |      0 |    0 |          1 |
|               g_pe_row[7].g_pe_col[27].u_pe                                               |                               system_attention_0_0_fsa_fused_pe_1480 |        228 |        228 |       0 |    0 |    170 |      0 |      0 |    0 |          1 |
|                 (g_pe_row[7].g_pe_col[27].u_pe)                                           |                               system_attention_0_0_fsa_fused_pe_1480 |        196 |        196 |       0 |    0 |    170 |      0 |      0 |    0 |          0 |
|                 u_shared_multiplier                                                       |                        system_attention_0_0_fa_signed_mult_comb_1514 |         32 |         32 |       0 |    0 |      0 |      0 |      0 |    0 |          1 |
|               g_pe_row[7].g_pe_col[28].u_pe                                               |                               system_attention_0_0_fsa_fused_pe_1481 |        221 |        221 |       0 |    0 |    170 |      0 |      0 |    0 |          1 |
|                 (g_pe_row[7].g_pe_col[28].u_pe)                                           |                               system_attention_0_0_fsa_fused_pe_1481 |        196 |        196 |       0 |    0 |    170 |      0 |      0 |    0 |          0 |
|                 u_shared_multiplier                                                       |                        system_attention_0_0_fa_signed_mult_comb_1513 |         26 |         26 |       0 |    0 |      0 |      0 |      0 |    0 |          1 |
|               g_pe_row[7].g_pe_col[29].u_pe                                               |                               system_attention_0_0_fsa_fused_pe_1482 |        229 |        229 |       0 |    0 |    170 |      0 |      0 |    0 |          1 |
|                 (g_pe_row[7].g_pe_col[29].u_pe)                                           |                               system_attention_0_0_fsa_fused_pe_1482 |        209 |        209 |       0 |    0 |    170 |      0 |      0 |    0 |          0 |
|                 u_shared_multiplier                                                       |                        system_attention_0_0_fa_signed_mult_comb_1512 |         20 |         20 |       0 |    0 |      0 |      0 |      0 |    0 |          1 |
|               g_pe_row[7].g_pe_col[2].u_pe                                                |                               system_attention_0_0_fsa_fused_pe_1483 |        221 |        221 |       0 |    0 |    170 |      0 |      0 |    0 |          1 |
|                 (g_pe_row[7].g_pe_col[2].u_pe)                                            |                               system_attention_0_0_fsa_fused_pe_1483 |        195 |        195 |       0 |    0 |    170 |      0 |      0 |    0 |          0 |
|                 u_shared_multiplier                                                       |                        system_attention_0_0_fa_signed_mult_comb_1511 |         26 |         26 |       0 |    0 |      0 |      0 |      0 |    0 |          1 |
|               g_pe_row[7].g_pe_col[30].u_pe                                               |                               system_attention_0_0_fsa_fused_pe_1484 |        256 |        256 |       0 |    0 |    170 |      0 |      0 |    0 |          1 |
|                 (g_pe_row[7].g_pe_col[30].u_pe)                                           |                               system_attention_0_0_fsa_fused_pe_1484 |        236 |        236 |       0 |    0 |    170 |      0 |      0 |    0 |          0 |
|                 u_shared_multiplier                                                       |                        system_attention_0_0_fa_signed_mult_comb_1510 |         21 |         21 |       0 |    0 |      0 |      0 |      0 |    0 |          1 |
|               g_pe_row[7].g_pe_col[31].u_pe                                               |                               system_attention_0_0_fsa_fused_pe_1485 |        117 |        117 |       0 |    0 |    161 |      0 |      0 |    0 |          1 |
|                 (g_pe_row[7].g_pe_col[31].u_pe)                                           |                               system_attention_0_0_fsa_fused_pe_1485 |        108 |        108 |       0 |    0 |    161 |      0 |      0 |    0 |          0 |
|                 u_shared_multiplier                                                       |                        system_attention_0_0_fa_signed_mult_comb_1509 |          9 |          9 |       0 |    0 |      0 |      0 |      0 |    0 |          1 |
|               g_pe_row[7].g_pe_col[3].u_pe                                                |                               system_attention_0_0_fsa_fused_pe_1486 |        218 |        218 |       0 |    0 |    170 |      0 |      0 |    0 |          1 |
|                 (g_pe_row[7].g_pe_col[3].u_pe)                                            |                               system_attention_0_0_fsa_fused_pe_1486 |        195 |        195 |       0 |    0 |    170 |      0 |      0 |    0 |          0 |
|                 u_shared_multiplier                                                       |                        system_attention_0_0_fa_signed_mult_comb_1508 |         23 |         23 |       0 |    0 |      0 |      0 |      0 |    0 |          1 |
|               g_pe_row[7].g_pe_col[4].u_pe                                                |                               system_attention_0_0_fsa_fused_pe_1487 |        213 |        213 |       0 |    0 |    170 |      0 |      0 |    0 |          1 |
|                 (g_pe_row[7].g_pe_col[4].u_pe)                                            |                               system_attention_0_0_fsa_fused_pe_1487 |        194 |        194 |       0 |    0 |    170 |      0 |      0 |    0 |          0 |
|                 u_shared_multiplier                                                       |                        system_attention_0_0_fa_signed_mult_comb_1507 |         19 |         19 |       0 |    0 |      0 |      0 |      0 |    0 |          1 |
|               g_pe_row[7].g_pe_col[5].u_pe                                                |                               system_attention_0_0_fsa_fused_pe_1488 |        215 |        215 |       0 |    0 |    170 |      0 |      0 |    0 |          1 |
|                 (g_pe_row[7].g_pe_col[5].u_pe)                                            |                               system_attention_0_0_fsa_fused_pe_1488 |        195 |        195 |       0 |    0 |    170 |      0 |      0 |    0 |          0 |
|                 u_shared_multiplier                                                       |                        system_attention_0_0_fa_signed_mult_comb_1506 |         20 |         20 |       0 |    0 |      0 |      0 |      0 |    0 |          1 |
|               g_pe_row[7].g_pe_col[6].u_pe                                                |                               system_attention_0_0_fsa_fused_pe_1489 |        232 |        232 |       0 |    0 |    170 |      0 |      0 |    0 |          1 |
|                 (g_pe_row[7].g_pe_col[6].u_pe)                                            |                               system_attention_0_0_fsa_fused_pe_1489 |        211 |        211 |       0 |    0 |    170 |      0 |      0 |    0 |          0 |
|                 u_shared_multiplier                                                       |                        system_attention_0_0_fa_signed_mult_comb_1505 |         21 |         21 |       0 |    0 |      0 |      0 |      0 |    0 |          1 |
|               g_pe_row[7].g_pe_col[7].u_pe                                                |                               system_attention_0_0_fsa_fused_pe_1490 |        221 |        221 |       0 |    0 |    170 |      0 |      0 |    0 |          1 |
|                 (g_pe_row[7].g_pe_col[7].u_pe)                                            |                               system_attention_0_0_fsa_fused_pe_1490 |        195 |        195 |       0 |    0 |    170 |      0 |      0 |    0 |          0 |
|                 u_shared_multiplier                                                       |                        system_attention_0_0_fa_signed_mult_comb_1504 |         26 |         26 |       0 |    0 |      0 |      0 |      0 |    0 |          1 |
|               g_pe_row[7].g_pe_col[8].u_pe                                                |                               system_attention_0_0_fsa_fused_pe_1491 |        215 |        215 |       0 |    0 |    170 |      0 |      0 |    0 |          1 |
|                 (g_pe_row[7].g_pe_col[8].u_pe)                                            |                               system_attention_0_0_fsa_fused_pe_1491 |        194 |        194 |       0 |    0 |    170 |      0 |      0 |    0 |          0 |
|                 u_shared_multiplier                                                       |                        system_attention_0_0_fa_signed_mult_comb_1503 |         21 |         21 |       0 |    0 |      0 |      0 |      0 |    0 |          1 |
|               g_pe_row[7].g_pe_col[9].u_pe                                                |                               system_attention_0_0_fsa_fused_pe_1492 |        212 |        212 |       0 |    0 |    170 |      0 |      0 |    0 |          1 |
|                 (g_pe_row[7].g_pe_col[9].u_pe)                                            |                               system_attention_0_0_fsa_fused_pe_1492 |        194 |        194 |       0 |    0 |    170 |      0 |      0 |    0 |          0 |
|                 u_shared_multiplier                                                       |                        system_attention_0_0_fa_signed_mult_comb_1502 |         18 |         18 |       0 |    0 |      0 |      0 |      0 |    0 |          1 |
|               g_pv_seed_rescale[0].u_o_rescale_multiplier                                 |                       system_attention_0_0_fa_signed_mult_pipe2_1493 |         17 |         17 |       0 |    0 |      2 |      0 |      0 |    0 |          2 |
|               g_pv_seed_rescale[1].u_o_rescale_multiplier                                 |                       system_attention_0_0_fa_signed_mult_pipe2_1494 |         16 |         16 |       0 |    0 |      0 |      0 |      0 |    0 |          2 |
|               g_pv_seed_rescale[2].u_o_rescale_multiplier                                 |                       system_attention_0_0_fa_signed_mult_pipe2_1495 |         16 |         16 |       0 |    0 |      0 |      0 |      0 |    0 |          2 |
|               g_pv_seed_rescale[3].u_o_rescale_multiplier                                 |                       system_attention_0_0_fa_signed_mult_pipe2_1496 |         16 |         16 |       0 |    0 |      0 |      0 |      0 |    0 |          2 |
|               g_pv_seed_rescale[4].u_o_rescale_multiplier                                 |                       system_attention_0_0_fa_signed_mult_pipe2_1497 |         16 |         16 |       0 |    0 |      0 |      0 |      0 |    0 |          2 |
|               g_pv_seed_rescale[5].u_o_rescale_multiplier                                 |                       system_attention_0_0_fa_signed_mult_pipe2_1498 |         16 |         16 |       0 |    0 |      0 |      0 |      0 |    0 |          2 |
|               g_pv_seed_rescale[6].u_o_rescale_multiplier                                 |                       system_attention_0_0_fa_signed_mult_pipe2_1499 |         16 |         16 |       0 |    0 |      0 |      0 |      0 |    0 |          2 |
|               g_pv_seed_rescale[7].u_o_rescale_multiplier                                 |                       system_attention_0_0_fa_signed_mult_pipe2_1500 |         17 |         17 |       0 |    0 |      0 |      0 |      0 |    0 |          2 |
|               u_o_bank                                                                    |                         system_attention_0_0_o_accumulator_bank_1501 |       5378 |       5378 |       0 |    0 |  16641 |      0 |      0 |    0 |          0 |
|             g_stripe[2].u_stripe                                                          |                                   system_attention_0_0_fsa_stripe__3 |      66267 |      66267 |       0 |    0 |  62045 |      0 |      0 |    0 |        272 |
|               (g_stripe[2].u_stripe)                                                      |                                   system_attention_0_0_fsa_stripe__3 |        389 |        389 |       0 |    0 |   2177 |      0 |      0 |    0 |          0 |
|               g_clear_replica[0].u_clear_replica                                          |                            system_attention_0_0_fa_clear_replica__12 |          1 |          1 |       0 |    0 |      1 |      0 |      0 |    0 |          0 |
|               g_clear_replica[1].u_clear_replica                                          |                            system_attention_0_0_fa_clear_replica__13 |          1 |          1 |       0 |    0 |      1 |      0 |      0 |    0 |          0 |
|               g_clear_replica[2].u_clear_replica                                          |                            system_attention_0_0_fa_clear_replica__14 |          1 |          1 |       0 |    0 |      1 |      0 |      0 |    0 |          0 |
|               g_clear_replica[3].u_clear_replica                                          |                            system_attention_0_0_fa_clear_replica__15 |          1 |          1 |       0 |    0 |      1 |      0 |      0 |    0 |          0 |
|               g_pe_row[0].g_pe_col[0].u_pe                                                |                                system_attention_0_0_fsa_fused_pe_716 |        355 |        355 |       0 |    0 |    138 |      0 |      0 |    0 |          1 |
|                 (g_pe_row[0].g_pe_col[0].u_pe)                                            |                                system_attention_0_0_fsa_fused_pe_716 |        230 |        230 |       0 |    0 |    138 |      0 |      0 |    0 |          0 |
|                 u_shared_multiplier                                                       |                        system_attention_0_0_fa_signed_mult_comb_1236 |        126 |        126 |       0 |    0 |      0 |      0 |      0 |    0 |          1 |
|               g_pe_row[0].g_pe_col[10].u_pe                                               |                                system_attention_0_0_fsa_fused_pe_717 |        223 |        223 |       0 |    0 |    171 |      0 |      0 |    0 |          1 |
|                 (g_pe_row[0].g_pe_col[10].u_pe)                                           |                                system_attention_0_0_fsa_fused_pe_717 |        199 |        199 |       0 |    0 |    171 |      0 |      0 |    0 |          0 |
|                 u_shared_multiplier                                                       |                        system_attention_0_0_fa_signed_mult_comb_1235 |         24 |         24 |       0 |    0 |      0 |      0 |      0 |    0 |          1 |
|               g_pe_row[0].g_pe_col[11].u_pe                                               |                                system_attention_0_0_fsa_fused_pe_718 |        217 |        217 |       0 |    0 |    172 |      0 |      0 |    0 |          1 |
|                 (g_pe_row[0].g_pe_col[11].u_pe)                                           |                                system_attention_0_0_fsa_fused_pe_718 |        199 |        199 |       0 |    0 |    172 |      0 |      0 |    0 |          0 |
|                 u_shared_multiplier                                                       |                        system_attention_0_0_fa_signed_mult_comb_1234 |         19 |         19 |       0 |    0 |      0 |      0 |      0 |    0 |          1 |
|               g_pe_row[0].g_pe_col[12].u_pe                                               |                                system_attention_0_0_fsa_fused_pe_719 |        732 |        732 |       0 |    0 |    172 |      0 |      0 |    0 |          1 |
|                 (g_pe_row[0].g_pe_col[12].u_pe)                                           |                                system_attention_0_0_fsa_fused_pe_719 |        715 |        715 |       0 |    0 |    172 |      0 |      0 |    0 |          0 |
|                 u_shared_multiplier                                                       |                        system_attention_0_0_fa_signed_mult_comb_1233 |         18 |         18 |       0 |    0 |      0 |      0 |      0 |    0 |          1 |
|               g_pe_row[0].g_pe_col[13].u_pe                                               |                                system_attention_0_0_fsa_fused_pe_720 |        219 |        219 |       0 |    0 |    172 |      0 |      0 |    0 |          1 |
|                 (g_pe_row[0].g_pe_col[13].u_pe)                                           |                                system_attention_0_0_fsa_fused_pe_720 |        199 |        199 |       0 |    0 |    172 |      0 |      0 |    0 |          0 |
|                 u_shared_multiplier                                                       |                        system_attention_0_0_fa_signed_mult_comb_1232 |         21 |         21 |       0 |    0 |      0 |      0 |      0 |    0 |          1 |
|               g_pe_row[0].g_pe_col[14].u_pe                                               |                                system_attention_0_0_fsa_fused_pe_721 |        240 |        240 |       0 |    0 |    172 |      0 |      0 |    0 |          1 |
|                 (g_pe_row[0].g_pe_col[14].u_pe)                                           |                                system_attention_0_0_fsa_fused_pe_721 |        216 |        216 |       0 |    0 |    172 |      0 |      0 |    0 |          0 |
|                 u_shared_multiplier                                                       |                        system_attention_0_0_fa_signed_mult_comb_1231 |         24 |         24 |       0 |    0 |      0 |      0 |      0 |    0 |          1 |
|               g_pe_row[0].g_pe_col[15].u_pe                                               |                                system_attention_0_0_fsa_fused_pe_722 |        216 |        216 |       0 |    0 |    171 |      0 |      0 |    0 |          1 |
|                 (g_pe_row[0].g_pe_col[15].u_pe)                                           |                                system_attention_0_0_fsa_fused_pe_722 |        199 |        199 |       0 |    0 |    171 |      0 |      0 |    0 |          0 |
|                 u_shared_multiplier                                                       |                        system_attention_0_0_fa_signed_mult_comb_1230 |         18 |         18 |       0 |    0 |      0 |      0 |      0 |    0 |          1 |
|               g_pe_row[0].g_pe_col[16].u_pe                                               |                                system_attention_0_0_fsa_fused_pe_723 |        227 |        227 |       0 |    0 |    171 |      0 |      0 |    0 |          1 |
|                 (g_pe_row[0].g_pe_col[16].u_pe)                                           |                                system_attention_0_0_fsa_fused_pe_723 |        198 |        198 |       0 |    0 |    171 |      0 |      0 |    0 |          0 |
|                 u_shared_multiplier                                                       |                        system_attention_0_0_fa_signed_mult_comb_1229 |         29 |         29 |       0 |    0 |      0 |      0 |      0 |    0 |          1 |
|               g_pe_row[0].g_pe_col[17].u_pe                                               |                                system_attention_0_0_fsa_fused_pe_724 |        479 |        479 |       0 |    0 |    172 |      0 |      0 |    0 |          1 |
|                 (g_pe_row[0].g_pe_col[17].u_pe)                                           |                                system_attention_0_0_fsa_fused_pe_724 |        455 |        455 |       0 |    0 |    172 |      0 |      0 |    0 |          0 |
|                 u_shared_multiplier                                                       |                        system_attention_0_0_fa_signed_mult_comb_1228 |         25 |         25 |       0 |    0 |      0 |      0 |      0 |    0 |          1 |
|               g_pe_row[0].g_pe_col[18].u_pe                                               |                                system_attention_0_0_fsa_fused_pe_725 |        225 |        225 |       0 |    0 |    171 |      0 |      0 |    0 |          1 |
|                 (g_pe_row[0].g_pe_col[18].u_pe)                                           |                                system_attention_0_0_fsa_fused_pe_725 |        200 |        200 |       0 |    0 |    171 |      0 |      0 |    0 |          0 |
|                 u_shared_multiplier                                                       |                        system_attention_0_0_fa_signed_mult_comb_1227 |         26 |         26 |       0 |    0 |      0 |      0 |      0 |    0 |          1 |
|               g_pe_row[0].g_pe_col[19].u_pe                                               |                                system_attention_0_0_fsa_fused_pe_726 |        217 |        217 |       0 |    0 |    171 |      0 |      0 |    0 |          1 |
|                 (g_pe_row[0].g_pe_col[19].u_pe)                                           |                                system_attention_0_0_fsa_fused_pe_726 |        197 |        197 |       0 |    0 |    171 |      0 |      0 |    0 |          0 |
|                 u_shared_multiplier                                                       |                        system_attention_0_0_fa_signed_mult_comb_1226 |         21 |         21 |       0 |    0 |      0 |      0 |      0 |    0 |          1 |
|               g_pe_row[0].g_pe_col[1].u_pe                                                |                                system_attention_0_0_fsa_fused_pe_727 |        501 |        501 |       0 |    0 |    172 |      0 |      0 |    0 |          1 |
|                 (g_pe_row[0].g_pe_col[1].u_pe)                                            |                                system_attention_0_0_fsa_fused_pe_727 |        472 |        472 |       0 |    0 |    172 |      0 |      0 |    0 |          0 |
|                 u_shared_multiplier                                                       |                        system_attention_0_0_fa_signed_mult_comb_1225 |         29 |         29 |       0 |    0 |      0 |      0 |      0 |    0 |          1 |
|               g_pe_row[0].g_pe_col[20].u_pe                                               |                                system_attention_0_0_fsa_fused_pe_728 |        742 |        742 |       0 |    0 |    171 |      0 |      0 |    0 |          1 |
|                 (g_pe_row[0].g_pe_col[20].u_pe)                                           |                                system_attention_0_0_fsa_fused_pe_728 |        716 |        716 |       0 |    0 |    171 |      0 |      0 |    0 |          0 |
|                 u_shared_multiplier                                                       |                        system_attention_0_0_fa_signed_mult_comb_1224 |         26 |         26 |       0 |    0 |      0 |      0 |      0 |    0 |          1 |
|               g_pe_row[0].g_pe_col[21].u_pe                                               |                                system_attention_0_0_fsa_fused_pe_729 |        227 |        227 |       0 |    0 |    171 |      0 |      0 |    0 |          1 |
|                 (g_pe_row[0].g_pe_col[21].u_pe)                                           |                                system_attention_0_0_fsa_fused_pe_729 |        198 |        198 |       0 |    0 |    171 |      0 |      0 |    0 |          0 |
|                 u_shared_multiplier                                                       |                        system_attention_0_0_fa_signed_mult_comb_1223 |         29 |         29 |       0 |    0 |      0 |      0 |      0 |    0 |          1 |
|               g_pe_row[0].g_pe_col[22].u_pe                                               |                                system_attention_0_0_fsa_fused_pe_730 |        234 |        234 |       0 |    0 |    171 |      0 |      0 |    0 |          1 |
|                 (g_pe_row[0].g_pe_col[22].u_pe)                                           |                                system_attention_0_0_fsa_fused_pe_730 |        212 |        212 |       0 |    0 |    171 |      0 |      0 |    0 |          0 |
|                 u_shared_multiplier                                                       |                        system_attention_0_0_fa_signed_mult_comb_1222 |         22 |         22 |       0 |    0 |      0 |      0 |      0 |    0 |          1 |
|               g_pe_row[0].g_pe_col[23].u_pe                                               |                                system_attention_0_0_fsa_fused_pe_731 |        210 |        210 |       0 |    0 |    171 |      0 |      0 |    0 |          1 |
|                 (g_pe_row[0].g_pe_col[23].u_pe)                                           |                                system_attention_0_0_fsa_fused_pe_731 |        196 |        196 |       0 |    0 |    171 |      0 |      0 |    0 |          0 |
|                 u_shared_multiplier                                                       |                        system_attention_0_0_fa_signed_mult_comb_1221 |         14 |         14 |       0 |    0 |      0 |      0 |      0 |    0 |          1 |
|               g_pe_row[0].g_pe_col[24].u_pe                                               |                                system_attention_0_0_fsa_fused_pe_732 |        224 |        224 |       0 |    0 |    171 |      0 |      0 |    0 |          1 |
|                 (g_pe_row[0].g_pe_col[24].u_pe)                                           |                                system_attention_0_0_fsa_fused_pe_732 |        210 |        210 |       0 |    0 |    171 |      0 |      0 |    0 |          0 |
|                 u_shared_multiplier                                                       |                        system_attention_0_0_fa_signed_mult_comb_1220 |         14 |         14 |       0 |    0 |      0 |      0 |      0 |    0 |          1 |
|               g_pe_row[0].g_pe_col[25].u_pe                                               |                                system_attention_0_0_fsa_fused_pe_733 |        463 |        463 |       0 |    0 |    172 |      0 |      0 |    0 |          1 |
|                 (g_pe_row[0].g_pe_col[25].u_pe)                                           |                                system_attention_0_0_fsa_fused_pe_733 |        450 |        450 |       0 |    0 |    172 |      0 |      0 |    0 |          0 |
|                 u_shared_multiplier                                                       |                        system_attention_0_0_fa_signed_mult_comb_1219 |         14 |         14 |       0 |    0 |      0 |      0 |      0 |    0 |          1 |
|               g_pe_row[0].g_pe_col[26].u_pe                                               |                                system_attention_0_0_fsa_fused_pe_734 |        225 |        225 |       0 |    0 |    173 |      0 |      0 |    0 |          1 |
|                 (g_pe_row[0].g_pe_col[26].u_pe)                                           |                                system_attention_0_0_fsa_fused_pe_734 |        211 |        211 |       0 |    0 |    173 |      0 |      0 |    0 |          0 |
|                 u_shared_multiplier                                                       |                        system_attention_0_0_fa_signed_mult_comb_1218 |         14 |         14 |       0 |    0 |      0 |      0 |      0 |    0 |          1 |
|               g_pe_row[0].g_pe_col[27].u_pe                                               |                                system_attention_0_0_fsa_fused_pe_735 |        217 |        217 |       0 |    0 |    169 |      0 |      0 |    0 |          1 |
|                 (g_pe_row[0].g_pe_col[27].u_pe)                                           |                                system_attention_0_0_fsa_fused_pe_735 |        197 |        197 |       0 |    0 |    169 |      0 |      0 |    0 |          0 |
|                 u_shared_multiplier                                                       |                        system_attention_0_0_fa_signed_mult_comb_1217 |         20 |         20 |       0 |    0 |      0 |      0 |      0 |    0 |          1 |
|               g_pe_row[0].g_pe_col[28].u_pe                                               |                                system_attention_0_0_fsa_fused_pe_736 |        735 |        735 |       0 |    0 |    170 |      0 |      0 |    0 |          1 |
|                 (g_pe_row[0].g_pe_col[28].u_pe)                                           |                                system_attention_0_0_fsa_fused_pe_736 |        722 |        722 |       0 |    0 |    170 |      0 |      0 |    0 |          0 |
|                 u_shared_multiplier                                                       |                        system_attention_0_0_fa_signed_mult_comb_1216 |         14 |         14 |       0 |    0 |      0 |      0 |      0 |    0 |          1 |
|               g_pe_row[0].g_pe_col[29].u_pe                                               |                                system_attention_0_0_fsa_fused_pe_737 |        207 |        207 |       0 |    0 |    171 |      0 |      0 |    0 |          1 |
|                 (g_pe_row[0].g_pe_col[29].u_pe)                                           |                                system_attention_0_0_fsa_fused_pe_737 |        193 |        193 |       0 |    0 |    171 |      0 |      0 |    0 |          0 |
|                 u_shared_multiplier                                                       |                        system_attention_0_0_fa_signed_mult_comb_1215 |         14 |         14 |       0 |    0 |      0 |      0 |      0 |    0 |          1 |
|               g_pe_row[0].g_pe_col[2].u_pe                                                |                                system_attention_0_0_fsa_fused_pe_738 |        240 |        240 |       0 |    0 |    172 |      0 |      0 |    0 |          1 |
|                 (g_pe_row[0].g_pe_col[2].u_pe)                                            |                                system_attention_0_0_fsa_fused_pe_738 |        198 |        198 |       0 |    0 |    172 |      0 |      0 |    0 |          0 |
|                 u_shared_multiplier                                                       |                        system_attention_0_0_fa_signed_mult_comb_1214 |         42 |         42 |       0 |    0 |      0 |      0 |      0 |    0 |          1 |
|               g_pe_row[0].g_pe_col[30].u_pe                                               |                                system_attention_0_0_fsa_fused_pe_739 |        224 |        224 |       0 |    0 |    171 |      0 |      0 |    0 |          1 |
|                 (g_pe_row[0].g_pe_col[30].u_pe)                                           |                                system_attention_0_0_fsa_fused_pe_739 |        211 |        211 |       0 |    0 |    171 |      0 |      0 |    0 |          0 |
|                 u_shared_multiplier                                                       |                        system_attention_0_0_fa_signed_mult_comb_1213 |         14 |         14 |       0 |    0 |      0 |      0 |      0 |    0 |          1 |
|               g_pe_row[0].g_pe_col[31].u_pe                                               |                                system_attention_0_0_fsa_fused_pe_740 |        111 |        111 |       0 |    0 |    162 |      0 |      0 |    0 |          1 |
|                 (g_pe_row[0].g_pe_col[31].u_pe)                                           |                                system_attention_0_0_fsa_fused_pe_740 |        111 |        111 |       0 |    0 |    162 |      0 |      0 |    0 |          0 |
|                 u_shared_multiplier                                                       |                        system_attention_0_0_fa_signed_mult_comb_1212 |          0 |          0 |       0 |    0 |      0 |      0 |      0 |    0 |          1 |
|               g_pe_row[0].g_pe_col[3].u_pe                                                |                                system_attention_0_0_fsa_fused_pe_741 |        227 |        227 |       0 |    0 |    171 |      0 |      0 |    0 |          1 |
|                 (g_pe_row[0].g_pe_col[3].u_pe)                                            |                                system_attention_0_0_fsa_fused_pe_741 |        198 |        198 |       0 |    0 |    171 |      0 |      0 |    0 |          0 |
|                 u_shared_multiplier                                                       |                        system_attention_0_0_fa_signed_mult_comb_1211 |         29 |         29 |       0 |    0 |      0 |      0 |      0 |    0 |          1 |
|               g_pe_row[0].g_pe_col[4].u_pe                                                |                                system_attention_0_0_fsa_fused_pe_742 |        698 |        698 |       0 |    0 |    170 |      0 |      0 |    0 |          1 |
|                 (g_pe_row[0].g_pe_col[4].u_pe)                                            |                                system_attention_0_0_fsa_fused_pe_742 |        681 |        681 |       0 |    0 |    170 |      0 |      0 |    0 |          0 |
|                 u_shared_multiplier                                                       |                        system_attention_0_0_fa_signed_mult_comb_1210 |         18 |         18 |       0 |    0 |      0 |      0 |      0 |    0 |          1 |
|               g_pe_row[0].g_pe_col[5].u_pe                                                |                                system_attention_0_0_fsa_fused_pe_743 |        221 |        221 |       0 |    0 |    171 |      0 |      0 |    0 |          1 |
|                 (g_pe_row[0].g_pe_col[5].u_pe)                                            |                                system_attention_0_0_fsa_fused_pe_743 |        199 |        199 |       0 |    0 |    171 |      0 |      0 |    0 |          0 |
|                 u_shared_multiplier                                                       |                        system_attention_0_0_fa_signed_mult_comb_1209 |         23 |         23 |       0 |    0 |      0 |      0 |      0 |    0 |          1 |
|               g_pe_row[0].g_pe_col[6].u_pe                                                |                                system_attention_0_0_fsa_fused_pe_744 |        269 |        269 |       0 |    0 |    170 |      0 |      0 |    0 |          1 |
|                 (g_pe_row[0].g_pe_col[6].u_pe)                                            |                                system_attention_0_0_fsa_fused_pe_744 |        247 |        247 |       0 |    0 |    170 |      0 |      0 |    0 |          0 |
|                 u_shared_multiplier                                                       |                        system_attention_0_0_fa_signed_mult_comb_1208 |         22 |         22 |       0 |    0 |      0 |      0 |      0 |    0 |          1 |
|               g_pe_row[0].g_pe_col[7].u_pe                                                |                                system_attention_0_0_fsa_fused_pe_745 |        215 |        215 |       0 |    0 |    170 |      0 |      0 |    0 |          1 |
|                 (g_pe_row[0].g_pe_col[7].u_pe)                                            |                                system_attention_0_0_fsa_fused_pe_745 |        197 |        197 |       0 |    0 |    170 |      0 |      0 |    0 |          0 |
|                 u_shared_multiplier                                                       |                        system_attention_0_0_fa_signed_mult_comb_1207 |         19 |         19 |       0 |    0 |      0 |      0 |      0 |    0 |          1 |
|               g_pe_row[0].g_pe_col[8].u_pe                                                |                                system_attention_0_0_fsa_fused_pe_746 |        223 |        223 |       0 |    0 |    172 |      0 |      0 |    0 |          1 |
|                 (g_pe_row[0].g_pe_col[8].u_pe)                                            |                                system_attention_0_0_fsa_fused_pe_746 |        198 |        198 |       0 |    0 |    172 |      0 |      0 |    0 |          0 |
|                 u_shared_multiplier                                                       |                        system_attention_0_0_fa_signed_mult_comb_1206 |         25 |         25 |       0 |    0 |      0 |      0 |      0 |    0 |          1 |
|               g_pe_row[0].g_pe_col[9].u_pe                                                |                                system_attention_0_0_fsa_fused_pe_747 |        476 |        476 |       0 |    0 |    171 |      0 |      0 |    0 |          1 |
|                 (g_pe_row[0].g_pe_col[9].u_pe)                                            |                                system_attention_0_0_fsa_fused_pe_747 |        457 |        457 |       0 |    0 |    171 |      0 |      0 |    0 |          0 |
|                 u_shared_multiplier                                                       |                        system_attention_0_0_fa_signed_mult_comb_1205 |         19 |         19 |       0 |    0 |      0 |      0 |      0 |    0 |          1 |
|               g_pe_row[1].g_pe_col[0].u_pe                                                |                                system_attention_0_0_fsa_fused_pe_748 |        361 |        361 |       0 |    0 |    137 |      0 |      0 |    0 |          1 |
|                 (g_pe_row[1].g_pe_col[0].u_pe)                                            |                                system_attention_0_0_fsa_fused_pe_748 |        246 |        246 |       0 |    0 |    137 |      0 |      0 |    0 |          0 |
|                 u_shared_multiplier                                                       |                        system_attention_0_0_fa_signed_mult_comb_1204 |        115 |        115 |       0 |    0 |      0 |      0 |      0 |    0 |          1 |
|               g_pe_row[1].g_pe_col[10].u_pe                                               |                                system_attention_0_0_fsa_fused_pe_749 |        224 |        224 |       0 |    0 |    170 |      0 |      0 |    0 |          1 |
|                 (g_pe_row[1].g_pe_col[10].u_pe)                                           |                                system_attention_0_0_fsa_fused_pe_749 |        196 |        196 |       0 |    0 |    170 |      0 |      0 |    0 |          0 |
|                 u_shared_multiplier                                                       |                        system_attention_0_0_fa_signed_mult_comb_1203 |         28 |         28 |       0 |    0 |      0 |      0 |      0 |    0 |          1 |
|               g_pe_row[1].g_pe_col[11].u_pe                                               |                                system_attention_0_0_fsa_fused_pe_750 |        221 |        221 |       0 |    0 |    170 |      0 |      0 |    0 |          1 |
|                 (g_pe_row[1].g_pe_col[11].u_pe)                                           |                                system_attention_0_0_fsa_fused_pe_750 |        196 |        196 |       0 |    0 |    170 |      0 |      0 |    0 |          0 |
|                 u_shared_multiplier                                                       |                        system_attention_0_0_fa_signed_mult_comb_1202 |         25 |         25 |       0 |    0 |      0 |      0 |      0 |    0 |          1 |
|               g_pe_row[1].g_pe_col[12].u_pe                                               |                                system_attention_0_0_fsa_fused_pe_751 |        221 |        221 |       0 |    0 |    170 |      0 |      0 |    0 |          1 |
|                 (g_pe_row[1].g_pe_col[12].u_pe)                                           |                                system_attention_0_0_fsa_fused_pe_751 |        196 |        196 |       0 |    0 |    170 |      0 |      0 |    0 |          0 |
|                 u_shared_multiplier                                                       |                        system_attention_0_0_fa_signed_mult_comb_1201 |         26 |         26 |       0 |    0 |      0 |      0 |      0 |    0 |          1 |
|               g_pe_row[1].g_pe_col[13].u_pe                                               |                                system_attention_0_0_fsa_fused_pe_752 |        223 |        223 |       0 |    0 |    170 |      0 |      0 |    0 |          1 |
|                 (g_pe_row[1].g_pe_col[13].u_pe)                                           |                                system_attention_0_0_fsa_fused_pe_752 |        196 |        196 |       0 |    0 |    170 |      0 |      0 |    0 |          0 |
|                 u_shared_multiplier                                                       |                        system_attention_0_0_fa_signed_mult_comb_1200 |         27 |         27 |       0 |    0 |      0 |      0 |      0 |    0 |          1 |
|               g_pe_row[1].g_pe_col[14].u_pe                                               |                                system_attention_0_0_fsa_fused_pe_753 |        243 |        243 |       0 |    0 |    170 |      0 |      0 |    0 |          1 |
|                 (g_pe_row[1].g_pe_col[14].u_pe)                                           |                                system_attention_0_0_fsa_fused_pe_753 |        212 |        212 |       0 |    0 |    170 |      0 |      0 |    0 |          0 |
|                 u_shared_multiplier                                                       |                        system_attention_0_0_fa_signed_mult_comb_1199 |         31 |         31 |       0 |    0 |      0 |      0 |      0 |    0 |          1 |
|               g_pe_row[1].g_pe_col[15].u_pe                                               |                                system_attention_0_0_fsa_fused_pe_754 |        224 |        224 |       0 |    0 |    170 |      0 |      0 |    0 |          1 |
|                 (g_pe_row[1].g_pe_col[15].u_pe)                                           |                                system_attention_0_0_fsa_fused_pe_754 |        196 |        196 |       0 |    0 |    170 |      0 |      0 |    0 |          0 |
|                 u_shared_multiplier                                                       |                        system_attention_0_0_fa_signed_mult_comb_1198 |         28 |         28 |       0 |    0 |      0 |      0 |      0 |    0 |          1 |
|               g_pe_row[1].g_pe_col[16].u_pe                                               |                                system_attention_0_0_fsa_fused_pe_755 |        221 |        221 |       0 |    0 |    170 |      0 |      0 |    0 |          1 |
|                 (g_pe_row[1].g_pe_col[16].u_pe)                                           |                                system_attention_0_0_fsa_fused_pe_755 |        196 |        196 |       0 |    0 |    170 |      0 |      0 |    0 |          0 |
|                 u_shared_multiplier                                                       |                        system_attention_0_0_fa_signed_mult_comb_1197 |         25 |         25 |       0 |    0 |      0 |      0 |      0 |    0 |          1 |
|               g_pe_row[1].g_pe_col[17].u_pe                                               |                                system_attention_0_0_fsa_fused_pe_756 |        225 |        225 |       0 |    0 |    170 |      0 |      0 |    0 |          1 |
|                 (g_pe_row[1].g_pe_col[17].u_pe)                                           |                                system_attention_0_0_fsa_fused_pe_756 |        196 |        196 |       0 |    0 |    170 |      0 |      0 |    0 |          0 |
|                 u_shared_multiplier                                                       |                        system_attention_0_0_fa_signed_mult_comb_1196 |         29 |         29 |       0 |    0 |      0 |      0 |      0 |    0 |          1 |
|               g_pe_row[1].g_pe_col[18].u_pe                                               |                                system_attention_0_0_fsa_fused_pe_757 |        229 |        229 |       0 |    0 |    170 |      0 |      0 |    0 |          1 |
|                 (g_pe_row[1].g_pe_col[18].u_pe)                                           |                                system_attention_0_0_fsa_fused_pe_757 |        196 |        196 |       0 |    0 |    170 |      0 |      0 |    0 |          0 |
|                 u_shared_multiplier                                                       |                        system_attention_0_0_fa_signed_mult_comb_1195 |         33 |         33 |       0 |    0 |      0 |      0 |      0 |    0 |          1 |
|               g_pe_row[1].g_pe_col[19].u_pe                                               |                                system_attention_0_0_fsa_fused_pe_758 |        230 |        230 |       0 |    0 |    170 |      0 |      0 |    0 |          1 |
|                 (g_pe_row[1].g_pe_col[19].u_pe)                                           |                                system_attention_0_0_fsa_fused_pe_758 |        196 |        196 |       0 |    0 |    170 |      0 |      0 |    0 |          0 |
|                 u_shared_multiplier                                                       |                        system_attention_0_0_fa_signed_mult_comb_1194 |         34 |         34 |       0 |    0 |      0 |      0 |      0 |    0 |          1 |
|               g_pe_row[1].g_pe_col[1].u_pe                                                |                                system_attention_0_0_fsa_fused_pe_759 |        255 |        255 |       0 |    0 |    170 |      0 |      0 |    0 |          1 |
|                 (g_pe_row[1].g_pe_col[1].u_pe)                                            |                                system_attention_0_0_fsa_fused_pe_759 |        222 |        222 |       0 |    0 |    170 |      0 |      0 |    0 |          0 |
|                 u_shared_multiplier                                                       |                        system_attention_0_0_fa_signed_mult_comb_1193 |         33 |         33 |       0 |    0 |      0 |      0 |      0 |    0 |          1 |
|               g_pe_row[1].g_pe_col[20].u_pe                                               |                                system_attention_0_0_fsa_fused_pe_760 |        228 |        228 |       0 |    0 |    170 |      0 |      0 |    0 |          1 |
|                 (g_pe_row[1].g_pe_col[20].u_pe)                                           |                                system_attention_0_0_fsa_fused_pe_760 |        196 |        196 |       0 |    0 |    170 |      0 |      0 |    0 |          0 |
|                 u_shared_multiplier                                                       |                        system_attention_0_0_fa_signed_mult_comb_1192 |         32 |         32 |       0 |    0 |      0 |      0 |      0 |    0 |          1 |
|               g_pe_row[1].g_pe_col[21].u_pe                                               |                                system_attention_0_0_fsa_fused_pe_761 |        230 |        230 |       0 |    0 |    170 |      0 |      0 |    0 |          1 |
|                 (g_pe_row[1].g_pe_col[21].u_pe)                                           |                                system_attention_0_0_fsa_fused_pe_761 |        196 |        196 |       0 |    0 |    170 |      0 |      0 |    0 |          0 |
|                 u_shared_multiplier                                                       |                        system_attention_0_0_fa_signed_mult_comb_1191 |         34 |         34 |       0 |    0 |      0 |      0 |      0 |    0 |          1 |
|               g_pe_row[1].g_pe_col[22].u_pe                                               |                                system_attention_0_0_fsa_fused_pe_762 |        246 |        246 |       0 |    0 |    170 |      0 |      0 |    0 |          1 |
|                 (g_pe_row[1].g_pe_col[22].u_pe)                                           |                                system_attention_0_0_fsa_fused_pe_762 |        212 |        212 |       0 |    0 |    170 |      0 |      0 |    0 |          0 |
|                 u_shared_multiplier                                                       |                        system_attention_0_0_fa_signed_mult_comb_1190 |         34 |         34 |       0 |    0 |      0 |      0 |      0 |    0 |          1 |
|               g_pe_row[1].g_pe_col[23].u_pe                                               |                                system_attention_0_0_fsa_fused_pe_763 |        230 |        230 |       0 |    0 |    170 |      0 |      0 |    0 |          1 |
|                 (g_pe_row[1].g_pe_col[23].u_pe)                                           |                                system_attention_0_0_fsa_fused_pe_763 |        196 |        196 |       0 |    0 |    170 |      0 |      0 |    0 |          0 |
|                 u_shared_multiplier                                                       |                        system_attention_0_0_fa_signed_mult_comb_1189 |         34 |         34 |       0 |    0 |      0 |      0 |      0 |    0 |          1 |
|               g_pe_row[1].g_pe_col[24].u_pe                                               |                                system_attention_0_0_fsa_fused_pe_764 |        230 |        230 |       0 |    0 |    170 |      0 |      0 |    0 |          1 |
|                 (g_pe_row[1].g_pe_col[24].u_pe)                                           |                                system_attention_0_0_fsa_fused_pe_764 |        196 |        196 |       0 |    0 |    170 |      0 |      0 |    0 |          0 |
|                 u_shared_multiplier                                                       |                        system_attention_0_0_fa_signed_mult_comb_1188 |         34 |         34 |       0 |    0 |      0 |      0 |      0 |    0 |          1 |
|               g_pe_row[1].g_pe_col[25].u_pe                                               |                                system_attention_0_0_fsa_fused_pe_765 |        230 |        230 |       0 |    0 |    170 |      0 |      0 |    0 |          1 |
|                 (g_pe_row[1].g_pe_col[25].u_pe)                                           |                                system_attention_0_0_fsa_fused_pe_765 |        196 |        196 |       0 |    0 |    170 |      0 |      0 |    0 |          0 |
|                 u_shared_multiplier                                                       |                        system_attention_0_0_fa_signed_mult_comb_1187 |         34 |         34 |       0 |    0 |      0 |      0 |      0 |    0 |          1 |
|               g_pe_row[1].g_pe_col[26].u_pe                                               |                                system_attention_0_0_fsa_fused_pe_766 |        230 |        230 |       0 |    0 |    170 |      0 |      0 |    0 |          1 |
|                 (g_pe_row[1].g_pe_col[26].u_pe)                                           |                                system_attention_0_0_fsa_fused_pe_766 |        196 |        196 |       0 |    0 |    170 |      0 |      0 |    0 |          0 |
|                 u_shared_multiplier                                                       |                        system_attention_0_0_fa_signed_mult_comb_1186 |         34 |         34 |       0 |    0 |      0 |      0 |      0 |    0 |          1 |
|               g_pe_row[1].g_pe_col[27].u_pe                                               |                                system_attention_0_0_fsa_fused_pe_767 |        230 |        230 |       0 |    0 |    170 |      0 |      0 |    0 |          1 |
|                 (g_pe_row[1].g_pe_col[27].u_pe)                                           |                                system_attention_0_0_fsa_fused_pe_767 |        196 |        196 |       0 |    0 |    170 |      0 |      0 |    0 |          0 |
|                 u_shared_multiplier                                                       |                        system_attention_0_0_fa_signed_mult_comb_1185 |         34 |         34 |       0 |    0 |      0 |      0 |      0 |    0 |          1 |
|               g_pe_row[1].g_pe_col[28].u_pe                                               |                                system_attention_0_0_fsa_fused_pe_768 |        230 |        230 |       0 |    0 |    170 |      0 |      0 |    0 |          1 |
|                 (g_pe_row[1].g_pe_col[28].u_pe)                                           |                                system_attention_0_0_fsa_fused_pe_768 |        196 |        196 |       0 |    0 |    170 |      0 |      0 |    0 |          0 |
|                 u_shared_multiplier                                                       |                        system_attention_0_0_fa_signed_mult_comb_1184 |         34 |         34 |       0 |    0 |      0 |      0 |      0 |    0 |          1 |
|               g_pe_row[1].g_pe_col[29].u_pe                                               |                                system_attention_0_0_fsa_fused_pe_769 |        230 |        230 |       0 |    0 |    170 |      0 |      0 |    0 |          1 |
|                 (g_pe_row[1].g_pe_col[29].u_pe)                                           |                                system_attention_0_0_fsa_fused_pe_769 |        196 |        196 |       0 |    0 |    170 |      0 |      0 |    0 |          0 |
|                 u_shared_multiplier                                                       |                        system_attention_0_0_fa_signed_mult_comb_1183 |         34 |         34 |       0 |    0 |      0 |      0 |      0 |    0 |          1 |
|               g_pe_row[1].g_pe_col[2].u_pe                                                |                                system_attention_0_0_fsa_fused_pe_770 |        228 |        228 |       0 |    0 |    170 |      0 |      0 |    0 |          1 |
|                 (g_pe_row[1].g_pe_col[2].u_pe)                                            |                                system_attention_0_0_fsa_fused_pe_770 |        197 |        197 |       0 |    0 |    170 |      0 |      0 |    0 |          0 |
|                 u_shared_multiplier                                                       |                        system_attention_0_0_fa_signed_mult_comb_1182 |         31 |         31 |       0 |    0 |      0 |      0 |      0 |    0 |          1 |
|               g_pe_row[1].g_pe_col[30].u_pe                                               |                                system_attention_0_0_fsa_fused_pe_771 |        253 |        253 |       0 |    0 |    170 |      0 |      0 |    0 |          1 |
|                 (g_pe_row[1].g_pe_col[30].u_pe)                                           |                                system_attention_0_0_fsa_fused_pe_771 |        219 |        219 |       0 |    0 |    170 |      0 |      0 |    0 |          0 |
|                 u_shared_multiplier                                                       |                        system_attention_0_0_fa_signed_mult_comb_1181 |         34 |         34 |       0 |    0 |      0 |      0 |      0 |    0 |          1 |
|               g_pe_row[1].g_pe_col[31].u_pe                                               |                                system_attention_0_0_fsa_fused_pe_772 |        125 |        125 |       0 |    0 |    161 |      0 |      0 |    0 |          1 |
|                 (g_pe_row[1].g_pe_col[31].u_pe)                                           |                                system_attention_0_0_fsa_fused_pe_772 |        116 |        116 |       0 |    0 |    161 |      0 |      0 |    0 |          0 |
|                 u_shared_multiplier                                                       |                        system_attention_0_0_fa_signed_mult_comb_1180 |          9 |          9 |       0 |    0 |      0 |      0 |      0 |    0 |          1 |
|               g_pe_row[1].g_pe_col[3].u_pe                                                |                                system_attention_0_0_fsa_fused_pe_773 |        229 |        229 |       0 |    0 |    170 |      0 |      0 |    0 |          1 |
|                 (g_pe_row[1].g_pe_col[3].u_pe)                                            |                                system_attention_0_0_fsa_fused_pe_773 |        196 |        196 |       0 |    0 |    170 |      0 |      0 |    0 |          0 |
|                 u_shared_multiplier                                                       |                        system_attention_0_0_fa_signed_mult_comb_1179 |         33 |         33 |       0 |    0 |      0 |      0 |      0 |    0 |          1 |
|               g_pe_row[1].g_pe_col[4].u_pe                                                |                                system_attention_0_0_fsa_fused_pe_774 |        230 |        230 |       0 |    0 |    170 |      0 |      0 |    0 |          1 |
|                 (g_pe_row[1].g_pe_col[4].u_pe)                                            |                                system_attention_0_0_fsa_fused_pe_774 |        196 |        196 |       0 |    0 |    170 |      0 |      0 |    0 |          0 |
|                 u_shared_multiplier                                                       |                        system_attention_0_0_fa_signed_mult_comb_1178 |         34 |         34 |       0 |    0 |      0 |      0 |      0 |    0 |          1 |
|               g_pe_row[1].g_pe_col[5].u_pe                                                |                                system_attention_0_0_fsa_fused_pe_775 |        230 |        230 |       0 |    0 |    170 |      0 |      0 |    0 |          1 |
|                 (g_pe_row[1].g_pe_col[5].u_pe)                                            |                                system_attention_0_0_fsa_fused_pe_775 |        196 |        196 |       0 |    0 |    170 |      0 |      0 |    0 |          0 |
|                 u_shared_multiplier                                                       |                        system_attention_0_0_fa_signed_mult_comb_1177 |         34 |         34 |       0 |    0 |      0 |      0 |      0 |    0 |          1 |
|               g_pe_row[1].g_pe_col[6].u_pe                                                |                                system_attention_0_0_fsa_fused_pe_776 |        241 |        241 |       0 |    0 |    170 |      0 |      0 |    0 |          1 |
|                 (g_pe_row[1].g_pe_col[6].u_pe)                                            |                                system_attention_0_0_fsa_fused_pe_776 |        212 |        212 |       0 |    0 |    170 |      0 |      0 |    0 |          0 |
|                 u_shared_multiplier                                                       |                        system_attention_0_0_fa_signed_mult_comb_1176 |         29 |         29 |       0 |    0 |      0 |      0 |      0 |    0 |          1 |
|               g_pe_row[1].g_pe_col[7].u_pe                                                |                                system_attention_0_0_fsa_fused_pe_777 |        221 |        221 |       0 |    0 |    170 |      0 |      0 |    0 |          1 |
|                 (g_pe_row[1].g_pe_col[7].u_pe)                                            |                                system_attention_0_0_fsa_fused_pe_777 |        196 |        196 |       0 |    0 |    170 |      0 |      0 |    0 |          0 |
|                 u_shared_multiplier                                                       |                        system_attention_0_0_fa_signed_mult_comb_1175 |         25 |         25 |       0 |    0 |      0 |      0 |      0 |    0 |          1 |
|               g_pe_row[1].g_pe_col[8].u_pe                                                |                                system_attention_0_0_fsa_fused_pe_778 |        220 |        220 |       0 |    0 |    170 |      0 |      0 |    0 |          1 |
|                 (g_pe_row[1].g_pe_col[8].u_pe)                                            |                                system_attention_0_0_fsa_fused_pe_778 |        196 |        196 |       0 |    0 |    170 |      0 |      0 |    0 |          0 |
|                 u_shared_multiplier                                                       |                        system_attention_0_0_fa_signed_mult_comb_1174 |         25 |         25 |       0 |    0 |      0 |      0 |      0 |    0 |          1 |
|               g_pe_row[1].g_pe_col[9].u_pe                                                |                                system_attention_0_0_fsa_fused_pe_779 |        221 |        221 |       0 |    0 |    170 |      0 |      0 |    0 |          1 |
|                 (g_pe_row[1].g_pe_col[9].u_pe)                                            |                                system_attention_0_0_fsa_fused_pe_779 |        196 |        196 |       0 |    0 |    170 |      0 |      0 |    0 |          0 |
|                 u_shared_multiplier                                                       |                        system_attention_0_0_fa_signed_mult_comb_1173 |         25 |         25 |       0 |    0 |      0 |      0 |      0 |    0 |          1 |
|               g_pe_row[2].g_pe_col[0].u_pe                                                |                                system_attention_0_0_fsa_fused_pe_780 |        287 |        287 |       0 |    0 |    137 |      0 |      0 |    0 |          1 |
|                 (g_pe_row[2].g_pe_col[0].u_pe)                                            |                                system_attention_0_0_fsa_fused_pe_780 |        225 |        225 |       0 |    0 |    137 |      0 |      0 |    0 |          0 |
|                 u_shared_multiplier                                                       |                        system_attention_0_0_fa_signed_mult_comb_1172 |         62 |         62 |       0 |    0 |      0 |      0 |      0 |    0 |          1 |
|               g_pe_row[2].g_pe_col[10].u_pe                                               |                                system_attention_0_0_fsa_fused_pe_781 |        212 |        212 |       0 |    0 |    170 |      0 |      0 |    0 |          1 |
|                 (g_pe_row[2].g_pe_col[10].u_pe)                                           |                                system_attention_0_0_fsa_fused_pe_781 |        191 |        191 |       0 |    0 |    170 |      0 |      0 |    0 |          0 |
|                 u_shared_multiplier                                                       |                        system_attention_0_0_fa_signed_mult_comb_1171 |         21 |         21 |       0 |    0 |      0 |      0 |      0 |    0 |          1 |
|               g_pe_row[2].g_pe_col[11].u_pe                                               |                                system_attention_0_0_fsa_fused_pe_782 |        238 |        238 |       0 |    0 |    170 |      0 |      0 |    0 |          1 |
|                 (g_pe_row[2].g_pe_col[11].u_pe)                                           |                                system_attention_0_0_fsa_fused_pe_782 |        212 |        212 |       0 |    0 |    170 |      0 |      0 |    0 |          0 |
|                 u_shared_multiplier                                                       |                        system_attention_0_0_fa_signed_mult_comb_1170 |         26 |         26 |       0 |    0 |      0 |      0 |      0 |    0 |          1 |
|               g_pe_row[2].g_pe_col[12].u_pe                                               |                                system_attention_0_0_fsa_fused_pe_783 |        239 |        239 |       0 |    0 |    170 |      0 |      0 |    0 |          1 |
|                 (g_pe_row[2].g_pe_col[12].u_pe)                                           |                                system_attention_0_0_fsa_fused_pe_783 |        213 |        213 |       0 |    0 |    170 |      0 |      0 |    0 |          0 |
|                 u_shared_multiplier                                                       |                        system_attention_0_0_fa_signed_mult_comb_1169 |         26 |         26 |       0 |    0 |      0 |      0 |      0 |    0 |          1 |
|               g_pe_row[2].g_pe_col[13].u_pe                                               |                                system_attention_0_0_fsa_fused_pe_784 |        238 |        238 |       0 |    0 |    170 |      0 |      0 |    0 |          1 |
|                 (g_pe_row[2].g_pe_col[13].u_pe)                                           |                                system_attention_0_0_fsa_fused_pe_784 |        212 |        212 |       0 |    0 |    170 |      0 |      0 |    0 |          0 |
|                 u_shared_multiplier                                                       |                        system_attention_0_0_fa_signed_mult_comb_1168 |         26 |         26 |       0 |    0 |      0 |      0 |      0 |    0 |          1 |
|               g_pe_row[2].g_pe_col[14].u_pe                                               |                                system_attention_0_0_fsa_fused_pe_785 |        254 |        254 |       0 |    0 |    170 |      0 |      0 |    0 |          1 |
|                 (g_pe_row[2].g_pe_col[14].u_pe)                                           |                                system_attention_0_0_fsa_fused_pe_785 |        228 |        228 |       0 |    0 |    170 |      0 |      0 |    0 |          0 |
|                 u_shared_multiplier                                                       |                        system_attention_0_0_fa_signed_mult_comb_1167 |         26 |         26 |       0 |    0 |      0 |      0 |      0 |    0 |          1 |
|               g_pe_row[2].g_pe_col[15].u_pe                                               |                                system_attention_0_0_fsa_fused_pe_786 |        224 |        224 |       0 |    0 |    170 |      0 |      0 |    0 |          1 |
|                 (g_pe_row[2].g_pe_col[15].u_pe)                                           |                                system_attention_0_0_fsa_fused_pe_786 |        208 |        208 |       0 |    0 |    170 |      0 |      0 |    0 |          0 |
|                 u_shared_multiplier                                                       |                        system_attention_0_0_fa_signed_mult_comb_1166 |         16 |         16 |       0 |    0 |      0 |      0 |      0 |    0 |          1 |
|               g_pe_row[2].g_pe_col[16].u_pe                                               |                                system_attention_0_0_fsa_fused_pe_787 |        229 |        229 |       0 |    0 |    170 |      0 |      0 |    0 |          1 |
|                 (g_pe_row[2].g_pe_col[16].u_pe)                                           |                                system_attention_0_0_fsa_fused_pe_787 |        212 |        212 |       0 |    0 |    170 |      0 |      0 |    0 |          0 |
|                 u_shared_multiplier                                                       |                        system_attention_0_0_fa_signed_mult_comb_1165 |         17 |         17 |       0 |    0 |      0 |      0 |      0 |    0 |          1 |
|               g_pe_row[2].g_pe_col[17].u_pe                                               |                                system_attention_0_0_fsa_fused_pe_788 |        213 |        213 |       0 |    0 |    170 |      0 |      0 |    0 |          1 |
|                 (g_pe_row[2].g_pe_col[17].u_pe)                                           |                                system_attention_0_0_fsa_fused_pe_788 |        195 |        195 |       0 |    0 |    170 |      0 |      0 |    0 |          0 |
|                 u_shared_multiplier                                                       |                        system_attention_0_0_fa_signed_mult_comb_1164 |         18 |         18 |       0 |    0 |      0 |      0 |      0 |    0 |          1 |
|               g_pe_row[2].g_pe_col[18].u_pe                                               |                                system_attention_0_0_fsa_fused_pe_789 |        216 |        216 |       0 |    0 |    170 |      0 |      0 |    0 |          1 |
|                 (g_pe_row[2].g_pe_col[18].u_pe)                                           |                                system_attention_0_0_fsa_fused_pe_789 |        196 |        196 |       0 |    0 |    170 |      0 |      0 |    0 |          0 |
|                 u_shared_multiplier                                                       |                        system_attention_0_0_fa_signed_mult_comb_1163 |         20 |         20 |       0 |    0 |      0 |      0 |      0 |    0 |          1 |
|               g_pe_row[2].g_pe_col[19].u_pe                                               |                                system_attention_0_0_fsa_fused_pe_790 |        215 |        215 |       0 |    0 |    170 |      0 |      0 |    0 |          1 |
|                 (g_pe_row[2].g_pe_col[19].u_pe)                                           |                                system_attention_0_0_fsa_fused_pe_790 |        195 |        195 |       0 |    0 |    170 |      0 |      0 |    0 |          0 |
|                 u_shared_multiplier                                                       |                        system_attention_0_0_fa_signed_mult_comb_1162 |         20 |         20 |       0 |    0 |      0 |      0 |      0 |    0 |          1 |
|               g_pe_row[2].g_pe_col[1].u_pe                                                |                                system_attention_0_0_fsa_fused_pe_791 |        318 |        318 |       0 |    0 |    170 |      0 |      0 |    0 |          1 |
|                 (g_pe_row[2].g_pe_col[1].u_pe)                                            |                                system_attention_0_0_fsa_fused_pe_791 |        305 |        305 |       0 |    0 |    170 |      0 |      0 |    0 |          0 |
|                 u_shared_multiplier                                                       |                        system_attention_0_0_fa_signed_mult_comb_1161 |         14 |         14 |       0 |    0 |      0 |      0 |      0 |    0 |          1 |
|               g_pe_row[2].g_pe_col[20].u_pe                                               |                                system_attention_0_0_fsa_fused_pe_792 |        224 |        224 |       0 |    0 |    170 |      0 |      0 |    0 |          1 |
|                 (g_pe_row[2].g_pe_col[20].u_pe)                                           |                                system_attention_0_0_fsa_fused_pe_792 |        196 |        196 |       0 |    0 |    170 |      0 |      0 |    0 |          0 |
|                 u_shared_multiplier                                                       |                        system_attention_0_0_fa_signed_mult_comb_1160 |         28 |         28 |       0 |    0 |      0 |      0 |      0 |    0 |          1 |
|               g_pe_row[2].g_pe_col[21].u_pe                                               |                                system_attention_0_0_fsa_fused_pe_793 |        217 |        217 |       0 |    0 |    170 |      0 |      0 |    0 |          1 |
|                 (g_pe_row[2].g_pe_col[21].u_pe)                                           |                                system_attention_0_0_fsa_fused_pe_793 |        195 |        195 |       0 |    0 |    170 |      0 |      0 |    0 |          0 |
|                 u_shared_multiplier                                                       |                        system_attention_0_0_fa_signed_mult_comb_1159 |         22 |         22 |       0 |    0 |      0 |      0 |      0 |    0 |          1 |
|               g_pe_row[2].g_pe_col[22].u_pe                                               |                                system_attention_0_0_fsa_fused_pe_794 |        242 |        242 |       0 |    0 |    170 |      0 |      0 |    0 |          1 |
|                 (g_pe_row[2].g_pe_col[22].u_pe)                                           |                                system_attention_0_0_fsa_fused_pe_794 |        212 |        212 |       0 |    0 |    170 |      0 |      0 |    0 |          0 |
|                 u_shared_multiplier                                                       |                        system_attention_0_0_fa_signed_mult_comb_1158 |         30 |         30 |       0 |    0 |      0 |      0 |      0 |    0 |          1 |
|               g_pe_row[2].g_pe_col[23].u_pe                                               |                                system_attention_0_0_fsa_fused_pe_795 |        217 |        217 |       0 |    0 |    170 |      0 |      0 |    0 |          1 |
|                 (g_pe_row[2].g_pe_col[23].u_pe)                                           |                                system_attention_0_0_fsa_fused_pe_795 |        195 |        195 |       0 |    0 |    170 |      0 |      0 |    0 |          0 |
|                 u_shared_multiplier                                                       |                        system_attention_0_0_fa_signed_mult_comb_1157 |         22 |         22 |       0 |    0 |      0 |      0 |      0 |    0 |          1 |
|               g_pe_row[2].g_pe_col[24].u_pe                                               |                                system_attention_0_0_fsa_fused_pe_796 |        213 |        213 |       0 |    0 |    170 |      0 |      0 |    0 |          1 |
|                 (g_pe_row[2].g_pe_col[24].u_pe)                                           |                                system_attention_0_0_fsa_fused_pe_796 |        195 |        195 |       0 |    0 |    170 |      0 |      0 |    0 |          0 |
|                 u_shared_multiplier                                                       |                        system_attention_0_0_fa_signed_mult_comb_1156 |         18 |         18 |       0 |    0 |      0 |      0 |      0 |    0 |          1 |
|               g_pe_row[2].g_pe_col[25].u_pe                                               |                                system_attention_0_0_fsa_fused_pe_797 |        226 |        226 |       0 |    0 |    170 |      0 |      0 |    0 |          1 |
|                 (g_pe_row[2].g_pe_col[25].u_pe)                                           |                                system_attention_0_0_fsa_fused_pe_797 |        196 |        196 |       0 |    0 |    170 |      0 |      0 |    0 |          0 |
|                 u_shared_multiplier                                                       |                        system_attention_0_0_fa_signed_mult_comb_1155 |         30 |         30 |       0 |    0 |      0 |      0 |      0 |    0 |          1 |
|               g_pe_row[2].g_pe_col[26].u_pe                                               |                                system_attention_0_0_fsa_fused_pe_798 |        217 |        217 |       0 |    0 |    170 |      0 |      0 |    0 |          1 |
|                 (g_pe_row[2].g_pe_col[26].u_pe)                                           |                                system_attention_0_0_fsa_fused_pe_798 |        195 |        195 |       0 |    0 |    170 |      0 |      0 |    0 |          0 |
|                 u_shared_multiplier                                                       |                        system_attention_0_0_fa_signed_mult_comb_1154 |         22 |         22 |       0 |    0 |      0 |      0 |      0 |    0 |          1 |
|               g_pe_row[2].g_pe_col[27].u_pe                                               |                                system_attention_0_0_fsa_fused_pe_799 |        213 |        213 |       0 |    0 |    170 |      0 |      0 |    0 |          1 |
|                 (g_pe_row[2].g_pe_col[27].u_pe)                                           |                                system_attention_0_0_fsa_fused_pe_799 |        195 |        195 |       0 |    0 |    170 |      0 |      0 |    0 |          0 |
|                 u_shared_multiplier                                                       |                        system_attention_0_0_fa_signed_mult_comb_1153 |         18 |         18 |       0 |    0 |      0 |      0 |      0 |    0 |          1 |
|               g_pe_row[2].g_pe_col[28].u_pe                                               |                                system_attention_0_0_fsa_fused_pe_800 |        213 |        213 |       0 |    0 |    170 |      0 |      0 |    0 |          1 |
|                 (g_pe_row[2].g_pe_col[28].u_pe)                                           |                                system_attention_0_0_fsa_fused_pe_800 |        195 |        195 |       0 |    0 |    170 |      0 |      0 |    0 |          0 |
|                 u_shared_multiplier                                                       |                        system_attention_0_0_fa_signed_mult_comb_1152 |         18 |         18 |       0 |    0 |      0 |      0 |      0 |    0 |          1 |
|               g_pe_row[2].g_pe_col[29].u_pe                                               |                                system_attention_0_0_fsa_fused_pe_801 |        223 |        223 |       0 |    0 |    170 |      0 |      0 |    0 |          1 |
|                 (g_pe_row[2].g_pe_col[29].u_pe)                                           |                                system_attention_0_0_fsa_fused_pe_801 |        196 |        196 |       0 |    0 |    170 |      0 |      0 |    0 |          0 |
|                 u_shared_multiplier                                                       |                        system_attention_0_0_fa_signed_mult_comb_1151 |         27 |         27 |       0 |    0 |      0 |      0 |      0 |    0 |          1 |
|               g_pe_row[2].g_pe_col[2].u_pe                                                |                                system_attention_0_0_fsa_fused_pe_802 |        204 |        204 |       0 |    0 |    170 |      0 |      0 |    0 |          1 |
|                 (g_pe_row[2].g_pe_col[2].u_pe)                                            |                                system_attention_0_0_fsa_fused_pe_802 |        190 |        190 |       0 |    0 |    170 |      0 |      0 |    0 |          0 |
|                 u_shared_multiplier                                                       |                        system_attention_0_0_fa_signed_mult_comb_1150 |         14 |         14 |       0 |    0 |      0 |      0 |      0 |    0 |          1 |
|               g_pe_row[2].g_pe_col[30].u_pe                                               |                                system_attention_0_0_fsa_fused_pe_803 |        260 |        260 |       0 |    0 |    170 |      0 |      0 |    0 |          1 |
|                 (g_pe_row[2].g_pe_col[30].u_pe)                                           |                                system_attention_0_0_fsa_fused_pe_803 |        236 |        236 |       0 |    0 |    170 |      0 |      0 |    0 |          0 |
|                 u_shared_multiplier                                                       |                        system_attention_0_0_fa_signed_mult_comb_1149 |         24 |         24 |       0 |    0 |      0 |      0 |      0 |    0 |          1 |
|               g_pe_row[2].g_pe_col[31].u_pe                                               |                                system_attention_0_0_fsa_fused_pe_804 |        116 |        116 |       0 |    0 |    161 |      0 |      0 |    0 |          1 |
|                 (g_pe_row[2].g_pe_col[31].u_pe)                                           |                                system_attention_0_0_fsa_fused_pe_804 |        109 |        109 |       0 |    0 |    161 |      0 |      0 |    0 |          0 |
|                 u_shared_multiplier                                                       |                        system_attention_0_0_fa_signed_mult_comb_1148 |          7 |          7 |       0 |    0 |      0 |      0 |      0 |    0 |          1 |
|               g_pe_row[2].g_pe_col[3].u_pe                                                |                                system_attention_0_0_fsa_fused_pe_805 |        222 |        222 |       0 |    0 |    170 |      0 |      0 |    0 |          1 |
|                 (g_pe_row[2].g_pe_col[3].u_pe)                                            |                                system_attention_0_0_fsa_fused_pe_805 |        208 |        208 |       0 |    0 |    170 |      0 |      0 |    0 |          0 |
|                 u_shared_multiplier                                                       |                        system_attention_0_0_fa_signed_mult_comb_1147 |         14 |         14 |       0 |    0 |      0 |      0 |      0 |    0 |          1 |
|               g_pe_row[2].g_pe_col[4].u_pe                                                |                                system_attention_0_0_fsa_fused_pe_806 |        210 |        210 |       0 |    0 |    170 |      0 |      0 |    0 |          1 |
|                 (g_pe_row[2].g_pe_col[4].u_pe)                                            |                                system_attention_0_0_fsa_fused_pe_806 |        193 |        193 |       0 |    0 |    170 |      0 |      0 |    0 |          0 |
|                 u_shared_multiplier                                                       |                        system_attention_0_0_fa_signed_mult_comb_1146 |         17 |         17 |       0 |    0 |      0 |      0 |      0 |    0 |          1 |
|               g_pe_row[2].g_pe_col[5].u_pe                                                |                                system_attention_0_0_fsa_fused_pe_807 |        221 |        221 |       0 |    0 |    170 |      0 |      0 |    0 |          1 |
|                 (g_pe_row[2].g_pe_col[5].u_pe)                                            |                                system_attention_0_0_fsa_fused_pe_807 |        207 |        207 |       0 |    0 |    170 |      0 |      0 |    0 |          0 |
|                 u_shared_multiplier                                                       |                        system_attention_0_0_fa_signed_mult_comb_1145 |         14 |         14 |       0 |    0 |      0 |      0 |      0 |    0 |          1 |
|               g_pe_row[2].g_pe_col[6].u_pe                                                |                                system_attention_0_0_fsa_fused_pe_808 |        230 |        230 |       0 |    0 |    170 |      0 |      0 |    0 |          1 |
|                 (g_pe_row[2].g_pe_col[6].u_pe)                                            |                                system_attention_0_0_fsa_fused_pe_808 |        211 |        211 |       0 |    0 |    170 |      0 |      0 |    0 |          0 |
|                 u_shared_multiplier                                                       |                        system_attention_0_0_fa_signed_mult_comb_1144 |         19 |         19 |       0 |    0 |      0 |      0 |      0 |    0 |          1 |
|               g_pe_row[2].g_pe_col[7].u_pe                                                |                                system_attention_0_0_fsa_fused_pe_809 |        221 |        221 |       0 |    0 |    170 |      0 |      0 |    0 |          1 |
|                 (g_pe_row[2].g_pe_col[7].u_pe)                                            |                                system_attention_0_0_fsa_fused_pe_809 |        207 |        207 |       0 |    0 |    170 |      0 |      0 |    0 |          0 |
|                 u_shared_multiplier                                                       |                        system_attention_0_0_fa_signed_mult_comb_1143 |         14 |         14 |       0 |    0 |      0 |      0 |      0 |    0 |          1 |
|               g_pe_row[2].g_pe_col[8].u_pe                                                |                                system_attention_0_0_fsa_fused_pe_810 |        221 |        221 |       0 |    0 |    170 |      0 |      0 |    0 |          1 |
|                 (g_pe_row[2].g_pe_col[8].u_pe)                                            |                                system_attention_0_0_fsa_fused_pe_810 |        195 |        195 |       0 |    0 |    170 |      0 |      0 |    0 |          0 |
|                 u_shared_multiplier                                                       |                        system_attention_0_0_fa_signed_mult_comb_1142 |         26 |         26 |       0 |    0 |      0 |      0 |      0 |    0 |          1 |
|               g_pe_row[2].g_pe_col[9].u_pe                                                |                                system_attention_0_0_fsa_fused_pe_811 |        221 |        221 |       0 |    0 |    170 |      0 |      0 |    0 |          1 |
|                 (g_pe_row[2].g_pe_col[9].u_pe)                                            |                                system_attention_0_0_fsa_fused_pe_811 |        207 |        207 |       0 |    0 |    170 |      0 |      0 |    0 |          0 |
|                 u_shared_multiplier                                                       |                        system_attention_0_0_fa_signed_mult_comb_1141 |         14 |         14 |       0 |    0 |      0 |      0 |      0 |    0 |          1 |
|               g_pe_row[3].g_pe_col[0].u_pe                                                |                                system_attention_0_0_fsa_fused_pe_812 |        356 |        356 |       0 |    0 |    137 |      0 |      0 |    0 |          1 |
|                 (g_pe_row[3].g_pe_col[0].u_pe)                                            |                                system_attention_0_0_fsa_fused_pe_812 |        244 |        244 |       0 |    0 |    137 |      0 |      0 |    0 |          0 |
|                 u_shared_multiplier                                                       |                        system_attention_0_0_fa_signed_mult_comb_1140 |        112 |        112 |       0 |    0 |      0 |      0 |      0 |    0 |          1 |
|               g_pe_row[3].g_pe_col[10].u_pe                                               |                                system_attention_0_0_fsa_fused_pe_813 |        231 |        231 |       0 |    0 |    170 |      0 |      0 |    0 |          1 |
|                 (g_pe_row[3].g_pe_col[10].u_pe)                                           |                                system_attention_0_0_fsa_fused_pe_813 |        197 |        197 |       0 |    0 |    170 |      0 |      0 |    0 |          0 |
|                 u_shared_multiplier                                                       |                        system_attention_0_0_fa_signed_mult_comb_1139 |         34 |         34 |       0 |    0 |      0 |      0 |      0 |    0 |          1 |
|               g_pe_row[3].g_pe_col[11].u_pe                                               |                                system_attention_0_0_fsa_fused_pe_814 |        232 |        232 |       0 |    0 |    170 |      0 |      0 |    0 |          1 |
|                 (g_pe_row[3].g_pe_col[11].u_pe)                                           |                                system_attention_0_0_fsa_fused_pe_814 |        198 |        198 |       0 |    0 |    170 |      0 |      0 |    0 |          0 |
|                 u_shared_multiplier                                                       |                        system_attention_0_0_fa_signed_mult_comb_1138 |         34 |         34 |       0 |    0 |      0 |      0 |      0 |    0 |          1 |
|               g_pe_row[3].g_pe_col[12].u_pe                                               |                                system_attention_0_0_fsa_fused_pe_815 |        231 |        231 |       0 |    0 |    170 |      0 |      0 |    0 |          1 |
|                 (g_pe_row[3].g_pe_col[12].u_pe)                                           |                                system_attention_0_0_fsa_fused_pe_815 |        197 |        197 |       0 |    0 |    170 |      0 |      0 |    0 |          0 |
|                 u_shared_multiplier                                                       |                        system_attention_0_0_fa_signed_mult_comb_1137 |         34 |         34 |       0 |    0 |      0 |      0 |      0 |    0 |          1 |
|               g_pe_row[3].g_pe_col[13].u_pe                                               |                                system_attention_0_0_fsa_fused_pe_816 |        231 |        231 |       0 |    0 |    170 |      0 |      0 |    0 |          1 |
|                 (g_pe_row[3].g_pe_col[13].u_pe)                                           |                                system_attention_0_0_fsa_fused_pe_816 |        197 |        197 |       0 |    0 |    170 |      0 |      0 |    0 |          0 |
|                 u_shared_multiplier                                                       |                        system_attention_0_0_fa_signed_mult_comb_1136 |         34 |         34 |       0 |    0 |      0 |      0 |      0 |    0 |          1 |
|               g_pe_row[3].g_pe_col[14].u_pe                                               |                                system_attention_0_0_fsa_fused_pe_817 |        247 |        247 |       0 |    0 |    170 |      0 |      0 |    0 |          1 |
|                 (g_pe_row[3].g_pe_col[14].u_pe)                                           |                                system_attention_0_0_fsa_fused_pe_817 |        213 |        213 |       0 |    0 |    170 |      0 |      0 |    0 |          0 |
|                 u_shared_multiplier                                                       |                        system_attention_0_0_fa_signed_mult_comb_1135 |         34 |         34 |       0 |    0 |      0 |      0 |      0 |    0 |          1 |
|               g_pe_row[3].g_pe_col[15].u_pe                                               |                                system_attention_0_0_fsa_fused_pe_818 |        228 |        228 |       0 |    0 |    170 |      0 |      0 |    0 |          1 |
|                 (g_pe_row[3].g_pe_col[15].u_pe)                                           |                                system_attention_0_0_fsa_fused_pe_818 |        197 |        197 |       0 |    0 |    170 |      0 |      0 |    0 |          0 |
|                 u_shared_multiplier                                                       |                        system_attention_0_0_fa_signed_mult_comb_1134 |         31 |         31 |       0 |    0 |      0 |      0 |      0 |    0 |          1 |
|               g_pe_row[3].g_pe_col[16].u_pe                                               |                                system_attention_0_0_fsa_fused_pe_819 |        231 |        231 |       0 |    0 |    170 |      0 |      0 |    0 |          1 |
|                 (g_pe_row[3].g_pe_col[16].u_pe)                                           |                                system_attention_0_0_fsa_fused_pe_819 |        198 |        198 |       0 |    0 |    170 |      0 |      0 |    0 |          0 |
|                 u_shared_multiplier                                                       |                        system_attention_0_0_fa_signed_mult_comb_1133 |         33 |         33 |       0 |    0 |      0 |      0 |      0 |    0 |          1 |
|               g_pe_row[3].g_pe_col[17].u_pe                                               |                                system_attention_0_0_fsa_fused_pe_820 |        231 |        231 |       0 |    0 |    170 |      0 |      0 |    0 |          1 |
|                 (g_pe_row[3].g_pe_col[17].u_pe)                                           |                                system_attention_0_0_fsa_fused_pe_820 |        197 |        197 |       0 |    0 |    170 |      0 |      0 |    0 |          0 |
|                 u_shared_multiplier                                                       |                        system_attention_0_0_fa_signed_mult_comb_1132 |         34 |         34 |       0 |    0 |      0 |      0 |      0 |    0 |          1 |
|               g_pe_row[3].g_pe_col[18].u_pe                                               |                                system_attention_0_0_fsa_fused_pe_821 |        231 |        231 |       0 |    0 |    170 |      0 |      0 |    0 |          1 |
|                 (g_pe_row[3].g_pe_col[18].u_pe)                                           |                                system_attention_0_0_fsa_fused_pe_821 |        197 |        197 |       0 |    0 |    170 |      0 |      0 |    0 |          0 |
|                 u_shared_multiplier                                                       |                        system_attention_0_0_fa_signed_mult_comb_1131 |         34 |         34 |       0 |    0 |      0 |      0 |      0 |    0 |          1 |
|               g_pe_row[3].g_pe_col[19].u_pe                                               |                                system_attention_0_0_fsa_fused_pe_822 |        227 |        227 |       0 |    0 |    170 |      0 |      0 |    0 |          1 |
|                 (g_pe_row[3].g_pe_col[19].u_pe)                                           |                                system_attention_0_0_fsa_fused_pe_822 |        197 |        197 |       0 |    0 |    170 |      0 |      0 |    0 |          0 |
|                 u_shared_multiplier                                                       |                        system_attention_0_0_fa_signed_mult_comb_1130 |         30 |         30 |       0 |    0 |      0 |      0 |      0 |    0 |          1 |
|               g_pe_row[3].g_pe_col[1].u_pe                                                |                                system_attention_0_0_fsa_fused_pe_823 |        242 |        242 |       0 |    0 |    170 |      0 |      0 |    0 |          1 |
|                 (g_pe_row[3].g_pe_col[1].u_pe)                                            |                                system_attention_0_0_fsa_fused_pe_823 |        220 |        220 |       0 |    0 |    170 |      0 |      0 |    0 |          0 |
|                 u_shared_multiplier                                                       |                        system_attention_0_0_fa_signed_mult_comb_1129 |         22 |         22 |       0 |    0 |      0 |      0 |      0 |    0 |          1 |
|               g_pe_row[3].g_pe_col[20].u_pe                                               |                                system_attention_0_0_fsa_fused_pe_824 |        230 |        230 |       0 |    0 |    170 |      0 |      0 |    0 |          1 |
|                 (g_pe_row[3].g_pe_col[20].u_pe)                                           |                                system_attention_0_0_fsa_fused_pe_824 |        197 |        197 |       0 |    0 |    170 |      0 |      0 |    0 |          0 |
|                 u_shared_multiplier                                                       |                        system_attention_0_0_fa_signed_mult_comb_1128 |         33 |         33 |       0 |    0 |      0 |      0 |      0 |    0 |          1 |
|               g_pe_row[3].g_pe_col[21].u_pe                                               |                                system_attention_0_0_fsa_fused_pe_825 |        231 |        231 |       0 |    0 |    170 |      0 |      0 |    0 |          1 |
|                 (g_pe_row[3].g_pe_col[21].u_pe)                                           |                                system_attention_0_0_fsa_fused_pe_825 |        197 |        197 |       0 |    0 |    170 |      0 |      0 |    0 |          0 |
|                 u_shared_multiplier                                                       |                        system_attention_0_0_fa_signed_mult_comb_1127 |         34 |         34 |       0 |    0 |      0 |      0 |      0 |    0 |          1 |
|               g_pe_row[3].g_pe_col[22].u_pe                                               |                                system_attention_0_0_fsa_fused_pe_826 |        247 |        247 |       0 |    0 |    170 |      0 |      0 |    0 |          1 |
|                 (g_pe_row[3].g_pe_col[22].u_pe)                                           |                                system_attention_0_0_fsa_fused_pe_826 |        213 |        213 |       0 |    0 |    170 |      0 |      0 |    0 |          0 |
|                 u_shared_multiplier                                                       |                        system_attention_0_0_fa_signed_mult_comb_1126 |         34 |         34 |       0 |    0 |      0 |      0 |      0 |    0 |          1 |
|               g_pe_row[3].g_pe_col[23].u_pe                                               |                                system_attention_0_0_fsa_fused_pe_827 |        230 |        230 |       0 |    0 |    170 |      0 |      0 |    0 |          1 |
|                 (g_pe_row[3].g_pe_col[23].u_pe)                                           |                                system_attention_0_0_fsa_fused_pe_827 |        196 |        196 |       0 |    0 |    170 |      0 |      0 |    0 |          0 |
|                 u_shared_multiplier                                                       |                        system_attention_0_0_fa_signed_mult_comb_1125 |         34 |         34 |       0 |    0 |      0 |      0 |      0 |    0 |          1 |
|               g_pe_row[3].g_pe_col[24].u_pe                                               |                                system_attention_0_0_fsa_fused_pe_828 |        230 |        230 |       0 |    0 |    170 |      0 |      0 |    0 |          1 |
|                 (g_pe_row[3].g_pe_col[24].u_pe)                                           |                                system_attention_0_0_fsa_fused_pe_828 |        196 |        196 |       0 |    0 |    170 |      0 |      0 |    0 |          0 |
|                 u_shared_multiplier                                                       |                        system_attention_0_0_fa_signed_mult_comb_1124 |         34 |         34 |       0 |    0 |      0 |      0 |      0 |    0 |          1 |
|               g_pe_row[3].g_pe_col[25].u_pe                                               |                                system_attention_0_0_fsa_fused_pe_829 |        230 |        230 |       0 |    0 |    170 |      0 |      0 |    0 |          1 |
|                 (g_pe_row[3].g_pe_col[25].u_pe)                                           |                                system_attention_0_0_fsa_fused_pe_829 |        196 |        196 |       0 |    0 |    170 |      0 |      0 |    0 |          0 |
|                 u_shared_multiplier                                                       |                        system_attention_0_0_fa_signed_mult_comb_1123 |         34 |         34 |       0 |    0 |      0 |      0 |      0 |    0 |          1 |
|               g_pe_row[3].g_pe_col[26].u_pe                                               |                                system_attention_0_0_fsa_fused_pe_830 |        217 |        217 |       0 |    0 |    170 |      0 |      0 |    0 |          1 |
|                 (g_pe_row[3].g_pe_col[26].u_pe)                                           |                                system_attention_0_0_fsa_fused_pe_830 |        195 |        195 |       0 |    0 |    170 |      0 |      0 |    0 |          0 |
|                 u_shared_multiplier                                                       |                        system_attention_0_0_fa_signed_mult_comb_1122 |         22 |         22 |       0 |    0 |      0 |      0 |      0 |    0 |          1 |
|               g_pe_row[3].g_pe_col[27].u_pe                                               |                                system_attention_0_0_fsa_fused_pe_831 |        226 |        226 |       0 |    0 |    170 |      0 |      0 |    0 |          1 |
|                 (g_pe_row[3].g_pe_col[27].u_pe)                                           |                                system_attention_0_0_fsa_fused_pe_831 |        196 |        196 |       0 |    0 |    170 |      0 |      0 |    0 |          0 |
|                 u_shared_multiplier                                                       |                        system_attention_0_0_fa_signed_mult_comb_1121 |         30 |         30 |       0 |    0 |      0 |      0 |      0 |    0 |          1 |
|               g_pe_row[3].g_pe_col[28].u_pe                                               |                                system_attention_0_0_fsa_fused_pe_832 |        226 |        226 |       0 |    0 |    170 |      0 |      0 |    0 |          1 |
|                 (g_pe_row[3].g_pe_col[28].u_pe)                                           |                                system_attention_0_0_fsa_fused_pe_832 |        196 |        196 |       0 |    0 |    170 |      0 |      0 |    0 |          0 |
|                 u_shared_multiplier                                                       |                        system_attention_0_0_fa_signed_mult_comb_1120 |         30 |         30 |       0 |    0 |      0 |      0 |      0 |    0 |          1 |
|               g_pe_row[3].g_pe_col[29].u_pe                                               |                                system_attention_0_0_fsa_fused_pe_833 |        230 |        230 |       0 |    0 |    170 |      0 |      0 |    0 |          1 |
|                 (g_pe_row[3].g_pe_col[29].u_pe)                                           |                                system_attention_0_0_fsa_fused_pe_833 |        196 |        196 |       0 |    0 |    170 |      0 |      0 |    0 |          0 |
|                 u_shared_multiplier                                                       |                        system_attention_0_0_fa_signed_mult_comb_1119 |         34 |         34 |       0 |    0 |      0 |      0 |      0 |    0 |          1 |
|               g_pe_row[3].g_pe_col[2].u_pe                                                |                                system_attention_0_0_fsa_fused_pe_834 |        226 |        226 |       0 |    0 |    170 |      0 |      0 |    0 |          1 |
|                 (g_pe_row[3].g_pe_col[2].u_pe)                                            |                                system_attention_0_0_fsa_fused_pe_834 |        196 |        196 |       0 |    0 |    170 |      0 |      0 |    0 |          0 |
|                 u_shared_multiplier                                                       |                        system_attention_0_0_fa_signed_mult_comb_1118 |         30 |         30 |       0 |    0 |      0 |      0 |      0 |    0 |          1 |
|               g_pe_row[3].g_pe_col[30].u_pe                                               |                                system_attention_0_0_fsa_fused_pe_835 |        252 |        252 |       0 |    0 |    170 |      0 |      0 |    0 |          1 |
|                 (g_pe_row[3].g_pe_col[30].u_pe)                                           |                                system_attention_0_0_fsa_fused_pe_835 |        218 |        218 |       0 |    0 |    170 |      0 |      0 |    0 |          0 |
|                 u_shared_multiplier                                                       |                        system_attention_0_0_fa_signed_mult_comb_1117 |         34 |         34 |       0 |    0 |      0 |      0 |      0 |    0 |          1 |
|               g_pe_row[3].g_pe_col[31].u_pe                                               |                                system_attention_0_0_fsa_fused_pe_836 |        124 |        124 |       0 |    0 |    161 |      0 |      0 |    0 |          1 |
|                 (g_pe_row[3].g_pe_col[31].u_pe)                                           |                                system_attention_0_0_fsa_fused_pe_836 |        115 |        115 |       0 |    0 |    161 |      0 |      0 |    0 |          0 |
|                 u_shared_multiplier                                                       |                        system_attention_0_0_fa_signed_mult_comb_1116 |          9 |          9 |       0 |    0 |      0 |      0 |      0 |    0 |          1 |
|               g_pe_row[3].g_pe_col[3].u_pe                                                |                                system_attention_0_0_fsa_fused_pe_837 |        231 |        231 |       0 |    0 |    170 |      0 |      0 |    0 |          1 |
|                 (g_pe_row[3].g_pe_col[3].u_pe)                                            |                                system_attention_0_0_fsa_fused_pe_837 |        197 |        197 |       0 |    0 |    170 |      0 |      0 |    0 |          0 |
|                 u_shared_multiplier                                                       |                        system_attention_0_0_fa_signed_mult_comb_1115 |         34 |         34 |       0 |    0 |      0 |      0 |      0 |    0 |          1 |
|               g_pe_row[3].g_pe_col[4].u_pe                                                |                                system_attention_0_0_fsa_fused_pe_838 |        231 |        231 |       0 |    0 |    170 |      0 |      0 |    0 |          1 |
|                 (g_pe_row[3].g_pe_col[4].u_pe)                                            |                                system_attention_0_0_fsa_fused_pe_838 |        197 |        197 |       0 |    0 |    170 |      0 |      0 |    0 |          0 |
|                 u_shared_multiplier                                                       |                        system_attention_0_0_fa_signed_mult_comb_1114 |         34 |         34 |       0 |    0 |      0 |      0 |      0 |    0 |          1 |
|               g_pe_row[3].g_pe_col[5].u_pe                                                |                                system_attention_0_0_fsa_fused_pe_839 |        228 |        228 |       0 |    0 |    170 |      0 |      0 |    0 |          1 |
|                 (g_pe_row[3].g_pe_col[5].u_pe)                                            |                                system_attention_0_0_fsa_fused_pe_839 |        197 |        197 |       0 |    0 |    170 |      0 |      0 |    0 |          0 |
|                 u_shared_multiplier                                                       |                        system_attention_0_0_fa_signed_mult_comb_1113 |         31 |         31 |       0 |    0 |      0 |      0 |      0 |    0 |          1 |
|               g_pe_row[3].g_pe_col[6].u_pe                                                |                                system_attention_0_0_fsa_fused_pe_840 |        247 |        247 |       0 |    0 |    170 |      0 |      0 |    0 |          1 |
|                 (g_pe_row[3].g_pe_col[6].u_pe)                                            |                                system_attention_0_0_fsa_fused_pe_840 |        213 |        213 |       0 |    0 |    170 |      0 |      0 |    0 |          0 |
|                 u_shared_multiplier                                                       |                        system_attention_0_0_fa_signed_mult_comb_1112 |         34 |         34 |       0 |    0 |      0 |      0 |      0 |    0 |          1 |
|               g_pe_row[3].g_pe_col[7].u_pe                                                |                                system_attention_0_0_fsa_fused_pe_841 |        231 |        231 |       0 |    0 |    170 |      0 |      0 |    0 |          1 |
|                 (g_pe_row[3].g_pe_col[7].u_pe)                                            |                                system_attention_0_0_fsa_fused_pe_841 |        197 |        197 |       0 |    0 |    170 |      0 |      0 |    0 |          0 |
|                 u_shared_multiplier                                                       |                        system_attention_0_0_fa_signed_mult_comb_1111 |         34 |         34 |       0 |    0 |      0 |      0 |      0 |    0 |          1 |
|               g_pe_row[3].g_pe_col[8].u_pe                                                |                                system_attention_0_0_fsa_fused_pe_842 |        231 |        231 |       0 |    0 |    170 |      0 |      0 |    0 |          1 |
|                 (g_pe_row[3].g_pe_col[8].u_pe)                                            |                                system_attention_0_0_fsa_fused_pe_842 |        197 |        197 |       0 |    0 |    170 |      0 |      0 |    0 |          0 |
|                 u_shared_multiplier                                                       |                        system_attention_0_0_fa_signed_mult_comb_1110 |         34 |         34 |       0 |    0 |      0 |      0 |      0 |    0 |          1 |
|               g_pe_row[3].g_pe_col[9].u_pe                                                |                                system_attention_0_0_fsa_fused_pe_843 |        231 |        231 |       0 |    0 |    170 |      0 |      0 |    0 |          1 |
|                 (g_pe_row[3].g_pe_col[9].u_pe)                                            |                                system_attention_0_0_fsa_fused_pe_843 |        197 |        197 |       0 |    0 |    170 |      0 |      0 |    0 |          0 |
|                 u_shared_multiplier                                                       |                        system_attention_0_0_fa_signed_mult_comb_1109 |         34 |         34 |       0 |    0 |      0 |      0 |      0 |    0 |          1 |
|               g_pe_row[4].g_pe_col[0].u_pe                                                |                                system_attention_0_0_fsa_fused_pe_844 |        330 |        330 |       0 |    0 |    137 |      0 |      0 |    0 |          1 |
|                 (g_pe_row[4].g_pe_col[0].u_pe)                                            |                                system_attention_0_0_fsa_fused_pe_844 |        232 |        232 |       0 |    0 |    137 |      0 |      0 |    0 |          0 |
|                 u_shared_multiplier                                                       |                        system_attention_0_0_fa_signed_mult_comb_1108 |         98 |         98 |       0 |    0 |      0 |      0 |      0 |    0 |          1 |
|               g_pe_row[4].g_pe_col[10].u_pe                                               |                                system_attention_0_0_fsa_fused_pe_845 |        221 |        221 |       0 |    0 |    170 |      0 |      0 |    0 |          1 |
|                 (g_pe_row[4].g_pe_col[10].u_pe)                                           |                                system_attention_0_0_fsa_fused_pe_845 |        196 |        196 |       0 |    0 |    170 |      0 |      0 |    0 |          0 |
|                 u_shared_multiplier                                                       |                        system_attention_0_0_fa_signed_mult_comb_1107 |         25 |         25 |       0 |    0 |      0 |      0 |      0 |    0 |          1 |
|               g_pe_row[4].g_pe_col[11].u_pe                                               |                                system_attention_0_0_fsa_fused_pe_846 |        226 |        226 |       0 |    0 |    170 |      0 |      0 |    0 |          1 |
|                 (g_pe_row[4].g_pe_col[11].u_pe)                                           |                                system_attention_0_0_fsa_fused_pe_846 |        196 |        196 |       0 |    0 |    170 |      0 |      0 |    0 |          0 |
|                 u_shared_multiplier                                                       |                        system_attention_0_0_fa_signed_mult_comb_1106 |         30 |         30 |       0 |    0 |      0 |      0 |      0 |    0 |          1 |
|               g_pe_row[4].g_pe_col[12].u_pe                                               |                                system_attention_0_0_fsa_fused_pe_847 |        224 |        224 |       0 |    0 |    170 |      0 |      0 |    0 |          1 |
|                 (g_pe_row[4].g_pe_col[12].u_pe)                                           |                                system_attention_0_0_fsa_fused_pe_847 |        196 |        196 |       0 |    0 |    170 |      0 |      0 |    0 |          0 |
|                 u_shared_multiplier                                                       |                        system_attention_0_0_fa_signed_mult_comb_1105 |         28 |         28 |       0 |    0 |      0 |      0 |      0 |    0 |          1 |
|               g_pe_row[4].g_pe_col[13].u_pe                                               |                                system_attention_0_0_fsa_fused_pe_848 |        213 |        213 |       0 |    0 |    170 |      0 |      0 |    0 |          1 |
|                 (g_pe_row[4].g_pe_col[13].u_pe)                                           |                                system_attention_0_0_fsa_fused_pe_848 |        195 |        195 |       0 |    0 |    170 |      0 |      0 |    0 |          0 |
|                 u_shared_multiplier                                                       |                        system_attention_0_0_fa_signed_mult_comb_1104 |         18 |         18 |       0 |    0 |      0 |      0 |      0 |    0 |          1 |
|               g_pe_row[4].g_pe_col[14].u_pe                                               |                                system_attention_0_0_fsa_fused_pe_849 |        233 |        233 |       0 |    0 |    170 |      0 |      0 |    0 |          1 |
|                 (g_pe_row[4].g_pe_col[14].u_pe)                                           |                                system_attention_0_0_fsa_fused_pe_849 |        212 |        212 |       0 |    0 |    170 |      0 |      0 |    0 |          0 |
|                 u_shared_multiplier                                                       |                        system_attention_0_0_fa_signed_mult_comb_1103 |         21 |         21 |       0 |    0 |      0 |      0 |      0 |    0 |          1 |
|               g_pe_row[4].g_pe_col[15].u_pe                                               |                                system_attention_0_0_fsa_fused_pe_850 |        227 |        227 |       0 |    0 |    170 |      0 |      0 |    0 |          1 |
|                 (g_pe_row[4].g_pe_col[15].u_pe)                                           |                                system_attention_0_0_fsa_fused_pe_850 |        196 |        196 |       0 |    0 |    170 |      0 |      0 |    0 |          0 |
|                 u_shared_multiplier                                                       |                        system_attention_0_0_fa_signed_mult_comb_1102 |         31 |         31 |       0 |    0 |      0 |      0 |      0 |    0 |          1 |
|               g_pe_row[4].g_pe_col[16].u_pe                                               |                                system_attention_0_0_fsa_fused_pe_851 |        225 |        225 |       0 |    0 |    170 |      0 |      0 |    0 |          1 |
|                 (g_pe_row[4].g_pe_col[16].u_pe)                                           |                                system_attention_0_0_fsa_fused_pe_851 |        196 |        196 |       0 |    0 |    170 |      0 |      0 |    0 |          0 |
|                 u_shared_multiplier                                                       |                        system_attention_0_0_fa_signed_mult_comb_1101 |         29 |         29 |       0 |    0 |      0 |      0 |      0 |    0 |          1 |
|               g_pe_row[4].g_pe_col[17].u_pe                                               |                                system_attention_0_0_fsa_fused_pe_852 |        230 |        230 |       0 |    0 |    170 |      0 |      0 |    0 |          1 |
|                 (g_pe_row[4].g_pe_col[17].u_pe)                                           |                                system_attention_0_0_fsa_fused_pe_852 |        196 |        196 |       0 |    0 |    170 |      0 |      0 |    0 |          0 |
|                 u_shared_multiplier                                                       |                        system_attention_0_0_fa_signed_mult_comb_1100 |         34 |         34 |       0 |    0 |      0 |      0 |      0 |    0 |          1 |
|               g_pe_row[4].g_pe_col[18].u_pe                                               |                                system_attention_0_0_fsa_fused_pe_853 |        229 |        229 |       0 |    0 |    170 |      0 |      0 |    0 |          1 |
|                 (g_pe_row[4].g_pe_col[18].u_pe)                                           |                                system_attention_0_0_fsa_fused_pe_853 |        196 |        196 |       0 |    0 |    170 |      0 |      0 |    0 |          0 |
|                 u_shared_multiplier                                                       |                        system_attention_0_0_fa_signed_mult_comb_1099 |         33 |         33 |       0 |    0 |      0 |      0 |      0 |    0 |          1 |
|               g_pe_row[4].g_pe_col[19].u_pe                                               |                                system_attention_0_0_fsa_fused_pe_854 |        226 |        226 |       0 |    0 |    170 |      0 |      0 |    0 |          1 |
|                 (g_pe_row[4].g_pe_col[19].u_pe)                                           |                                system_attention_0_0_fsa_fused_pe_854 |        196 |        196 |       0 |    0 |    170 |      0 |      0 |    0 |          0 |
|                 u_shared_multiplier                                                       |                        system_attention_0_0_fa_signed_mult_comb_1098 |         30 |         30 |       0 |    0 |      0 |      0 |      0 |    0 |          1 |
|               g_pe_row[4].g_pe_col[1].u_pe                                                |                                system_attention_0_0_fsa_fused_pe_855 |        255 |        255 |       0 |    0 |    170 |      0 |      0 |    0 |          1 |
|                 (g_pe_row[4].g_pe_col[1].u_pe)                                            |                                system_attention_0_0_fsa_fused_pe_855 |        221 |        221 |       0 |    0 |    170 |      0 |      0 |    0 |          0 |
|                 u_shared_multiplier                                                       |                        system_attention_0_0_fa_signed_mult_comb_1097 |         34 |         34 |       0 |    0 |      0 |      0 |      0 |    0 |          1 |
|               g_pe_row[4].g_pe_col[20].u_pe                                               |                                system_attention_0_0_fsa_fused_pe_856 |        239 |        239 |       0 |    0 |    170 |      0 |      0 |    0 |          1 |
|                 (g_pe_row[4].g_pe_col[20].u_pe)                                           |                                system_attention_0_0_fsa_fused_pe_856 |        214 |        214 |       0 |    0 |    170 |      0 |      0 |    0 |          0 |
|                 u_shared_multiplier                                                       |                        system_attention_0_0_fa_signed_mult_comb_1096 |         25 |         25 |       0 |    0 |      0 |      0 |      0 |    0 |          1 |
|               g_pe_row[4].g_pe_col[21].u_pe                                               |                                system_attention_0_0_fsa_fused_pe_857 |        220 |        220 |       0 |    0 |    170 |      0 |      0 |    0 |          1 |
|                 (g_pe_row[4].g_pe_col[21].u_pe)                                           |                                system_attention_0_0_fsa_fused_pe_857 |        197 |        197 |       0 |    0 |    170 |      0 |      0 |    0 |          0 |
|                 u_shared_multiplier                                                       |                        system_attention_0_0_fa_signed_mult_comb_1095 |         23 |         23 |       0 |    0 |      0 |      0 |      0 |    0 |          1 |
|               g_pe_row[4].g_pe_col[22].u_pe                                               |                                system_attention_0_0_fsa_fused_pe_858 |        228 |        228 |       0 |    0 |    170 |      0 |      0 |    0 |          1 |
|                 (g_pe_row[4].g_pe_col[22].u_pe)                                           |                                system_attention_0_0_fsa_fused_pe_858 |        209 |        209 |       0 |    0 |    170 |      0 |      0 |    0 |          0 |
|                 u_shared_multiplier                                                       |                        system_attention_0_0_fa_signed_mult_comb_1094 |         19 |         19 |       0 |    0 |      0 |      0 |      0 |    0 |          1 |
|               g_pe_row[4].g_pe_col[23].u_pe                                               |                                system_attention_0_0_fsa_fused_pe_859 |        205 |        205 |       0 |    0 |    170 |      0 |      0 |    0 |          1 |
|                 (g_pe_row[4].g_pe_col[23].u_pe)                                           |                                system_attention_0_0_fsa_fused_pe_859 |        191 |        191 |       0 |    0 |    170 |      0 |      0 |    0 |          0 |
|                 u_shared_multiplier                                                       |                        system_attention_0_0_fa_signed_mult_comb_1093 |         14 |         14 |       0 |    0 |      0 |      0 |      0 |    0 |          1 |
|               g_pe_row[4].g_pe_col[24].u_pe                                               |                                system_attention_0_0_fsa_fused_pe_860 |        216 |        216 |       0 |    0 |    170 |      0 |      0 |    0 |          1 |
|                 (g_pe_row[4].g_pe_col[24].u_pe)                                           |                                system_attention_0_0_fsa_fused_pe_860 |        192 |        192 |       0 |    0 |    170 |      0 |      0 |    0 |          0 |
|                 u_shared_multiplier                                                       |                        system_attention_0_0_fa_signed_mult_comb_1092 |         24 |         24 |       0 |    0 |      0 |      0 |      0 |    0 |          1 |
|               g_pe_row[4].g_pe_col[25].u_pe                                               |                                system_attention_0_0_fsa_fused_pe_861 |        205 |        205 |       0 |    0 |    170 |      0 |      0 |    0 |          1 |
|                 (g_pe_row[4].g_pe_col[25].u_pe)                                           |                                system_attention_0_0_fsa_fused_pe_861 |        191 |        191 |       0 |    0 |    170 |      0 |      0 |    0 |          0 |
|                 u_shared_multiplier                                                       |                        system_attention_0_0_fa_signed_mult_comb_1091 |         14 |         14 |       0 |    0 |      0 |      0 |      0 |    0 |          1 |
|               g_pe_row[4].g_pe_col[26].u_pe                                               |                                system_attention_0_0_fsa_fused_pe_862 |        205 |        205 |       0 |    0 |    170 |      0 |      0 |    0 |          1 |
|                 (g_pe_row[4].g_pe_col[26].u_pe)                                           |                                system_attention_0_0_fsa_fused_pe_862 |        191 |        191 |       0 |    0 |    170 |      0 |      0 |    0 |          0 |
|                 u_shared_multiplier                                                       |                        system_attention_0_0_fa_signed_mult_comb_1090 |         14 |         14 |       0 |    0 |      0 |      0 |      0 |    0 |          1 |
|               g_pe_row[4].g_pe_col[27].u_pe                                               |                                system_attention_0_0_fsa_fused_pe_863 |        208 |        208 |       0 |    0 |    170 |      0 |      0 |    0 |          1 |
|                 (g_pe_row[4].g_pe_col[27].u_pe)                                           |                                system_attention_0_0_fsa_fused_pe_863 |        194 |        194 |       0 |    0 |    170 |      0 |      0 |    0 |          0 |
|                 u_shared_multiplier                                                       |                        system_attention_0_0_fa_signed_mult_comb_1089 |         14 |         14 |       0 |    0 |      0 |      0 |      0 |    0 |          1 |
|               g_pe_row[4].g_pe_col[28].u_pe                                               |                                system_attention_0_0_fsa_fused_pe_864 |        213 |        213 |       0 |    0 |    170 |      0 |      0 |    0 |          1 |
|                 (g_pe_row[4].g_pe_col[28].u_pe)                                           |                                system_attention_0_0_fsa_fused_pe_864 |        195 |        195 |       0 |    0 |    170 |      0 |      0 |    0 |          0 |
|                 u_shared_multiplier                                                       |                        system_attention_0_0_fa_signed_mult_comb_1088 |         18 |         18 |       0 |    0 |      0 |      0 |      0 |    0 |          1 |
|               g_pe_row[4].g_pe_col[29].u_pe                                               |                                system_attention_0_0_fsa_fused_pe_865 |        212 |        212 |       0 |    0 |    170 |      0 |      0 |    0 |          1 |
|                 (g_pe_row[4].g_pe_col[29].u_pe)                                           |                                system_attention_0_0_fsa_fused_pe_865 |        195 |        195 |       0 |    0 |    170 |      0 |      0 |    0 |          0 |
|                 u_shared_multiplier                                                       |                        system_attention_0_0_fa_signed_mult_comb_1087 |         18 |         18 |       0 |    0 |      0 |      0 |      0 |    0 |          1 |
|               g_pe_row[4].g_pe_col[2].u_pe                                                |                                system_attention_0_0_fsa_fused_pe_866 |        223 |        223 |       0 |    0 |    170 |      0 |      0 |    0 |          1 |
|                 (g_pe_row[4].g_pe_col[2].u_pe)                                            |                                system_attention_0_0_fsa_fused_pe_866 |        195 |        195 |       0 |    0 |    170 |      0 |      0 |    0 |          0 |
|                 u_shared_multiplier                                                       |                        system_attention_0_0_fa_signed_mult_comb_1086 |         28 |         28 |       0 |    0 |      0 |      0 |      0 |    0 |          1 |
|               g_pe_row[4].g_pe_col[30].u_pe                                               |                                system_attention_0_0_fsa_fused_pe_867 |        247 |        247 |       0 |    0 |    170 |      0 |      0 |    0 |          1 |
|                 (g_pe_row[4].g_pe_col[30].u_pe)                                           |                                system_attention_0_0_fsa_fused_pe_867 |        218 |        218 |       0 |    0 |    170 |      0 |      0 |    0 |          0 |
|                 u_shared_multiplier                                                       |                        system_attention_0_0_fa_signed_mult_comb_1085 |         29 |         29 |       0 |    0 |      0 |      0 |      0 |    0 |          1 |
|               g_pe_row[4].g_pe_col[31].u_pe                                               |                                system_attention_0_0_fsa_fused_pe_868 |        123 |        123 |       0 |    0 |    161 |      0 |      0 |    0 |          1 |
|                 (g_pe_row[4].g_pe_col[31].u_pe)                                           |                                system_attention_0_0_fsa_fused_pe_868 |        114 |        114 |       0 |    0 |    161 |      0 |      0 |    0 |          0 |
|                 u_shared_multiplier                                                       |                        system_attention_0_0_fa_signed_mult_comb_1084 |          9 |          9 |       0 |    0 |      0 |      0 |      0 |    0 |          1 |
|               g_pe_row[4].g_pe_col[3].u_pe                                                |                                system_attention_0_0_fsa_fused_pe_869 |        222 |        222 |       0 |    0 |    170 |      0 |      0 |    0 |          1 |
|                 (g_pe_row[4].g_pe_col[3].u_pe)                                            |                                system_attention_0_0_fsa_fused_pe_869 |        196 |        196 |       0 |    0 |    170 |      0 |      0 |    0 |          0 |
|                 u_shared_multiplier                                                       |                        system_attention_0_0_fa_signed_mult_comb_1083 |         26 |         26 |       0 |    0 |      0 |      0 |      0 |    0 |          1 |
|               g_pe_row[4].g_pe_col[4].u_pe                                                |                                system_attention_0_0_fsa_fused_pe_870 |        215 |        215 |       0 |    0 |    170 |      0 |      0 |    0 |          1 |
|                 (g_pe_row[4].g_pe_col[4].u_pe)                                            |                                system_attention_0_0_fsa_fused_pe_870 |        195 |        195 |       0 |    0 |    170 |      0 |      0 |    0 |          0 |
|                 u_shared_multiplier                                                       |                        system_attention_0_0_fa_signed_mult_comb_1082 |         21 |         21 |       0 |    0 |      0 |      0 |      0 |    0 |          1 |
|               g_pe_row[4].g_pe_col[5].u_pe                                                |                                system_attention_0_0_fsa_fused_pe_871 |        221 |        221 |       0 |    0 |    170 |      0 |      0 |    0 |          1 |
|                 (g_pe_row[4].g_pe_col[5].u_pe)                                            |                                system_attention_0_0_fsa_fused_pe_871 |        196 |        196 |       0 |    0 |    170 |      0 |      0 |    0 |          0 |
|                 u_shared_multiplier                                                       |                        system_attention_0_0_fa_signed_mult_comb_1081 |         25 |         25 |       0 |    0 |      0 |      0 |      0 |    0 |          1 |
|               g_pe_row[4].g_pe_col[6].u_pe                                                |                                system_attention_0_0_fsa_fused_pe_872 |        235 |        235 |       0 |    0 |    170 |      0 |      0 |    0 |          1 |
|                 (g_pe_row[4].g_pe_col[6].u_pe)                                            |                                system_attention_0_0_fsa_fused_pe_872 |        213 |        213 |       0 |    0 |    170 |      0 |      0 |    0 |          0 |
|                 u_shared_multiplier                                                       |                        system_attention_0_0_fa_signed_mult_comb_1080 |         22 |         22 |       0 |    0 |      0 |      0 |      0 |    0 |          1 |
|               g_pe_row[4].g_pe_col[7].u_pe                                                |                                system_attention_0_0_fsa_fused_pe_873 |        223 |        223 |       0 |    0 |    170 |      0 |      0 |    0 |          1 |
|                 (g_pe_row[4].g_pe_col[7].u_pe)                                            |                                system_attention_0_0_fsa_fused_pe_873 |        196 |        196 |       0 |    0 |    170 |      0 |      0 |    0 |          0 |
|                 u_shared_multiplier                                                       |                        system_attention_0_0_fa_signed_mult_comb_1079 |         27 |         27 |       0 |    0 |      0 |      0 |      0 |    0 |          1 |
|               g_pe_row[4].g_pe_col[8].u_pe                                                |                                system_attention_0_0_fsa_fused_pe_874 |        220 |        220 |       0 |    0 |    170 |      0 |      0 |    0 |          1 |
|                 (g_pe_row[4].g_pe_col[8].u_pe)                                            |                                system_attention_0_0_fsa_fused_pe_874 |        196 |        196 |       0 |    0 |    170 |      0 |      0 |    0 |          0 |
|                 u_shared_multiplier                                                       |                        system_attention_0_0_fa_signed_mult_comb_1078 |         24 |         24 |       0 |    0 |      0 |      0 |      0 |    0 |          1 |
|               g_pe_row[4].g_pe_col[9].u_pe                                                |                                system_attention_0_0_fsa_fused_pe_875 |        223 |        223 |       0 |    0 |    170 |      0 |      0 |    0 |          1 |
|                 (g_pe_row[4].g_pe_col[9].u_pe)                                            |                                system_attention_0_0_fsa_fused_pe_875 |        196 |        196 |       0 |    0 |    170 |      0 |      0 |    0 |          0 |
|                 u_shared_multiplier                                                       |                        system_attention_0_0_fa_signed_mult_comb_1077 |         27 |         27 |       0 |    0 |      0 |      0 |      0 |    0 |          1 |
|               g_pe_row[5].g_pe_col[0].u_pe                                                |                                system_attention_0_0_fsa_fused_pe_876 |        335 |        335 |       0 |    0 |    137 |      0 |      0 |    0 |          1 |
|                 (g_pe_row[5].g_pe_col[0].u_pe)                                            |                                system_attention_0_0_fsa_fused_pe_876 |        235 |        235 |       0 |    0 |    137 |      0 |      0 |    0 |          0 |
|                 u_shared_multiplier                                                       |                        system_attention_0_0_fa_signed_mult_comb_1076 |        100 |        100 |       0 |    0 |      0 |      0 |      0 |    0 |          1 |
|               g_pe_row[5].g_pe_col[10].u_pe                                               |                                system_attention_0_0_fsa_fused_pe_877 |        229 |        229 |       0 |    0 |    170 |      0 |      0 |    0 |          1 |
|                 (g_pe_row[5].g_pe_col[10].u_pe)                                           |                                system_attention_0_0_fsa_fused_pe_877 |        196 |        196 |       0 |    0 |    170 |      0 |      0 |    0 |          0 |
|                 u_shared_multiplier                                                       |                        system_attention_0_0_fa_signed_mult_comb_1075 |         33 |         33 |       0 |    0 |      0 |      0 |      0 |    0 |          1 |
|               g_pe_row[5].g_pe_col[11].u_pe                                               |                                system_attention_0_0_fsa_fused_pe_878 |        219 |        219 |       0 |    0 |    170 |      0 |      0 |    0 |          1 |
|                 (g_pe_row[5].g_pe_col[11].u_pe)                                           |                                system_attention_0_0_fsa_fused_pe_878 |        196 |        196 |       0 |    0 |    170 |      0 |      0 |    0 |          0 |
|                 u_shared_multiplier                                                       |                        system_attention_0_0_fa_signed_mult_comb_1074 |         23 |         23 |       0 |    0 |      0 |      0 |      0 |    0 |          1 |
|               g_pe_row[5].g_pe_col[12].u_pe                                               |                                system_attention_0_0_fsa_fused_pe_879 |        213 |        213 |       0 |    0 |    170 |      0 |      0 |    0 |          1 |
|                 (g_pe_row[5].g_pe_col[12].u_pe)                                           |                                system_attention_0_0_fsa_fused_pe_879 |        195 |        195 |       0 |    0 |    170 |      0 |      0 |    0 |          0 |
|                 u_shared_multiplier                                                       |                        system_attention_0_0_fa_signed_mult_comb_1073 |         18 |         18 |       0 |    0 |      0 |      0 |      0 |    0 |          1 |
|               g_pe_row[5].g_pe_col[13].u_pe                                               |                                system_attention_0_0_fsa_fused_pe_880 |        213 |        213 |       0 |    0 |    170 |      0 |      0 |    0 |          1 |
|                 (g_pe_row[5].g_pe_col[13].u_pe)                                           |                                system_attention_0_0_fsa_fused_pe_880 |        195 |        195 |       0 |    0 |    170 |      0 |      0 |    0 |          0 |
|                 u_shared_multiplier                                                       |                        system_attention_0_0_fa_signed_mult_comb_1072 |         18 |         18 |       0 |    0 |      0 |      0 |      0 |    0 |          1 |
|               g_pe_row[5].g_pe_col[14].u_pe                                               |                                system_attention_0_0_fsa_fused_pe_881 |        229 |        229 |       0 |    0 |    170 |      0 |      0 |    0 |          1 |
|                 (g_pe_row[5].g_pe_col[14].u_pe)                                           |                                system_attention_0_0_fsa_fused_pe_881 |        211 |        211 |       0 |    0 |    170 |      0 |      0 |    0 |          0 |
|                 u_shared_multiplier                                                       |                        system_attention_0_0_fa_signed_mult_comb_1071 |         18 |         18 |       0 |    0 |      0 |      0 |      0 |    0 |          1 |
|               g_pe_row[5].g_pe_col[15].u_pe                                               |                                system_attention_0_0_fsa_fused_pe_882 |        213 |        213 |       0 |    0 |    170 |      0 |      0 |    0 |          1 |
|                 (g_pe_row[5].g_pe_col[15].u_pe)                                           |                                system_attention_0_0_fsa_fused_pe_882 |        195 |        195 |       0 |    0 |    170 |      0 |      0 |    0 |          0 |
|                 u_shared_multiplier                                                       |                        system_attention_0_0_fa_signed_mult_comb_1070 |         18 |         18 |       0 |    0 |      0 |      0 |      0 |    0 |          1 |
|               g_pe_row[5].g_pe_col[16].u_pe                                               |                                system_attention_0_0_fsa_fused_pe_883 |        220 |        220 |       0 |    0 |    170 |      0 |      0 |    0 |          1 |
|                 (g_pe_row[5].g_pe_col[16].u_pe)                                           |                                system_attention_0_0_fsa_fused_pe_883 |        195 |        195 |       0 |    0 |    170 |      0 |      0 |    0 |          0 |
|                 u_shared_multiplier                                                       |                        system_attention_0_0_fa_signed_mult_comb_1069 |         25 |         25 |       0 |    0 |      0 |      0 |      0 |    0 |          1 |
|               g_pe_row[5].g_pe_col[17].u_pe                                               |                                system_attention_0_0_fsa_fused_pe_884 |        217 |        217 |       0 |    0 |    170 |      0 |      0 |    0 |          1 |
|                 (g_pe_row[5].g_pe_col[17].u_pe)                                           |                                system_attention_0_0_fsa_fused_pe_884 |        195 |        195 |       0 |    0 |    170 |      0 |      0 |    0 |          0 |
|                 u_shared_multiplier                                                       |                        system_attention_0_0_fa_signed_mult_comb_1068 |         22 |         22 |       0 |    0 |      0 |      0 |      0 |    0 |          1 |
|               g_pe_row[5].g_pe_col[18].u_pe                                               |                                system_attention_0_0_fsa_fused_pe_885 |        213 |        213 |       0 |    0 |    170 |      0 |      0 |    0 |          1 |
|                 (g_pe_row[5].g_pe_col[18].u_pe)                                           |                                system_attention_0_0_fsa_fused_pe_885 |        195 |        195 |       0 |    0 |    170 |      0 |      0 |    0 |          0 |
|                 u_shared_multiplier                                                       |                        system_attention_0_0_fa_signed_mult_comb_1067 |         18 |         18 |       0 |    0 |      0 |      0 |      0 |    0 |          1 |
|               g_pe_row[5].g_pe_col[19].u_pe                                               |                                system_attention_0_0_fsa_fused_pe_886 |        216 |        216 |       0 |    0 |    170 |      0 |      0 |    0 |          1 |
|                 (g_pe_row[5].g_pe_col[19].u_pe)                                           |                                system_attention_0_0_fsa_fused_pe_886 |        196 |        196 |       0 |    0 |    170 |      0 |      0 |    0 |          0 |
|                 u_shared_multiplier                                                       |                        system_attention_0_0_fa_signed_mult_comb_1066 |         21 |         21 |       0 |    0 |      0 |      0 |      0 |    0 |          1 |
|               g_pe_row[5].g_pe_col[1].u_pe                                                |                                system_attention_0_0_fsa_fused_pe_887 |        257 |        257 |       0 |    0 |    170 |      0 |      0 |    0 |          1 |
|                 (g_pe_row[5].g_pe_col[1].u_pe)                                            |                                system_attention_0_0_fsa_fused_pe_887 |        221 |        221 |       0 |    0 |    170 |      0 |      0 |    0 |          0 |
|                 u_shared_multiplier                                                       |                        system_attention_0_0_fa_signed_mult_comb_1065 |         36 |         36 |       0 |    0 |      0 |      0 |      0 |    0 |          1 |
|               g_pe_row[5].g_pe_col[20].u_pe                                               |                                system_attention_0_0_fsa_fused_pe_888 |        214 |        214 |       0 |    0 |    170 |      0 |      0 |    0 |          1 |
|                 (g_pe_row[5].g_pe_col[20].u_pe)                                           |                                system_attention_0_0_fsa_fused_pe_888 |        195 |        195 |       0 |    0 |    170 |      0 |      0 |    0 |          0 |
|                 u_shared_multiplier                                                       |                        system_attention_0_0_fa_signed_mult_comb_1064 |         19 |         19 |       0 |    0 |      0 |      0 |      0 |    0 |          1 |
|               g_pe_row[5].g_pe_col[21].u_pe                                               |                                system_attention_0_0_fsa_fused_pe_889 |        213 |        213 |       0 |    0 |    170 |      0 |      0 |    0 |          1 |
|                 (g_pe_row[5].g_pe_col[21].u_pe)                                           |                                system_attention_0_0_fsa_fused_pe_889 |        195 |        195 |       0 |    0 |    170 |      0 |      0 |    0 |          0 |
|                 u_shared_multiplier                                                       |                        system_attention_0_0_fa_signed_mult_comb_1063 |         18 |         18 |       0 |    0 |      0 |      0 |      0 |    0 |          1 |
|               g_pe_row[5].g_pe_col[22].u_pe                                               |                                system_attention_0_0_fsa_fused_pe_890 |        229 |        229 |       0 |    0 |    170 |      0 |      0 |    0 |          1 |
|                 (g_pe_row[5].g_pe_col[22].u_pe)                                           |                                system_attention_0_0_fsa_fused_pe_890 |        211 |        211 |       0 |    0 |    170 |      0 |      0 |    0 |          0 |
|                 u_shared_multiplier                                                       |                        system_attention_0_0_fa_signed_mult_comb_1062 |         18 |         18 |       0 |    0 |      0 |      0 |      0 |    0 |          1 |
|               g_pe_row[5].g_pe_col[23].u_pe                                               |                                system_attention_0_0_fsa_fused_pe_891 |        234 |        234 |       0 |    0 |    170 |      0 |      0 |    0 |          1 |
|                 (g_pe_row[5].g_pe_col[23].u_pe)                                           |                                system_attention_0_0_fsa_fused_pe_891 |        209 |        209 |       0 |    0 |    170 |      0 |      0 |    0 |          0 |
|                 u_shared_multiplier                                                       |                        system_attention_0_0_fa_signed_mult_comb_1061 |         25 |         25 |       0 |    0 |      0 |      0 |      0 |    0 |          1 |
|               g_pe_row[5].g_pe_col[24].u_pe                                               |                                system_attention_0_0_fsa_fused_pe_892 |        216 |        216 |       0 |    0 |    170 |      0 |      0 |    0 |          1 |
|                 (g_pe_row[5].g_pe_col[24].u_pe)                                           |                                system_attention_0_0_fsa_fused_pe_892 |        197 |        197 |       0 |    0 |    170 |      0 |      0 |    0 |          0 |
|                 u_shared_multiplier                                                       |                        system_attention_0_0_fa_signed_mult_comb_1060 |         19 |         19 |       0 |    0 |      0 |      0 |      0 |    0 |          1 |
|               g_pe_row[5].g_pe_col[25].u_pe                                               |                                system_attention_0_0_fsa_fused_pe_893 |        218 |        218 |       0 |    0 |    170 |      0 |      0 |    0 |          1 |
|                 (g_pe_row[5].g_pe_col[25].u_pe)                                           |                                system_attention_0_0_fsa_fused_pe_893 |        196 |        196 |       0 |    0 |    170 |      0 |      0 |    0 |          0 |
|                 u_shared_multiplier                                                       |                        system_attention_0_0_fa_signed_mult_comb_1059 |         22 |         22 |       0 |    0 |      0 |      0 |      0 |    0 |          1 |
|               g_pe_row[5].g_pe_col[26].u_pe                                               |                                system_attention_0_0_fsa_fused_pe_894 |        212 |        212 |       0 |    0 |    170 |      0 |      0 |    0 |          1 |
|                 (g_pe_row[5].g_pe_col[26].u_pe)                                           |                                system_attention_0_0_fsa_fused_pe_894 |        195 |        195 |       0 |    0 |    170 |      0 |      0 |    0 |          0 |
|                 u_shared_multiplier                                                       |                        system_attention_0_0_fa_signed_mult_comb_1058 |         17 |         17 |       0 |    0 |      0 |      0 |      0 |    0 |          1 |
|               g_pe_row[5].g_pe_col[27].u_pe                                               |                                system_attention_0_0_fsa_fused_pe_895 |        204 |        204 |       0 |    0 |    170 |      0 |      0 |    0 |          1 |
|                 (g_pe_row[5].g_pe_col[27].u_pe)                                           |                                system_attention_0_0_fsa_fused_pe_895 |        190 |        190 |       0 |    0 |    170 |      0 |      0 |    0 |          0 |
|                 u_shared_multiplier                                                       |                        system_attention_0_0_fa_signed_mult_comb_1057 |         14 |         14 |       0 |    0 |      0 |      0 |      0 |    0 |          1 |
|               g_pe_row[5].g_pe_col[28].u_pe                                               |                                system_attention_0_0_fsa_fused_pe_896 |        210 |        210 |       0 |    0 |    170 |      0 |      0 |    0 |          1 |
|                 (g_pe_row[5].g_pe_col[28].u_pe)                                           |                                system_attention_0_0_fsa_fused_pe_896 |        191 |        191 |       0 |    0 |    170 |      0 |      0 |    0 |          0 |
|                 u_shared_multiplier                                                       |                        system_attention_0_0_fa_signed_mult_comb_1056 |         19 |         19 |       0 |    0 |      0 |      0 |      0 |    0 |          1 |
|               g_pe_row[5].g_pe_col[29].u_pe                                               |                                system_attention_0_0_fsa_fused_pe_897 |        204 |        204 |       0 |    0 |    170 |      0 |      0 |    0 |          1 |
|                 (g_pe_row[5].g_pe_col[29].u_pe)                                           |                                system_attention_0_0_fsa_fused_pe_897 |        190 |        190 |       0 |    0 |    170 |      0 |      0 |    0 |          0 |
|                 u_shared_multiplier                                                       |                        system_attention_0_0_fa_signed_mult_comb_1055 |         14 |         14 |       0 |    0 |      0 |      0 |      0 |    0 |          1 |
|               g_pe_row[5].g_pe_col[2].u_pe                                                |                                system_attention_0_0_fsa_fused_pe_898 |        219 |        219 |       0 |    0 |    170 |      0 |      0 |    0 |          1 |
|                 (g_pe_row[5].g_pe_col[2].u_pe)                                            |                                system_attention_0_0_fsa_fused_pe_898 |        195 |        195 |       0 |    0 |    170 |      0 |      0 |    0 |          0 |
|                 u_shared_multiplier                                                       |                        system_attention_0_0_fa_signed_mult_comb_1054 |         24 |         24 |       0 |    0 |      0 |      0 |      0 |    0 |          1 |
|               g_pe_row[5].g_pe_col[30].u_pe                                               |                                system_attention_0_0_fsa_fused_pe_899 |        243 |        243 |       0 |    0 |    170 |      0 |      0 |    0 |          1 |
|                 (g_pe_row[5].g_pe_col[30].u_pe)                                           |                                system_attention_0_0_fsa_fused_pe_899 |        217 |        217 |       0 |    0 |    170 |      0 |      0 |    0 |          0 |
|                 u_shared_multiplier                                                       |                        system_attention_0_0_fa_signed_mult_comb_1053 |         26 |         26 |       0 |    0 |      0 |      0 |      0 |    0 |          1 |
|               g_pe_row[5].g_pe_col[31].u_pe                                               |                                system_attention_0_0_fsa_fused_pe_900 |        122 |        122 |       0 |    0 |    161 |      0 |      0 |    0 |          1 |
|                 (g_pe_row[5].g_pe_col[31].u_pe)                                           |                                system_attention_0_0_fsa_fused_pe_900 |        113 |        113 |       0 |    0 |    161 |      0 |      0 |    0 |          0 |
|                 u_shared_multiplier                                                       |                        system_attention_0_0_fa_signed_mult_comb_1052 |          9 |          9 |       0 |    0 |      0 |      0 |      0 |    0 |          1 |
|               g_pe_row[5].g_pe_col[3].u_pe                                                |                                system_attention_0_0_fsa_fused_pe_901 |        222 |        222 |       0 |    0 |    170 |      0 |      0 |    0 |          1 |
|                 (g_pe_row[5].g_pe_col[3].u_pe)                                            |                                system_attention_0_0_fsa_fused_pe_901 |        196 |        196 |       0 |    0 |    170 |      0 |      0 |    0 |          0 |
|                 u_shared_multiplier                                                       |                        system_attention_0_0_fa_signed_mult_comb_1051 |         26 |         26 |       0 |    0 |      0 |      0 |      0 |    0 |          1 |
|               g_pe_row[5].g_pe_col[4].u_pe                                                |                                system_attention_0_0_fsa_fused_pe_902 |        229 |        229 |       0 |    0 |    170 |      0 |      0 |    0 |          1 |
|                 (g_pe_row[5].g_pe_col[4].u_pe)                                            |                                system_attention_0_0_fsa_fused_pe_902 |        196 |        196 |       0 |    0 |    170 |      0 |      0 |    0 |          0 |
|                 u_shared_multiplier                                                       |                        system_attention_0_0_fa_signed_mult_comb_1050 |         33 |         33 |       0 |    0 |      0 |      0 |      0 |    0 |          1 |
|               g_pe_row[5].g_pe_col[5].u_pe                                                |                                system_attention_0_0_fsa_fused_pe_903 |        228 |        228 |       0 |    0 |    170 |      0 |      0 |    0 |          1 |
|                 (g_pe_row[5].g_pe_col[5].u_pe)                                            |                                system_attention_0_0_fsa_fused_pe_903 |        196 |        196 |       0 |    0 |    170 |      0 |      0 |    0 |          0 |
|                 u_shared_multiplier                                                       |                        system_attention_0_0_fa_signed_mult_comb_1049 |         32 |         32 |       0 |    0 |      0 |      0 |      0 |    0 |          1 |
|               g_pe_row[5].g_pe_col[6].u_pe                                                |                                system_attention_0_0_fsa_fused_pe_904 |        246 |        246 |       0 |    0 |    170 |      0 |      0 |    0 |          1 |
|                 (g_pe_row[5].g_pe_col[6].u_pe)                                            |                                system_attention_0_0_fsa_fused_pe_904 |        212 |        212 |       0 |    0 |    170 |      0 |      0 |    0 |          0 |
|                 u_shared_multiplier                                                       |                        system_attention_0_0_fa_signed_mult_comb_1048 |         34 |         34 |       0 |    0 |      0 |      0 |      0 |    0 |          1 |
|               g_pe_row[5].g_pe_col[7].u_pe                                                |                                system_attention_0_0_fsa_fused_pe_905 |        230 |        230 |       0 |    0 |    170 |      0 |      0 |    0 |          1 |
|                 (g_pe_row[5].g_pe_col[7].u_pe)                                            |                                system_attention_0_0_fsa_fused_pe_905 |        196 |        196 |       0 |    0 |    170 |      0 |      0 |    0 |          0 |
|                 u_shared_multiplier                                                       |                        system_attention_0_0_fa_signed_mult_comb_1047 |         34 |         34 |       0 |    0 |      0 |      0 |      0 |    0 |          1 |
|               g_pe_row[5].g_pe_col[8].u_pe                                                |                                system_attention_0_0_fsa_fused_pe_906 |        225 |        225 |       0 |    0 |    170 |      0 |      0 |    0 |          1 |
|                 (g_pe_row[5].g_pe_col[8].u_pe)                                            |                                system_attention_0_0_fsa_fused_pe_906 |        196 |        196 |       0 |    0 |    170 |      0 |      0 |    0 |          0 |
|                 u_shared_multiplier                                                       |                        system_attention_0_0_fa_signed_mult_comb_1046 |         29 |         29 |       0 |    0 |      0 |      0 |      0 |    0 |          1 |
|               g_pe_row[5].g_pe_col[9].u_pe                                                |                                system_attention_0_0_fsa_fused_pe_907 |        225 |        225 |       0 |    0 |    170 |      0 |      0 |    0 |          1 |
|                 (g_pe_row[5].g_pe_col[9].u_pe)                                            |                                system_attention_0_0_fsa_fused_pe_907 |        196 |        196 |       0 |    0 |    170 |      0 |      0 |    0 |          0 |
|                 u_shared_multiplier                                                       |                        system_attention_0_0_fa_signed_mult_comb_1045 |         29 |         29 |       0 |    0 |      0 |      0 |      0 |    0 |          1 |
|               g_pe_row[6].g_pe_col[0].u_pe                                                |                                system_attention_0_0_fsa_fused_pe_908 |        330 |        330 |       0 |    0 |    137 |      0 |      0 |    0 |          1 |
|                 (g_pe_row[6].g_pe_col[0].u_pe)                                            |                                system_attention_0_0_fsa_fused_pe_908 |        232 |        232 |       0 |    0 |    137 |      0 |      0 |    0 |          0 |
|                 u_shared_multiplier                                                       |                        system_attention_0_0_fa_signed_mult_comb_1044 |         98 |         98 |       0 |    0 |      0 |      0 |      0 |    0 |          1 |
|               g_pe_row[6].g_pe_col[10].u_pe                                               |                                system_attention_0_0_fsa_fused_pe_909 |        212 |        212 |       0 |    0 |    170 |      0 |      0 |    0 |          1 |
|                 (g_pe_row[6].g_pe_col[10].u_pe)                                           |                                system_attention_0_0_fsa_fused_pe_909 |        195 |        195 |       0 |    0 |    170 |      0 |      0 |    0 |          0 |
|                 u_shared_multiplier                                                       |                        system_attention_0_0_fa_signed_mult_comb_1043 |         18 |         18 |       0 |    0 |      0 |      0 |      0 |    0 |          1 |
|               g_pe_row[6].g_pe_col[11].u_pe                                               |                                system_attention_0_0_fsa_fused_pe_910 |        212 |        212 |       0 |    0 |    170 |      0 |      0 |    0 |          1 |
|                 (g_pe_row[6].g_pe_col[11].u_pe)                                           |                                system_attention_0_0_fsa_fused_pe_910 |        195 |        195 |       0 |    0 |    170 |      0 |      0 |    0 |          0 |
|                 u_shared_multiplier                                                       |                        system_attention_0_0_fa_signed_mult_comb_1042 |         18 |         18 |       0 |    0 |      0 |      0 |      0 |    0 |          1 |
|               g_pe_row[6].g_pe_col[12].u_pe                                               |                                system_attention_0_0_fsa_fused_pe_911 |        212 |        212 |       0 |    0 |    170 |      0 |      0 |    0 |          1 |
|                 (g_pe_row[6].g_pe_col[12].u_pe)                                           |                                system_attention_0_0_fsa_fused_pe_911 |        195 |        195 |       0 |    0 |    170 |      0 |      0 |    0 |          0 |
|                 u_shared_multiplier                                                       |                        system_attention_0_0_fa_signed_mult_comb_1041 |         18 |         18 |       0 |    0 |      0 |      0 |      0 |    0 |          1 |
|               g_pe_row[6].g_pe_col[13].u_pe                                               |                                system_attention_0_0_fsa_fused_pe_912 |        215 |        215 |       0 |    0 |    170 |      0 |      0 |    0 |          1 |
|                 (g_pe_row[6].g_pe_col[13].u_pe)                                           |                                system_attention_0_0_fsa_fused_pe_912 |        196 |        196 |       0 |    0 |    170 |      0 |      0 |    0 |          0 |
|                 u_shared_multiplier                                                       |                        system_attention_0_0_fa_signed_mult_comb_1040 |         20 |         20 |       0 |    0 |      0 |      0 |      0 |    0 |          1 |
|               g_pe_row[6].g_pe_col[14].u_pe                                               |                                system_attention_0_0_fsa_fused_pe_913 |        228 |        228 |       0 |    0 |    170 |      0 |      0 |    0 |          1 |
|                 (g_pe_row[6].g_pe_col[14].u_pe)                                           |                                system_attention_0_0_fsa_fused_pe_913 |        211 |        211 |       0 |    0 |    170 |      0 |      0 |    0 |          0 |
|                 u_shared_multiplier                                                       |                        system_attention_0_0_fa_signed_mult_comb_1039 |         18 |         18 |       0 |    0 |      0 |      0 |      0 |    0 |          1 |
|               g_pe_row[6].g_pe_col[15].u_pe                                               |                                system_attention_0_0_fsa_fused_pe_914 |        213 |        213 |       0 |    0 |    170 |      0 |      0 |    0 |          1 |
|                 (g_pe_row[6].g_pe_col[15].u_pe)                                           |                                system_attention_0_0_fsa_fused_pe_914 |        195 |        195 |       0 |    0 |    170 |      0 |      0 |    0 |          0 |
|                 u_shared_multiplier                                                       |                        system_attention_0_0_fa_signed_mult_comb_1038 |         18 |         18 |       0 |    0 |      0 |      0 |      0 |    0 |          1 |
|               g_pe_row[6].g_pe_col[16].u_pe                                               |                                system_attention_0_0_fsa_fused_pe_915 |        214 |        214 |       0 |    0 |    170 |      0 |      0 |    0 |          1 |
|                 (g_pe_row[6].g_pe_col[16].u_pe)                                           |                                system_attention_0_0_fsa_fused_pe_915 |        196 |        196 |       0 |    0 |    170 |      0 |      0 |    0 |          0 |
|                 u_shared_multiplier                                                       |                        system_attention_0_0_fa_signed_mult_comb_1037 |         18 |         18 |       0 |    0 |      0 |      0 |      0 |    0 |          1 |
|               g_pe_row[6].g_pe_col[17].u_pe                                               |                                system_attention_0_0_fsa_fused_pe_916 |        215 |        215 |       0 |    0 |    170 |      0 |      0 |    0 |          1 |
|                 (g_pe_row[6].g_pe_col[17].u_pe)                                           |                                system_attention_0_0_fsa_fused_pe_916 |        196 |        196 |       0 |    0 |    170 |      0 |      0 |    0 |          0 |
|                 u_shared_multiplier                                                       |                        system_attention_0_0_fa_signed_mult_comb_1036 |         20 |         20 |       0 |    0 |      0 |      0 |      0 |    0 |          1 |
|               g_pe_row[6].g_pe_col[18].u_pe                                               |                                system_attention_0_0_fsa_fused_pe_917 |        213 |        213 |       0 |    0 |    170 |      0 |      0 |    0 |          1 |
|                 (g_pe_row[6].g_pe_col[18].u_pe)                                           |                                system_attention_0_0_fsa_fused_pe_917 |        195 |        195 |       0 |    0 |    170 |      0 |      0 |    0 |          0 |
|                 u_shared_multiplier                                                       |                        system_attention_0_0_fa_signed_mult_comb_1035 |         18 |         18 |       0 |    0 |      0 |      0 |      0 |    0 |          1 |
|               g_pe_row[6].g_pe_col[19].u_pe                                               |                                system_attention_0_0_fsa_fused_pe_918 |        213 |        213 |       0 |    0 |    170 |      0 |      0 |    0 |          1 |
|                 (g_pe_row[6].g_pe_col[19].u_pe)                                           |                                system_attention_0_0_fsa_fused_pe_918 |        195 |        195 |       0 |    0 |    170 |      0 |      0 |    0 |          0 |
|                 u_shared_multiplier                                                       |                        system_attention_0_0_fa_signed_mult_comb_1034 |         18 |         18 |       0 |    0 |      0 |      0 |      0 |    0 |          1 |
|               g_pe_row[6].g_pe_col[1].u_pe                                                |                                system_attention_0_0_fsa_fused_pe_919 |        251 |        251 |       0 |    0 |    170 |      0 |      0 |    0 |          1 |
|                 (g_pe_row[6].g_pe_col[1].u_pe)                                            |                                system_attention_0_0_fsa_fused_pe_919 |        221 |        221 |       0 |    0 |    170 |      0 |      0 |    0 |          0 |
|                 u_shared_multiplier                                                       |                        system_attention_0_0_fa_signed_mult_comb_1033 |         31 |         31 |       0 |    0 |      0 |      0 |      0 |    0 |          1 |
|               g_pe_row[6].g_pe_col[20].u_pe                                               |                                system_attention_0_0_fsa_fused_pe_920 |        216 |        216 |       0 |    0 |    170 |      0 |      0 |    0 |          1 |
|                 (g_pe_row[6].g_pe_col[20].u_pe)                                           |                                system_attention_0_0_fsa_fused_pe_920 |        196 |        196 |       0 |    0 |    170 |      0 |      0 |    0 |          0 |
|                 u_shared_multiplier                                                       |                        system_attention_0_0_fa_signed_mult_comb_1032 |         20 |         20 |       0 |    0 |      0 |      0 |      0 |    0 |          1 |
|               g_pe_row[6].g_pe_col[21].u_pe                                               |                                system_attention_0_0_fsa_fused_pe_921 |        213 |        213 |       0 |    0 |    170 |      0 |      0 |    0 |          1 |
|                 (g_pe_row[6].g_pe_col[21].u_pe)                                           |                                system_attention_0_0_fsa_fused_pe_921 |        195 |        195 |       0 |    0 |    170 |      0 |      0 |    0 |          0 |
|                 u_shared_multiplier                                                       |                        system_attention_0_0_fa_signed_mult_comb_1031 |         18 |         18 |       0 |    0 |      0 |      0 |      0 |    0 |          1 |
|               g_pe_row[6].g_pe_col[22].u_pe                                               |                                system_attention_0_0_fsa_fused_pe_922 |        229 |        229 |       0 |    0 |    170 |      0 |      0 |    0 |          1 |
|                 (g_pe_row[6].g_pe_col[22].u_pe)                                           |                                system_attention_0_0_fsa_fused_pe_922 |        211 |        211 |       0 |    0 |    170 |      0 |      0 |    0 |          0 |
|                 u_shared_multiplier                                                       |                        system_attention_0_0_fa_signed_mult_comb_1030 |         18 |         18 |       0 |    0 |      0 |      0 |      0 |    0 |          1 |
|               g_pe_row[6].g_pe_col[23].u_pe                                               |                                system_attention_0_0_fsa_fused_pe_923 |        214 |        214 |       0 |    0 |    170 |      0 |      0 |    0 |          1 |
|                 (g_pe_row[6].g_pe_col[23].u_pe)                                           |                                system_attention_0_0_fsa_fused_pe_923 |        196 |        196 |       0 |    0 |    170 |      0 |      0 |    0 |          0 |
|                 u_shared_multiplier                                                       |                        system_attention_0_0_fa_signed_mult_comb_1029 |         18 |         18 |       0 |    0 |      0 |      0 |      0 |    0 |          1 |
|               g_pe_row[6].g_pe_col[24].u_pe                                               |                                system_attention_0_0_fsa_fused_pe_924 |        215 |        215 |       0 |    0 |    170 |      0 |      0 |    0 |          1 |
|                 (g_pe_row[6].g_pe_col[24].u_pe)                                           |                                system_attention_0_0_fsa_fused_pe_924 |        196 |        196 |       0 |    0 |    170 |      0 |      0 |    0 |          0 |
|                 u_shared_multiplier                                                       |                        system_attention_0_0_fa_signed_mult_comb_1028 |         19 |         19 |       0 |    0 |      0 |      0 |      0 |    0 |          1 |
|               g_pe_row[6].g_pe_col[25].u_pe                                               |                                system_attention_0_0_fsa_fused_pe_925 |        214 |        214 |       0 |    0 |    170 |      0 |      0 |    0 |          1 |
|                 (g_pe_row[6].g_pe_col[25].u_pe)                                           |                                system_attention_0_0_fsa_fused_pe_925 |        195 |        195 |       0 |    0 |    170 |      0 |      0 |    0 |          0 |
|                 u_shared_multiplier                                                       |                        system_attention_0_0_fa_signed_mult_comb_1027 |         19 |         19 |       0 |    0 |      0 |      0 |      0 |    0 |          1 |
|               g_pe_row[6].g_pe_col[26].u_pe                                               |                                system_attention_0_0_fsa_fused_pe_926 |        213 |        213 |       0 |    0 |    170 |      0 |      0 |    0 |          1 |
|                 (g_pe_row[6].g_pe_col[26].u_pe)                                           |                                system_attention_0_0_fsa_fused_pe_926 |        195 |        195 |       0 |    0 |    170 |      0 |      0 |    0 |          0 |
|                 u_shared_multiplier                                                       |                        system_attention_0_0_fa_signed_mult_comb_1026 |         18 |         18 |       0 |    0 |      0 |      0 |      0 |    0 |          1 |
|               g_pe_row[6].g_pe_col[27].u_pe                                               |                                system_attention_0_0_fsa_fused_pe_927 |        212 |        212 |       0 |    0 |    170 |      0 |      0 |    0 |          1 |
|                 (g_pe_row[6].g_pe_col[27].u_pe)                                           |                                system_attention_0_0_fsa_fused_pe_927 |        195 |        195 |       0 |    0 |    170 |      0 |      0 |    0 |          0 |
|                 u_shared_multiplier                                                       |                        system_attention_0_0_fa_signed_mult_comb_1025 |         18 |         18 |       0 |    0 |      0 |      0 |      0 |    0 |          1 |
|               g_pe_row[6].g_pe_col[28].u_pe                                               |                                system_attention_0_0_fsa_fused_pe_928 |        212 |        212 |       0 |    0 |    170 |      0 |      0 |    0 |          1 |
|                 (g_pe_row[6].g_pe_col[28].u_pe)                                           |                                system_attention_0_0_fsa_fused_pe_928 |        195 |        195 |       0 |    0 |    170 |      0 |      0 |    0 |          0 |
|                 u_shared_multiplier                                                       |                        system_attention_0_0_fa_signed_mult_comb_1024 |         18 |         18 |       0 |    0 |      0 |      0 |      0 |    0 |          1 |
|               g_pe_row[6].g_pe_col[29].u_pe                                               |                                system_attention_0_0_fsa_fused_pe_929 |        212 |        212 |       0 |    0 |    170 |      0 |      0 |    0 |          1 |
|                 (g_pe_row[6].g_pe_col[29].u_pe)                                           |                                system_attention_0_0_fsa_fused_pe_929 |        195 |        195 |       0 |    0 |    170 |      0 |      0 |    0 |          0 |
|                 u_shared_multiplier                                                       |                        system_attention_0_0_fa_signed_mult_comb_1023 |         18 |         18 |       0 |    0 |      0 |      0 |      0 |    0 |          1 |
|               g_pe_row[6].g_pe_col[2].u_pe                                                |                                system_attention_0_0_fsa_fused_pe_930 |        211 |        211 |       0 |    0 |    170 |      0 |      0 |    0 |          1 |
|                 (g_pe_row[6].g_pe_col[2].u_pe)                                            |                                system_attention_0_0_fsa_fused_pe_930 |        194 |        194 |       0 |    0 |    170 |      0 |      0 |    0 |          0 |
|                 u_shared_multiplier                                                       |                        system_attention_0_0_fa_signed_mult_comb_1022 |         18 |         18 |       0 |    0 |      0 |      0 |      0 |    0 |          1 |
|               g_pe_row[6].g_pe_col[30].u_pe                                               |                                system_attention_0_0_fsa_fused_pe_931 |        234 |        234 |       0 |    0 |    170 |      0 |      0 |    0 |          1 |
|                 (g_pe_row[6].g_pe_col[30].u_pe)                                           |                                system_attention_0_0_fsa_fused_pe_931 |        217 |        217 |       0 |    0 |    170 |      0 |      0 |    0 |          0 |
|                 u_shared_multiplier                                                       |                        system_attention_0_0_fa_signed_mult_comb_1021 |         18 |         18 |       0 |    0 |      0 |      0 |      0 |    0 |          1 |
|               g_pe_row[6].g_pe_col[31].u_pe                                               |                                system_attention_0_0_fsa_fused_pe_932 |        119 |        119 |       0 |    0 |    161 |      0 |      0 |    0 |          1 |
|                 (g_pe_row[6].g_pe_col[31].u_pe)                                           |                                system_attention_0_0_fsa_fused_pe_932 |        114 |        114 |       0 |    0 |    161 |      0 |      0 |    0 |          0 |
|                 u_shared_multiplier                                                       |                        system_attention_0_0_fa_signed_mult_comb_1020 |          5 |          5 |       0 |    0 |      0 |      0 |      0 |    0 |          1 |
|               g_pe_row[6].g_pe_col[3].u_pe                                                |                                system_attention_0_0_fsa_fused_pe_933 |        218 |        218 |       0 |    0 |    170 |      0 |      0 |    0 |          1 |
|                 (g_pe_row[6].g_pe_col[3].u_pe)                                            |                                system_attention_0_0_fsa_fused_pe_933 |        196 |        196 |       0 |    0 |    170 |      0 |      0 |    0 |          0 |
|                 u_shared_multiplier                                                       |                        system_attention_0_0_fa_signed_mult_comb_1019 |         23 |         23 |       0 |    0 |      0 |      0 |      0 |    0 |          1 |
|               g_pe_row[6].g_pe_col[4].u_pe                                                |                                system_attention_0_0_fsa_fused_pe_934 |        212 |        212 |       0 |    0 |    170 |      0 |      0 |    0 |          1 |
|                 (g_pe_row[6].g_pe_col[4].u_pe)                                            |                                system_attention_0_0_fsa_fused_pe_934 |        195 |        195 |       0 |    0 |    170 |      0 |      0 |    0 |          0 |
|                 u_shared_multiplier                                                       |                        system_attention_0_0_fa_signed_mult_comb_1018 |         18 |         18 |       0 |    0 |      0 |      0 |      0 |    0 |          1 |
|               g_pe_row[6].g_pe_col[5].u_pe                                                |                                system_attention_0_0_fsa_fused_pe_935 |        219 |        219 |       0 |    0 |    170 |      0 |      0 |    0 |          1 |
|                 (g_pe_row[6].g_pe_col[5].u_pe)                                            |                                system_attention_0_0_fsa_fused_pe_935 |        196 |        196 |       0 |    0 |    170 |      0 |      0 |    0 |          0 |
|                 u_shared_multiplier                                                       |                        system_attention_0_0_fa_signed_mult_comb_1017 |         23 |         23 |       0 |    0 |      0 |      0 |      0 |    0 |          1 |
|               g_pe_row[6].g_pe_col[6].u_pe                                                |                                system_attention_0_0_fsa_fused_pe_936 |        228 |        228 |       0 |    0 |    170 |      0 |      0 |    0 |          1 |
|                 (g_pe_row[6].g_pe_col[6].u_pe)                                            |                                system_attention_0_0_fsa_fused_pe_936 |        211 |        211 |       0 |    0 |    170 |      0 |      0 |    0 |          0 |
|                 u_shared_multiplier                                                       |                        system_attention_0_0_fa_signed_mult_comb_1016 |         18 |         18 |       0 |    0 |      0 |      0 |      0 |    0 |          1 |
|               g_pe_row[6].g_pe_col[7].u_pe                                                |                                system_attention_0_0_fsa_fused_pe_937 |        212 |        212 |       0 |    0 |    170 |      0 |      0 |    0 |          1 |
|                 (g_pe_row[6].g_pe_col[7].u_pe)                                            |                                system_attention_0_0_fsa_fused_pe_937 |        195 |        195 |       0 |    0 |    170 |      0 |      0 |    0 |          0 |
|                 u_shared_multiplier                                                       |                        system_attention_0_0_fa_signed_mult_comb_1015 |         18 |         18 |       0 |    0 |      0 |      0 |      0 |    0 |          1 |
|               g_pe_row[6].g_pe_col[8].u_pe                                                |                                system_attention_0_0_fsa_fused_pe_938 |        212 |        212 |       0 |    0 |    170 |      0 |      0 |    0 |          1 |
|                 (g_pe_row[6].g_pe_col[8].u_pe)                                            |                                system_attention_0_0_fsa_fused_pe_938 |        195 |        195 |       0 |    0 |    170 |      0 |      0 |    0 |          0 |
|                 u_shared_multiplier                                                       |                        system_attention_0_0_fa_signed_mult_comb_1014 |         18 |         18 |       0 |    0 |      0 |      0 |      0 |    0 |          1 |
|               g_pe_row[6].g_pe_col[9].u_pe                                                |                                system_attention_0_0_fsa_fused_pe_939 |        212 |        212 |       0 |    0 |    170 |      0 |      0 |    0 |          1 |
|                 (g_pe_row[6].g_pe_col[9].u_pe)                                            |                                system_attention_0_0_fsa_fused_pe_939 |        195 |        195 |       0 |    0 |    170 |      0 |      0 |    0 |          0 |
|                 u_shared_multiplier                                                       |                        system_attention_0_0_fa_signed_mult_comb_1013 |         18 |         18 |       0 |    0 |      0 |      0 |      0 |    0 |          1 |
|               g_pe_row[7].g_pe_col[0].u_pe                                                |                                system_attention_0_0_fsa_fused_pe_940 |        328 |        328 |       0 |    0 |    137 |      0 |      0 |    0 |          1 |
|                 (g_pe_row[7].g_pe_col[0].u_pe)                                            |                                system_attention_0_0_fsa_fused_pe_940 |        243 |        243 |       0 |    0 |    137 |      0 |      0 |    0 |          0 |
|                 u_shared_multiplier                                                       |                        system_attention_0_0_fa_signed_mult_comb_1012 |         85 |         85 |       0 |    0 |      0 |      0 |      0 |    0 |          1 |
|               g_pe_row[7].g_pe_col[10].u_pe                                               |                                system_attention_0_0_fsa_fused_pe_941 |        211 |        211 |       0 |    0 |    170 |      0 |      0 |    0 |          1 |
|                 (g_pe_row[7].g_pe_col[10].u_pe)                                           |                                system_attention_0_0_fsa_fused_pe_941 |        194 |        194 |       0 |    0 |    170 |      0 |      0 |    0 |          0 |
|                 u_shared_multiplier                                                       |                        system_attention_0_0_fa_signed_mult_comb_1011 |         18 |         18 |       0 |    0 |      0 |      0 |      0 |    0 |          1 |
|               g_pe_row[7].g_pe_col[11].u_pe                                               |                                system_attention_0_0_fsa_fused_pe_942 |        211 |        211 |       0 |    0 |    170 |      0 |      0 |    0 |          1 |
|                 (g_pe_row[7].g_pe_col[11].u_pe)                                           |                                system_attention_0_0_fsa_fused_pe_942 |        194 |        194 |       0 |    0 |    170 |      0 |      0 |    0 |          0 |
|                 u_shared_multiplier                                                       |                        system_attention_0_0_fa_signed_mult_comb_1010 |         18 |         18 |       0 |    0 |      0 |      0 |      0 |    0 |          1 |
|               g_pe_row[7].g_pe_col[12].u_pe                                               |                                system_attention_0_0_fsa_fused_pe_943 |        212 |        212 |       0 |    0 |    170 |      0 |      0 |    0 |          1 |
|                 (g_pe_row[7].g_pe_col[12].u_pe)                                           |                                system_attention_0_0_fsa_fused_pe_943 |        194 |        194 |       0 |    0 |    170 |      0 |      0 |    0 |          0 |
|                 u_shared_multiplier                                                       |                        system_attention_0_0_fa_signed_mult_comb_1009 |         18 |         18 |       0 |    0 |      0 |      0 |      0 |    0 |          1 |
|               g_pe_row[7].g_pe_col[13].u_pe                                               |                                system_attention_0_0_fsa_fused_pe_944 |        211 |        211 |       0 |    0 |    170 |      0 |      0 |    0 |          1 |
|                 (g_pe_row[7].g_pe_col[13].u_pe)                                           |                                system_attention_0_0_fsa_fused_pe_944 |        194 |        194 |       0 |    0 |    170 |      0 |      0 |    0 |          0 |
|                 u_shared_multiplier                                                       |                        system_attention_0_0_fa_signed_mult_comb_1008 |         18 |         18 |       0 |    0 |      0 |      0 |      0 |    0 |          1 |
|               g_pe_row[7].g_pe_col[14].u_pe                                               |                                system_attention_0_0_fsa_fused_pe_945 |        229 |        229 |       0 |    0 |    170 |      0 |      0 |    0 |          1 |
|                 (g_pe_row[7].g_pe_col[14].u_pe)                                           |                                system_attention_0_0_fsa_fused_pe_945 |        212 |        212 |       0 |    0 |    170 |      0 |      0 |    0 |          0 |
|                 u_shared_multiplier                                                       |                        system_attention_0_0_fa_signed_mult_comb_1007 |         18 |         18 |       0 |    0 |      0 |      0 |      0 |    0 |          1 |
|               g_pe_row[7].g_pe_col[15].u_pe                                               |                                system_attention_0_0_fsa_fused_pe_946 |        211 |        211 |       0 |    0 |    170 |      0 |      0 |    0 |          1 |
|                 (g_pe_row[7].g_pe_col[15].u_pe)                                           |                                system_attention_0_0_fsa_fused_pe_946 |        194 |        194 |       0 |    0 |    170 |      0 |      0 |    0 |          0 |
|                 u_shared_multiplier                                                       |                        system_attention_0_0_fa_signed_mult_comb_1006 |         18 |         18 |       0 |    0 |      0 |      0 |      0 |    0 |          1 |
|               g_pe_row[7].g_pe_col[16].u_pe                                               |                                system_attention_0_0_fsa_fused_pe_947 |        211 |        211 |       0 |    0 |    170 |      0 |      0 |    0 |          1 |
|                 (g_pe_row[7].g_pe_col[16].u_pe)                                           |                                system_attention_0_0_fsa_fused_pe_947 |        194 |        194 |       0 |    0 |    170 |      0 |      0 |    0 |          0 |
|                 u_shared_multiplier                                                       |                        system_attention_0_0_fa_signed_mult_comb_1005 |         18 |         18 |       0 |    0 |      0 |      0 |      0 |    0 |          1 |
|               g_pe_row[7].g_pe_col[17].u_pe                                               |                                system_attention_0_0_fsa_fused_pe_948 |        211 |        211 |       0 |    0 |    170 |      0 |      0 |    0 |          1 |
|                 (g_pe_row[7].g_pe_col[17].u_pe)                                           |                                system_attention_0_0_fsa_fused_pe_948 |        194 |        194 |       0 |    0 |    170 |      0 |      0 |    0 |          0 |
|                 u_shared_multiplier                                                       |                        system_attention_0_0_fa_signed_mult_comb_1004 |         18 |         18 |       0 |    0 |      0 |      0 |      0 |    0 |          1 |
|               g_pe_row[7].g_pe_col[18].u_pe                                               |                                system_attention_0_0_fsa_fused_pe_949 |        212 |        212 |       0 |    0 |    170 |      0 |      0 |    0 |          1 |
|                 (g_pe_row[7].g_pe_col[18].u_pe)                                           |                                system_attention_0_0_fsa_fused_pe_949 |        194 |        194 |       0 |    0 |    170 |      0 |      0 |    0 |          0 |
|                 u_shared_multiplier                                                       |                        system_attention_0_0_fa_signed_mult_comb_1003 |         18 |         18 |       0 |    0 |      0 |      0 |      0 |    0 |          1 |
|               g_pe_row[7].g_pe_col[19].u_pe                                               |                                system_attention_0_0_fsa_fused_pe_950 |        211 |        211 |       0 |    0 |    170 |      0 |      0 |    0 |          1 |
|                 (g_pe_row[7].g_pe_col[19].u_pe)                                           |                                system_attention_0_0_fsa_fused_pe_950 |        194 |        194 |       0 |    0 |    170 |      0 |      0 |    0 |          0 |
|                 u_shared_multiplier                                                       |                        system_attention_0_0_fa_signed_mult_comb_1002 |         18 |         18 |       0 |    0 |      0 |      0 |      0 |    0 |          1 |
|               g_pe_row[7].g_pe_col[1].u_pe                                                |                                system_attention_0_0_fsa_fused_pe_951 |        237 |        237 |       0 |    0 |    170 |      0 |      0 |    0 |          1 |
|                 (g_pe_row[7].g_pe_col[1].u_pe)                                            |                                system_attention_0_0_fsa_fused_pe_951 |        220 |        220 |       0 |    0 |    170 |      0 |      0 |    0 |          0 |
|                 u_shared_multiplier                                                       |                        system_attention_0_0_fa_signed_mult_comb_1001 |         18 |         18 |       0 |    0 |      0 |      0 |      0 |    0 |          1 |
|               g_pe_row[7].g_pe_col[20].u_pe                                               |                                system_attention_0_0_fsa_fused_pe_952 |        212 |        212 |       0 |    0 |    170 |      0 |      0 |    0 |          1 |
|                 (g_pe_row[7].g_pe_col[20].u_pe)                                           |                                system_attention_0_0_fsa_fused_pe_952 |        194 |        194 |       0 |    0 |    170 |      0 |      0 |    0 |          0 |
|                 u_shared_multiplier                                                       |                        system_attention_0_0_fa_signed_mult_comb_1000 |         19 |         19 |       0 |    0 |      0 |      0 |      0 |    0 |          1 |
|               g_pe_row[7].g_pe_col[21].u_pe                                               |                                system_attention_0_0_fsa_fused_pe_953 |        212 |        212 |       0 |    0 |    170 |      0 |      0 |    0 |          1 |
|                 (g_pe_row[7].g_pe_col[21].u_pe)                                           |                                system_attention_0_0_fsa_fused_pe_953 |        195 |        195 |       0 |    0 |    170 |      0 |      0 |    0 |          0 |
|                 u_shared_multiplier                                                       |                         system_attention_0_0_fa_signed_mult_comb_999 |         18 |         18 |       0 |    0 |      0 |      0 |      0 |    0 |          1 |
|               g_pe_row[7].g_pe_col[22].u_pe                                               |                                system_attention_0_0_fsa_fused_pe_954 |        227 |        227 |       0 |    0 |    170 |      0 |      0 |    0 |          1 |
|                 (g_pe_row[7].g_pe_col[22].u_pe)                                           |                                system_attention_0_0_fsa_fused_pe_954 |        210 |        210 |       0 |    0 |    170 |      0 |      0 |    0 |          0 |
|                 u_shared_multiplier                                                       |                         system_attention_0_0_fa_signed_mult_comb_998 |         18 |         18 |       0 |    0 |      0 |      0 |      0 |    0 |          1 |
|               g_pe_row[7].g_pe_col[23].u_pe                                               |                                system_attention_0_0_fsa_fused_pe_955 |        213 |        213 |       0 |    0 |    170 |      0 |      0 |    0 |          1 |
|                 (g_pe_row[7].g_pe_col[23].u_pe)                                           |                                system_attention_0_0_fsa_fused_pe_955 |        195 |        195 |       0 |    0 |    170 |      0 |      0 |    0 |          0 |
|                 u_shared_multiplier                                                       |                         system_attention_0_0_fa_signed_mult_comb_997 |         18 |         18 |       0 |    0 |      0 |      0 |      0 |    0 |          1 |
|               g_pe_row[7].g_pe_col[24].u_pe                                               |                                system_attention_0_0_fsa_fused_pe_956 |        214 |        214 |       0 |    0 |    170 |      0 |      0 |    0 |          1 |
|                 (g_pe_row[7].g_pe_col[24].u_pe)                                           |                                system_attention_0_0_fsa_fused_pe_956 |        196 |        196 |       0 |    0 |    170 |      0 |      0 |    0 |          0 |
|                 u_shared_multiplier                                                       |                         system_attention_0_0_fa_signed_mult_comb_996 |         18 |         18 |       0 |    0 |      0 |      0 |      0 |    0 |          1 |
|               g_pe_row[7].g_pe_col[25].u_pe                                               |                                system_attention_0_0_fsa_fused_pe_957 |        214 |        214 |       0 |    0 |    170 |      0 |      0 |    0 |          1 |
|                 (g_pe_row[7].g_pe_col[25].u_pe)                                           |                                system_attention_0_0_fsa_fused_pe_957 |        196 |        196 |       0 |    0 |    170 |      0 |      0 |    0 |          0 |
|                 u_shared_multiplier                                                       |                         system_attention_0_0_fa_signed_mult_comb_995 |         18 |         18 |       0 |    0 |      0 |      0 |      0 |    0 |          1 |
|               g_pe_row[7].g_pe_col[26].u_pe                                               |                                system_attention_0_0_fsa_fused_pe_958 |        213 |        213 |       0 |    0 |    170 |      0 |      0 |    0 |          1 |
|                 (g_pe_row[7].g_pe_col[26].u_pe)                                           |                                system_attention_0_0_fsa_fused_pe_958 |        195 |        195 |       0 |    0 |    170 |      0 |      0 |    0 |          0 |
|                 u_shared_multiplier                                                       |                         system_attention_0_0_fa_signed_mult_comb_994 |         18 |         18 |       0 |    0 |      0 |      0 |      0 |    0 |          1 |
|               g_pe_row[7].g_pe_col[27].u_pe                                               |                                system_attention_0_0_fsa_fused_pe_959 |        213 |        213 |       0 |    0 |    170 |      0 |      0 |    0 |          1 |
|                 (g_pe_row[7].g_pe_col[27].u_pe)                                           |                                system_attention_0_0_fsa_fused_pe_959 |        195 |        195 |       0 |    0 |    170 |      0 |      0 |    0 |          0 |
|                 u_shared_multiplier                                                       |                         system_attention_0_0_fa_signed_mult_comb_993 |         18 |         18 |       0 |    0 |      0 |      0 |      0 |    0 |          1 |
|               g_pe_row[7].g_pe_col[28].u_pe                                               |                                system_attention_0_0_fsa_fused_pe_960 |        220 |        220 |       0 |    0 |    170 |      0 |      0 |    0 |          1 |
|                 (g_pe_row[7].g_pe_col[28].u_pe)                                           |                                system_attention_0_0_fsa_fused_pe_960 |        196 |        196 |       0 |    0 |    170 |      0 |      0 |    0 |          0 |
|                 u_shared_multiplier                                                       |                         system_attention_0_0_fa_signed_mult_comb_992 |         24 |         24 |       0 |    0 |      0 |      0 |      0 |    0 |          1 |
|               g_pe_row[7].g_pe_col[29].u_pe                                               |                                system_attention_0_0_fsa_fused_pe_961 |        227 |        227 |       0 |    0 |    170 |      0 |      0 |    0 |          1 |
|                 (g_pe_row[7].g_pe_col[29].u_pe)                                           |                                system_attention_0_0_fsa_fused_pe_961 |        208 |        208 |       0 |    0 |    170 |      0 |      0 |    0 |          0 |
|                 u_shared_multiplier                                                       |                         system_attention_0_0_fa_signed_mult_comb_991 |         20 |         20 |       0 |    0 |      0 |      0 |      0 |    0 |          1 |
|               g_pe_row[7].g_pe_col[2].u_pe                                                |                                system_attention_0_0_fsa_fused_pe_962 |        212 |        212 |       0 |    0 |    170 |      0 |      0 |    0 |          1 |
|                 (g_pe_row[7].g_pe_col[2].u_pe)                                            |                                system_attention_0_0_fsa_fused_pe_962 |        194 |        194 |       0 |    0 |    170 |      0 |      0 |    0 |          0 |
|                 u_shared_multiplier                                                       |                         system_attention_0_0_fa_signed_mult_comb_990 |         18 |         18 |       0 |    0 |      0 |      0 |      0 |    0 |          1 |
|               g_pe_row[7].g_pe_col[30].u_pe                                               |                                system_attention_0_0_fsa_fused_pe_963 |        248 |        248 |       0 |    0 |    170 |      0 |      0 |    0 |          1 |
|                 (g_pe_row[7].g_pe_col[30].u_pe)                                           |                                system_attention_0_0_fsa_fused_pe_963 |        235 |        235 |       0 |    0 |    170 |      0 |      0 |    0 |          0 |
|                 u_shared_multiplier                                                       |                         system_attention_0_0_fa_signed_mult_comb_989 |         14 |         14 |       0 |    0 |      0 |      0 |      0 |    0 |          1 |
|               g_pe_row[7].g_pe_col[31].u_pe                                               |                                system_attention_0_0_fsa_fused_pe_964 |        112 |        112 |       0 |    0 |    161 |      0 |      0 |    0 |          1 |
|                 (g_pe_row[7].g_pe_col[31].u_pe)                                           |                                system_attention_0_0_fsa_fused_pe_964 |        107 |        107 |       0 |    0 |    161 |      0 |      0 |    0 |          0 |
|                 u_shared_multiplier                                                       |                         system_attention_0_0_fa_signed_mult_comb_988 |          5 |          5 |       0 |    0 |      0 |      0 |      0 |    0 |          1 |
|               g_pe_row[7].g_pe_col[3].u_pe                                                |                                system_attention_0_0_fsa_fused_pe_965 |        212 |        212 |       0 |    0 |    170 |      0 |      0 |    0 |          1 |
|                 (g_pe_row[7].g_pe_col[3].u_pe)                                            |                                system_attention_0_0_fsa_fused_pe_965 |        194 |        194 |       0 |    0 |    170 |      0 |      0 |    0 |          0 |
|                 u_shared_multiplier                                                       |                         system_attention_0_0_fa_signed_mult_comb_987 |         18 |         18 |       0 |    0 |      0 |      0 |      0 |    0 |          1 |
|               g_pe_row[7].g_pe_col[4].u_pe                                                |                                system_attention_0_0_fsa_fused_pe_966 |        212 |        212 |       0 |    0 |    170 |      0 |      0 |    0 |          1 |
|                 (g_pe_row[7].g_pe_col[4].u_pe)                                            |                                system_attention_0_0_fsa_fused_pe_966 |        194 |        194 |       0 |    0 |    170 |      0 |      0 |    0 |          0 |
|                 u_shared_multiplier                                                       |                         system_attention_0_0_fa_signed_mult_comb_986 |         18 |         18 |       0 |    0 |      0 |      0 |      0 |    0 |          1 |
|               g_pe_row[7].g_pe_col[5].u_pe                                                |                                system_attention_0_0_fsa_fused_pe_967 |        212 |        212 |       0 |    0 |    170 |      0 |      0 |    0 |          1 |
|                 (g_pe_row[7].g_pe_col[5].u_pe)                                            |                                system_attention_0_0_fsa_fused_pe_967 |        194 |        194 |       0 |    0 |    170 |      0 |      0 |    0 |          0 |
|                 u_shared_multiplier                                                       |                         system_attention_0_0_fa_signed_mult_comb_985 |         18 |         18 |       0 |    0 |      0 |      0 |      0 |    0 |          1 |
|               g_pe_row[7].g_pe_col[6].u_pe                                                |                                system_attention_0_0_fsa_fused_pe_968 |        228 |        228 |       0 |    0 |    170 |      0 |      0 |    0 |          1 |
|                 (g_pe_row[7].g_pe_col[6].u_pe)                                            |                                system_attention_0_0_fsa_fused_pe_968 |        210 |        210 |       0 |    0 |    170 |      0 |      0 |    0 |          0 |
|                 u_shared_multiplier                                                       |                         system_attention_0_0_fa_signed_mult_comb_984 |         18 |         18 |       0 |    0 |      0 |      0 |      0 |    0 |          1 |
|               g_pe_row[7].g_pe_col[7].u_pe                                                |                                system_attention_0_0_fsa_fused_pe_969 |        212 |        212 |       0 |    0 |    170 |      0 |      0 |    0 |          1 |
|                 (g_pe_row[7].g_pe_col[7].u_pe)                                            |                                system_attention_0_0_fsa_fused_pe_969 |        194 |        194 |       0 |    0 |    170 |      0 |      0 |    0 |          0 |
|                 u_shared_multiplier                                                       |                         system_attention_0_0_fa_signed_mult_comb_983 |         18 |         18 |       0 |    0 |      0 |      0 |      0 |    0 |          1 |
|               g_pe_row[7].g_pe_col[8].u_pe                                                |                                system_attention_0_0_fsa_fused_pe_970 |        212 |        212 |       0 |    0 |    170 |      0 |      0 |    0 |          1 |
|                 (g_pe_row[7].g_pe_col[8].u_pe)                                            |                                system_attention_0_0_fsa_fused_pe_970 |        194 |        194 |       0 |    0 |    170 |      0 |      0 |    0 |          0 |
|                 u_shared_multiplier                                                       |                         system_attention_0_0_fa_signed_mult_comb_982 |         18 |         18 |       0 |    0 |      0 |      0 |      0 |    0 |          1 |
|               g_pe_row[7].g_pe_col[9].u_pe                                                |                                system_attention_0_0_fsa_fused_pe_971 |        212 |        212 |       0 |    0 |    170 |      0 |      0 |    0 |          1 |
|                 (g_pe_row[7].g_pe_col[9].u_pe)                                            |                                system_attention_0_0_fsa_fused_pe_971 |        194 |        194 |       0 |    0 |    170 |      0 |      0 |    0 |          0 |
|                 u_shared_multiplier                                                       |                         system_attention_0_0_fa_signed_mult_comb_981 |         18 |         18 |       0 |    0 |      0 |      0 |      0 |    0 |          1 |
|               g_pv_seed_rescale[0].u_o_rescale_multiplier                                 |                        system_attention_0_0_fa_signed_mult_pipe2_972 |         17 |         17 |       0 |    0 |      2 |      0 |      0 |    0 |          2 |
|               g_pv_seed_rescale[1].u_o_rescale_multiplier                                 |                        system_attention_0_0_fa_signed_mult_pipe2_973 |         16 |         16 |       0 |    0 |      0 |      0 |      0 |    0 |          2 |
|               g_pv_seed_rescale[2].u_o_rescale_multiplier                                 |                        system_attention_0_0_fa_signed_mult_pipe2_974 |         16 |         16 |       0 |    0 |      0 |      0 |      0 |    0 |          2 |
|               g_pv_seed_rescale[3].u_o_rescale_multiplier                                 |                        system_attention_0_0_fa_signed_mult_pipe2_975 |         16 |         16 |       0 |    0 |      0 |      0 |      0 |    0 |          2 |
|               g_pv_seed_rescale[4].u_o_rescale_multiplier                                 |                        system_attention_0_0_fa_signed_mult_pipe2_976 |         16 |         16 |       0 |    0 |      0 |      0 |      0 |    0 |          2 |
|               g_pv_seed_rescale[5].u_o_rescale_multiplier                                 |                        system_attention_0_0_fa_signed_mult_pipe2_977 |         16 |         16 |       0 |    0 |      0 |      0 |      0 |    0 |          2 |
|               g_pv_seed_rescale[6].u_o_rescale_multiplier                                 |                        system_attention_0_0_fa_signed_mult_pipe2_978 |         16 |         16 |       0 |    0 |      0 |      0 |      0 |    0 |          2 |
|               g_pv_seed_rescale[7].u_o_rescale_multiplier                                 |                        system_attention_0_0_fa_signed_mult_pipe2_979 |         17 |         17 |       0 |    0 |      0 |      0 |      0 |    0 |          2 |
|               u_o_bank                                                                    |                          system_attention_0_0_o_accumulator_bank_980 |       5378 |       5378 |       0 |    0 |  16641 |      0 |      0 |    0 |          0 |
|             g_stripe[3].u_stripe                                                          |                                      system_attention_0_0_fsa_stripe |      65135 |      65135 |       0 |    0 |  61776 |      0 |      0 |    0 |        272 |
|               (g_stripe[3].u_stripe)                                                      |                                      system_attention_0_0_fsa_stripe |        390 |        390 |       0 |    0 |   2185 |      0 |      0 |    0 |          0 |
|               g_clear_replica[0].u_clear_replica                                          |                                system_attention_0_0_fa_clear_replica |          1 |          1 |       0 |    0 |      1 |      0 |      0 |    0 |          0 |
|               g_clear_replica[1].u_clear_replica                                          |                             system_attention_0_0_fa_clear_replica__3 |          1 |          1 |       0 |    0 |      1 |      0 |      0 |    0 |          0 |
|               g_clear_replica[2].u_clear_replica                                          |                             system_attention_0_0_fa_clear_replica__2 |          1 |          1 |       0 |    0 |      1 |      0 |      0 |    0 |          0 |
|               g_clear_replica[3].u_clear_replica                                          |                             system_attention_0_0_fa_clear_replica__1 |          1 |          1 |       0 |    0 |      1 |      0 |      0 |    0 |          0 |
|               g_pe_row[0].g_pe_col[0].u_pe                                                |                                    system_attention_0_0_fsa_fused_pe |        350 |        350 |       0 |    0 |    138 |      0 |      0 |    0 |          1 |
|                 (g_pe_row[0].g_pe_col[0].u_pe)                                            |                                    system_attention_0_0_fsa_fused_pe |        229 |        229 |       0 |    0 |    138 |      0 |      0 |    0 |          0 |
|                 u_shared_multiplier                                                       |                         system_attention_0_0_fa_signed_mult_comb_715 |        123 |        123 |       0 |    0 |      0 |      0 |      0 |    0 |          1 |
|               g_pe_row[0].g_pe_col[10].u_pe                                               |                                system_attention_0_0_fsa_fused_pe_199 |        221 |        221 |       0 |    0 |    170 |      0 |      0 |    0 |          1 |
|                 (g_pe_row[0].g_pe_col[10].u_pe)                                           |                                system_attention_0_0_fsa_fused_pe_199 |        200 |        200 |       0 |    0 |    170 |      0 |      0 |    0 |          0 |
|                 u_shared_multiplier                                                       |                         system_attention_0_0_fa_signed_mult_comb_714 |         21 |         21 |       0 |    0 |      0 |      0 |      0 |    0 |          1 |
|               g_pe_row[0].g_pe_col[11].u_pe                                               |                                system_attention_0_0_fsa_fused_pe_200 |        217 |        217 |       0 |    0 |    172 |      0 |      0 |    0 |          1 |
|                 (g_pe_row[0].g_pe_col[11].u_pe)                                           |                                system_attention_0_0_fsa_fused_pe_200 |        198 |        198 |       0 |    0 |    172 |      0 |      0 |    0 |          0 |
|                 u_shared_multiplier                                                       |                         system_attention_0_0_fa_signed_mult_comb_713 |         20 |         20 |       0 |    0 |      0 |      0 |      0 |    0 |          1 |
|               g_pe_row[0].g_pe_col[12].u_pe                                               |                                system_attention_0_0_fsa_fused_pe_201 |        732 |        732 |       0 |    0 |    172 |      0 |      0 |    0 |          1 |
|                 (g_pe_row[0].g_pe_col[12].u_pe)                                           |                                system_attention_0_0_fsa_fused_pe_201 |        714 |        714 |       0 |    0 |    172 |      0 |      0 |    0 |          0 |
|                 u_shared_multiplier                                                       |                         system_attention_0_0_fa_signed_mult_comb_712 |         18 |         18 |       0 |    0 |      0 |      0 |      0 |    0 |          1 |
|               g_pe_row[0].g_pe_col[13].u_pe                                               |                                system_attention_0_0_fsa_fused_pe_202 |        216 |        216 |       0 |    0 |    172 |      0 |      0 |    0 |          1 |
|                 (g_pe_row[0].g_pe_col[13].u_pe)                                           |                                system_attention_0_0_fsa_fused_pe_202 |        199 |        199 |       0 |    0 |    172 |      0 |      0 |    0 |          0 |
|                 u_shared_multiplier                                                       |                         system_attention_0_0_fa_signed_mult_comb_711 |         18 |         18 |       0 |    0 |      0 |      0 |      0 |    0 |          1 |
|               g_pe_row[0].g_pe_col[14].u_pe                                               |                                system_attention_0_0_fsa_fused_pe_203 |        236 |        236 |       0 |    0 |    171 |      0 |      0 |    0 |          1 |
|                 (g_pe_row[0].g_pe_col[14].u_pe)                                           |                                system_attention_0_0_fsa_fused_pe_203 |        215 |        215 |       0 |    0 |    171 |      0 |      0 |    0 |          0 |
|                 u_shared_multiplier                                                       |                         system_attention_0_0_fa_signed_mult_comb_710 |         22 |         22 |       0 |    0 |      0 |      0 |      0 |    0 |          1 |
|               g_pe_row[0].g_pe_col[15].u_pe                                               |                                system_attention_0_0_fsa_fused_pe_204 |        216 |        216 |       0 |    0 |    170 |      0 |      0 |    0 |          1 |
|                 (g_pe_row[0].g_pe_col[15].u_pe)                                           |                                system_attention_0_0_fsa_fused_pe_204 |        198 |        198 |       0 |    0 |    170 |      0 |      0 |    0 |          0 |
|                 u_shared_multiplier                                                       |                         system_attention_0_0_fa_signed_mult_comb_709 |         19 |         19 |       0 |    0 |      0 |      0 |      0 |    0 |          1 |
|               g_pe_row[0].g_pe_col[16].u_pe                                               |                                system_attention_0_0_fsa_fused_pe_205 |        213 |        213 |       0 |    0 |    172 |      0 |      0 |    0 |          1 |
|                 (g_pe_row[0].g_pe_col[16].u_pe)                                           |                                system_attention_0_0_fsa_fused_pe_205 |        196 |        196 |       0 |    0 |    172 |      0 |      0 |    0 |          0 |
|                 u_shared_multiplier                                                       |                         system_attention_0_0_fa_signed_mult_comb_708 |         18 |         18 |       0 |    0 |      0 |      0 |      0 |    0 |          1 |
|               g_pe_row[0].g_pe_col[17].u_pe                                               |                                system_attention_0_0_fsa_fused_pe_206 |        474 |        474 |       0 |    0 |    172 |      0 |      0 |    0 |          1 |
|                 (g_pe_row[0].g_pe_col[17].u_pe)                                           |                                system_attention_0_0_fsa_fused_pe_206 |        455 |        455 |       0 |    0 |    172 |      0 |      0 |    0 |          0 |
|                 u_shared_multiplier                                                       |                         system_attention_0_0_fa_signed_mult_comb_707 |         20 |         20 |       0 |    0 |      0 |      0 |      0 |    0 |          1 |
|               g_pe_row[0].g_pe_col[18].u_pe                                               |                                system_attention_0_0_fsa_fused_pe_207 |        225 |        225 |       0 |    0 |    171 |      0 |      0 |    0 |          1 |
|                 (g_pe_row[0].g_pe_col[18].u_pe)                                           |                                system_attention_0_0_fsa_fused_pe_207 |        200 |        200 |       0 |    0 |    171 |      0 |      0 |    0 |          0 |
|                 u_shared_multiplier                                                       |                         system_attention_0_0_fa_signed_mult_comb_706 |         25 |         25 |       0 |    0 |      0 |      0 |      0 |    0 |          1 |
|               g_pe_row[0].g_pe_col[19].u_pe                                               |                                system_attention_0_0_fsa_fused_pe_208 |        224 |        224 |       0 |    0 |    172 |      0 |      0 |    0 |          1 |
|                 (g_pe_row[0].g_pe_col[19].u_pe)                                           |                                system_attention_0_0_fsa_fused_pe_208 |        198 |        198 |       0 |    0 |    172 |      0 |      0 |    0 |          0 |
|                 u_shared_multiplier                                                       |                         system_attention_0_0_fa_signed_mult_comb_705 |         27 |         27 |       0 |    0 |      0 |      0 |      0 |    0 |          1 |
|               g_pe_row[0].g_pe_col[1].u_pe                                                |                                system_attention_0_0_fsa_fused_pe_209 |        492 |        492 |       0 |    0 |    172 |      0 |      0 |    0 |          1 |
|                 (g_pe_row[0].g_pe_col[1].u_pe)                                            |                                system_attention_0_0_fsa_fused_pe_209 |        468 |        468 |       0 |    0 |    172 |      0 |      0 |    0 |          0 |
|                 u_shared_multiplier                                                       |                         system_attention_0_0_fa_signed_mult_comb_704 |         24 |         24 |       0 |    0 |      0 |      0 |      0 |    0 |          1 |
|               g_pe_row[0].g_pe_col[20].u_pe                                               |                                system_attention_0_0_fsa_fused_pe_210 |        740 |        740 |       0 |    0 |    173 |      0 |      0 |    0 |          1 |
|                 (g_pe_row[0].g_pe_col[20].u_pe)                                           |                                system_attention_0_0_fsa_fused_pe_210 |        716 |        716 |       0 |    0 |    173 |      0 |      0 |    0 |          0 |
|                 u_shared_multiplier                                                       |                         system_attention_0_0_fa_signed_mult_comb_703 |         24 |         24 |       0 |    0 |      0 |      0 |      0 |    0 |          1 |
|               g_pe_row[0].g_pe_col[21].u_pe                                               |                                system_attention_0_0_fsa_fused_pe_211 |        219 |        219 |       0 |    0 |    170 |      0 |      0 |    0 |          1 |
|                 (g_pe_row[0].g_pe_col[21].u_pe)                                           |                                system_attention_0_0_fsa_fused_pe_211 |        200 |        200 |       0 |    0 |    170 |      0 |      0 |    0 |          0 |
|                 u_shared_multiplier                                                       |                         system_attention_0_0_fa_signed_mult_comb_702 |         20 |         20 |       0 |    0 |      0 |      0 |      0 |    0 |          1 |
|               g_pe_row[0].g_pe_col[22].u_pe                                               |                                system_attention_0_0_fsa_fused_pe_212 |        240 |        240 |       0 |    0 |    172 |      0 |      0 |    0 |          1 |
|                 (g_pe_row[0].g_pe_col[22].u_pe)                                           |                                system_attention_0_0_fsa_fused_pe_212 |        211 |        211 |       0 |    0 |    172 |      0 |      0 |    0 |          0 |
|                 u_shared_multiplier                                                       |                         system_attention_0_0_fa_signed_mult_comb_701 |         29 |         29 |       0 |    0 |      0 |      0 |      0 |    0 |          1 |
|               g_pe_row[0].g_pe_col[23].u_pe                                               |                                system_attention_0_0_fsa_fused_pe_213 |        216 |        216 |       0 |    0 |    170 |      0 |      0 |    0 |          1 |
|                 (g_pe_row[0].g_pe_col[23].u_pe)                                           |                                system_attention_0_0_fsa_fused_pe_213 |        200 |        200 |       0 |    0 |    170 |      0 |      0 |    0 |          0 |
|                 u_shared_multiplier                                                       |                         system_attention_0_0_fa_signed_mult_comb_700 |         17 |         17 |       0 |    0 |      0 |      0 |      0 |    0 |          1 |
|               g_pe_row[0].g_pe_col[24].u_pe                                               |                                system_attention_0_0_fsa_fused_pe_214 |        240 |        240 |       0 |    0 |    173 |      0 |      0 |    0 |          1 |
|                 (g_pe_row[0].g_pe_col[24].u_pe)                                           |                                system_attention_0_0_fsa_fused_pe_214 |        214 |        214 |       0 |    0 |    173 |      0 |      0 |    0 |          0 |
|                 u_shared_multiplier                                                       |                         system_attention_0_0_fa_signed_mult_comb_699 |         26 |         26 |       0 |    0 |      0 |      0 |      0 |    0 |          1 |
|               g_pe_row[0].g_pe_col[25].u_pe                                               |                                system_attention_0_0_fsa_fused_pe_215 |        473 |        473 |       0 |    0 |    172 |      0 |      0 |    0 |          1 |
|                 (g_pe_row[0].g_pe_col[25].u_pe)                                           |                                system_attention_0_0_fsa_fused_pe_215 |        455 |        455 |       0 |    0 |    172 |      0 |      0 |    0 |          0 |
|                 u_shared_multiplier                                                       |                         system_attention_0_0_fa_signed_mult_comb_698 |         18 |         18 |       0 |    0 |      0 |      0 |      0 |    0 |          1 |
|               g_pe_row[0].g_pe_col[26].u_pe                                               |                                system_attention_0_0_fsa_fused_pe_216 |        242 |        242 |       0 |    0 |    171 |      0 |      0 |    0 |          1 |
|                 (g_pe_row[0].g_pe_col[26].u_pe)                                           |                                system_attention_0_0_fsa_fused_pe_216 |        216 |        216 |       0 |    0 |    171 |      0 |      0 |    0 |          0 |
|                 u_shared_multiplier                                                       |                         system_attention_0_0_fa_signed_mult_comb_697 |         26 |         26 |       0 |    0 |      0 |      0 |      0 |    0 |          1 |
|               g_pe_row[0].g_pe_col[27].u_pe                                               |                                system_attention_0_0_fsa_fused_pe_217 |        215 |        215 |       0 |    0 |    170 |      0 |      0 |    0 |          1 |
|                 (g_pe_row[0].g_pe_col[27].u_pe)                                           |                                system_attention_0_0_fsa_fused_pe_217 |        194 |        194 |       0 |    0 |    170 |      0 |      0 |    0 |          0 |
|                 u_shared_multiplier                                                       |                         system_attention_0_0_fa_signed_mult_comb_696 |         21 |         21 |       0 |    0 |      0 |      0 |      0 |    0 |          1 |
|               g_pe_row[0].g_pe_col[28].u_pe                                               |                                system_attention_0_0_fsa_fused_pe_218 |        740 |        740 |       0 |    0 |    170 |      0 |      0 |    0 |          1 |
|                 (g_pe_row[0].g_pe_col[28].u_pe)                                           |                                system_attention_0_0_fsa_fused_pe_218 |        724 |        724 |       0 |    0 |    170 |      0 |      0 |    0 |          0 |
|                 u_shared_multiplier                                                       |                         system_attention_0_0_fa_signed_mult_comb_695 |         17 |         17 |       0 |    0 |      0 |      0 |      0 |    0 |          1 |
|               g_pe_row[0].g_pe_col[29].u_pe                                               |                                system_attention_0_0_fsa_fused_pe_219 |        207 |        207 |       0 |    0 |    172 |      0 |      0 |    0 |          1 |
|                 (g_pe_row[0].g_pe_col[29].u_pe)                                           |                                system_attention_0_0_fsa_fused_pe_219 |        193 |        193 |       0 |    0 |    172 |      0 |      0 |    0 |          0 |
|                 u_shared_multiplier                                                       |                         system_attention_0_0_fa_signed_mult_comb_694 |         14 |         14 |       0 |    0 |      0 |      0 |      0 |    0 |          1 |
|               g_pe_row[0].g_pe_col[2].u_pe                                                |                                system_attention_0_0_fsa_fused_pe_220 |        232 |        232 |       0 |    0 |    172 |      0 |      0 |    0 |          1 |
|                 (g_pe_row[0].g_pe_col[2].u_pe)                                            |                                system_attention_0_0_fsa_fused_pe_220 |        198 |        198 |       0 |    0 |    172 |      0 |      0 |    0 |          0 |
|                 u_shared_multiplier                                                       |                         system_attention_0_0_fa_signed_mult_comb_693 |         34 |         34 |       0 |    0 |      0 |      0 |      0 |    0 |          1 |
|               g_pe_row[0].g_pe_col[30].u_pe                                               |                                system_attention_0_0_fsa_fused_pe_221 |        235 |        235 |       0 |    0 |    172 |      0 |      0 |    0 |          1 |
|                 (g_pe_row[0].g_pe_col[30].u_pe)                                           |                                system_attention_0_0_fsa_fused_pe_221 |        216 |        216 |       0 |    0 |    172 |      0 |      0 |    0 |          0 |
|                 u_shared_multiplier                                                       |                         system_attention_0_0_fa_signed_mult_comb_692 |         19 |         19 |       0 |    0 |      0 |      0 |      0 |    0 |          1 |
|               g_pe_row[0].g_pe_col[31].u_pe                                               |                                system_attention_0_0_fsa_fused_pe_222 |        113 |        113 |       0 |    0 |    162 |      0 |      0 |    0 |          1 |
|                 (g_pe_row[0].g_pe_col[31].u_pe)                                           |                                system_attention_0_0_fsa_fused_pe_222 |        113 |        113 |       0 |    0 |    162 |      0 |      0 |    0 |          0 |
|                 u_shared_multiplier                                                       |                         system_attention_0_0_fa_signed_mult_comb_691 |          0 |          0 |       0 |    0 |      0 |      0 |      0 |    0 |          1 |
|               g_pe_row[0].g_pe_col[3].u_pe                                                |                                system_attention_0_0_fsa_fused_pe_223 |        216 |        216 |       0 |    0 |    172 |      0 |      0 |    0 |          1 |
|                 (g_pe_row[0].g_pe_col[3].u_pe)                                            |                                system_attention_0_0_fsa_fused_pe_223 |        198 |        198 |       0 |    0 |    172 |      0 |      0 |    0 |          0 |
|                 u_shared_multiplier                                                       |                         system_attention_0_0_fa_signed_mult_comb_690 |         19 |         19 |       0 |    0 |      0 |      0 |      0 |    0 |          1 |
|               g_pe_row[0].g_pe_col[4].u_pe                                                |                                system_attention_0_0_fsa_fused_pe_224 |        699 |        699 |       0 |    0 |    172 |      0 |      0 |    0 |          1 |
|                 (g_pe_row[0].g_pe_col[4].u_pe)                                            |                                system_attention_0_0_fsa_fused_pe_224 |        682 |        682 |       0 |    0 |    172 |      0 |      0 |    0 |          0 |
|                 u_shared_multiplier                                                       |                         system_attention_0_0_fa_signed_mult_comb_689 |         18 |         18 |       0 |    0 |      0 |      0 |      0 |    0 |          1 |
|               g_pe_row[0].g_pe_col[5].u_pe                                                |                                system_attention_0_0_fsa_fused_pe_225 |        216 |        216 |       0 |    0 |    172 |      0 |      0 |    0 |          1 |
|                 (g_pe_row[0].g_pe_col[5].u_pe)                                            |                                system_attention_0_0_fsa_fused_pe_225 |        199 |        199 |       0 |    0 |    172 |      0 |      0 |    0 |          0 |
|                 u_shared_multiplier                                                       |                         system_attention_0_0_fa_signed_mult_comb_688 |         18 |         18 |       0 |    0 |      0 |      0 |      0 |    0 |          1 |
|               g_pe_row[0].g_pe_col[6].u_pe                                                |                                system_attention_0_0_fsa_fused_pe_226 |        264 |        264 |       0 |    0 |    170 |      0 |      0 |    0 |          1 |
|                 (g_pe_row[0].g_pe_col[6].u_pe)                                            |                                system_attention_0_0_fsa_fused_pe_226 |        247 |        247 |       0 |    0 |    170 |      0 |      0 |    0 |          0 |
|                 u_shared_multiplier                                                       |                         system_attention_0_0_fa_signed_mult_comb_687 |         18 |         18 |       0 |    0 |      0 |      0 |      0 |    0 |          1 |
|               g_pe_row[0].g_pe_col[7].u_pe                                                |                                system_attention_0_0_fsa_fused_pe_227 |        214 |        214 |       0 |    0 |    173 |      0 |      0 |    0 |          1 |
|                 (g_pe_row[0].g_pe_col[7].u_pe)                                            |                                system_attention_0_0_fsa_fused_pe_227 |        196 |        196 |       0 |    0 |    173 |      0 |      0 |    0 |          0 |
|                 u_shared_multiplier                                                       |                         system_attention_0_0_fa_signed_mult_comb_686 |         18 |         18 |       0 |    0 |      0 |      0 |      0 |    0 |          1 |
|               g_pe_row[0].g_pe_col[8].u_pe                                                |                                system_attention_0_0_fsa_fused_pe_228 |        217 |        217 |       0 |    0 |    173 |      0 |      0 |    0 |          1 |
|                 (g_pe_row[0].g_pe_col[8].u_pe)                                            |                                system_attention_0_0_fsa_fused_pe_228 |        199 |        199 |       0 |    0 |    173 |      0 |      0 |    0 |          0 |
|                 u_shared_multiplier                                                       |                         system_attention_0_0_fa_signed_mult_comb_685 |         18 |         18 |       0 |    0 |      0 |      0 |      0 |    0 |          1 |
|               g_pe_row[0].g_pe_col[9].u_pe                                                |                                system_attention_0_0_fsa_fused_pe_229 |        474 |        474 |       0 |    0 |    172 |      0 |      0 |    0 |          1 |
|                 (g_pe_row[0].g_pe_col[9].u_pe)                                            |                                system_attention_0_0_fsa_fused_pe_229 |        456 |        456 |       0 |    0 |    172 |      0 |      0 |    0 |          0 |
|                 u_shared_multiplier                                                       |                         system_attention_0_0_fa_signed_mult_comb_684 |         18 |         18 |       0 |    0 |      0 |      0 |      0 |    0 |          1 |
|               g_pe_row[1].g_pe_col[0].u_pe                                                |                                system_attention_0_0_fsa_fused_pe_230 |        361 |        361 |       0 |    0 |    137 |      0 |      0 |    0 |          1 |
|                 (g_pe_row[1].g_pe_col[0].u_pe)                                            |                                system_attention_0_0_fsa_fused_pe_230 |        245 |        245 |       0 |    0 |    137 |      0 |      0 |    0 |          0 |
|                 u_shared_multiplier                                                       |                         system_attention_0_0_fa_signed_mult_comb_683 |        116 |        116 |       0 |    0 |      0 |      0 |      0 |    0 |          1 |
|               g_pe_row[1].g_pe_col[10].u_pe                                               |                                system_attention_0_0_fsa_fused_pe_231 |        212 |        212 |       0 |    0 |    170 |      0 |      0 |    0 |          1 |
|                 (g_pe_row[1].g_pe_col[10].u_pe)                                           |                                system_attention_0_0_fsa_fused_pe_231 |        195 |        195 |       0 |    0 |    170 |      0 |      0 |    0 |          0 |
|                 u_shared_multiplier                                                       |                         system_attention_0_0_fa_signed_mult_comb_682 |         18 |         18 |       0 |    0 |      0 |      0 |      0 |    0 |          1 |
|               g_pe_row[1].g_pe_col[11].u_pe                                               |                                system_attention_0_0_fsa_fused_pe_232 |        212 |        212 |       0 |    0 |    170 |      0 |      0 |    0 |          1 |
|                 (g_pe_row[1].g_pe_col[11].u_pe)                                           |                                system_attention_0_0_fsa_fused_pe_232 |        195 |        195 |       0 |    0 |    170 |      0 |      0 |    0 |          0 |
|                 u_shared_multiplier                                                       |                         system_attention_0_0_fa_signed_mult_comb_681 |         18 |         18 |       0 |    0 |      0 |      0 |      0 |    0 |          1 |
|               g_pe_row[1].g_pe_col[12].u_pe                                               |                                system_attention_0_0_fsa_fused_pe_233 |        212 |        212 |       0 |    0 |    170 |      0 |      0 |    0 |          1 |
|                 (g_pe_row[1].g_pe_col[12].u_pe)                                           |                                system_attention_0_0_fsa_fused_pe_233 |        195 |        195 |       0 |    0 |    170 |      0 |      0 |    0 |          0 |
|                 u_shared_multiplier                                                       |                         system_attention_0_0_fa_signed_mult_comb_680 |         18 |         18 |       0 |    0 |      0 |      0 |      0 |    0 |          1 |
|               g_pe_row[1].g_pe_col[13].u_pe                                               |                                system_attention_0_0_fsa_fused_pe_234 |        212 |        212 |       0 |    0 |    170 |      0 |      0 |    0 |          1 |
|                 (g_pe_row[1].g_pe_col[13].u_pe)                                           |                                system_attention_0_0_fsa_fused_pe_234 |        195 |        195 |       0 |    0 |    170 |      0 |      0 |    0 |          0 |
|                 u_shared_multiplier                                                       |                         system_attention_0_0_fa_signed_mult_comb_679 |         18 |         18 |       0 |    0 |      0 |      0 |      0 |    0 |          1 |
|               g_pe_row[1].g_pe_col[14].u_pe                                               |                                system_attention_0_0_fsa_fused_pe_235 |        228 |        228 |       0 |    0 |    170 |      0 |      0 |    0 |          1 |
|                 (g_pe_row[1].g_pe_col[14].u_pe)                                           |                                system_attention_0_0_fsa_fused_pe_235 |        211 |        211 |       0 |    0 |    170 |      0 |      0 |    0 |          0 |
|                 u_shared_multiplier                                                       |                         system_attention_0_0_fa_signed_mult_comb_678 |         18 |         18 |       0 |    0 |      0 |      0 |      0 |    0 |          1 |
|               g_pe_row[1].g_pe_col[15].u_pe                                               |                                system_attention_0_0_fsa_fused_pe_236 |        212 |        212 |       0 |    0 |    170 |      0 |      0 |    0 |          1 |
|                 (g_pe_row[1].g_pe_col[15].u_pe)                                           |                                system_attention_0_0_fsa_fused_pe_236 |        195 |        195 |       0 |    0 |    170 |      0 |      0 |    0 |          0 |
|                 u_shared_multiplier                                                       |                         system_attention_0_0_fa_signed_mult_comb_677 |         18 |         18 |       0 |    0 |      0 |      0 |      0 |    0 |          1 |
|               g_pe_row[1].g_pe_col[16].u_pe                                               |                                system_attention_0_0_fsa_fused_pe_237 |        212 |        212 |       0 |    0 |    170 |      0 |      0 |    0 |          1 |
|                 (g_pe_row[1].g_pe_col[16].u_pe)                                           |                                system_attention_0_0_fsa_fused_pe_237 |        195 |        195 |       0 |    0 |    170 |      0 |      0 |    0 |          0 |
|                 u_shared_multiplier                                                       |                         system_attention_0_0_fa_signed_mult_comb_676 |         18 |         18 |       0 |    0 |      0 |      0 |      0 |    0 |          1 |
|               g_pe_row[1].g_pe_col[17].u_pe                                               |                                system_attention_0_0_fsa_fused_pe_238 |        212 |        212 |       0 |    0 |    170 |      0 |      0 |    0 |          1 |
|                 (g_pe_row[1].g_pe_col[17].u_pe)                                           |                                system_attention_0_0_fsa_fused_pe_238 |        195 |        195 |       0 |    0 |    170 |      0 |      0 |    0 |          0 |
|                 u_shared_multiplier                                                       |                         system_attention_0_0_fa_signed_mult_comb_675 |         18 |         18 |       0 |    0 |      0 |      0 |      0 |    0 |          1 |
|               g_pe_row[1].g_pe_col[18].u_pe                                               |                                system_attention_0_0_fsa_fused_pe_239 |        212 |        212 |       0 |    0 |    170 |      0 |      0 |    0 |          1 |
|                 (g_pe_row[1].g_pe_col[18].u_pe)                                           |                                system_attention_0_0_fsa_fused_pe_239 |        195 |        195 |       0 |    0 |    170 |      0 |      0 |    0 |          0 |
|                 u_shared_multiplier                                                       |                         system_attention_0_0_fa_signed_mult_comb_674 |         18 |         18 |       0 |    0 |      0 |      0 |      0 |    0 |          1 |
|               g_pe_row[1].g_pe_col[19].u_pe                                               |                                system_attention_0_0_fsa_fused_pe_240 |        212 |        212 |       0 |    0 |    170 |      0 |      0 |    0 |          1 |
|                 (g_pe_row[1].g_pe_col[19].u_pe)                                           |                                system_attention_0_0_fsa_fused_pe_240 |        195 |        195 |       0 |    0 |    170 |      0 |      0 |    0 |          0 |
|                 u_shared_multiplier                                                       |                         system_attention_0_0_fa_signed_mult_comb_673 |         18 |         18 |       0 |    0 |      0 |      0 |      0 |    0 |          1 |
|               g_pe_row[1].g_pe_col[1].u_pe                                                |                                system_attention_0_0_fsa_fused_pe_241 |        245 |        245 |       0 |    0 |    170 |      0 |      0 |    0 |          1 |
|                 (g_pe_row[1].g_pe_col[1].u_pe)                                            |                                system_attention_0_0_fsa_fused_pe_241 |        222 |        222 |       0 |    0 |    170 |      0 |      0 |    0 |          0 |
|                 u_shared_multiplier                                                       |                         system_attention_0_0_fa_signed_mult_comb_672 |         23 |         23 |       0 |    0 |      0 |      0 |      0 |    0 |          1 |
|               g_pe_row[1].g_pe_col[20].u_pe                                               |                                system_attention_0_0_fsa_fused_pe_242 |        212 |        212 |       0 |    0 |    170 |      0 |      0 |    0 |          1 |
|                 (g_pe_row[1].g_pe_col[20].u_pe)                                           |                                system_attention_0_0_fsa_fused_pe_242 |        195 |        195 |       0 |    0 |    170 |      0 |      0 |    0 |          0 |
|                 u_shared_multiplier                                                       |                         system_attention_0_0_fa_signed_mult_comb_671 |         18 |         18 |       0 |    0 |      0 |      0 |      0 |    0 |          1 |
|               g_pe_row[1].g_pe_col[21].u_pe                                               |                                system_attention_0_0_fsa_fused_pe_243 |        213 |        213 |       0 |    0 |    170 |      0 |      0 |    0 |          1 |
|                 (g_pe_row[1].g_pe_col[21].u_pe)                                           |                                system_attention_0_0_fsa_fused_pe_243 |        195 |        195 |       0 |    0 |    170 |      0 |      0 |    0 |          0 |
|                 u_shared_multiplier                                                       |                         system_attention_0_0_fa_signed_mult_comb_670 |         18 |         18 |       0 |    0 |      0 |      0 |      0 |    0 |          1 |
|               g_pe_row[1].g_pe_col[22].u_pe                                               |                                system_attention_0_0_fsa_fused_pe_244 |        228 |        228 |       0 |    0 |    170 |      0 |      0 |    0 |          1 |
|                 (g_pe_row[1].g_pe_col[22].u_pe)                                           |                                system_attention_0_0_fsa_fused_pe_244 |        211 |        211 |       0 |    0 |    170 |      0 |      0 |    0 |          0 |
|                 u_shared_multiplier                                                       |                         system_attention_0_0_fa_signed_mult_comb_669 |         18 |         18 |       0 |    0 |      0 |      0 |      0 |    0 |          1 |
|               g_pe_row[1].g_pe_col[23].u_pe                                               |                                system_attention_0_0_fsa_fused_pe_245 |        212 |        212 |       0 |    0 |    170 |      0 |      0 |    0 |          1 |
|                 (g_pe_row[1].g_pe_col[23].u_pe)                                           |                                system_attention_0_0_fsa_fused_pe_245 |        195 |        195 |       0 |    0 |    170 |      0 |      0 |    0 |          0 |
|                 u_shared_multiplier                                                       |                         system_attention_0_0_fa_signed_mult_comb_668 |         18 |         18 |       0 |    0 |      0 |      0 |      0 |    0 |          1 |
|               g_pe_row[1].g_pe_col[24].u_pe                                               |                                system_attention_0_0_fsa_fused_pe_246 |        213 |        213 |       0 |    0 |    170 |      0 |      0 |    0 |          1 |
|                 (g_pe_row[1].g_pe_col[24].u_pe)                                           |                                system_attention_0_0_fsa_fused_pe_246 |        196 |        196 |       0 |    0 |    170 |      0 |      0 |    0 |          0 |
|                 u_shared_multiplier                                                       |                         system_attention_0_0_fa_signed_mult_comb_667 |         18 |         18 |       0 |    0 |      0 |      0 |      0 |    0 |          1 |
|               g_pe_row[1].g_pe_col[25].u_pe                                               |                                system_attention_0_0_fsa_fused_pe_247 |        212 |        212 |       0 |    0 |    170 |      0 |      0 |    0 |          1 |
|                 (g_pe_row[1].g_pe_col[25].u_pe)                                           |                                system_attention_0_0_fsa_fused_pe_247 |        195 |        195 |       0 |    0 |    170 |      0 |      0 |    0 |          0 |
|                 u_shared_multiplier                                                       |                         system_attention_0_0_fa_signed_mult_comb_666 |         18 |         18 |       0 |    0 |      0 |      0 |      0 |    0 |          1 |
|               g_pe_row[1].g_pe_col[26].u_pe                                               |                                system_attention_0_0_fsa_fused_pe_248 |        212 |        212 |       0 |    0 |    170 |      0 |      0 |    0 |          1 |
|                 (g_pe_row[1].g_pe_col[26].u_pe)                                           |                                system_attention_0_0_fsa_fused_pe_248 |        195 |        195 |       0 |    0 |    170 |      0 |      0 |    0 |          0 |
|                 u_shared_multiplier                                                       |                         system_attention_0_0_fa_signed_mult_comb_665 |         18 |         18 |       0 |    0 |      0 |      0 |      0 |    0 |          1 |
|               g_pe_row[1].g_pe_col[27].u_pe                                               |                                system_attention_0_0_fsa_fused_pe_249 |        212 |        212 |       0 |    0 |    170 |      0 |      0 |    0 |          1 |
|                 (g_pe_row[1].g_pe_col[27].u_pe)                                           |                                system_attention_0_0_fsa_fused_pe_249 |        195 |        195 |       0 |    0 |    170 |      0 |      0 |    0 |          0 |
|                 u_shared_multiplier                                                       |                         system_attention_0_0_fa_signed_mult_comb_664 |         18 |         18 |       0 |    0 |      0 |      0 |      0 |    0 |          1 |
|               g_pe_row[1].g_pe_col[28].u_pe                                               |                                system_attention_0_0_fsa_fused_pe_250 |        212 |        212 |       0 |    0 |    170 |      0 |      0 |    0 |          1 |
|                 (g_pe_row[1].g_pe_col[28].u_pe)                                           |                                system_attention_0_0_fsa_fused_pe_250 |        195 |        195 |       0 |    0 |    170 |      0 |      0 |    0 |          0 |
|                 u_shared_multiplier                                                       |                         system_attention_0_0_fa_signed_mult_comb_663 |         18 |         18 |       0 |    0 |      0 |      0 |      0 |    0 |          1 |
|               g_pe_row[1].g_pe_col[29].u_pe                                               |                                system_attention_0_0_fsa_fused_pe_251 |        225 |        225 |       0 |    0 |    170 |      0 |      0 |    0 |          1 |
|                 (g_pe_row[1].g_pe_col[29].u_pe)                                           |                                system_attention_0_0_fsa_fused_pe_251 |        196 |        196 |       0 |    0 |    170 |      0 |      0 |    0 |          0 |
|                 u_shared_multiplier                                                       |                         system_attention_0_0_fa_signed_mult_comb_662 |         29 |         29 |       0 |    0 |      0 |      0 |      0 |    0 |          1 |
|               g_pe_row[1].g_pe_col[2].u_pe                                                |                                system_attention_0_0_fsa_fused_pe_252 |        221 |        221 |       0 |    0 |    170 |      0 |      0 |    0 |          1 |
|                 (g_pe_row[1].g_pe_col[2].u_pe)                                            |                                system_attention_0_0_fsa_fused_pe_252 |        197 |        197 |       0 |    0 |    170 |      0 |      0 |    0 |          0 |
|                 u_shared_multiplier                                                       |                         system_attention_0_0_fa_signed_mult_comb_661 |         25 |         25 |       0 |    0 |      0 |      0 |      0 |    0 |          1 |
|               g_pe_row[1].g_pe_col[30].u_pe                                               |                                system_attention_0_0_fsa_fused_pe_253 |        251 |        251 |       0 |    0 |    170 |      0 |      0 |    0 |          1 |
|                 (g_pe_row[1].g_pe_col[30].u_pe)                                           |                                system_attention_0_0_fsa_fused_pe_253 |        217 |        217 |       0 |    0 |    170 |      0 |      0 |    0 |          0 |
|                 u_shared_multiplier                                                       |                         system_attention_0_0_fa_signed_mult_comb_660 |         34 |         34 |       0 |    0 |      0 |      0 |      0 |    0 |          1 |
|               g_pe_row[1].g_pe_col[31].u_pe                                               |                                system_attention_0_0_fsa_fused_pe_254 |        124 |        124 |       0 |    0 |    161 |      0 |      0 |    0 |          1 |
|                 (g_pe_row[1].g_pe_col[31].u_pe)                                           |                                system_attention_0_0_fsa_fused_pe_254 |        115 |        115 |       0 |    0 |    161 |      0 |      0 |    0 |          0 |
|                 u_shared_multiplier                                                       |                         system_attention_0_0_fa_signed_mult_comb_659 |          9 |          9 |       0 |    0 |      0 |      0 |      0 |    0 |          1 |
|               g_pe_row[1].g_pe_col[3].u_pe                                                |                                system_attention_0_0_fsa_fused_pe_255 |        222 |        222 |       0 |    0 |    170 |      0 |      0 |    0 |          1 |
|                 (g_pe_row[1].g_pe_col[3].u_pe)                                            |                                system_attention_0_0_fsa_fused_pe_255 |        196 |        196 |       0 |    0 |    170 |      0 |      0 |    0 |          0 |
|                 u_shared_multiplier                                                       |                         system_attention_0_0_fa_signed_mult_comb_658 |         26 |         26 |       0 |    0 |      0 |      0 |      0 |    0 |          1 |
|               g_pe_row[1].g_pe_col[4].u_pe                                                |                                system_attention_0_0_fsa_fused_pe_256 |        214 |        214 |       0 |    0 |    170 |      0 |      0 |    0 |          1 |
|                 (g_pe_row[1].g_pe_col[4].u_pe)                                            |                                system_attention_0_0_fsa_fused_pe_256 |        195 |        195 |       0 |    0 |    170 |      0 |      0 |    0 |          0 |
|                 u_shared_multiplier                                                       |                         system_attention_0_0_fa_signed_mult_comb_657 |         20 |         20 |       0 |    0 |      0 |      0 |      0 |    0 |          1 |
|               g_pe_row[1].g_pe_col[5].u_pe                                                |                                system_attention_0_0_fsa_fused_pe_257 |        212 |        212 |       0 |    0 |    170 |      0 |      0 |    0 |          1 |
|                 (g_pe_row[1].g_pe_col[5].u_pe)                                            |                                system_attention_0_0_fsa_fused_pe_257 |        195 |        195 |       0 |    0 |    170 |      0 |      0 |    0 |          0 |
|                 u_shared_multiplier                                                       |                         system_attention_0_0_fa_signed_mult_comb_656 |         18 |         18 |       0 |    0 |      0 |      0 |      0 |    0 |          1 |
|               g_pe_row[1].g_pe_col[6].u_pe                                                |                                system_attention_0_0_fsa_fused_pe_258 |        228 |        228 |       0 |    0 |    170 |      0 |      0 |    0 |          1 |
|                 (g_pe_row[1].g_pe_col[6].u_pe)                                            |                                system_attention_0_0_fsa_fused_pe_258 |        211 |        211 |       0 |    0 |    170 |      0 |      0 |    0 |          0 |
|                 u_shared_multiplier                                                       |                         system_attention_0_0_fa_signed_mult_comb_655 |         18 |         18 |       0 |    0 |      0 |      0 |      0 |    0 |          1 |
|               g_pe_row[1].g_pe_col[7].u_pe                                                |                                system_attention_0_0_fsa_fused_pe_259 |        212 |        212 |       0 |    0 |    170 |      0 |      0 |    0 |          1 |
|                 (g_pe_row[1].g_pe_col[7].u_pe)                                            |                                system_attention_0_0_fsa_fused_pe_259 |        195 |        195 |       0 |    0 |    170 |      0 |      0 |    0 |          0 |
|                 u_shared_multiplier                                                       |                         system_attention_0_0_fa_signed_mult_comb_654 |         18 |         18 |       0 |    0 |      0 |      0 |      0 |    0 |          1 |
|               g_pe_row[1].g_pe_col[8].u_pe                                                |                                system_attention_0_0_fsa_fused_pe_260 |        212 |        212 |       0 |    0 |    170 |      0 |      0 |    0 |          1 |
|                 (g_pe_row[1].g_pe_col[8].u_pe)                                            |                                system_attention_0_0_fsa_fused_pe_260 |        195 |        195 |       0 |    0 |    170 |      0 |      0 |    0 |          0 |
|                 u_shared_multiplier                                                       |                         system_attention_0_0_fa_signed_mult_comb_653 |         18 |         18 |       0 |    0 |      0 |      0 |      0 |    0 |          1 |
|               g_pe_row[1].g_pe_col[9].u_pe                                                |                                system_attention_0_0_fsa_fused_pe_261 |        213 |        213 |       0 |    0 |    170 |      0 |      0 |    0 |          1 |
|                 (g_pe_row[1].g_pe_col[9].u_pe)                                            |                                system_attention_0_0_fsa_fused_pe_261 |        195 |        195 |       0 |    0 |    170 |      0 |      0 |    0 |          0 |
|                 u_shared_multiplier                                                       |                         system_attention_0_0_fa_signed_mult_comb_652 |         18 |         18 |       0 |    0 |      0 |      0 |      0 |    0 |          1 |
|               g_pe_row[2].g_pe_col[0].u_pe                                                |                                system_attention_0_0_fsa_fused_pe_262 |        292 |        292 |       0 |    0 |    137 |      0 |      0 |    0 |          1 |
|                 (g_pe_row[2].g_pe_col[0].u_pe)                                            |                                system_attention_0_0_fsa_fused_pe_262 |        227 |        227 |       0 |    0 |    137 |      0 |      0 |    0 |          0 |
|                 u_shared_multiplier                                                       |                         system_attention_0_0_fa_signed_mult_comb_651 |         65 |         65 |       0 |    0 |      0 |      0 |      0 |    0 |          1 |
|               g_pe_row[2].g_pe_col[10].u_pe                                               |                                system_attention_0_0_fsa_fused_pe_263 |        203 |        203 |       0 |    0 |    170 |      0 |      0 |    0 |          1 |
|                 (g_pe_row[2].g_pe_col[10].u_pe)                                           |                                system_attention_0_0_fsa_fused_pe_263 |        190 |        190 |       0 |    0 |    170 |      0 |      0 |    0 |          0 |
|                 u_shared_multiplier                                                       |                         system_attention_0_0_fa_signed_mult_comb_650 |         14 |         14 |       0 |    0 |      0 |      0 |      0 |    0 |          1 |
|               g_pe_row[2].g_pe_col[11].u_pe                                               |                                system_attention_0_0_fsa_fused_pe_264 |        220 |        220 |       0 |    0 |    170 |      0 |      0 |    0 |          1 |
|                 (g_pe_row[2].g_pe_col[11].u_pe)                                           |                                system_attention_0_0_fsa_fused_pe_264 |        207 |        207 |       0 |    0 |    170 |      0 |      0 |    0 |          0 |
|                 u_shared_multiplier                                                       |                         system_attention_0_0_fa_signed_mult_comb_649 |         14 |         14 |       0 |    0 |      0 |      0 |      0 |    0 |          1 |
|               g_pe_row[2].g_pe_col[12].u_pe                                               |                                system_attention_0_0_fsa_fused_pe_265 |        221 |        221 |       0 |    0 |    170 |      0 |      0 |    0 |          1 |
|                 (g_pe_row[2].g_pe_col[12].u_pe)                                           |                                system_attention_0_0_fsa_fused_pe_265 |        208 |        208 |       0 |    0 |    170 |      0 |      0 |    0 |          0 |
|                 u_shared_multiplier                                                       |                         system_attention_0_0_fa_signed_mult_comb_648 |         14 |         14 |       0 |    0 |      0 |      0 |      0 |    0 |          1 |
|               g_pe_row[2].g_pe_col[13].u_pe                                               |                                system_attention_0_0_fsa_fused_pe_266 |        220 |        220 |       0 |    0 |    170 |      0 |      0 |    0 |          1 |
|                 (g_pe_row[2].g_pe_col[13].u_pe)                                           |                                system_attention_0_0_fsa_fused_pe_266 |        207 |        207 |       0 |    0 |    170 |      0 |      0 |    0 |          0 |
|                 u_shared_multiplier                                                       |                         system_attention_0_0_fa_signed_mult_comb_647 |         14 |         14 |       0 |    0 |      0 |      0 |      0 |    0 |          1 |
|               g_pe_row[2].g_pe_col[14].u_pe                                               |                                system_attention_0_0_fsa_fused_pe_267 |        253 |        253 |       0 |    0 |    170 |      0 |      0 |    0 |          1 |
|                 (g_pe_row[2].g_pe_col[14].u_pe)                                           |                                system_attention_0_0_fsa_fused_pe_267 |        228 |        228 |       0 |    0 |    170 |      0 |      0 |    0 |          0 |
|                 u_shared_multiplier                                                       |                         system_attention_0_0_fa_signed_mult_comb_646 |         25 |         25 |       0 |    0 |      0 |      0 |      0 |    0 |          1 |
|               g_pe_row[2].g_pe_col[15].u_pe                                               |                                system_attention_0_0_fsa_fused_pe_268 |        220 |        220 |       0 |    0 |    170 |      0 |      0 |    0 |          1 |
|                 (g_pe_row[2].g_pe_col[15].u_pe)                                           |                                system_attention_0_0_fsa_fused_pe_268 |        207 |        207 |       0 |    0 |    170 |      0 |      0 |    0 |          0 |
|                 u_shared_multiplier                                                       |                         system_attention_0_0_fa_signed_mult_comb_645 |         14 |         14 |       0 |    0 |      0 |      0 |      0 |    0 |          1 |
|               g_pe_row[2].g_pe_col[16].u_pe                                               |                                system_attention_0_0_fsa_fused_pe_269 |        221 |        221 |       0 |    0 |    170 |      0 |      0 |    0 |          1 |
|                 (g_pe_row[2].g_pe_col[16].u_pe)                                           |                                system_attention_0_0_fsa_fused_pe_269 |        208 |        208 |       0 |    0 |    170 |      0 |      0 |    0 |          0 |
|                 u_shared_multiplier                                                       |                         system_attention_0_0_fa_signed_mult_comb_644 |         14 |         14 |       0 |    0 |      0 |      0 |      0 |    0 |          1 |
|               g_pe_row[2].g_pe_col[17].u_pe                                               |                                system_attention_0_0_fsa_fused_pe_270 |        207 |        207 |       0 |    0 |    170 |      0 |      0 |    0 |          1 |
|                 (g_pe_row[2].g_pe_col[17].u_pe)                                           |                                system_attention_0_0_fsa_fused_pe_270 |        194 |        194 |       0 |    0 |    170 |      0 |      0 |    0 |          0 |
|                 u_shared_multiplier                                                       |                         system_attention_0_0_fa_signed_mult_comb_643 |         14 |         14 |       0 |    0 |      0 |      0 |      0 |    0 |          1 |
|               g_pe_row[2].g_pe_col[18].u_pe                                               |                                system_attention_0_0_fsa_fused_pe_271 |        212 |        212 |       0 |    0 |    170 |      0 |      0 |    0 |          1 |
|                 (g_pe_row[2].g_pe_col[18].u_pe)                                           |                                system_attention_0_0_fsa_fused_pe_271 |        195 |        195 |       0 |    0 |    170 |      0 |      0 |    0 |          0 |
|                 u_shared_multiplier                                                       |                         system_attention_0_0_fa_signed_mult_comb_642 |         18 |         18 |       0 |    0 |      0 |      0 |      0 |    0 |          1 |
|               g_pe_row[2].g_pe_col[19].u_pe                                               |                                system_attention_0_0_fsa_fused_pe_272 |        217 |        217 |       0 |    0 |    170 |      0 |      0 |    0 |          1 |
|                 (g_pe_row[2].g_pe_col[19].u_pe)                                           |                                system_attention_0_0_fsa_fused_pe_272 |        196 |        196 |       0 |    0 |    170 |      0 |      0 |    0 |          0 |
|                 u_shared_multiplier                                                       |                         system_attention_0_0_fa_signed_mult_comb_641 |         21 |         21 |       0 |    0 |      0 |      0 |      0 |    0 |          1 |
|               g_pe_row[2].g_pe_col[1].u_pe                                                |                                system_attention_0_0_fsa_fused_pe_273 |        326 |        326 |       0 |    0 |    170 |      0 |      0 |    0 |          1 |
|                 (g_pe_row[2].g_pe_col[1].u_pe)                                            |                                system_attention_0_0_fsa_fused_pe_273 |        309 |        309 |       0 |    0 |    170 |      0 |      0 |    0 |          0 |
|                 u_shared_multiplier                                                       |                         system_attention_0_0_fa_signed_mult_comb_640 |         17 |         17 |       0 |    0 |      0 |      0 |      0 |    0 |          1 |
|               g_pe_row[2].g_pe_col[20].u_pe                                               |                                system_attention_0_0_fsa_fused_pe_274 |        214 |        214 |       0 |    0 |    170 |      0 |      0 |    0 |          1 |
|                 (g_pe_row[2].g_pe_col[20].u_pe)                                           |                                system_attention_0_0_fsa_fused_pe_274 |        195 |        195 |       0 |    0 |    170 |      0 |      0 |    0 |          0 |
|                 u_shared_multiplier                                                       |                         system_attention_0_0_fa_signed_mult_comb_639 |         20 |         20 |       0 |    0 |      0 |      0 |      0 |    0 |          1 |
|               g_pe_row[2].g_pe_col[21].u_pe                                               |                                system_attention_0_0_fsa_fused_pe_275 |        214 |        214 |       0 |    0 |    170 |      0 |      0 |    0 |          1 |
|                 (g_pe_row[2].g_pe_col[21].u_pe)                                           |                                system_attention_0_0_fsa_fused_pe_275 |        195 |        195 |       0 |    0 |    170 |      0 |      0 |    0 |          0 |
|                 u_shared_multiplier                                                       |                         system_attention_0_0_fa_signed_mult_comb_638 |         19 |         19 |       0 |    0 |      0 |      0 |      0 |    0 |          1 |
|               g_pe_row[2].g_pe_col[22].u_pe                                               |                                system_attention_0_0_fsa_fused_pe_276 |        232 |        232 |       0 |    0 |    170 |      0 |      0 |    0 |          1 |
|                 (g_pe_row[2].g_pe_col[22].u_pe)                                           |                                system_attention_0_0_fsa_fused_pe_276 |        212 |        212 |       0 |    0 |    170 |      0 |      0 |    0 |          0 |
|                 u_shared_multiplier                                                       |                         system_attention_0_0_fa_signed_mult_comb_637 |         20 |         20 |       0 |    0 |      0 |      0 |      0 |    0 |          1 |
|               g_pe_row[2].g_pe_col[23].u_pe                                               |                                system_attention_0_0_fsa_fused_pe_277 |        216 |        216 |       0 |    0 |    170 |      0 |      0 |    0 |          1 |
|                 (g_pe_row[2].g_pe_col[23].u_pe)                                           |                                system_attention_0_0_fsa_fused_pe_277 |        196 |        196 |       0 |    0 |    170 |      0 |      0 |    0 |          0 |
|                 u_shared_multiplier                                                       |                         system_attention_0_0_fa_signed_mult_comb_636 |         20 |         20 |       0 |    0 |      0 |      0 |      0 |    0 |          1 |
|               g_pe_row[2].g_pe_col[24].u_pe                                               |                                system_attention_0_0_fsa_fused_pe_278 |        216 |        216 |       0 |    0 |    170 |      0 |      0 |    0 |          1 |
|                 (g_pe_row[2].g_pe_col[24].u_pe)                                           |                                system_attention_0_0_fsa_fused_pe_278 |        196 |        196 |       0 |    0 |    170 |      0 |      0 |    0 |          0 |
|                 u_shared_multiplier                                                       |                         system_attention_0_0_fa_signed_mult_comb_635 |         20 |         20 |       0 |    0 |      0 |      0 |      0 |    0 |          1 |
|               g_pe_row[2].g_pe_col[25].u_pe                                               |                                system_attention_0_0_fsa_fused_pe_279 |        214 |        214 |       0 |    0 |    170 |      0 |      0 |    0 |          1 |
|                 (g_pe_row[2].g_pe_col[25].u_pe)                                           |                                system_attention_0_0_fsa_fused_pe_279 |        195 |        195 |       0 |    0 |    170 |      0 |      0 |    0 |          0 |
|                 u_shared_multiplier                                                       |                         system_attention_0_0_fa_signed_mult_comb_634 |         20 |         20 |       0 |    0 |      0 |      0 |      0 |    0 |          1 |
|               g_pe_row[2].g_pe_col[26].u_pe                                               |                                system_attention_0_0_fsa_fused_pe_280 |        212 |        212 |       0 |    0 |    170 |      0 |      0 |    0 |          1 |
|                 (g_pe_row[2].g_pe_col[26].u_pe)                                           |                                system_attention_0_0_fsa_fused_pe_280 |        195 |        195 |       0 |    0 |    170 |      0 |      0 |    0 |          0 |
|                 u_shared_multiplier                                                       |                         system_attention_0_0_fa_signed_mult_comb_633 |         18 |         18 |       0 |    0 |      0 |      0 |      0 |    0 |          1 |
|               g_pe_row[2].g_pe_col[27].u_pe                                               |                                system_attention_0_0_fsa_fused_pe_281 |        212 |        212 |       0 |    0 |    170 |      0 |      0 |    0 |          1 |
|                 (g_pe_row[2].g_pe_col[27].u_pe)                                           |                                system_attention_0_0_fsa_fused_pe_281 |        195 |        195 |       0 |    0 |    170 |      0 |      0 |    0 |          0 |
|                 u_shared_multiplier                                                       |                         system_attention_0_0_fa_signed_mult_comb_632 |         18 |         18 |       0 |    0 |      0 |      0 |      0 |    0 |          1 |
|               g_pe_row[2].g_pe_col[28].u_pe                                               |                                system_attention_0_0_fsa_fused_pe_282 |        212 |        212 |       0 |    0 |    170 |      0 |      0 |    0 |          1 |
|                 (g_pe_row[2].g_pe_col[28].u_pe)                                           |                                system_attention_0_0_fsa_fused_pe_282 |        195 |        195 |       0 |    0 |    170 |      0 |      0 |    0 |          0 |
|                 u_shared_multiplier                                                       |                         system_attention_0_0_fa_signed_mult_comb_631 |         18 |         18 |       0 |    0 |      0 |      0 |      0 |    0 |          1 |
|               g_pe_row[2].g_pe_col[29].u_pe                                               |                                system_attention_0_0_fsa_fused_pe_283 |        212 |        212 |       0 |    0 |    170 |      0 |      0 |    0 |          1 |
|                 (g_pe_row[2].g_pe_col[29].u_pe)                                           |                                system_attention_0_0_fsa_fused_pe_283 |        195 |        195 |       0 |    0 |    170 |      0 |      0 |    0 |          0 |
|                 u_shared_multiplier                                                       |                         system_attention_0_0_fa_signed_mult_comb_630 |         18 |         18 |       0 |    0 |      0 |      0 |      0 |    0 |          1 |
|               g_pe_row[2].g_pe_col[2].u_pe                                                |                                system_attention_0_0_fsa_fused_pe_284 |        203 |        203 |       0 |    0 |    170 |      0 |      0 |    0 |          1 |
|                 (g_pe_row[2].g_pe_col[2].u_pe)                                            |                                system_attention_0_0_fsa_fused_pe_284 |        190 |        190 |       0 |    0 |    170 |      0 |      0 |    0 |          0 |
|                 u_shared_multiplier                                                       |                         system_attention_0_0_fa_signed_mult_comb_629 |         14 |         14 |       0 |    0 |      0 |      0 |      0 |    0 |          1 |
|               g_pe_row[2].g_pe_col[30].u_pe                                               |                                system_attention_0_0_fsa_fused_pe_285 |        254 |        254 |       0 |    0 |    170 |      0 |      0 |    0 |          1 |
|                 (g_pe_row[2].g_pe_col[30].u_pe)                                           |                                system_attention_0_0_fsa_fused_pe_285 |        236 |        236 |       0 |    0 |    170 |      0 |      0 |    0 |          0 |
|                 u_shared_multiplier                                                       |                         system_attention_0_0_fa_signed_mult_comb_628 |         19 |         19 |       0 |    0 |      0 |      0 |      0 |    0 |          1 |
|               g_pe_row[2].g_pe_col[31].u_pe                                               |                                system_attention_0_0_fsa_fused_pe_286 |        116 |        116 |       0 |    0 |    161 |      0 |      0 |    0 |          1 |
|                 (g_pe_row[2].g_pe_col[31].u_pe)                                           |                                system_attention_0_0_fsa_fused_pe_286 |        110 |        110 |       0 |    0 |    161 |      0 |      0 |    0 |          0 |
|                 u_shared_multiplier                                                       |                         system_attention_0_0_fa_signed_mult_comb_627 |          6 |          6 |       0 |    0 |      0 |      0 |      0 |    0 |          1 |
|               g_pe_row[2].g_pe_col[3].u_pe                                                |                                system_attention_0_0_fsa_fused_pe_287 |        220 |        220 |       0 |    0 |    170 |      0 |      0 |    0 |          1 |
|                 (g_pe_row[2].g_pe_col[3].u_pe)                                            |                                system_attention_0_0_fsa_fused_pe_287 |        207 |        207 |       0 |    0 |    170 |      0 |      0 |    0 |          0 |
|                 u_shared_multiplier                                                       |                         system_attention_0_0_fa_signed_mult_comb_626 |         14 |         14 |       0 |    0 |      0 |      0 |      0 |    0 |          1 |
|               g_pe_row[2].g_pe_col[4].u_pe                                                |                                system_attention_0_0_fsa_fused_pe_288 |        220 |        220 |       0 |    0 |    170 |      0 |      0 |    0 |          1 |
|                 (g_pe_row[2].g_pe_col[4].u_pe)                                            |                                system_attention_0_0_fsa_fused_pe_288 |        195 |        195 |       0 |    0 |    170 |      0 |      0 |    0 |          0 |
|                 u_shared_multiplier                                                       |                         system_attention_0_0_fa_signed_mult_comb_625 |         25 |         25 |       0 |    0 |      0 |      0 |      0 |    0 |          1 |
|               g_pe_row[2].g_pe_col[5].u_pe                                                |                                system_attention_0_0_fsa_fused_pe_289 |        229 |        229 |       0 |    0 |    170 |      0 |      0 |    0 |          1 |
|                 (g_pe_row[2].g_pe_col[5].u_pe)                                            |                                system_attention_0_0_fsa_fused_pe_289 |        211 |        211 |       0 |    0 |    170 |      0 |      0 |    0 |          0 |
|                 u_shared_multiplier                                                       |                         system_attention_0_0_fa_signed_mult_comb_624 |         18 |         18 |       0 |    0 |      0 |      0 |      0 |    0 |          1 |
|               g_pe_row[2].g_pe_col[6].u_pe                                                |                                system_attention_0_0_fsa_fused_pe_290 |        223 |        223 |       0 |    0 |    170 |      0 |      0 |    0 |          1 |
|                 (g_pe_row[2].g_pe_col[6].u_pe)                                            |                                system_attention_0_0_fsa_fused_pe_290 |        207 |        207 |       0 |    0 |    170 |      0 |      0 |    0 |          0 |
|                 u_shared_multiplier                                                       |                         system_attention_0_0_fa_signed_mult_comb_623 |         17 |         17 |       0 |    0 |      0 |      0 |      0 |    0 |          1 |
|               g_pe_row[2].g_pe_col[7].u_pe                                                |                                system_attention_0_0_fsa_fused_pe_291 |        220 |        220 |       0 |    0 |    170 |      0 |      0 |    0 |          1 |
|                 (g_pe_row[2].g_pe_col[7].u_pe)                                            |                                system_attention_0_0_fsa_fused_pe_291 |        207 |        207 |       0 |    0 |    170 |      0 |      0 |    0 |          0 |
|                 u_shared_multiplier                                                       |                         system_attention_0_0_fa_signed_mult_comb_622 |         14 |         14 |       0 |    0 |      0 |      0 |      0 |    0 |          1 |
|               g_pe_row[2].g_pe_col[8].u_pe                                                |                                system_attention_0_0_fsa_fused_pe_292 |        203 |        203 |       0 |    0 |    170 |      0 |      0 |    0 |          1 |
|                 (g_pe_row[2].g_pe_col[8].u_pe)                                            |                                system_attention_0_0_fsa_fused_pe_292 |        190 |        190 |       0 |    0 |    170 |      0 |      0 |    0 |          0 |
|                 u_shared_multiplier                                                       |                         system_attention_0_0_fa_signed_mult_comb_621 |         14 |         14 |       0 |    0 |      0 |      0 |      0 |    0 |          1 |
|               g_pe_row[2].g_pe_col[9].u_pe                                                |                                system_attention_0_0_fsa_fused_pe_293 |        220 |        220 |       0 |    0 |    170 |      0 |      0 |    0 |          1 |
|                 (g_pe_row[2].g_pe_col[9].u_pe)                                            |                                system_attention_0_0_fsa_fused_pe_293 |        207 |        207 |       0 |    0 |    170 |      0 |      0 |    0 |          0 |
|                 u_shared_multiplier                                                       |                         system_attention_0_0_fa_signed_mult_comb_620 |         14 |         14 |       0 |    0 |      0 |      0 |      0 |    0 |          1 |
|               g_pe_row[3].g_pe_col[0].u_pe                                                |                                system_attention_0_0_fsa_fused_pe_294 |        346 |        346 |       0 |    0 |    137 |      0 |      0 |    0 |          1 |
|                 (g_pe_row[3].g_pe_col[0].u_pe)                                            |                                system_attention_0_0_fsa_fused_pe_294 |        243 |        243 |       0 |    0 |    137 |      0 |      0 |    0 |          0 |
|                 u_shared_multiplier                                                       |                         system_attention_0_0_fa_signed_mult_comb_619 |        103 |        103 |       0 |    0 |      0 |      0 |      0 |    0 |          1 |
|               g_pe_row[3].g_pe_col[10].u_pe                                               |                                system_attention_0_0_fsa_fused_pe_295 |        215 |        215 |       0 |    0 |    170 |      0 |      0 |    0 |          1 |
|                 (g_pe_row[3].g_pe_col[10].u_pe)                                           |                                system_attention_0_0_fsa_fused_pe_295 |        196 |        196 |       0 |    0 |    170 |      0 |      0 |    0 |          0 |
|                 u_shared_multiplier                                                       |                         system_attention_0_0_fa_signed_mult_comb_618 |         20 |         20 |       0 |    0 |      0 |      0 |      0 |    0 |          1 |
|               g_pe_row[3].g_pe_col[11].u_pe                                               |                                system_attention_0_0_fsa_fused_pe_296 |        214 |        214 |       0 |    0 |    170 |      0 |      0 |    0 |          1 |
|                 (g_pe_row[3].g_pe_col[11].u_pe)                                           |                                system_attention_0_0_fsa_fused_pe_296 |        197 |        197 |       0 |    0 |    170 |      0 |      0 |    0 |          0 |
|                 u_shared_multiplier                                                       |                         system_attention_0_0_fa_signed_mult_comb_617 |         18 |         18 |       0 |    0 |      0 |      0 |      0 |    0 |          1 |
|               g_pe_row[3].g_pe_col[12].u_pe                                               |                                system_attention_0_0_fsa_fused_pe_297 |        213 |        213 |       0 |    0 |    170 |      0 |      0 |    0 |          1 |
|                 (g_pe_row[3].g_pe_col[12].u_pe)                                           |                                system_attention_0_0_fsa_fused_pe_297 |        196 |        196 |       0 |    0 |    170 |      0 |      0 |    0 |          0 |
|                 u_shared_multiplier                                                       |                         system_attention_0_0_fa_signed_mult_comb_616 |         18 |         18 |       0 |    0 |      0 |      0 |      0 |    0 |          1 |
|               g_pe_row[3].g_pe_col[13].u_pe                                               |                                system_attention_0_0_fsa_fused_pe_298 |        216 |        216 |       0 |    0 |    170 |      0 |      0 |    0 |          1 |
|                 (g_pe_row[3].g_pe_col[13].u_pe)                                           |                                system_attention_0_0_fsa_fused_pe_298 |        197 |        197 |       0 |    0 |    170 |      0 |      0 |    0 |          0 |
|                 u_shared_multiplier                                                       |                         system_attention_0_0_fa_signed_mult_comb_615 |         20 |         20 |       0 |    0 |      0 |      0 |      0 |    0 |          1 |
|               g_pe_row[3].g_pe_col[14].u_pe                                               |                                system_attention_0_0_fsa_fused_pe_299 |        243 |        243 |       0 |    0 |    170 |      0 |      0 |    0 |          1 |
|                 (g_pe_row[3].g_pe_col[14].u_pe)                                           |                                system_attention_0_0_fsa_fused_pe_299 |        213 |        213 |       0 |    0 |    170 |      0 |      0 |    0 |          0 |
|                 u_shared_multiplier                                                       |                         system_attention_0_0_fa_signed_mult_comb_614 |         30 |         30 |       0 |    0 |      0 |      0 |      0 |    0 |          1 |
|               g_pe_row[3].g_pe_col[15].u_pe                                               |                                system_attention_0_0_fsa_fused_pe_300 |        224 |        224 |       0 |    0 |    170 |      0 |      0 |    0 |          1 |
|                 (g_pe_row[3].g_pe_col[15].u_pe)                                           |                                system_attention_0_0_fsa_fused_pe_300 |        197 |        197 |       0 |    0 |    170 |      0 |      0 |    0 |          0 |
|                 u_shared_multiplier                                                       |                         system_attention_0_0_fa_signed_mult_comb_613 |         27 |         27 |       0 |    0 |      0 |      0 |      0 |    0 |          1 |
|               g_pe_row[3].g_pe_col[16].u_pe                                               |                                system_attention_0_0_fsa_fused_pe_301 |        215 |        215 |       0 |    0 |    170 |      0 |      0 |    0 |          1 |
|                 (g_pe_row[3].g_pe_col[16].u_pe)                                           |                                system_attention_0_0_fsa_fused_pe_301 |        197 |        197 |       0 |    0 |    170 |      0 |      0 |    0 |          0 |
|                 u_shared_multiplier                                                       |                         system_attention_0_0_fa_signed_mult_comb_612 |         18 |         18 |       0 |    0 |      0 |      0 |      0 |    0 |          1 |
|               g_pe_row[3].g_pe_col[17].u_pe                                               |                                system_attention_0_0_fsa_fused_pe_302 |        222 |        222 |       0 |    0 |    170 |      0 |      0 |    0 |          1 |
|                 (g_pe_row[3].g_pe_col[17].u_pe)                                           |                                system_attention_0_0_fsa_fused_pe_302 |        197 |        197 |       0 |    0 |    170 |      0 |      0 |    0 |          0 |
|                 u_shared_multiplier                                                       |                         system_attention_0_0_fa_signed_mult_comb_611 |         26 |         26 |       0 |    0 |      0 |      0 |      0 |    0 |          1 |
|               g_pe_row[3].g_pe_col[18].u_pe                                               |                                system_attention_0_0_fsa_fused_pe_303 |        217 |        217 |       0 |    0 |    170 |      0 |      0 |    0 |          1 |
|                 (g_pe_row[3].g_pe_col[18].u_pe)                                           |                                system_attention_0_0_fsa_fused_pe_303 |        196 |        196 |       0 |    0 |    170 |      0 |      0 |    0 |          0 |
|                 u_shared_multiplier                                                       |                         system_attention_0_0_fa_signed_mult_comb_610 |         22 |         22 |       0 |    0 |      0 |      0 |      0 |    0 |          1 |
|               g_pe_row[3].g_pe_col[19].u_pe                                               |                                system_attention_0_0_fsa_fused_pe_304 |        213 |        213 |       0 |    0 |    170 |      0 |      0 |    0 |          1 |
|                 (g_pe_row[3].g_pe_col[19].u_pe)                                           |                                system_attention_0_0_fsa_fused_pe_304 |        196 |        196 |       0 |    0 |    170 |      0 |      0 |    0 |          0 |
|                 u_shared_multiplier                                                       |                         system_attention_0_0_fa_signed_mult_comb_609 |         18 |         18 |       0 |    0 |      0 |      0 |      0 |    0 |          1 |
|               g_pe_row[3].g_pe_col[1].u_pe                                                |                                system_attention_0_0_fsa_fused_pe_305 |        238 |        238 |       0 |    0 |    170 |      0 |      0 |    0 |          1 |
|                 (g_pe_row[3].g_pe_col[1].u_pe)                                            |                                system_attention_0_0_fsa_fused_pe_305 |        220 |        220 |       0 |    0 |    170 |      0 |      0 |    0 |          0 |
|                 u_shared_multiplier                                                       |                         system_attention_0_0_fa_signed_mult_comb_608 |         18 |         18 |       0 |    0 |      0 |      0 |      0 |    0 |          1 |
|               g_pe_row[3].g_pe_col[20].u_pe                                               |                                system_attention_0_0_fsa_fused_pe_306 |        224 |        224 |       0 |    0 |    170 |      0 |      0 |    0 |          1 |
|                 (g_pe_row[3].g_pe_col[20].u_pe)                                           |                                system_attention_0_0_fsa_fused_pe_306 |        197 |        197 |       0 |    0 |    170 |      0 |      0 |    0 |          0 |
|                 u_shared_multiplier                                                       |                         system_attention_0_0_fa_signed_mult_comb_607 |         27 |         27 |       0 |    0 |      0 |      0 |      0 |    0 |          1 |
|               g_pe_row[3].g_pe_col[21].u_pe                                               |                                system_attention_0_0_fsa_fused_pe_307 |        218 |        218 |       0 |    0 |    170 |      0 |      0 |    0 |          1 |
|                 (g_pe_row[3].g_pe_col[21].u_pe)                                           |                                system_attention_0_0_fsa_fused_pe_307 |        197 |        197 |       0 |    0 |    170 |      0 |      0 |    0 |          0 |
|                 u_shared_multiplier                                                       |                         system_attention_0_0_fa_signed_mult_comb_606 |         22 |         22 |       0 |    0 |      0 |      0 |      0 |    0 |          1 |
|               g_pe_row[3].g_pe_col[22].u_pe                                               |                                system_attention_0_0_fsa_fused_pe_308 |        243 |        243 |       0 |    0 |    170 |      0 |      0 |    0 |          1 |
|                 (g_pe_row[3].g_pe_col[22].u_pe)                                           |                                system_attention_0_0_fsa_fused_pe_308 |        213 |        213 |       0 |    0 |    170 |      0 |      0 |    0 |          0 |
|                 u_shared_multiplier                                                       |                         system_attention_0_0_fa_signed_mult_comb_605 |         30 |         30 |       0 |    0 |      0 |      0 |      0 |    0 |          1 |
|               g_pe_row[3].g_pe_col[23].u_pe                                               |                                system_attention_0_0_fsa_fused_pe_309 |        215 |        215 |       0 |    0 |    170 |      0 |      0 |    0 |          1 |
|                 (g_pe_row[3].g_pe_col[23].u_pe)                                           |                                system_attention_0_0_fsa_fused_pe_309 |        196 |        196 |       0 |    0 |    170 |      0 |      0 |    0 |          0 |
|                 u_shared_multiplier                                                       |                         system_attention_0_0_fa_signed_mult_comb_604 |         19 |         19 |       0 |    0 |      0 |      0 |      0 |    0 |          1 |
|               g_pe_row[3].g_pe_col[24].u_pe                                               |                                system_attention_0_0_fsa_fused_pe_310 |        220 |        220 |       0 |    0 |    170 |      0 |      0 |    0 |          1 |
|                 (g_pe_row[3].g_pe_col[24].u_pe)                                           |                                system_attention_0_0_fsa_fused_pe_310 |        196 |        196 |       0 |    0 |    170 |      0 |      0 |    0 |          0 |
|                 u_shared_multiplier                                                       |                         system_attention_0_0_fa_signed_mult_comb_603 |         24 |         24 |       0 |    0 |      0 |      0 |      0 |    0 |          1 |
|               g_pe_row[3].g_pe_col[25].u_pe                                               |                                system_attention_0_0_fsa_fused_pe_311 |        213 |        213 |       0 |    0 |    170 |      0 |      0 |    0 |          1 |
|                 (g_pe_row[3].g_pe_col[25].u_pe)                                           |                                system_attention_0_0_fsa_fused_pe_311 |        195 |        195 |       0 |    0 |    170 |      0 |      0 |    0 |          0 |
|                 u_shared_multiplier                                                       |                         system_attention_0_0_fa_signed_mult_comb_602 |         19 |         19 |       0 |    0 |      0 |      0 |      0 |    0 |          1 |
|               g_pe_row[3].g_pe_col[26].u_pe                                               |                                system_attention_0_0_fsa_fused_pe_312 |        212 |        212 |       0 |    0 |    170 |      0 |      0 |    0 |          1 |
|                 (g_pe_row[3].g_pe_col[26].u_pe)                                           |                                system_attention_0_0_fsa_fused_pe_312 |        195 |        195 |       0 |    0 |    170 |      0 |      0 |    0 |          0 |
|                 u_shared_multiplier                                                       |                         system_attention_0_0_fa_signed_mult_comb_601 |         18 |         18 |       0 |    0 |      0 |      0 |      0 |    0 |          1 |
|               g_pe_row[3].g_pe_col[27].u_pe                                               |                                system_attention_0_0_fsa_fused_pe_313 |        212 |        212 |       0 |    0 |    170 |      0 |      0 |    0 |          1 |
|                 (g_pe_row[3].g_pe_col[27].u_pe)                                           |                                system_attention_0_0_fsa_fused_pe_313 |        195 |        195 |       0 |    0 |    170 |      0 |      0 |    0 |          0 |
|                 u_shared_multiplier                                                       |                         system_attention_0_0_fa_signed_mult_comb_600 |         18 |         18 |       0 |    0 |      0 |      0 |      0 |    0 |          1 |
|               g_pe_row[3].g_pe_col[28].u_pe                                               |                                system_attention_0_0_fsa_fused_pe_314 |        216 |        216 |       0 |    0 |    170 |      0 |      0 |    0 |          1 |
|                 (g_pe_row[3].g_pe_col[28].u_pe)                                           |                                system_attention_0_0_fsa_fused_pe_314 |        196 |        196 |       0 |    0 |    170 |      0 |      0 |    0 |          0 |
|                 u_shared_multiplier                                                       |                         system_attention_0_0_fa_signed_mult_comb_599 |         20 |         20 |       0 |    0 |      0 |      0 |      0 |    0 |          1 |
|               g_pe_row[3].g_pe_col[29].u_pe                                               |                                system_attention_0_0_fsa_fused_pe_315 |        216 |        216 |       0 |    0 |    170 |      0 |      0 |    0 |          1 |
|                 (g_pe_row[3].g_pe_col[29].u_pe)                                           |                                system_attention_0_0_fsa_fused_pe_315 |        195 |        195 |       0 |    0 |    170 |      0 |      0 |    0 |          0 |
|                 u_shared_multiplier                                                       |                         system_attention_0_0_fa_signed_mult_comb_598 |         21 |         21 |       0 |    0 |      0 |      0 |      0 |    0 |          1 |
|               g_pe_row[3].g_pe_col[2].u_pe                                                |                                system_attention_0_0_fsa_fused_pe_316 |        213 |        213 |       0 |    0 |    170 |      0 |      0 |    0 |          1 |
|                 (g_pe_row[3].g_pe_col[2].u_pe)                                            |                                system_attention_0_0_fsa_fused_pe_316 |        195 |        195 |       0 |    0 |    170 |      0 |      0 |    0 |          0 |
|                 u_shared_multiplier                                                       |                         system_attention_0_0_fa_signed_mult_comb_597 |         18 |         18 |       0 |    0 |      0 |      0 |      0 |    0 |          1 |
|               g_pe_row[3].g_pe_col[30].u_pe                                               |                                system_attention_0_0_fsa_fused_pe_317 |        247 |        247 |       0 |    0 |    170 |      0 |      0 |    0 |          1 |
|                 (g_pe_row[3].g_pe_col[30].u_pe)                                           |                                system_attention_0_0_fsa_fused_pe_317 |        217 |        217 |       0 |    0 |    170 |      0 |      0 |    0 |          0 |
|                 u_shared_multiplier                                                       |                         system_attention_0_0_fa_signed_mult_comb_596 |         30 |         30 |       0 |    0 |      0 |      0 |      0 |    0 |          1 |
|               g_pe_row[3].g_pe_col[31].u_pe                                               |                                system_attention_0_0_fsa_fused_pe_318 |        123 |        123 |       0 |    0 |    161 |      0 |      0 |    0 |          1 |
|                 (g_pe_row[3].g_pe_col[31].u_pe)                                           |                                system_attention_0_0_fsa_fused_pe_318 |        114 |        114 |       0 |    0 |    161 |      0 |      0 |    0 |          0 |
|                 u_shared_multiplier                                                       |                         system_attention_0_0_fa_signed_mult_comb_595 |          9 |          9 |       0 |    0 |      0 |      0 |      0 |    0 |          1 |
|               g_pe_row[3].g_pe_col[3].u_pe                                                |                                system_attention_0_0_fsa_fused_pe_319 |        216 |        216 |       0 |    0 |    170 |      0 |      0 |    0 |          1 |
|                 (g_pe_row[3].g_pe_col[3].u_pe)                                            |                                system_attention_0_0_fsa_fused_pe_319 |        197 |        197 |       0 |    0 |    170 |      0 |      0 |    0 |          0 |
|                 u_shared_multiplier                                                       |                         system_attention_0_0_fa_signed_mult_comb_594 |         19 |         19 |       0 |    0 |      0 |      0 |      0 |    0 |          1 |
|               g_pe_row[3].g_pe_col[4].u_pe                                                |                                system_attention_0_0_fsa_fused_pe_320 |        216 |        216 |       0 |    0 |    170 |      0 |      0 |    0 |          1 |
|                 (g_pe_row[3].g_pe_col[4].u_pe)                                            |                                system_attention_0_0_fsa_fused_pe_320 |        197 |        197 |       0 |    0 |    170 |      0 |      0 |    0 |          0 |
|                 u_shared_multiplier                                                       |                         system_attention_0_0_fa_signed_mult_comb_593 |         19 |         19 |       0 |    0 |      0 |      0 |      0 |    0 |          1 |
|               g_pe_row[3].g_pe_col[5].u_pe                                                |                                system_attention_0_0_fsa_fused_pe_321 |        222 |        222 |       0 |    0 |    170 |      0 |      0 |    0 |          1 |
|                 (g_pe_row[3].g_pe_col[5].u_pe)                                            |                                system_attention_0_0_fsa_fused_pe_321 |        197 |        197 |       0 |    0 |    170 |      0 |      0 |    0 |          0 |
|                 u_shared_multiplier                                                       |                         system_attention_0_0_fa_signed_mult_comb_592 |         25 |         25 |       0 |    0 |      0 |      0 |      0 |    0 |          1 |
|               g_pe_row[3].g_pe_col[6].u_pe                                                |                                system_attention_0_0_fsa_fused_pe_322 |        237 |        237 |       0 |    0 |    170 |      0 |      0 |    0 |          1 |
|                 (g_pe_row[3].g_pe_col[6].u_pe)                                            |                                system_attention_0_0_fsa_fused_pe_322 |        213 |        213 |       0 |    0 |    170 |      0 |      0 |    0 |          0 |
|                 u_shared_multiplier                                                       |                         system_attention_0_0_fa_signed_mult_comb_591 |         24 |         24 |       0 |    0 |      0 |      0 |      0 |    0 |          1 |
|               g_pe_row[3].g_pe_col[7].u_pe                                                |                                system_attention_0_0_fsa_fused_pe_323 |        216 |        216 |       0 |    0 |    170 |      0 |      0 |    0 |          1 |
|                 (g_pe_row[3].g_pe_col[7].u_pe)                                            |                                system_attention_0_0_fsa_fused_pe_323 |        196 |        196 |       0 |    0 |    170 |      0 |      0 |    0 |          0 |
|                 u_shared_multiplier                                                       |                         system_attention_0_0_fa_signed_mult_comb_590 |         20 |         20 |       0 |    0 |      0 |      0 |      0 |    0 |          1 |
|               g_pe_row[3].g_pe_col[8].u_pe                                                |                                system_attention_0_0_fsa_fused_pe_324 |        213 |        213 |       0 |    0 |    170 |      0 |      0 |    0 |          1 |
|                 (g_pe_row[3].g_pe_col[8].u_pe)                                            |                                system_attention_0_0_fsa_fused_pe_324 |        196 |        196 |       0 |    0 |    170 |      0 |      0 |    0 |          0 |
|                 u_shared_multiplier                                                       |                         system_attention_0_0_fa_signed_mult_comb_589 |         18 |         18 |       0 |    0 |      0 |      0 |      0 |    0 |          1 |
|               g_pe_row[3].g_pe_col[9].u_pe                                                |                                system_attention_0_0_fsa_fused_pe_325 |        223 |        223 |       0 |    0 |    170 |      0 |      0 |    0 |          1 |
|                 (g_pe_row[3].g_pe_col[9].u_pe)                                            |                                system_attention_0_0_fsa_fused_pe_325 |        197 |        197 |       0 |    0 |    170 |      0 |      0 |    0 |          0 |
|                 u_shared_multiplier                                                       |                         system_attention_0_0_fa_signed_mult_comb_588 |         26 |         26 |       0 |    0 |      0 |      0 |      0 |    0 |          1 |
|               g_pe_row[4].g_pe_col[0].u_pe                                                |                                system_attention_0_0_fsa_fused_pe_326 |        331 |        331 |       0 |    0 |    137 |      0 |      0 |    0 |          1 |
|                 (g_pe_row[4].g_pe_col[0].u_pe)                                            |                                system_attention_0_0_fsa_fused_pe_326 |        232 |        232 |       0 |    0 |    137 |      0 |      0 |    0 |          0 |
|                 u_shared_multiplier                                                       |                         system_attention_0_0_fa_signed_mult_comb_587 |         99 |         99 |       0 |    0 |      0 |      0 |      0 |    0 |          1 |
|               g_pe_row[4].g_pe_col[10].u_pe                                               |                                system_attention_0_0_fsa_fused_pe_327 |        212 |        212 |       0 |    0 |    170 |      0 |      0 |    0 |          1 |
|                 (g_pe_row[4].g_pe_col[10].u_pe)                                           |                                system_attention_0_0_fsa_fused_pe_327 |        195 |        195 |       0 |    0 |    170 |      0 |      0 |    0 |          0 |
|                 u_shared_multiplier                                                       |                         system_attention_0_0_fa_signed_mult_comb_586 |         18 |         18 |       0 |    0 |      0 |      0 |      0 |    0 |          1 |
|               g_pe_row[4].g_pe_col[11].u_pe                                               |                                system_attention_0_0_fsa_fused_pe_328 |        213 |        213 |       0 |    0 |    170 |      0 |      0 |    0 |          1 |
|                 (g_pe_row[4].g_pe_col[11].u_pe)                                           |                                system_attention_0_0_fsa_fused_pe_328 |        195 |        195 |       0 |    0 |    170 |      0 |      0 |    0 |          0 |
|                 u_shared_multiplier                                                       |                         system_attention_0_0_fa_signed_mult_comb_585 |         18 |         18 |       0 |    0 |      0 |      0 |      0 |    0 |          1 |
|               g_pe_row[4].g_pe_col[12].u_pe                                               |                                system_attention_0_0_fsa_fused_pe_329 |        212 |        212 |       0 |    0 |    170 |      0 |      0 |    0 |          1 |
|                 (g_pe_row[4].g_pe_col[12].u_pe)                                           |                                system_attention_0_0_fsa_fused_pe_329 |        195 |        195 |       0 |    0 |    170 |      0 |      0 |    0 |          0 |
|                 u_shared_multiplier                                                       |                         system_attention_0_0_fa_signed_mult_comb_584 |         18 |         18 |       0 |    0 |      0 |      0 |      0 |    0 |          1 |
|               g_pe_row[4].g_pe_col[13].u_pe                                               |                                system_attention_0_0_fsa_fused_pe_330 |        213 |        213 |       0 |    0 |    170 |      0 |      0 |    0 |          1 |
|                 (g_pe_row[4].g_pe_col[13].u_pe)                                           |                                system_attention_0_0_fsa_fused_pe_330 |        195 |        195 |       0 |    0 |    170 |      0 |      0 |    0 |          0 |
|                 u_shared_multiplier                                                       |                         system_attention_0_0_fa_signed_mult_comb_583 |         18 |         18 |       0 |    0 |      0 |      0 |      0 |    0 |          1 |
|               g_pe_row[4].g_pe_col[14].u_pe                                               |                                system_attention_0_0_fsa_fused_pe_331 |        229 |        229 |       0 |    0 |    170 |      0 |      0 |    0 |          1 |
|                 (g_pe_row[4].g_pe_col[14].u_pe)                                           |                                system_attention_0_0_fsa_fused_pe_331 |        211 |        211 |       0 |    0 |    170 |      0 |      0 |    0 |          0 |
|                 u_shared_multiplier                                                       |                         system_attention_0_0_fa_signed_mult_comb_582 |         18 |         18 |       0 |    0 |      0 |      0 |      0 |    0 |          1 |
|               g_pe_row[4].g_pe_col[15].u_pe                                               |                                system_attention_0_0_fsa_fused_pe_332 |        223 |        223 |       0 |    0 |    169 |      0 |      0 |    0 |          1 |
|                 (g_pe_row[4].g_pe_col[15].u_pe)                                           |                                system_attention_0_0_fsa_fused_pe_332 |        196 |        196 |       0 |    0 |    169 |      0 |      0 |    0 |          0 |
|                 u_shared_multiplier                                                       |                         system_attention_0_0_fa_signed_mult_comb_581 |         27 |         27 |       0 |    0 |      0 |      0 |      0 |    0 |          1 |
|               g_pe_row[4].g_pe_col[16].u_pe                                               |                                system_attention_0_0_fsa_fused_pe_333 |        219 |        219 |       0 |    0 |    170 |      0 |      0 |    0 |          1 |
|                 (g_pe_row[4].g_pe_col[16].u_pe)                                           |                                system_attention_0_0_fsa_fused_pe_333 |        196 |        196 |       0 |    0 |    170 |      0 |      0 |    0 |          0 |
|                 u_shared_multiplier                                                       |                         system_attention_0_0_fa_signed_mult_comb_580 |         24 |         24 |       0 |    0 |      0 |      0 |      0 |    0 |          1 |
|               g_pe_row[4].g_pe_col[17].u_pe                                               |                                system_attention_0_0_fsa_fused_pe_334 |        214 |        214 |       0 |    0 |    170 |      0 |      0 |    0 |          1 |
|                 (g_pe_row[4].g_pe_col[17].u_pe)                                           |                                system_attention_0_0_fsa_fused_pe_334 |        195 |        195 |       0 |    0 |    170 |      0 |      0 |    0 |          0 |
|                 u_shared_multiplier                                                       |                         system_attention_0_0_fa_signed_mult_comb_579 |         19 |         19 |       0 |    0 |      0 |      0 |      0 |    0 |          1 |
|               g_pe_row[4].g_pe_col[18].u_pe                                               |                                system_attention_0_0_fsa_fused_pe_335 |        213 |        213 |       0 |    0 |    170 |      0 |      0 |    0 |          1 |
|                 (g_pe_row[4].g_pe_col[18].u_pe)                                           |                                system_attention_0_0_fsa_fused_pe_335 |        195 |        195 |       0 |    0 |    170 |      0 |      0 |    0 |          0 |
|                 u_shared_multiplier                                                       |                         system_attention_0_0_fa_signed_mult_comb_578 |         18 |         18 |       0 |    0 |      0 |      0 |      0 |    0 |          1 |
|               g_pe_row[4].g_pe_col[19].u_pe                                               |                                system_attention_0_0_fsa_fused_pe_336 |        213 |        213 |       0 |    0 |    170 |      0 |      0 |    0 |          1 |
|                 (g_pe_row[4].g_pe_col[19].u_pe)                                           |                                system_attention_0_0_fsa_fused_pe_336 |        195 |        195 |       0 |    0 |    170 |      0 |      0 |    0 |          0 |
|                 u_shared_multiplier                                                       |                         system_attention_0_0_fa_signed_mult_comb_577 |         18 |         18 |       0 |    0 |      0 |      0 |      0 |    0 |          1 |
|               g_pe_row[4].g_pe_col[1].u_pe                                                |                                system_attention_0_0_fsa_fused_pe_337 |        249 |        249 |       0 |    0 |    170 |      0 |      0 |    0 |          1 |
|                 (g_pe_row[4].g_pe_col[1].u_pe)                                            |                                system_attention_0_0_fsa_fused_pe_337 |        220 |        220 |       0 |    0 |    170 |      0 |      0 |    0 |          0 |
|                 u_shared_multiplier                                                       |                         system_attention_0_0_fa_signed_mult_comb_576 |         30 |         30 |       0 |    0 |      0 |      0 |      0 |    0 |          1 |
|               g_pe_row[4].g_pe_col[20].u_pe                                               |                                system_attention_0_0_fsa_fused_pe_338 |        226 |        226 |       0 |    0 |    170 |      0 |      0 |    0 |          1 |
|                 (g_pe_row[4].g_pe_col[20].u_pe)                                           |                                system_attention_0_0_fsa_fused_pe_338 |        209 |        209 |       0 |    0 |    170 |      0 |      0 |    0 |          0 |
|                 u_shared_multiplier                                                       |                         system_attention_0_0_fa_signed_mult_comb_575 |         18 |         18 |       0 |    0 |      0 |      0 |      0 |    0 |          1 |
|               g_pe_row[4].g_pe_col[21].u_pe                                               |                                system_attention_0_0_fsa_fused_pe_339 |        210 |        210 |       0 |    0 |    170 |      0 |      0 |    0 |          1 |
|                 (g_pe_row[4].g_pe_col[21].u_pe)                                           |                                system_attention_0_0_fsa_fused_pe_339 |        193 |        193 |       0 |    0 |    170 |      0 |      0 |    0 |          0 |
|                 u_shared_multiplier                                                       |                         system_attention_0_0_fa_signed_mult_comb_574 |         17 |         17 |       0 |    0 |      0 |      0 |      0 |    0 |          1 |
|               g_pe_row[4].g_pe_col[22].u_pe                                               |                                system_attention_0_0_fsa_fused_pe_340 |        221 |        221 |       0 |    0 |    170 |      0 |      0 |    0 |          1 |
|                 (g_pe_row[4].g_pe_col[22].u_pe)                                           |                                system_attention_0_0_fsa_fused_pe_340 |        208 |        208 |       0 |    0 |    170 |      0 |      0 |    0 |          0 |
|                 u_shared_multiplier                                                       |                         system_attention_0_0_fa_signed_mult_comb_573 |         14 |         14 |       0 |    0 |      0 |      0 |      0 |    0 |          1 |
|               g_pe_row[4].g_pe_col[23].u_pe                                               |                                system_attention_0_0_fsa_fused_pe_341 |        205 |        205 |       0 |    0 |    170 |      0 |      0 |    0 |          1 |
|                 (g_pe_row[4].g_pe_col[23].u_pe)                                           |                                system_attention_0_0_fsa_fused_pe_341 |        191 |        191 |       0 |    0 |    170 |      0 |      0 |    0 |          0 |
|                 u_shared_multiplier                                                       |                         system_attention_0_0_fa_signed_mult_comb_572 |         14 |         14 |       0 |    0 |      0 |      0 |      0 |    0 |          1 |
|               g_pe_row[4].g_pe_col[24].u_pe                                               |                                system_attention_0_0_fsa_fused_pe_342 |        203 |        203 |       0 |    0 |    170 |      0 |      0 |    0 |          1 |
|                 (g_pe_row[4].g_pe_col[24].u_pe)                                           |                                system_attention_0_0_fsa_fused_pe_342 |        190 |        190 |       0 |    0 |    170 |      0 |      0 |    0 |          0 |
|                 u_shared_multiplier                                                       |                         system_attention_0_0_fa_signed_mult_comb_571 |         14 |         14 |       0 |    0 |      0 |      0 |      0 |    0 |          1 |
|               g_pe_row[4].g_pe_col[25].u_pe                                               |                                system_attention_0_0_fsa_fused_pe_343 |        204 |        204 |       0 |    0 |    170 |      0 |      0 |    0 |          1 |
|                 (g_pe_row[4].g_pe_col[25].u_pe)                                           |                                system_attention_0_0_fsa_fused_pe_343 |        190 |        190 |       0 |    0 |    170 |      0 |      0 |    0 |          0 |
|                 u_shared_multiplier                                                       |                         system_attention_0_0_fa_signed_mult_comb_570 |         14 |         14 |       0 |    0 |      0 |      0 |      0 |    0 |          1 |
|               g_pe_row[4].g_pe_col[26].u_pe                                               |                                system_attention_0_0_fsa_fused_pe_344 |        204 |        204 |       0 |    0 |    170 |      0 |      0 |    0 |          1 |
|                 (g_pe_row[4].g_pe_col[26].u_pe)                                           |                                system_attention_0_0_fsa_fused_pe_344 |        191 |        191 |       0 |    0 |    170 |      0 |      0 |    0 |          0 |
|                 u_shared_multiplier                                                       |                         system_attention_0_0_fa_signed_mult_comb_569 |         14 |         14 |       0 |    0 |      0 |      0 |      0 |    0 |          1 |
|               g_pe_row[4].g_pe_col[27].u_pe                                               |                                system_attention_0_0_fsa_fused_pe_345 |        207 |        207 |       0 |    0 |    170 |      0 |      0 |    0 |          1 |
|                 (g_pe_row[4].g_pe_col[27].u_pe)                                           |                                system_attention_0_0_fsa_fused_pe_345 |        194 |        194 |       0 |    0 |    170 |      0 |      0 |    0 |          0 |
|                 u_shared_multiplier                                                       |                         system_attention_0_0_fa_signed_mult_comb_568 |         14 |         14 |       0 |    0 |      0 |      0 |      0 |    0 |          1 |
|               g_pe_row[4].g_pe_col[28].u_pe                                               |                                system_attention_0_0_fsa_fused_pe_346 |        211 |        211 |       0 |    0 |    170 |      0 |      0 |    0 |          1 |
|                 (g_pe_row[4].g_pe_col[28].u_pe)                                           |                                system_attention_0_0_fsa_fused_pe_346 |        194 |        194 |       0 |    0 |    170 |      0 |      0 |    0 |          0 |
|                 u_shared_multiplier                                                       |                         system_attention_0_0_fa_signed_mult_comb_567 |         18 |         18 |       0 |    0 |      0 |      0 |      0 |    0 |          1 |
|               g_pe_row[4].g_pe_col[29].u_pe                                               |                                system_attention_0_0_fsa_fused_pe_347 |        212 |        212 |       0 |    0 |    170 |      0 |      0 |    0 |          1 |
|                 (g_pe_row[4].g_pe_col[29].u_pe)                                           |                                system_attention_0_0_fsa_fused_pe_347 |        195 |        195 |       0 |    0 |    170 |      0 |      0 |    0 |          0 |
|                 u_shared_multiplier                                                       |                         system_attention_0_0_fa_signed_mult_comb_566 |         18 |         18 |       0 |    0 |      0 |      0 |      0 |    0 |          1 |
|               g_pe_row[4].g_pe_col[2].u_pe                                                |                                system_attention_0_0_fsa_fused_pe_348 |        212 |        212 |       0 |    0 |    170 |      0 |      0 |    0 |          1 |
|                 (g_pe_row[4].g_pe_col[2].u_pe)                                            |                                system_attention_0_0_fsa_fused_pe_348 |        194 |        194 |       0 |    0 |    170 |      0 |      0 |    0 |          0 |
|                 u_shared_multiplier                                                       |                         system_attention_0_0_fa_signed_mult_comb_565 |         18 |         18 |       0 |    0 |      0 |      0 |      0 |    0 |          1 |
|               g_pe_row[4].g_pe_col[30].u_pe                                               |                                system_attention_0_0_fsa_fused_pe_349 |        246 |        246 |       0 |    0 |    170 |      0 |      0 |    0 |          1 |
|                 (g_pe_row[4].g_pe_col[30].u_pe)                                           |                                system_attention_0_0_fsa_fused_pe_349 |        218 |        218 |       0 |    0 |    170 |      0 |      0 |    0 |          0 |
|                 u_shared_multiplier                                                       |                         system_attention_0_0_fa_signed_mult_comb_564 |         28 |         28 |       0 |    0 |      0 |      0 |      0 |    0 |          1 |
|               g_pe_row[4].g_pe_col[31].u_pe                                               |                                system_attention_0_0_fsa_fused_pe_350 |        122 |        122 |       0 |    0 |    161 |      0 |      0 |    0 |          1 |
|                 (g_pe_row[4].g_pe_col[31].u_pe)                                           |                                system_attention_0_0_fsa_fused_pe_350 |        113 |        113 |       0 |    0 |    161 |      0 |      0 |    0 |          0 |
|                 u_shared_multiplier                                                       |                         system_attention_0_0_fa_signed_mult_comb_563 |          9 |          9 |       0 |    0 |      0 |      0 |      0 |    0 |          1 |
|               g_pe_row[4].g_pe_col[3].u_pe                                                |                                system_attention_0_0_fsa_fused_pe_351 |        216 |        216 |       0 |    0 |    170 |      0 |      0 |    0 |          1 |
|                 (g_pe_row[4].g_pe_col[3].u_pe)                                            |                                system_attention_0_0_fsa_fused_pe_351 |        196 |        196 |       0 |    0 |    170 |      0 |      0 |    0 |          0 |
|                 u_shared_multiplier                                                       |                         system_attention_0_0_fa_signed_mult_comb_562 |         20 |         20 |       0 |    0 |      0 |      0 |      0 |    0 |          1 |
|               g_pe_row[4].g_pe_col[4].u_pe                                                |                                system_attention_0_0_fsa_fused_pe_352 |        212 |        212 |       0 |    0 |    170 |      0 |      0 |    0 |          1 |
|                 (g_pe_row[4].g_pe_col[4].u_pe)                                            |                                system_attention_0_0_fsa_fused_pe_352 |        195 |        195 |       0 |    0 |    170 |      0 |      0 |    0 |          0 |
|                 u_shared_multiplier                                                       |                         system_attention_0_0_fa_signed_mult_comb_561 |         18 |         18 |       0 |    0 |      0 |      0 |      0 |    0 |          1 |
|               g_pe_row[4].g_pe_col[5].u_pe                                                |                                system_attention_0_0_fsa_fused_pe_353 |        212 |        212 |       0 |    0 |    170 |      0 |      0 |    0 |          1 |
|                 (g_pe_row[4].g_pe_col[5].u_pe)                                            |                                system_attention_0_0_fsa_fused_pe_353 |        195 |        195 |       0 |    0 |    170 |      0 |      0 |    0 |          0 |
|                 u_shared_multiplier                                                       |                         system_attention_0_0_fa_signed_mult_comb_560 |         18 |         18 |       0 |    0 |      0 |      0 |      0 |    0 |          1 |
|               g_pe_row[4].g_pe_col[6].u_pe                                                |                                system_attention_0_0_fsa_fused_pe_354 |        231 |        231 |       0 |    0 |    170 |      0 |      0 |    0 |          1 |
|                 (g_pe_row[4].g_pe_col[6].u_pe)                                            |                                system_attention_0_0_fsa_fused_pe_354 |        213 |        213 |       0 |    0 |    170 |      0 |      0 |    0 |          0 |
|                 u_shared_multiplier                                                       |                         system_attention_0_0_fa_signed_mult_comb_559 |         19 |         19 |       0 |    0 |      0 |      0 |      0 |    0 |          1 |
|               g_pe_row[4].g_pe_col[7].u_pe                                                |                                system_attention_0_0_fsa_fused_pe_355 |        215 |        215 |       0 |    0 |    170 |      0 |      0 |    0 |          1 |
|                 (g_pe_row[4].g_pe_col[7].u_pe)                                            |                                system_attention_0_0_fsa_fused_pe_355 |        196 |        196 |       0 |    0 |    170 |      0 |      0 |    0 |          0 |
|                 u_shared_multiplier                                                       |                         system_attention_0_0_fa_signed_mult_comb_558 |         19 |         19 |       0 |    0 |      0 |      0 |      0 |    0 |          1 |
|               g_pe_row[4].g_pe_col[8].u_pe                                                |                                system_attention_0_0_fsa_fused_pe_356 |        212 |        212 |       0 |    0 |    170 |      0 |      0 |    0 |          1 |
|                 (g_pe_row[4].g_pe_col[8].u_pe)                                            |                                system_attention_0_0_fsa_fused_pe_356 |        195 |        195 |       0 |    0 |    170 |      0 |      0 |    0 |          0 |
|                 u_shared_multiplier                                                       |                         system_attention_0_0_fa_signed_mult_comb_557 |         18 |         18 |       0 |    0 |      0 |      0 |      0 |    0 |          1 |
|               g_pe_row[4].g_pe_col[9].u_pe                                                |                                system_attention_0_0_fsa_fused_pe_357 |        213 |        213 |       0 |    0 |    170 |      0 |      0 |    0 |          1 |
|                 (g_pe_row[4].g_pe_col[9].u_pe)                                            |                                system_attention_0_0_fsa_fused_pe_357 |        195 |        195 |       0 |    0 |    170 |      0 |      0 |    0 |          0 |
|                 u_shared_multiplier                                                       |                         system_attention_0_0_fa_signed_mult_comb_556 |         18 |         18 |       0 |    0 |      0 |      0 |      0 |    0 |          1 |
|               g_pe_row[5].g_pe_col[0].u_pe                                                |                                system_attention_0_0_fsa_fused_pe_358 |        334 |        334 |       0 |    0 |    137 |      0 |      0 |    0 |          1 |
|                 (g_pe_row[5].g_pe_col[0].u_pe)                                            |                                system_attention_0_0_fsa_fused_pe_358 |        234 |        234 |       0 |    0 |    137 |      0 |      0 |    0 |          0 |
|                 u_shared_multiplier                                                       |                         system_attention_0_0_fa_signed_mult_comb_555 |        100 |        100 |       0 |    0 |      0 |      0 |      0 |    0 |          1 |
|               g_pe_row[5].g_pe_col[10].u_pe                                               |                                system_attention_0_0_fsa_fused_pe_359 |        212 |        212 |       0 |    0 |    170 |      0 |      0 |    0 |          1 |
|                 (g_pe_row[5].g_pe_col[10].u_pe)                                           |                                system_attention_0_0_fsa_fused_pe_359 |        195 |        195 |       0 |    0 |    170 |      0 |      0 |    0 |          0 |
|                 u_shared_multiplier                                                       |                         system_attention_0_0_fa_signed_mult_comb_554 |         18 |         18 |       0 |    0 |      0 |      0 |      0 |    0 |          1 |
|               g_pe_row[5].g_pe_col[11].u_pe                                               |                                system_attention_0_0_fsa_fused_pe_360 |        220 |        220 |       0 |    0 |    170 |      0 |      0 |    0 |          1 |
|                 (g_pe_row[5].g_pe_col[11].u_pe)                                           |                                system_attention_0_0_fsa_fused_pe_360 |        196 |        196 |       0 |    0 |    170 |      0 |      0 |    0 |          0 |
|                 u_shared_multiplier                                                       |                         system_attention_0_0_fa_signed_mult_comb_553 |         24 |         24 |       0 |    0 |      0 |      0 |      0 |    0 |          1 |
|               g_pe_row[5].g_pe_col[12].u_pe                                               |                                system_attention_0_0_fsa_fused_pe_361 |        216 |        216 |       0 |    0 |    170 |      0 |      0 |    0 |          1 |
|                 (g_pe_row[5].g_pe_col[12].u_pe)                                           |                                system_attention_0_0_fsa_fused_pe_361 |        195 |        195 |       0 |    0 |    170 |      0 |      0 |    0 |          0 |
|                 u_shared_multiplier                                                       |                         system_attention_0_0_fa_signed_mult_comb_552 |         22 |         22 |       0 |    0 |      0 |      0 |      0 |    0 |          1 |
|               g_pe_row[5].g_pe_col[13].u_pe                                               |                                system_attention_0_0_fsa_fused_pe_362 |        217 |        217 |       0 |    0 |    170 |      0 |      0 |    0 |          1 |
|                 (g_pe_row[5].g_pe_col[13].u_pe)                                           |                                system_attention_0_0_fsa_fused_pe_362 |        196 |        196 |       0 |    0 |    170 |      0 |      0 |    0 |          0 |
|                 u_shared_multiplier                                                       |                         system_attention_0_0_fa_signed_mult_comb_551 |         21 |         21 |       0 |    0 |      0 |      0 |      0 |    0 |          1 |
|               g_pe_row[5].g_pe_col[14].u_pe                                               |                                system_attention_0_0_fsa_fused_pe_363 |        244 |        244 |       0 |    0 |    170 |      0 |      0 |    0 |          1 |
|                 (g_pe_row[5].g_pe_col[14].u_pe)                                           |                                system_attention_0_0_fsa_fused_pe_363 |        212 |        212 |       0 |    0 |    170 |      0 |      0 |    0 |          0 |
|                 u_shared_multiplier                                                       |                         system_attention_0_0_fa_signed_mult_comb_550 |         32 |         32 |       0 |    0 |      0 |      0 |      0 |    0 |          1 |
|               g_pe_row[5].g_pe_col[15].u_pe                                               |                                system_attention_0_0_fsa_fused_pe_364 |        230 |        230 |       0 |    0 |    170 |      0 |      0 |    0 |          1 |
|                 (g_pe_row[5].g_pe_col[15].u_pe)                                           |                                system_attention_0_0_fsa_fused_pe_364 |        196 |        196 |       0 |    0 |    170 |      0 |      0 |    0 |          0 |
|                 u_shared_multiplier                                                       |                         system_attention_0_0_fa_signed_mult_comb_549 |         34 |         34 |       0 |    0 |      0 |      0 |      0 |    0 |          1 |
|               g_pe_row[5].g_pe_col[16].u_pe                                               |                                system_attention_0_0_fsa_fused_pe_365 |        216 |        216 |       0 |    0 |    170 |      0 |      0 |    0 |          1 |
|                 (g_pe_row[5].g_pe_col[16].u_pe)                                           |                                system_attention_0_0_fsa_fused_pe_365 |        195 |        195 |       0 |    0 |    170 |      0 |      0 |    0 |          0 |
|                 u_shared_multiplier                                                       |                         system_attention_0_0_fa_signed_mult_comb_548 |         22 |         22 |       0 |    0 |      0 |      0 |      0 |    0 |          1 |
|               g_pe_row[5].g_pe_col[17].u_pe                                               |                                system_attention_0_0_fsa_fused_pe_366 |        222 |        222 |       0 |    0 |    170 |      0 |      0 |    0 |          1 |
|                 (g_pe_row[5].g_pe_col[17].u_pe)                                           |                                system_attention_0_0_fsa_fused_pe_366 |        196 |        196 |       0 |    0 |    170 |      0 |      0 |    0 |          0 |
|                 u_shared_multiplier                                                       |                         system_attention_0_0_fa_signed_mult_comb_547 |         26 |         26 |       0 |    0 |      0 |      0 |      0 |    0 |          1 |
|               g_pe_row[5].g_pe_col[18].u_pe                                               |                                system_attention_0_0_fsa_fused_pe_367 |        217 |        217 |       0 |    0 |    170 |      0 |      0 |    0 |          1 |
|                 (g_pe_row[5].g_pe_col[18].u_pe)                                           |                                system_attention_0_0_fsa_fused_pe_367 |        195 |        195 |       0 |    0 |    170 |      0 |      0 |    0 |          0 |
|                 u_shared_multiplier                                                       |                         system_attention_0_0_fa_signed_mult_comb_546 |         22 |         22 |       0 |    0 |      0 |      0 |      0 |    0 |          1 |
|               g_pe_row[5].g_pe_col[19].u_pe                                               |                                system_attention_0_0_fsa_fused_pe_368 |        226 |        226 |       0 |    0 |    170 |      0 |      0 |    0 |          1 |
|                 (g_pe_row[5].g_pe_col[19].u_pe)                                           |                                system_attention_0_0_fsa_fused_pe_368 |        196 |        196 |       0 |    0 |    170 |      0 |      0 |    0 |          0 |
|                 u_shared_multiplier                                                       |                         system_attention_0_0_fa_signed_mult_comb_545 |         30 |         30 |       0 |    0 |      0 |      0 |      0 |    0 |          1 |
|               g_pe_row[5].g_pe_col[1].u_pe                                                |                                system_attention_0_0_fsa_fused_pe_369 |        249 |        249 |       0 |    0 |    170 |      0 |      0 |    0 |          1 |
|                 (g_pe_row[5].g_pe_col[1].u_pe)                                            |                                system_attention_0_0_fsa_fused_pe_369 |        220 |        220 |       0 |    0 |    170 |      0 |      0 |    0 |          0 |
|                 u_shared_multiplier                                                       |                         system_attention_0_0_fa_signed_mult_comb_544 |         30 |         30 |       0 |    0 |      0 |      0 |      0 |    0 |          1 |
|               g_pe_row[5].g_pe_col[20].u_pe                                               |                                system_attention_0_0_fsa_fused_pe_370 |        230 |        230 |       0 |    0 |    170 |      0 |      0 |    0 |          1 |
|                 (g_pe_row[5].g_pe_col[20].u_pe)                                           |                                system_attention_0_0_fsa_fused_pe_370 |        196 |        196 |       0 |    0 |    170 |      0 |      0 |    0 |          0 |
|                 u_shared_multiplier                                                       |                         system_attention_0_0_fa_signed_mult_comb_543 |         34 |         34 |       0 |    0 |      0 |      0 |      0 |    0 |          1 |
|               g_pe_row[5].g_pe_col[21].u_pe                                               |                                system_attention_0_0_fsa_fused_pe_371 |        226 |        226 |       0 |    0 |    170 |      0 |      0 |    0 |          1 |
|                 (g_pe_row[5].g_pe_col[21].u_pe)                                           |                                system_attention_0_0_fsa_fused_pe_371 |        196 |        196 |       0 |    0 |    170 |      0 |      0 |    0 |          0 |
|                 u_shared_multiplier                                                       |                         system_attention_0_0_fa_signed_mult_comb_542 |         30 |         30 |       0 |    0 |      0 |      0 |      0 |    0 |          1 |
|               g_pe_row[5].g_pe_col[22].u_pe                                               |                                system_attention_0_0_fsa_fused_pe_372 |        234 |        234 |       0 |    0 |    170 |      0 |      0 |    0 |          1 |
|                 (g_pe_row[5].g_pe_col[22].u_pe)                                           |                                system_attention_0_0_fsa_fused_pe_372 |        212 |        212 |       0 |    0 |    170 |      0 |      0 |    0 |          0 |
|                 u_shared_multiplier                                                       |                         system_attention_0_0_fa_signed_mult_comb_541 |         22 |         22 |       0 |    0 |      0 |      0 |      0 |    0 |          1 |
|               g_pe_row[5].g_pe_col[23].u_pe                                               |                                system_attention_0_0_fsa_fused_pe_373 |        225 |        225 |       0 |    0 |    170 |      0 |      0 |    0 |          1 |
|                 (g_pe_row[5].g_pe_col[23].u_pe)                                           |                                system_attention_0_0_fsa_fused_pe_373 |        208 |        208 |       0 |    0 |    170 |      0 |      0 |    0 |          0 |
|                 u_shared_multiplier                                                       |                         system_attention_0_0_fa_signed_mult_comb_540 |         18 |         18 |       0 |    0 |      0 |      0 |      0 |    0 |          1 |
|               g_pe_row[5].g_pe_col[24].u_pe                                               |                                system_attention_0_0_fsa_fused_pe_374 |        209 |        209 |       0 |    0 |    170 |      0 |      0 |    0 |          1 |
|                 (g_pe_row[5].g_pe_col[24].u_pe)                                           |                                system_attention_0_0_fsa_fused_pe_374 |        193 |        193 |       0 |    0 |    170 |      0 |      0 |    0 |          0 |
|                 u_shared_multiplier                                                       |                         system_attention_0_0_fa_signed_mult_comb_539 |         16 |         16 |       0 |    0 |      0 |      0 |      0 |    0 |          1 |
|               g_pe_row[5].g_pe_col[25].u_pe                                               |                                system_attention_0_0_fsa_fused_pe_375 |        219 |        219 |       0 |    0 |    170 |      0 |      0 |    0 |          1 |
|                 (g_pe_row[5].g_pe_col[25].u_pe)                                           |                                system_attention_0_0_fsa_fused_pe_375 |        196 |        196 |       0 |    0 |    170 |      0 |      0 |    0 |          0 |
|                 u_shared_multiplier                                                       |                         system_attention_0_0_fa_signed_mult_comb_538 |         23 |         23 |       0 |    0 |      0 |      0 |      0 |    0 |          1 |
|               g_pe_row[5].g_pe_col[26].u_pe                                               |                                system_attention_0_0_fsa_fused_pe_376 |        207 |        207 |       0 |    0 |    170 |      0 |      0 |    0 |          1 |
|                 (g_pe_row[5].g_pe_col[26].u_pe)                                           |                                system_attention_0_0_fsa_fused_pe_376 |        192 |        192 |       0 |    0 |    170 |      0 |      0 |    0 |          0 |
|                 u_shared_multiplier                                                       |                         system_attention_0_0_fa_signed_mult_comb_537 |         16 |         16 |       0 |    0 |      0 |      0 |      0 |    0 |          1 |
|               g_pe_row[5].g_pe_col[27].u_pe                                               |                                system_attention_0_0_fsa_fused_pe_377 |        203 |        203 |       0 |    0 |    170 |      0 |      0 |    0 |          1 |
|                 (g_pe_row[5].g_pe_col[27].u_pe)                                           |                                system_attention_0_0_fsa_fused_pe_377 |        190 |        190 |       0 |    0 |    170 |      0 |      0 |    0 |          0 |
|                 u_shared_multiplier                                                       |                         system_attention_0_0_fa_signed_mult_comb_536 |         14 |         14 |       0 |    0 |      0 |      0 |      0 |    0 |          1 |
|               g_pe_row[5].g_pe_col[28].u_pe                                               |                                system_attention_0_0_fsa_fused_pe_378 |        203 |        203 |       0 |    0 |    170 |      0 |      0 |    0 |          1 |
|                 (g_pe_row[5].g_pe_col[28].u_pe)                                           |                                system_attention_0_0_fsa_fused_pe_378 |        190 |        190 |       0 |    0 |    170 |      0 |      0 |    0 |          0 |
|                 u_shared_multiplier                                                       |                         system_attention_0_0_fa_signed_mult_comb_535 |         14 |         14 |       0 |    0 |      0 |      0 |      0 |    0 |          1 |
|               g_pe_row[5].g_pe_col[29].u_pe                                               |                                system_attention_0_0_fsa_fused_pe_379 |        203 |        203 |       0 |    0 |    170 |      0 |      0 |    0 |          1 |
|                 (g_pe_row[5].g_pe_col[29].u_pe)                                           |                                system_attention_0_0_fsa_fused_pe_379 |        190 |        190 |       0 |    0 |    170 |      0 |      0 |    0 |          0 |
|                 u_shared_multiplier                                                       |                         system_attention_0_0_fa_signed_mult_comb_534 |         14 |         14 |       0 |    0 |      0 |      0 |      0 |    0 |          1 |
|               g_pe_row[5].g_pe_col[2].u_pe                                                |                                system_attention_0_0_fsa_fused_pe_380 |        215 |        215 |       0 |    0 |    170 |      0 |      0 |    0 |          1 |
|                 (g_pe_row[5].g_pe_col[2].u_pe)                                            |                                system_attention_0_0_fsa_fused_pe_380 |        195 |        195 |       0 |    0 |    170 |      0 |      0 |    0 |          0 |
|                 u_shared_multiplier                                                       |                         system_attention_0_0_fa_signed_mult_comb_533 |         20 |         20 |       0 |    0 |      0 |      0 |      0 |    0 |          1 |
|               g_pe_row[5].g_pe_col[30].u_pe                                               |                                system_attention_0_0_fsa_fused_pe_381 |        233 |        233 |       0 |    0 |    170 |      0 |      0 |    0 |          1 |
|                 (g_pe_row[5].g_pe_col[30].u_pe)                                           |                                system_attention_0_0_fsa_fused_pe_381 |        216 |        216 |       0 |    0 |    170 |      0 |      0 |    0 |          0 |
|                 u_shared_multiplier                                                       |                         system_attention_0_0_fa_signed_mult_comb_532 |         18 |         18 |       0 |    0 |      0 |      0 |      0 |    0 |          1 |
|               g_pe_row[5].g_pe_col[31].u_pe                                               |                                system_attention_0_0_fsa_fused_pe_382 |        122 |        122 |       0 |    0 |    161 |      0 |      0 |    0 |          1 |
|                 (g_pe_row[5].g_pe_col[31].u_pe)                                           |                                system_attention_0_0_fsa_fused_pe_382 |        114 |        114 |       0 |    0 |    161 |      0 |      0 |    0 |          0 |
|                 u_shared_multiplier                                                       |                         system_attention_0_0_fa_signed_mult_comb_531 |          8 |          8 |       0 |    0 |      0 |      0 |      0 |    0 |          1 |
|               g_pe_row[5].g_pe_col[3].u_pe                                                |                                system_attention_0_0_fsa_fused_pe_383 |        218 |        218 |       0 |    0 |    170 |      0 |      0 |    0 |          1 |
|                 (g_pe_row[5].g_pe_col[3].u_pe)                                            |                                system_attention_0_0_fsa_fused_pe_383 |        196 |        196 |       0 |    0 |    170 |      0 |      0 |    0 |          0 |
|                 u_shared_multiplier                                                       |                         system_attention_0_0_fa_signed_mult_comb_530 |         23 |         23 |       0 |    0 |      0 |      0 |      0 |    0 |          1 |
|               g_pe_row[5].g_pe_col[4].u_pe                                                |                                system_attention_0_0_fsa_fused_pe_384 |        213 |        213 |       0 |    0 |    170 |      0 |      0 |    0 |          1 |
|                 (g_pe_row[5].g_pe_col[4].u_pe)                                            |                                system_attention_0_0_fsa_fused_pe_384 |        195 |        195 |       0 |    0 |    170 |      0 |      0 |    0 |          0 |
|                 u_shared_multiplier                                                       |                         system_attention_0_0_fa_signed_mult_comb_529 |         18 |         18 |       0 |    0 |      0 |      0 |      0 |    0 |          1 |
|               g_pe_row[5].g_pe_col[5].u_pe                                                |                                system_attention_0_0_fsa_fused_pe_385 |        218 |        218 |       0 |    0 |    170 |      0 |      0 |    0 |          1 |
|                 (g_pe_row[5].g_pe_col[5].u_pe)                                            |                                system_attention_0_0_fsa_fused_pe_385 |        196 |        196 |       0 |    0 |    170 |      0 |      0 |    0 |          0 |
|                 u_shared_multiplier                                                       |                         system_attention_0_0_fa_signed_mult_comb_528 |         22 |         22 |       0 |    0 |      0 |      0 |      0 |    0 |          1 |
|               g_pe_row[5].g_pe_col[6].u_pe                                                |                                system_attention_0_0_fsa_fused_pe_386 |        232 |        232 |       0 |    0 |    170 |      0 |      0 |    0 |          1 |
|                 (g_pe_row[5].g_pe_col[6].u_pe)                                            |                                system_attention_0_0_fsa_fused_pe_386 |        211 |        211 |       0 |    0 |    170 |      0 |      0 |    0 |          0 |
|                 u_shared_multiplier                                                       |                         system_attention_0_0_fa_signed_mult_comb_527 |         21 |         21 |       0 |    0 |      0 |      0 |      0 |    0 |          1 |
|               g_pe_row[5].g_pe_col[7].u_pe                                                |                                system_attention_0_0_fsa_fused_pe_387 |        213 |        213 |       0 |    0 |    170 |      0 |      0 |    0 |          1 |
|                 (g_pe_row[5].g_pe_col[7].u_pe)                                            |                                system_attention_0_0_fsa_fused_pe_387 |        195 |        195 |       0 |    0 |    170 |      0 |      0 |    0 |          0 |
|                 u_shared_multiplier                                                       |                         system_attention_0_0_fa_signed_mult_comb_526 |         18 |         18 |       0 |    0 |      0 |      0 |      0 |    0 |          1 |
|               g_pe_row[5].g_pe_col[8].u_pe                                                |                                system_attention_0_0_fsa_fused_pe_388 |        215 |        215 |       0 |    0 |    170 |      0 |      0 |    0 |          1 |
|                 (g_pe_row[5].g_pe_col[8].u_pe)                                            |                                system_attention_0_0_fsa_fused_pe_388 |        196 |        196 |       0 |    0 |    170 |      0 |      0 |    0 |          0 |
|                 u_shared_multiplier                                                       |                         system_attention_0_0_fa_signed_mult_comb_525 |         19 |         19 |       0 |    0 |      0 |      0 |      0 |    0 |          1 |
|               g_pe_row[5].g_pe_col[9].u_pe                                                |                                system_attention_0_0_fsa_fused_pe_389 |        217 |        217 |       0 |    0 |    170 |      0 |      0 |    0 |          1 |
|                 (g_pe_row[5].g_pe_col[9].u_pe)                                            |                                system_attention_0_0_fsa_fused_pe_389 |        195 |        195 |       0 |    0 |    170 |      0 |      0 |    0 |          0 |
|                 u_shared_multiplier                                                       |                         system_attention_0_0_fa_signed_mult_comb_524 |         22 |         22 |       0 |    0 |      0 |      0 |      0 |    0 |          1 |
|               g_pe_row[6].g_pe_col[0].u_pe                                                |                                system_attention_0_0_fsa_fused_pe_390 |        329 |        329 |       0 |    0 |    137 |      0 |      0 |    0 |          1 |
|                 (g_pe_row[6].g_pe_col[0].u_pe)                                            |                                system_attention_0_0_fsa_fused_pe_390 |        231 |        231 |       0 |    0 |    137 |      0 |      0 |    0 |          0 |
|                 u_shared_multiplier                                                       |                         system_attention_0_0_fa_signed_mult_comb_523 |         98 |         98 |       0 |    0 |      0 |      0 |      0 |    0 |          1 |
|               g_pe_row[6].g_pe_col[10].u_pe                                               |                                system_attention_0_0_fsa_fused_pe_391 |        212 |        212 |       0 |    0 |    170 |      0 |      0 |    0 |          1 |
|                 (g_pe_row[6].g_pe_col[10].u_pe)                                           |                                system_attention_0_0_fsa_fused_pe_391 |        195 |        195 |       0 |    0 |    170 |      0 |      0 |    0 |          0 |
|                 u_shared_multiplier                                                       |                         system_attention_0_0_fa_signed_mult_comb_522 |         18 |         18 |       0 |    0 |      0 |      0 |      0 |    0 |          1 |
|               g_pe_row[6].g_pe_col[11].u_pe                                               |                                system_attention_0_0_fsa_fused_pe_392 |        211 |        211 |       0 |    0 |    170 |      0 |      0 |    0 |          1 |
|                 (g_pe_row[6].g_pe_col[11].u_pe)                                           |                                system_attention_0_0_fsa_fused_pe_392 |        194 |        194 |       0 |    0 |    170 |      0 |      0 |    0 |          0 |
|                 u_shared_multiplier                                                       |                         system_attention_0_0_fa_signed_mult_comb_521 |         18 |         18 |       0 |    0 |      0 |      0 |      0 |    0 |          1 |
|               g_pe_row[6].g_pe_col[12].u_pe                                               |                                system_attention_0_0_fsa_fused_pe_393 |        211 |        211 |       0 |    0 |    170 |      0 |      0 |    0 |          1 |
|                 (g_pe_row[6].g_pe_col[12].u_pe)                                           |                                system_attention_0_0_fsa_fused_pe_393 |        194 |        194 |       0 |    0 |    170 |      0 |      0 |    0 |          0 |
|                 u_shared_multiplier                                                       |                         system_attention_0_0_fa_signed_mult_comb_520 |         18 |         18 |       0 |    0 |      0 |      0 |      0 |    0 |          1 |
|               g_pe_row[6].g_pe_col[13].u_pe                                               |                                system_attention_0_0_fsa_fused_pe_394 |        211 |        211 |       0 |    0 |    170 |      0 |      0 |    0 |          1 |
|                 (g_pe_row[6].g_pe_col[13].u_pe)                                           |                                system_attention_0_0_fsa_fused_pe_394 |        194 |        194 |       0 |    0 |    170 |      0 |      0 |    0 |          0 |
|                 u_shared_multiplier                                                       |                         system_attention_0_0_fa_signed_mult_comb_519 |         18 |         18 |       0 |    0 |      0 |      0 |      0 |    0 |          1 |
|               g_pe_row[6].g_pe_col[14].u_pe                                               |                                system_attention_0_0_fsa_fused_pe_395 |        235 |        235 |       0 |    0 |    170 |      0 |      0 |    0 |          1 |
|                 (g_pe_row[6].g_pe_col[14].u_pe)                                           |                                system_attention_0_0_fsa_fused_pe_395 |        211 |        211 |       0 |    0 |    170 |      0 |      0 |    0 |          0 |
|                 u_shared_multiplier                                                       |                         system_attention_0_0_fa_signed_mult_comb_518 |         24 |         24 |       0 |    0 |      0 |      0 |      0 |    0 |          1 |
|               g_pe_row[6].g_pe_col[15].u_pe                                               |                                system_attention_0_0_fsa_fused_pe_396 |        212 |        212 |       0 |    0 |    170 |      0 |      0 |    0 |          1 |
|                 (g_pe_row[6].g_pe_col[15].u_pe)                                           |                                system_attention_0_0_fsa_fused_pe_396 |        194 |        194 |       0 |    0 |    170 |      0 |      0 |    0 |          0 |
|                 u_shared_multiplier                                                       |                         system_attention_0_0_fa_signed_mult_comb_517 |         19 |         19 |       0 |    0 |      0 |      0 |      0 |    0 |          1 |
|               g_pe_row[6].g_pe_col[16].u_pe                                               |                                system_attention_0_0_fsa_fused_pe_397 |        211 |        211 |       0 |    0 |    170 |      0 |      0 |    0 |          1 |
|                 (g_pe_row[6].g_pe_col[16].u_pe)                                           |                                system_attention_0_0_fsa_fused_pe_397 |        195 |        195 |       0 |    0 |    170 |      0 |      0 |    0 |          0 |
|                 u_shared_multiplier                                                       |                         system_attention_0_0_fa_signed_mult_comb_516 |         18 |         18 |       0 |    0 |      0 |      0 |      0 |    0 |          1 |
|               g_pe_row[6].g_pe_col[17].u_pe                                               |                                system_attention_0_0_fsa_fused_pe_398 |        211 |        211 |       0 |    0 |    170 |      0 |      0 |    0 |          1 |
|                 (g_pe_row[6].g_pe_col[17].u_pe)                                           |                                system_attention_0_0_fsa_fused_pe_398 |        194 |        194 |       0 |    0 |    170 |      0 |      0 |    0 |          0 |
|                 u_shared_multiplier                                                       |                         system_attention_0_0_fa_signed_mult_comb_515 |         18 |         18 |       0 |    0 |      0 |      0 |      0 |    0 |          1 |
|               g_pe_row[6].g_pe_col[18].u_pe                                               |                                system_attention_0_0_fsa_fused_pe_399 |        213 |        213 |       0 |    0 |    170 |      0 |      0 |    0 |          1 |
|                 (g_pe_row[6].g_pe_col[18].u_pe)                                           |                                system_attention_0_0_fsa_fused_pe_399 |        195 |        195 |       0 |    0 |    170 |      0 |      0 |    0 |          0 |
|                 u_shared_multiplier                                                       |                         system_attention_0_0_fa_signed_mult_comb_514 |         18 |         18 |       0 |    0 |      0 |      0 |      0 |    0 |          1 |
|               g_pe_row[6].g_pe_col[19].u_pe                                               |                                system_attention_0_0_fsa_fused_pe_400 |        212 |        212 |       0 |    0 |    170 |      0 |      0 |    0 |          1 |
|                 (g_pe_row[6].g_pe_col[19].u_pe)                                           |                                system_attention_0_0_fsa_fused_pe_400 |        194 |        194 |       0 |    0 |    170 |      0 |      0 |    0 |          0 |
|                 u_shared_multiplier                                                       |                         system_attention_0_0_fa_signed_mult_comb_513 |         19 |         19 |       0 |    0 |      0 |      0 |      0 |    0 |          1 |
|               g_pe_row[6].g_pe_col[1].u_pe                                                |                                system_attention_0_0_fsa_fused_pe_401 |        254 |        254 |       0 |    0 |    170 |      0 |      0 |    0 |          1 |
|                 (g_pe_row[6].g_pe_col[1].u_pe)                                            |                                system_attention_0_0_fsa_fused_pe_401 |        220 |        220 |       0 |    0 |    170 |      0 |      0 |    0 |          0 |
|                 u_shared_multiplier                                                       |                         system_attention_0_0_fa_signed_mult_comb_512 |         34 |         34 |       0 |    0 |      0 |      0 |      0 |    0 |          1 |
|               g_pe_row[6].g_pe_col[20].u_pe                                               |                                system_attention_0_0_fsa_fused_pe_402 |        211 |        211 |       0 |    0 |    170 |      0 |      0 |    0 |          1 |
|                 (g_pe_row[6].g_pe_col[20].u_pe)                                           |                                system_attention_0_0_fsa_fused_pe_402 |        194 |        194 |       0 |    0 |    170 |      0 |      0 |    0 |          0 |
|                 u_shared_multiplier                                                       |                         system_attention_0_0_fa_signed_mult_comb_511 |         18 |         18 |       0 |    0 |      0 |      0 |      0 |    0 |          1 |
|               g_pe_row[6].g_pe_col[21].u_pe                                               |                                system_attention_0_0_fsa_fused_pe_403 |        211 |        211 |       0 |    0 |    170 |      0 |      0 |    0 |          1 |
|                 (g_pe_row[6].g_pe_col[21].u_pe)                                           |                                system_attention_0_0_fsa_fused_pe_403 |        194 |        194 |       0 |    0 |    170 |      0 |      0 |    0 |          0 |
|                 u_shared_multiplier                                                       |                         system_attention_0_0_fa_signed_mult_comb_510 |         18 |         18 |       0 |    0 |      0 |      0 |      0 |    0 |          1 |
|               g_pe_row[6].g_pe_col[22].u_pe                                               |                                system_attention_0_0_fsa_fused_pe_404 |        227 |        227 |       0 |    0 |    170 |      0 |      0 |    0 |          1 |
|                 (g_pe_row[6].g_pe_col[22].u_pe)                                           |                                system_attention_0_0_fsa_fused_pe_404 |        210 |        210 |       0 |    0 |    170 |      0 |      0 |    0 |          0 |
|                 u_shared_multiplier                                                       |                         system_attention_0_0_fa_signed_mult_comb_509 |         18 |         18 |       0 |    0 |      0 |      0 |      0 |    0 |          1 |
|               g_pe_row[6].g_pe_col[23].u_pe                                               |                                system_attention_0_0_fsa_fused_pe_405 |        213 |        213 |       0 |    0 |    170 |      0 |      0 |    0 |          1 |
|                 (g_pe_row[6].g_pe_col[23].u_pe)                                           |                                system_attention_0_0_fsa_fused_pe_405 |        194 |        194 |       0 |    0 |    170 |      0 |      0 |    0 |          0 |
|                 u_shared_multiplier                                                       |                         system_attention_0_0_fa_signed_mult_comb_508 |         21 |         21 |       0 |    0 |      0 |      0 |      0 |    0 |          1 |
|               g_pe_row[6].g_pe_col[24].u_pe                                               |                                system_attention_0_0_fsa_fused_pe_406 |        211 |        211 |       0 |    0 |    170 |      0 |      0 |    0 |          1 |
|                 (g_pe_row[6].g_pe_col[24].u_pe)                                           |                                system_attention_0_0_fsa_fused_pe_406 |        194 |        194 |       0 |    0 |    170 |      0 |      0 |    0 |          0 |
|                 u_shared_multiplier                                                       |                         system_attention_0_0_fa_signed_mult_comb_507 |         19 |         19 |       0 |    0 |      0 |      0 |      0 |    0 |          1 |
|               g_pe_row[6].g_pe_col[25].u_pe                                               |                                system_attention_0_0_fsa_fused_pe_407 |        226 |        226 |       0 |    0 |    170 |      0 |      0 |    0 |          1 |
|                 (g_pe_row[6].g_pe_col[25].u_pe)                                           |                                system_attention_0_0_fsa_fused_pe_407 |        195 |        195 |       0 |    0 |    170 |      0 |      0 |    0 |          0 |
|                 u_shared_multiplier                                                       |                         system_attention_0_0_fa_signed_mult_comb_506 |         31 |         31 |       0 |    0 |      0 |      0 |      0 |    0 |          1 |
|               g_pe_row[6].g_pe_col[26].u_pe                                               |                                system_attention_0_0_fsa_fused_pe_408 |        215 |        215 |       0 |    0 |    170 |      0 |      0 |    0 |          1 |
|                 (g_pe_row[6].g_pe_col[26].u_pe)                                           |                                system_attention_0_0_fsa_fused_pe_408 |        194 |        194 |       0 |    0 |    170 |      0 |      0 |    0 |          0 |
|                 u_shared_multiplier                                                       |                         system_attention_0_0_fa_signed_mult_comb_505 |         22 |         22 |       0 |    0 |      0 |      0 |      0 |    0 |          1 |
|               g_pe_row[6].g_pe_col[27].u_pe                                               |                                system_attention_0_0_fsa_fused_pe_409 |        211 |        211 |       0 |    0 |    170 |      0 |      0 |    0 |          1 |
|                 (g_pe_row[6].g_pe_col[27].u_pe)                                           |                                system_attention_0_0_fsa_fused_pe_409 |        194 |        194 |       0 |    0 |    170 |      0 |      0 |    0 |          0 |
|                 u_shared_multiplier                                                       |                         system_attention_0_0_fa_signed_mult_comb_504 |         18 |         18 |       0 |    0 |      0 |      0 |      0 |    0 |          1 |
|               g_pe_row[6].g_pe_col[28].u_pe                                               |                                system_attention_0_0_fsa_fused_pe_410 |        212 |        212 |       0 |    0 |    170 |      0 |      0 |    0 |          1 |
|                 (g_pe_row[6].g_pe_col[28].u_pe)                                           |                                system_attention_0_0_fsa_fused_pe_410 |        195 |        195 |       0 |    0 |    170 |      0 |      0 |    0 |          0 |
|                 u_shared_multiplier                                                       |                         system_attention_0_0_fa_signed_mult_comb_503 |         18 |         18 |       0 |    0 |      0 |      0 |      0 |    0 |          1 |
|               g_pe_row[6].g_pe_col[29].u_pe                                               |                                system_attention_0_0_fsa_fused_pe_411 |        211 |        211 |       0 |    0 |    170 |      0 |      0 |    0 |          1 |
|                 (g_pe_row[6].g_pe_col[29].u_pe)                                           |                                system_attention_0_0_fsa_fused_pe_411 |        194 |        194 |       0 |    0 |    170 |      0 |      0 |    0 |          0 |
|                 u_shared_multiplier                                                       |                         system_attention_0_0_fa_signed_mult_comb_502 |         18 |         18 |       0 |    0 |      0 |      0 |      0 |    0 |          1 |
|               g_pe_row[6].g_pe_col[2].u_pe                                                |                                system_attention_0_0_fsa_fused_pe_412 |        220 |        220 |       0 |    0 |    170 |      0 |      0 |    0 |          1 |
|                 (g_pe_row[6].g_pe_col[2].u_pe)                                            |                                system_attention_0_0_fsa_fused_pe_412 |        194 |        194 |       0 |    0 |    170 |      0 |      0 |    0 |          0 |
|                 u_shared_multiplier                                                       |                         system_attention_0_0_fa_signed_mult_comb_501 |         26 |         26 |       0 |    0 |      0 |      0 |      0 |    0 |          1 |
|               g_pe_row[6].g_pe_col[30].u_pe                                               |                                system_attention_0_0_fsa_fused_pe_413 |        234 |        234 |       0 |    0 |    170 |      0 |      0 |    0 |          1 |
|                 (g_pe_row[6].g_pe_col[30].u_pe)                                           |                                system_attention_0_0_fsa_fused_pe_413 |        216 |        216 |       0 |    0 |    170 |      0 |      0 |    0 |          0 |
|                 u_shared_multiplier                                                       |                         system_attention_0_0_fa_signed_mult_comb_500 |         18 |         18 |       0 |    0 |      0 |      0 |      0 |    0 |          1 |
|               g_pe_row[6].g_pe_col[31].u_pe                                               |                                system_attention_0_0_fsa_fused_pe_414 |        119 |        119 |       0 |    0 |    161 |      0 |      0 |    0 |          1 |
|                 (g_pe_row[6].g_pe_col[31].u_pe)                                           |                                system_attention_0_0_fsa_fused_pe_414 |        114 |        114 |       0 |    0 |    161 |      0 |      0 |    0 |          0 |
|                 u_shared_multiplier                                                       |                         system_attention_0_0_fa_signed_mult_comb_499 |          5 |          5 |       0 |    0 |      0 |      0 |      0 |    0 |          1 |
|               g_pe_row[6].g_pe_col[3].u_pe                                                |                                system_attention_0_0_fsa_fused_pe_415 |        217 |        217 |       0 |    0 |    170 |      0 |      0 |    0 |          1 |
|                 (g_pe_row[6].g_pe_col[3].u_pe)                                            |                                system_attention_0_0_fsa_fused_pe_415 |        195 |        195 |       0 |    0 |    170 |      0 |      0 |    0 |          0 |
|                 u_shared_multiplier                                                       |                         system_attention_0_0_fa_signed_mult_comb_498 |         23 |         23 |       0 |    0 |      0 |      0 |      0 |    0 |          1 |
|               g_pe_row[6].g_pe_col[4].u_pe                                                |                                system_attention_0_0_fsa_fused_pe_416 |        212 |        212 |       0 |    0 |    170 |      0 |      0 |    0 |          1 |
|                 (g_pe_row[6].g_pe_col[4].u_pe)                                            |                                system_attention_0_0_fsa_fused_pe_416 |        194 |        194 |       0 |    0 |    170 |      0 |      0 |    0 |          0 |
|                 u_shared_multiplier                                                       |                         system_attention_0_0_fa_signed_mult_comb_497 |         19 |         19 |       0 |    0 |      0 |      0 |      0 |    0 |          1 |
|               g_pe_row[6].g_pe_col[5].u_pe                                                |                                system_attention_0_0_fsa_fused_pe_417 |        212 |        212 |       0 |    0 |    170 |      0 |      0 |    0 |          1 |
|                 (g_pe_row[6].g_pe_col[5].u_pe)                                            |                                system_attention_0_0_fsa_fused_pe_417 |        194 |        194 |       0 |    0 |    170 |      0 |      0 |    0 |          0 |
|                 u_shared_multiplier                                                       |                         system_attention_0_0_fa_signed_mult_comb_496 |         18 |         18 |       0 |    0 |      0 |      0 |      0 |    0 |          1 |
|               g_pe_row[6].g_pe_col[6].u_pe                                                |                                system_attention_0_0_fsa_fused_pe_418 |        228 |        228 |       0 |    0 |    170 |      0 |      0 |    0 |          1 |
|                 (g_pe_row[6].g_pe_col[6].u_pe)                                            |                                system_attention_0_0_fsa_fused_pe_418 |        210 |        210 |       0 |    0 |    170 |      0 |      0 |    0 |          0 |
|                 u_shared_multiplier                                                       |                         system_attention_0_0_fa_signed_mult_comb_495 |         18 |         18 |       0 |    0 |      0 |      0 |      0 |    0 |          1 |
|               g_pe_row[6].g_pe_col[7].u_pe                                                |                                system_attention_0_0_fsa_fused_pe_419 |        210 |        210 |       0 |    0 |    170 |      0 |      0 |    0 |          1 |
|                 (g_pe_row[6].g_pe_col[7].u_pe)                                            |                                system_attention_0_0_fsa_fused_pe_419 |        194 |        194 |       0 |    0 |    170 |      0 |      0 |    0 |          0 |
|                 u_shared_multiplier                                                       |                         system_attention_0_0_fa_signed_mult_comb_494 |         18 |         18 |       0 |    0 |      0 |      0 |      0 |    0 |          1 |
|               g_pe_row[6].g_pe_col[8].u_pe                                                |                                system_attention_0_0_fsa_fused_pe_420 |        210 |        210 |       0 |    0 |    170 |      0 |      0 |    0 |          1 |
|                 (g_pe_row[6].g_pe_col[8].u_pe)                                            |                                system_attention_0_0_fsa_fused_pe_420 |        194 |        194 |       0 |    0 |    170 |      0 |      0 |    0 |          0 |
|                 u_shared_multiplier                                                       |                         system_attention_0_0_fa_signed_mult_comb_493 |         18 |         18 |       0 |    0 |      0 |      0 |      0 |    0 |          1 |
|               g_pe_row[6].g_pe_col[9].u_pe                                                |                                system_attention_0_0_fsa_fused_pe_421 |        211 |        211 |       0 |    0 |    170 |      0 |      0 |    0 |          1 |
|                 (g_pe_row[6].g_pe_col[9].u_pe)                                            |                                system_attention_0_0_fsa_fused_pe_421 |        194 |        194 |       0 |    0 |    170 |      0 |      0 |    0 |          0 |
|                 u_shared_multiplier                                                       |                         system_attention_0_0_fa_signed_mult_comb_492 |         18 |         18 |       0 |    0 |      0 |      0 |      0 |    0 |          1 |
|               g_pe_row[7].g_pe_col[0].u_pe                                                |                                system_attention_0_0_fsa_fused_pe_422 |        327 |        327 |       0 |    0 |    128 |      0 |      0 |    0 |          1 |
|                 (g_pe_row[7].g_pe_col[0].u_pe)                                            |                                system_attention_0_0_fsa_fused_pe_422 |        242 |        242 |       0 |    0 |    128 |      0 |      0 |    0 |          0 |
|                 u_shared_multiplier                                                       |                         system_attention_0_0_fa_signed_mult_comb_491 |         85 |         85 |       0 |    0 |      0 |      0 |      0 |    0 |          1 |
|               g_pe_row[7].g_pe_col[10].u_pe                                               |                                system_attention_0_0_fsa_fused_pe_423 |        211 |        211 |       0 |    0 |    161 |      0 |      0 |    0 |          1 |
|                 (g_pe_row[7].g_pe_col[10].u_pe)                                           |                                system_attention_0_0_fsa_fused_pe_423 |        194 |        194 |       0 |    0 |    161 |      0 |      0 |    0 |          0 |
|                 u_shared_multiplier                                                       |                         system_attention_0_0_fa_signed_mult_comb_490 |         18 |         18 |       0 |    0 |      0 |      0 |      0 |    0 |          1 |
|               g_pe_row[7].g_pe_col[11].u_pe                                               |                                system_attention_0_0_fsa_fused_pe_424 |        211 |        211 |       0 |    0 |    161 |      0 |      0 |    0 |          1 |
|                 (g_pe_row[7].g_pe_col[11].u_pe)                                           |                                system_attention_0_0_fsa_fused_pe_424 |        194 |        194 |       0 |    0 |    161 |      0 |      0 |    0 |          0 |
|                 u_shared_multiplier                                                       |                         system_attention_0_0_fa_signed_mult_comb_489 |         18 |         18 |       0 |    0 |      0 |      0 |      0 |    0 |          1 |
|               g_pe_row[7].g_pe_col[12].u_pe                                               |                                system_attention_0_0_fsa_fused_pe_425 |        211 |        211 |       0 |    0 |    161 |      0 |      0 |    0 |          1 |
|                 (g_pe_row[7].g_pe_col[12].u_pe)                                           |                                system_attention_0_0_fsa_fused_pe_425 |        194 |        194 |       0 |    0 |    161 |      0 |      0 |    0 |          0 |
|                 u_shared_multiplier                                                       |                         system_attention_0_0_fa_signed_mult_comb_488 |         18 |         18 |       0 |    0 |      0 |      0 |      0 |    0 |          1 |
|               g_pe_row[7].g_pe_col[13].u_pe                                               |                                system_attention_0_0_fsa_fused_pe_426 |        223 |        223 |       0 |    0 |    161 |      0 |      0 |    0 |          1 |
|                 (g_pe_row[7].g_pe_col[13].u_pe)                                           |                                system_attention_0_0_fsa_fused_pe_426 |        195 |        195 |       0 |    0 |    161 |      0 |      0 |    0 |          0 |
|                 u_shared_multiplier                                                       |                         system_attention_0_0_fa_signed_mult_comb_487 |         28 |         28 |       0 |    0 |      0 |      0 |      0 |    0 |          1 |
|               g_pe_row[7].g_pe_col[14].u_pe                                               |                                system_attention_0_0_fsa_fused_pe_427 |        232 |        232 |       0 |    0 |    161 |      0 |      0 |    0 |          1 |
|                 (g_pe_row[7].g_pe_col[14].u_pe)                                           |                                system_attention_0_0_fsa_fused_pe_427 |        211 |        211 |       0 |    0 |    161 |      0 |      0 |    0 |          0 |
|                 u_shared_multiplier                                                       |                         system_attention_0_0_fa_signed_mult_comb_486 |         22 |         22 |       0 |    0 |      0 |      0 |      0 |    0 |          1 |
|               g_pe_row[7].g_pe_col[15].u_pe                                               |                                system_attention_0_0_fsa_fused_pe_428 |        211 |        211 |       0 |    0 |    161 |      0 |      0 |    0 |          1 |
|                 (g_pe_row[7].g_pe_col[15].u_pe)                                           |                                system_attention_0_0_fsa_fused_pe_428 |        194 |        194 |       0 |    0 |    161 |      0 |      0 |    0 |          0 |
|                 u_shared_multiplier                                                       |                         system_attention_0_0_fa_signed_mult_comb_485 |         18 |         18 |       0 |    0 |      0 |      0 |      0 |    0 |          1 |
|               g_pe_row[7].g_pe_col[16].u_pe                                               |                                system_attention_0_0_fsa_fused_pe_429 |        219 |        219 |       0 |    0 |    161 |      0 |      0 |    0 |          1 |
|                 (g_pe_row[7].g_pe_col[16].u_pe)                                           |                                system_attention_0_0_fsa_fused_pe_429 |        195 |        195 |       0 |    0 |    161 |      0 |      0 |    0 |          0 |
|                 u_shared_multiplier                                                       |                         system_attention_0_0_fa_signed_mult_comb_484 |         24 |         24 |       0 |    0 |      0 |      0 |      0 |    0 |          1 |
|               g_pe_row[7].g_pe_col[17].u_pe                                               |                                system_attention_0_0_fsa_fused_pe_430 |        212 |        212 |       0 |    0 |    161 |      0 |      0 |    0 |          1 |
|                 (g_pe_row[7].g_pe_col[17].u_pe)                                           |                                system_attention_0_0_fsa_fused_pe_430 |        194 |        194 |       0 |    0 |    161 |      0 |      0 |    0 |          0 |
|                 u_shared_multiplier                                                       |                         system_attention_0_0_fa_signed_mult_comb_483 |         18 |         18 |       0 |    0 |      0 |      0 |      0 |    0 |          1 |
|               g_pe_row[7].g_pe_col[18].u_pe                                               |                                system_attention_0_0_fsa_fused_pe_431 |        218 |        218 |       0 |    0 |    161 |      0 |      0 |    0 |          1 |
|                 (g_pe_row[7].g_pe_col[18].u_pe)                                           |                                system_attention_0_0_fsa_fused_pe_431 |        195 |        195 |       0 |    0 |    161 |      0 |      0 |    0 |          0 |
|                 u_shared_multiplier                                                       |                         system_attention_0_0_fa_signed_mult_comb_482 |         23 |         23 |       0 |    0 |      0 |      0 |      0 |    0 |          1 |
|               g_pe_row[7].g_pe_col[19].u_pe                                               |                                system_attention_0_0_fsa_fused_pe_432 |        217 |        217 |       0 |    0 |    161 |      0 |      0 |    0 |          1 |
|                 (g_pe_row[7].g_pe_col[19].u_pe)                                           |                                system_attention_0_0_fsa_fused_pe_432 |        195 |        195 |       0 |    0 |    161 |      0 |      0 |    0 |          0 |
|                 u_shared_multiplier                                                       |                         system_attention_0_0_fa_signed_mult_comb_481 |         22 |         22 |       0 |    0 |      0 |      0 |      0 |    0 |          1 |
|               g_pe_row[7].g_pe_col[1].u_pe                                                |                                system_attention_0_0_fsa_fused_pe_433 |        238 |        238 |       0 |    0 |    161 |      0 |      0 |    0 |          1 |
|                 (g_pe_row[7].g_pe_col[1].u_pe)                                            |                                system_attention_0_0_fsa_fused_pe_433 |        220 |        220 |       0 |    0 |    161 |      0 |      0 |    0 |          0 |
|                 u_shared_multiplier                                                       |                         system_attention_0_0_fa_signed_mult_comb_480 |         18 |         18 |       0 |    0 |      0 |      0 |      0 |    0 |          1 |
|               g_pe_row[7].g_pe_col[20].u_pe                                               |                                system_attention_0_0_fsa_fused_pe_434 |        221 |        221 |       0 |    0 |    161 |      0 |      0 |    0 |          1 |
|                 (g_pe_row[7].g_pe_col[20].u_pe)                                           |                                system_attention_0_0_fsa_fused_pe_434 |        195 |        195 |       0 |    0 |    161 |      0 |      0 |    0 |          0 |
|                 u_shared_multiplier                                                       |                         system_attention_0_0_fa_signed_mult_comb_479 |         26 |         26 |       0 |    0 |      0 |      0 |      0 |    0 |          1 |
|               g_pe_row[7].g_pe_col[21].u_pe                                               |                                system_attention_0_0_fsa_fused_pe_435 |        218 |        218 |       0 |    0 |    161 |      0 |      0 |    0 |          1 |
|                 (g_pe_row[7].g_pe_col[21].u_pe)                                           |                                system_attention_0_0_fsa_fused_pe_435 |        195 |        195 |       0 |    0 |    161 |      0 |      0 |    0 |          0 |
|                 u_shared_multiplier                                                       |                         system_attention_0_0_fa_signed_mult_comb_478 |         24 |         24 |       0 |    0 |      0 |      0 |      0 |    0 |          1 |
|               g_pe_row[7].g_pe_col[22].u_pe                                               |                                system_attention_0_0_fsa_fused_pe_436 |        229 |        229 |       0 |    0 |    161 |      0 |      0 |    0 |          1 |
|                 (g_pe_row[7].g_pe_col[22].u_pe)                                           |                                system_attention_0_0_fsa_fused_pe_436 |        210 |        210 |       0 |    0 |    161 |      0 |      0 |    0 |          0 |
|                 u_shared_multiplier                                                       |                         system_attention_0_0_fa_signed_mult_comb_477 |         19 |         19 |       0 |    0 |      0 |      0 |      0 |    0 |          1 |
|               g_pe_row[7].g_pe_col[23].u_pe                                               |                                system_attention_0_0_fsa_fused_pe_437 |        215 |        215 |       0 |    0 |    161 |      0 |      0 |    0 |          1 |
|                 (g_pe_row[7].g_pe_col[23].u_pe)                                           |                                system_attention_0_0_fsa_fused_pe_437 |        196 |        196 |       0 |    0 |    161 |      0 |      0 |    0 |          0 |
|                 u_shared_multiplier                                                       |                         system_attention_0_0_fa_signed_mult_comb_476 |         19 |         19 |       0 |    0 |      0 |      0 |      0 |    0 |          1 |
|               g_pe_row[7].g_pe_col[24].u_pe                                               |                                system_attention_0_0_fsa_fused_pe_438 |        214 |        214 |       0 |    0 |    161 |      0 |      0 |    0 |          1 |
|                 (g_pe_row[7].g_pe_col[24].u_pe)                                           |                                system_attention_0_0_fsa_fused_pe_438 |        196 |        196 |       0 |    0 |    161 |      0 |      0 |    0 |          0 |
|                 u_shared_multiplier                                                       |                         system_attention_0_0_fa_signed_mult_comb_475 |         19 |         19 |       0 |    0 |      0 |      0 |      0 |    0 |          1 |
|               g_pe_row[7].g_pe_col[25].u_pe                                               |                                system_attention_0_0_fsa_fused_pe_439 |        212 |        212 |       0 |    0 |    161 |      0 |      0 |    0 |          1 |
|                 (g_pe_row[7].g_pe_col[25].u_pe)                                           |                                system_attention_0_0_fsa_fused_pe_439 |        195 |        195 |       0 |    0 |    161 |      0 |      0 |    0 |          0 |
|                 u_shared_multiplier                                                       |                         system_attention_0_0_fa_signed_mult_comb_474 |         18 |         18 |       0 |    0 |      0 |      0 |      0 |    0 |          1 |
|               g_pe_row[7].g_pe_col[26].u_pe                                               |                                system_attention_0_0_fsa_fused_pe_440 |        212 |        212 |       0 |    0 |    161 |      0 |      0 |    0 |          1 |
|                 (g_pe_row[7].g_pe_col[26].u_pe)                                           |                                system_attention_0_0_fsa_fused_pe_440 |        195 |        195 |       0 |    0 |    161 |      0 |      0 |    0 |          0 |
|                 u_shared_multiplier                                                       |                         system_attention_0_0_fa_signed_mult_comb_473 |         18 |         18 |       0 |    0 |      0 |      0 |      0 |    0 |          1 |
|               g_pe_row[7].g_pe_col[27].u_pe                                               |                                system_attention_0_0_fsa_fused_pe_441 |        221 |        221 |       0 |    0 |    161 |      0 |      0 |    0 |          1 |
|                 (g_pe_row[7].g_pe_col[27].u_pe)                                           |                                system_attention_0_0_fsa_fused_pe_441 |        196 |        196 |       0 |    0 |    161 |      0 |      0 |    0 |          0 |
|                 u_shared_multiplier                                                       |                         system_attention_0_0_fa_signed_mult_comb_472 |         25 |         25 |       0 |    0 |      0 |      0 |      0 |    0 |          1 |
|               g_pe_row[7].g_pe_col[28].u_pe                                               |                                system_attention_0_0_fsa_fused_pe_442 |        219 |        219 |       0 |    0 |    161 |      0 |      0 |    0 |          1 |
|                 (g_pe_row[7].g_pe_col[28].u_pe)                                           |                                system_attention_0_0_fsa_fused_pe_442 |        196 |        196 |       0 |    0 |    161 |      0 |      0 |    0 |          0 |
|                 u_shared_multiplier                                                       |                         system_attention_0_0_fa_signed_mult_comb_471 |         23 |         23 |       0 |    0 |      0 |      0 |      0 |    0 |          1 |
|               g_pe_row[7].g_pe_col[29].u_pe                                               |                                system_attention_0_0_fsa_fused_pe_443 |        228 |        228 |       0 |    0 |    161 |      0 |      0 |    0 |          1 |
|                 (g_pe_row[7].g_pe_col[29].u_pe)                                           |                                system_attention_0_0_fsa_fused_pe_443 |        209 |        209 |       0 |    0 |    161 |      0 |      0 |    0 |          0 |
|                 u_shared_multiplier                                                       |                         system_attention_0_0_fa_signed_mult_comb_470 |         20 |         20 |       0 |    0 |      0 |      0 |      0 |    0 |          1 |
|               g_pe_row[7].g_pe_col[2].u_pe                                                |                                system_attention_0_0_fsa_fused_pe_444 |        212 |        212 |       0 |    0 |    161 |      0 |      0 |    0 |          1 |
|                 (g_pe_row[7].g_pe_col[2].u_pe)                                            |                                system_attention_0_0_fsa_fused_pe_444 |        194 |        194 |       0 |    0 |    161 |      0 |      0 |    0 |          0 |
|                 u_shared_multiplier                                                       |                         system_attention_0_0_fa_signed_mult_comb_469 |         18 |         18 |       0 |    0 |      0 |      0 |      0 |    0 |          1 |
|               g_pe_row[7].g_pe_col[30].u_pe                                               |                                system_attention_0_0_fsa_fused_pe_445 |        262 |        262 |       0 |    0 |    161 |      0 |      0 |    0 |          1 |
|                 (g_pe_row[7].g_pe_col[30].u_pe)                                           |                                system_attention_0_0_fsa_fused_pe_445 |        236 |        236 |       0 |    0 |    161 |      0 |      0 |    0 |          0 |
|                 u_shared_multiplier                                                       |                         system_attention_0_0_fa_signed_mult_comb_468 |         26 |         26 |       0 |    0 |      0 |      0 |      0 |    0 |          1 |
|               g_pe_row[7].g_pe_col[31].u_pe                                               |                                system_attention_0_0_fsa_fused_pe_446 |        119 |        119 |       0 |    0 |    152 |      0 |      0 |    0 |          1 |
|                 (g_pe_row[7].g_pe_col[31].u_pe)                                           |                                system_attention_0_0_fsa_fused_pe_446 |        110 |        110 |       0 |    0 |    152 |      0 |      0 |    0 |          0 |
|                 u_shared_multiplier                                                       |                         system_attention_0_0_fa_signed_mult_comb_467 |          9 |          9 |       0 |    0 |      0 |      0 |      0 |    0 |          1 |
|               g_pe_row[7].g_pe_col[3].u_pe                                                |                                system_attention_0_0_fsa_fused_pe_447 |        212 |        212 |       0 |    0 |    161 |      0 |      0 |    0 |          1 |
|                 (g_pe_row[7].g_pe_col[3].u_pe)                                            |                                system_attention_0_0_fsa_fused_pe_447 |        194 |        194 |       0 |    0 |    161 |      0 |      0 |    0 |          0 |
|                 u_shared_multiplier                                                       |                         system_attention_0_0_fa_signed_mult_comb_466 |         18 |         18 |       0 |    0 |      0 |      0 |      0 |    0 |          1 |
|               g_pe_row[7].g_pe_col[4].u_pe                                                |                                system_attention_0_0_fsa_fused_pe_448 |        211 |        211 |       0 |    0 |    161 |      0 |      0 |    0 |          1 |
|                 (g_pe_row[7].g_pe_col[4].u_pe)                                            |                                system_attention_0_0_fsa_fused_pe_448 |        194 |        194 |       0 |    0 |    161 |      0 |      0 |    0 |          0 |
|                 u_shared_multiplier                                                       |                         system_attention_0_0_fa_signed_mult_comb_465 |         18 |         18 |       0 |    0 |      0 |      0 |      0 |    0 |          1 |
|               g_pe_row[7].g_pe_col[5].u_pe                                                |                                system_attention_0_0_fsa_fused_pe_449 |        211 |        211 |       0 |    0 |    161 |      0 |      0 |    0 |          1 |
|                 (g_pe_row[7].g_pe_col[5].u_pe)                                            |                                system_attention_0_0_fsa_fused_pe_449 |        194 |        194 |       0 |    0 |    161 |      0 |      0 |    0 |          0 |
|                 u_shared_multiplier                                                       |                         system_attention_0_0_fa_signed_mult_comb_464 |         18 |         18 |       0 |    0 |      0 |      0 |      0 |    0 |          1 |
|               g_pe_row[7].g_pe_col[6].u_pe                                                |                                system_attention_0_0_fsa_fused_pe_450 |        227 |        227 |       0 |    0 |    161 |      0 |      0 |    0 |          1 |
|                 (g_pe_row[7].g_pe_col[6].u_pe)                                            |                                system_attention_0_0_fsa_fused_pe_450 |        210 |        210 |       0 |    0 |    161 |      0 |      0 |    0 |          0 |
|                 u_shared_multiplier                                                       |                         system_attention_0_0_fa_signed_mult_comb_463 |         18 |         18 |       0 |    0 |      0 |      0 |      0 |    0 |          1 |
|               g_pe_row[7].g_pe_col[7].u_pe                                                |                                system_attention_0_0_fsa_fused_pe_451 |        211 |        211 |       0 |    0 |    161 |      0 |      0 |    0 |          1 |
|                 (g_pe_row[7].g_pe_col[7].u_pe)                                            |                                system_attention_0_0_fsa_fused_pe_451 |        194 |        194 |       0 |    0 |    161 |      0 |      0 |    0 |          0 |
|                 u_shared_multiplier                                                       |                         system_attention_0_0_fa_signed_mult_comb_462 |         18 |         18 |       0 |    0 |      0 |      0 |      0 |    0 |          1 |
|               g_pe_row[7].g_pe_col[8].u_pe                                                |                                system_attention_0_0_fsa_fused_pe_452 |        211 |        211 |       0 |    0 |    161 |      0 |      0 |    0 |          1 |
|                 (g_pe_row[7].g_pe_col[8].u_pe)                                            |                                system_attention_0_0_fsa_fused_pe_452 |        194 |        194 |       0 |    0 |    161 |      0 |      0 |    0 |          0 |
|                 u_shared_multiplier                                                       |                         system_attention_0_0_fa_signed_mult_comb_461 |         18 |         18 |       0 |    0 |      0 |      0 |      0 |    0 |          1 |
|               g_pe_row[7].g_pe_col[9].u_pe                                                |                                system_attention_0_0_fsa_fused_pe_453 |        211 |        211 |       0 |    0 |    161 |      0 |      0 |    0 |          1 |
|                 (g_pe_row[7].g_pe_col[9].u_pe)                                            |                                system_attention_0_0_fsa_fused_pe_453 |        194 |        194 |       0 |    0 |    161 |      0 |      0 |    0 |          0 |
|                 u_shared_multiplier                                                       |                             system_attention_0_0_fa_signed_mult_comb |         18 |         18 |       0 |    0 |      0 |      0 |      0 |    0 |          1 |
|               g_pv_seed_rescale[0].u_o_rescale_multiplier                                 |                            system_attention_0_0_fa_signed_mult_pipe2 |         17 |         17 |       0 |    0 |      2 |      0 |      0 |    0 |          2 |
|               g_pv_seed_rescale[1].u_o_rescale_multiplier                                 |                        system_attention_0_0_fa_signed_mult_pipe2_454 |         16 |         16 |       0 |    0 |      0 |      0 |      0 |    0 |          2 |
|               g_pv_seed_rescale[2].u_o_rescale_multiplier                                 |                        system_attention_0_0_fa_signed_mult_pipe2_455 |         16 |         16 |       0 |    0 |      0 |      0 |      0 |    0 |          2 |
|               g_pv_seed_rescale[3].u_o_rescale_multiplier                                 |                        system_attention_0_0_fa_signed_mult_pipe2_456 |         16 |         16 |       0 |    0 |      0 |      0 |      0 |    0 |          2 |
|               g_pv_seed_rescale[4].u_o_rescale_multiplier                                 |                        system_attention_0_0_fa_signed_mult_pipe2_457 |         16 |         16 |       0 |    0 |      0 |      0 |      0 |    0 |          2 |
|               g_pv_seed_rescale[5].u_o_rescale_multiplier                                 |                        system_attention_0_0_fa_signed_mult_pipe2_458 |         16 |         16 |       0 |    0 |      0 |      0 |      0 |    0 |          2 |
|               g_pv_seed_rescale[6].u_o_rescale_multiplier                                 |                        system_attention_0_0_fa_signed_mult_pipe2_459 |         16 |         16 |       0 |    0 |      0 |      0 |      0 |    0 |          2 |
|               g_pv_seed_rescale[7].u_o_rescale_multiplier                                 |                        system_attention_0_0_fa_signed_mult_pipe2_460 |         17 |         17 |       0 |    0 |      0 |      0 |      0 |    0 |          2 |
|               u_o_bank                                                                    |                              system_attention_0_0_o_accumulator_bank |       5378 |       5378 |       0 |    0 |  16641 |      0 |      0 |    0 |          0 |
|             u_lse_update_multiplier                                                       |                          system_attention_0_0_fa_unsigned_mult_pipe2 |        633 |        633 |       0 |    0 |     11 |      0 |      0 |    0 |          2 |
|           u_head_stride_multiplier                                                        |                           system_attention_0_0_fa_unsigned_mult_comb |          0 |          0 |       0 |    0 |      0 |      0 |      0 |    0 |          1 |
|           u_normalizer                                                                    |                               system_attention_0_0_online_normalizer |       5002 |       4980 |       0 |   22 |   2485 |      0 |      0 |    0 |         32 |
|             (u_normalizer)                                                                |                               system_attention_0_0_online_normalizer |        107 |         85 |       0 |   22 |    959 |      0 |      0 |    0 |          0 |
|             g_lane[0].u_output_scale_multiplier                                           |            system_attention_0_0_fa_signed_mult_pipe2__parameterized2 |        301 |        301 |       0 |    0 |     64 |      0 |      0 |    0 |          2 |
|             g_lane[0].u_reciprocal                                                        |                                  system_attention_0_0_reciprocal_lut |        283 |        283 |       0 |    0 |     49 |      0 |      0 |    0 |          0 |
|             g_lane[0].u_reciprocal_multiplier                                             |            system_attention_0_0_fa_signed_mult_pipe2__parameterized1 |         46 |         46 |       0 |    0 |     80 |      0 |      0 |    0 |          2 |
|               (g_lane[0].u_reciprocal_multiplier)                                         |            system_attention_0_0_fa_signed_mult_pipe2__parameterized1 |          2 |          2 |       0 |    0 |     80 |      0 |      0 |    0 |          0 |
|               u_hi_multiplier                                                             |          system_attention_0_0_fa_signed_mult_comb__parameterized4_41 |         22 |         22 |       0 |    0 |      0 |      0 |      0 |    0 |          1 |
|               u_lo_multiplier                                                             |          system_attention_0_0_fa_signed_mult_comb__parameterized5_42 |         22 |         22 |       0 |    0 |      0 |      0 |      0 |    0 |          1 |
|             g_lane[1].u_output_scale_multiplier                                           |          system_attention_0_0_fa_signed_mult_pipe2__parameterized2_8 |        283 |        283 |       0 |    0 |     64 |      0 |      0 |    0 |          2 |
|             g_lane[1].u_reciprocal                                                        |                                system_attention_0_0_reciprocal_lut_9 |        276 |        276 |       0 |    0 |     46 |      0 |      0 |    0 |          0 |
|             g_lane[1].u_reciprocal_multiplier                                             |         system_attention_0_0_fa_signed_mult_pipe2__parameterized1_10 |         46 |         46 |       0 |    0 |     80 |      0 |      0 |    0 |          2 |
|               (g_lane[1].u_reciprocal_multiplier)                                         |         system_attention_0_0_fa_signed_mult_pipe2__parameterized1_10 |          2 |          2 |       0 |    0 |     80 |      0 |      0 |    0 |          0 |
|               u_hi_multiplier                                                             |          system_attention_0_0_fa_signed_mult_comb__parameterized4_39 |         22 |         22 |       0 |    0 |      0 |      0 |      0 |    0 |          1 |
|               u_lo_multiplier                                                             |          system_attention_0_0_fa_signed_mult_comb__parameterized5_40 |         22 |         22 |       0 |    0 |      0 |      0 |      0 |    0 |          1 |
|             g_lane[2].u_output_scale_multiplier                                           |         system_attention_0_0_fa_signed_mult_pipe2__parameterized2_11 |        285 |        285 |       0 |    0 |     64 |      0 |      0 |    0 |          2 |
|             g_lane[2].u_reciprocal                                                        |                               system_attention_0_0_reciprocal_lut_12 |        276 |        276 |       0 |    0 |     46 |      0 |      0 |    0 |          0 |
|             g_lane[2].u_reciprocal_multiplier                                             |         system_attention_0_0_fa_signed_mult_pipe2__parameterized1_13 |         46 |         46 |       0 |    0 |     80 |      0 |      0 |    0 |          2 |
|               (g_lane[2].u_reciprocal_multiplier)                                         |         system_attention_0_0_fa_signed_mult_pipe2__parameterized1_13 |          2 |          2 |       0 |    0 |     80 |      0 |      0 |    0 |          0 |
|               u_hi_multiplier                                                             |          system_attention_0_0_fa_signed_mult_comb__parameterized4_37 |         22 |         22 |       0 |    0 |      0 |      0 |      0 |    0 |          1 |
|               u_lo_multiplier                                                             |          system_attention_0_0_fa_signed_mult_comb__parameterized5_38 |         22 |         22 |       0 |    0 |      0 |      0 |      0 |    0 |          1 |
|             g_lane[3].u_output_scale_multiplier                                           |         system_attention_0_0_fa_signed_mult_pipe2__parameterized2_14 |        283 |        283 |       0 |    0 |     64 |      0 |      0 |    0 |          2 |
|             g_lane[3].u_reciprocal                                                        |                               system_attention_0_0_reciprocal_lut_15 |        276 |        276 |       0 |    0 |     46 |      0 |      0 |    0 |          0 |
|             g_lane[3].u_reciprocal_multiplier                                             |         system_attention_0_0_fa_signed_mult_pipe2__parameterized1_16 |         46 |         46 |       0 |    0 |     80 |      0 |      0 |    0 |          2 |
|               (g_lane[3].u_reciprocal_multiplier)                                         |         system_attention_0_0_fa_signed_mult_pipe2__parameterized1_16 |          2 |          2 |       0 |    0 |     80 |      0 |      0 |    0 |          0 |
|               u_hi_multiplier                                                             |          system_attention_0_0_fa_signed_mult_comb__parameterized4_35 |         22 |         22 |       0 |    0 |      0 |      0 |      0 |    0 |          1 |
|               u_lo_multiplier                                                             |          system_attention_0_0_fa_signed_mult_comb__parameterized5_36 |         22 |         22 |       0 |    0 |      0 |      0 |      0 |    0 |          1 |
|             g_lane[4].u_output_scale_multiplier                                           |         system_attention_0_0_fa_signed_mult_pipe2__parameterized2_17 |        292 |        292 |       0 |    0 |     64 |      0 |      0 |    0 |          2 |
|             g_lane[4].u_reciprocal                                                        |                               system_attention_0_0_reciprocal_lut_18 |        276 |        276 |       0 |    0 |     46 |      0 |      0 |    0 |          0 |
|             g_lane[4].u_reciprocal_multiplier                                             |         system_attention_0_0_fa_signed_mult_pipe2__parameterized1_19 |         46 |         46 |       0 |    0 |     80 |      0 |      0 |    0 |          2 |
|               (g_lane[4].u_reciprocal_multiplier)                                         |         system_attention_0_0_fa_signed_mult_pipe2__parameterized1_19 |          2 |          2 |       0 |    0 |     80 |      0 |      0 |    0 |          0 |
|               u_hi_multiplier                                                             |          system_attention_0_0_fa_signed_mult_comb__parameterized4_33 |         22 |         22 |       0 |    0 |      0 |      0 |      0 |    0 |          1 |
|               u_lo_multiplier                                                             |          system_attention_0_0_fa_signed_mult_comb__parameterized5_34 |         22 |         22 |       0 |    0 |      0 |      0 |      0 |    0 |          1 |
|             g_lane[5].u_output_scale_multiplier                                           |         system_attention_0_0_fa_signed_mult_pipe2__parameterized2_20 |        290 |        290 |       0 |    0 |     64 |      0 |      0 |    0 |          2 |
|             g_lane[5].u_reciprocal                                                        |                               system_attention_0_0_reciprocal_lut_21 |        276 |        276 |       0 |    0 |     46 |      0 |      0 |    0 |          0 |
|             g_lane[5].u_reciprocal_multiplier                                             |         system_attention_0_0_fa_signed_mult_pipe2__parameterized1_22 |         46 |         46 |       0 |    0 |     80 |      0 |      0 |    0 |          2 |
|               (g_lane[5].u_reciprocal_multiplier)                                         |         system_attention_0_0_fa_signed_mult_pipe2__parameterized1_22 |          2 |          2 |       0 |    0 |     80 |      0 |      0 |    0 |          0 |
|               u_hi_multiplier                                                             |          system_attention_0_0_fa_signed_mult_comb__parameterized4_31 |         22 |         22 |       0 |    0 |      0 |      0 |      0 |    0 |          1 |
|               u_lo_multiplier                                                             |          system_attention_0_0_fa_signed_mult_comb__parameterized5_32 |         22 |         22 |       0 |    0 |      0 |      0 |      0 |    0 |          1 |
|             g_lane[6].u_output_scale_multiplier                                           |         system_attention_0_0_fa_signed_mult_pipe2__parameterized2_23 |        292 |        292 |       0 |    0 |     64 |      0 |      0 |    0 |          2 |
|             g_lane[6].u_reciprocal                                                        |                               system_attention_0_0_reciprocal_lut_24 |        276 |        276 |       0 |    0 |     46 |      0 |      0 |    0 |          0 |
|             g_lane[6].u_reciprocal_multiplier                                             |         system_attention_0_0_fa_signed_mult_pipe2__parameterized1_25 |         46 |         46 |       0 |    0 |     80 |      0 |      0 |    0 |          2 |
|               (g_lane[6].u_reciprocal_multiplier)                                         |         system_attention_0_0_fa_signed_mult_pipe2__parameterized1_25 |          2 |          2 |       0 |    0 |     80 |      0 |      0 |    0 |          0 |
|               u_hi_multiplier                                                             |          system_attention_0_0_fa_signed_mult_comb__parameterized4_29 |         22 |         22 |       0 |    0 |      0 |      0 |      0 |    0 |          1 |
|               u_lo_multiplier                                                             |          system_attention_0_0_fa_signed_mult_comb__parameterized5_30 |         22 |         22 |       0 |    0 |      0 |      0 |      0 |    0 |          1 |
|             g_lane[7].u_output_scale_multiplier                                           |         system_attention_0_0_fa_signed_mult_pipe2__parameterized2_26 |        289 |        289 |       0 |    0 |     66 |      0 |      0 |    0 |          2 |
|             g_lane[7].u_reciprocal                                                        |                               system_attention_0_0_reciprocal_lut_27 |        276 |        276 |       0 |    0 |     46 |      0 |      0 |    0 |          0 |
|             g_lane[7].u_reciprocal_multiplier                                             |         system_attention_0_0_fa_signed_mult_pipe2__parameterized1_28 |         47 |         47 |       0 |    0 |     81 |      0 |      0 |    0 |          2 |
|               (g_lane[7].u_reciprocal_multiplier)                                         |         system_attention_0_0_fa_signed_mult_pipe2__parameterized1_28 |          3 |          3 |       0 |    0 |     81 |      0 |      0 |    0 |          0 |
|               u_hi_multiplier                                                             |             system_attention_0_0_fa_signed_mult_comb__parameterized4 |         22 |         22 |       0 |    0 |      0 |      0 |      0 |    0 |          1 |
|               u_lo_multiplier                                                             |             system_attention_0_0_fa_signed_mult_comb__parameterized5 |         22 |         22 |       0 |    0 |      0 |      0 |      0 |    0 |          1 |
|           u_output_buffer                                                                 |                                   system_attention_0_0_output_buffer |       1165 |       1165 |       0 |    0 |   2103 |      4 |      0 |    0 |          0 |
|           u_perf                                                                          |                                    system_attention_0_0_perf_counter |        147 |        147 |       0 |    0 |    214 |      0 |      0 |    0 |          0 |
|           u_pv_engine                                                                     |                                   system_attention_0_0_fsa_pv_engine |         27 |         27 |       0 |    0 |     26 |      0 |      0 |    0 |          0 |
|           u_qk_engine                                                                     |                                   system_attention_0_0_fsa_qk_engine |        163 |        163 |       0 |    0 |     21 |      0 |      0 |    0 |          0 |
|           u_regfile                                                                       |                                   system_attention_0_0_accel_regfile |       2092 |       2092 |       0 |    0 |    580 |      0 |      0 |    0 |          0 |
|             (u_regfile)                                                                   |                                   system_attention_0_0_accel_regfile |       1743 |       1743 |       0 |    0 |    516 |      0 |      0 |    0 |          0 |
|             u_axi_lite_if                                                                 |                                 system_attention_0_0_axi4_slave_if_7 |        349 |        349 |       0 |    0 |     64 |      0 |      0 |    0 |          0 |
|           u_scheduler                                                                     |                                 system_attention_0_0_accel_scheduler |       2343 |       2343 |       0 |    0 |     63 |      0 |      0 |    0 |          0 |
|           u_tile_cache                                                                    |                                  system_attention_0_0_qkv_tile_cache |        542 |        542 |       0 |    0 |    989 |      0 |      0 |   96 |          0 |
|             (u_tile_cache)                                                                |                                  system_attention_0_0_qkv_tile_cache |          8 |          8 |       0 |    0 |    401 |      0 |      0 |    0 |          0 |
|             u_k0                                                                          |                                     system_attention_0_0_banked_sram |        256 |        256 |       0 |    0 |      9 |      0 |      0 |   16 |          0 |
|             u_k1                                                                          |                                   system_attention_0_0_banked_sram_0 |          0 |          0 |       0 |    0 |      8 |      0 |      0 |   16 |          0 |
|             u_k_pp                                                                        |                                 system_attention_0_0_pingpong_buffer |          4 |          4 |       0 |    0 |      3 |      0 |      0 |    0 |          0 |
|             u_q0                                                                          |                                   system_attention_0_0_banked_sram_1 |        133 |        133 |       0 |    0 |    273 |      0 |      0 |   16 |          0 |
|             u_q1                                                                          |                                   system_attention_0_0_banked_sram_2 |          2 |          2 |       0 |    0 |    272 |      0 |      0 |   16 |          0 |
|             u_q_pp                                                                        |                               system_attention_0_0_pingpong_buffer_3 |          7 |          7 |       0 |    0 |      4 |      0 |      0 |    0 |          0 |
|             u_v0                                                                          |                                   system_attention_0_0_banked_sram_4 |        128 |        128 |       0 |    0 |      8 |      0 |      0 |   16 |          0 |
|             u_v1                                                                          |                                   system_attention_0_0_banked_sram_5 |          0 |          0 |       0 |    0 |      8 |      0 |      0 |   16 |          0 |
|             u_v_pp                                                                        |                               system_attention_0_0_pingpong_buffer_6 |          5 |          5 |       0 |    0 |      3 |      0 |      0 |    0 |          0 |
|         u_tile_loader                                                                     |                                system_attention_0_0_axis_tile_loader |         86 |         86 |       0 |    0 |     91 |      0 |      0 |    0 |          0 |
|           (u_tile_loader)                                                                 |                                system_attention_0_0_axis_tile_loader |         86 |         86 |       0 |    0 |     58 |      0 |      0 |    0 |          0 |
|           u_axi_lite_if                                                                   |                                   system_attention_0_0_axi4_slave_if |          0 |          0 |       0 |    0 |     33 |      0 |      0 |    0 |          0 |
|     axi_dma_0                                                                             |                                                   system_axi_dma_0_0 |       1764 |       1712 |       0 |   52 |   1481 |      2 |      1 |    0 |          0 |
|       (axi_dma_0)                                                                         |                                                   system_axi_dma_0_0 |          0 |          0 |       0 |    0 |      0 |      0 |      0 |    0 |          0 |
|       U0                                                                                  |                                           system_axi_dma_0_0_axi_dma |       1764 |       1712 |       0 |   52 |   1481 |      2 |      1 |    0 |          0 |
|         INCLUDE_MM2S_SOF_EOF_GENERATOR.I_MM2S_DMA_MNGR                                    |                                 system_axi_dma_0_0_axi_dma_mm2s_mngr |         17 |         17 |       0 |    0 |     64 |      0 |      0 |    0 |          0 |
|           (INCLUDE_MM2S_SOF_EOF_GENERATOR.I_MM2S_DMA_MNGR)                                |                                 system_axi_dma_0_0_axi_dma_mm2s_mngr |          0 |          0 |       0 |    0 |      1 |      0 |      0 |    0 |          0 |
|           GEN_MM2S_DMA_CONTROL.GEN_SIMPLE_DMA_MODE.I_MM2S_SMPL_SM                         |                                  system_axi_dma_0_0_axi_dma_smple_sm |          9 |          9 |       0 |    0 |     53 |      0 |      0 |    0 |          0 |
|           GEN_MM2S_DMA_CONTROL.I_MM2S_CMDSTS                                              |                            system_axi_dma_0_0_axi_dma_mm2s_cmdsts_if |          7 |          7 |       0 |    0 |      7 |      0 |      0 |    0 |          0 |
|           GEN_MM2S_DMA_CONTROL.I_MM2S_STS_MNGR                                            |                             system_axi_dma_0_0_axi_dma_mm2s_sts_mngr |          1 |          1 |       0 |    0 |      3 |      0 |      0 |    0 |          0 |
|         I_AXI_DMA_REG_MODULE                                                              |                                system_axi_dma_0_0_axi_dma_reg_module |         67 |         67 |       0 |    0 |    160 |      0 |      0 |    0 |          0 |
|           GEN_AXI_LITE_IF.AXI_LITE_IF_I                                                   |                                   system_axi_dma_0_0_axi_dma_lite_if |         40 |         40 |       0 |    0 |     81 |      0 |      0 |    0 |          0 |
|           GEN_MM2S_REGISTERS.I_MM2S_DMA_REGISTER                                          |                                  system_axi_dma_0_0_axi_dma_register |         27 |         27 |       0 |    0 |     79 |      0 |      0 |    0 |          0 |
|         I_PRMRY_DATAMOVER                                                                 |                                     system_axi_dma_0_0_axi_datamover |       1666 |       1614 |       0 |   52 |   1233 |      2 |      1 |    0 |          0 |
|           GEN_MM2S_FULL.I_MM2S_FULL_WRAPPER                                               |                      system_axi_dma_0_0_axi_datamover_mm2s_full_wrap |       1666 |       1614 |       0 |   52 |   1233 |      2 |      1 |    0 |          0 |
|             ENABLE_AXIS_SKID.I_MM2S_SKID_BUF                                              |                            system_axi_dma_0_0_axi_datamover_skid_buf |        158 |        158 |       0 |    0 |    296 |      0 |      0 |    0 |          0 |
|             GEN_INCLUDE_MM2S_DRE.I_DRE_16_to_64                                           |                            system_axi_dma_0_0_axi_datamover_mm2s_dre |       1067 |       1067 |       0 |    0 |    493 |      0 |      0 |    0 |          0 |
|             GEN_INCLUDE_MM2S_SF.I_RD_SF                                                   |                               system_axi_dma_0_0_axi_datamover_rd_sf |        138 |        133 |       0 |    5 |     65 |      2 |      1 |    0 |          0 |
|               (GEN_INCLUDE_MM2S_SF.I_RD_SF)                                               |                               system_axi_dma_0_0_axi_datamover_rd_sf |         15 |         15 |       0 |    0 |     12 |      0 |      0 |    0 |          0 |
|               INCLUDE_DRE_CNTL.I_DRE_CNTL_FIFO                                            |                system_axi_dma_0_0_axi_datamover_fifo__parameterized3 |         14 |          9 |       0 |    5 |      6 |      0 |      0 |    0 |          0 |
|                 (INCLUDE_DRE_CNTL.I_DRE_CNTL_FIFO)                                        |                system_axi_dma_0_0_axi_datamover_fifo__parameterized3 |          1 |          1 |       0 |    0 |      2 |      0 |      0 |    0 |          0 |
|                 USE_SRL_FIFO.I_SYNC_FIFO                                                  |                        system_axi_dma_0_0_srl_fifo_f__parameterized1 |         13 |          8 |       0 |    5 |      4 |      0 |      0 |    0 |          0 |
|                   I_SRL_FIFO_RBU_F                                                        |                    system_axi_dma_0_0_srl_fifo_rbu_f__parameterized1 |         13 |          8 |       0 |    5 |      4 |      0 |      0 |    0 |          0 |
|                     (I_SRL_FIFO_RBU_F)                                                    |                    system_axi_dma_0_0_srl_fifo_rbu_f__parameterized1 |          0 |          0 |       0 |    0 |      1 |      0 |      0 |    0 |          0 |
|                     CNTR_INCR_DECR_ADDN_F_I                                               |                           system_axi_dma_0_0_cntr_incr_decr_addn_f_4 |          4 |          4 |       0 |    0 |      3 |      0 |      0 |    0 |          0 |
|                     DYNSHREG_F_I                                                          |                        system_axi_dma_0_0_dynshreg_f__parameterized1 |          9 |          4 |       0 |    5 |      0 |      0 |      0 |    0 |          0 |
|               I_DATA_FIFO                                                                 |                        system_axi_dma_0_0_axi_datamover_sfifo_autord |        109 |        109 |       0 |    0 |     47 |      2 |      1 |    0 |          0 |
|                 BLK_MEM.I_SYNC_FIFOGEN_FIFO                                               |                                      system_axi_dma_0_0_sync_fifo_fg |        109 |        109 |       0 |    0 |     47 |      2 |      1 |    0 |          0 |
|                   (BLK_MEM.I_SYNC_FIFOGEN_FIFO)                                           |                                      system_axi_dma_0_0_sync_fifo_fg |         55 |         55 |       0 |    0 |      0 |      0 |      0 |    0 |          0 |
|                   xpm_fifo_instance.xpm_fifo_sync_inst                                    |                                     system_axi_dma_0_0_xpm_fifo_sync |         55 |         55 |       0 |    0 |     47 |      2 |      1 |    0 |          0 |
|                     xpm_fifo_base_inst                                                    |                                     system_axi_dma_0_0_xpm_fifo_base |         55 |         55 |       0 |    0 |     47 |      2 |      1 |    0 |          0 |
|                       (xpm_fifo_base_inst)                                                |                                     system_axi_dma_0_0_xpm_fifo_base |          3 |          3 |       0 |    0 |      9 |      0 |      0 |    0 |          0 |
|                       gen_fwft.rdpp1_inst                                                 |                  system_axi_dma_0_0_xpm_counter_updn__parameterized1 |         11 |         11 |       0 |    0 |      2 |      0 |      0 |    0 |          0 |
|                       gen_sdpram.xpm_memory_base_inst                                     |                                   system_axi_dma_0_0_xpm_memory_base |          0 |          0 |       0 |    0 |      0 |      2 |      1 |    0 |          0 |
|                       rdp_inst                                                            |                  system_axi_dma_0_0_xpm_counter_updn__parameterized2 |         18 |         18 |       0 |    0 |      8 |      0 |      0 |    0 |          0 |
|                       rdpp1_inst                                                          |                  system_axi_dma_0_0_xpm_counter_updn__parameterized3 |          5 |          5 |       0 |    0 |      7 |      0 |      0 |    0 |          0 |
|                       rst_d1_inst                                                         |                                  system_axi_dma_0_0_xpm_fifo_reg_bit |          0 |          0 |       0 |    0 |      1 |      0 |      0 |    0 |          0 |
|                       wrp_inst                                                            |                system_axi_dma_0_0_xpm_counter_updn__parameterized2_2 |          9 |          9 |       0 |    0 |      8 |      0 |      0 |    0 |          0 |
|                       wrpp1_inst                                                          |                system_axi_dma_0_0_xpm_counter_updn__parameterized3_3 |          5 |          5 |       0 |    0 |      7 |      0 |      0 |    0 |          0 |
|                       xpm_fifo_rst_inst                                                   |                                      system_axi_dma_0_0_xpm_fifo_rst |          5 |          5 |       0 |    0 |      5 |      0 |      0 |    0 |          0 |
|             I_ADDR_CNTL                                                                   |                           system_axi_dma_0_0_axi_datamover_addr_cntl |         31 |          8 |       0 |   23 |     50 |      0 |      0 |    0 |          0 |
|               (I_ADDR_CNTL)                                                               |                           system_axi_dma_0_0_axi_datamover_addr_cntl |          1 |          1 |       0 |    0 |     44 |      0 |      0 |    0 |          0 |
|               GEN_ADDR_FIFO.I_ADDR_QUAL_FIFO                                              |                system_axi_dma_0_0_axi_datamover_fifo__parameterized1 |         30 |          7 |       0 |   23 |      6 |      0 |      0 |    0 |          0 |
|                 (GEN_ADDR_FIFO.I_ADDR_QUAL_FIFO)                                          |                system_axi_dma_0_0_axi_datamover_fifo__parameterized1 |          1 |          1 |       0 |    0 |      2 |      0 |      0 |    0 |          0 |
|                 USE_SRL_FIFO.I_SYNC_FIFO                                                  |                                        system_axi_dma_0_0_srl_fifo_f |         29 |          6 |       0 |   23 |      4 |      0 |      0 |    0 |          0 |
|                   I_SRL_FIFO_RBU_F                                                        |                                    system_axi_dma_0_0_srl_fifo_rbu_f |         29 |          6 |       0 |   23 |      4 |      0 |      0 |    0 |          0 |
|                     (I_SRL_FIFO_RBU_F)                                                    |                                    system_axi_dma_0_0_srl_fifo_rbu_f |          0 |          0 |       0 |    0 |      1 |      0 |      0 |    0 |          0 |
|                     CNTR_INCR_DECR_ADDN_F_I                                               |                           system_axi_dma_0_0_cntr_incr_decr_addn_f_1 |          4 |          4 |       0 |    0 |      3 |      0 |      0 |    0 |          0 |
|                     DYNSHREG_F_I                                                          |                                        system_axi_dma_0_0_dynshreg_f |         25 |          2 |       0 |   23 |      0 |      0 |      0 |    0 |          0 |
|             I_CMD_STATUS                                                                  |                          system_axi_dma_0_0_axi_datamover_cmd_status |          8 |          8 |       0 |    0 |     59 |      0 |      0 |    0 |          0 |
|               GEN_INCLUDE_STATUS_FIFO.I_STS_FIFO                                          |                system_axi_dma_0_0_axi_datamover_fifo__parameterized0 |          4 |          4 |       0 |    0 |      6 |      0 |      0 |    0 |          0 |
|               I_CMD_FIFO                                                                  |                                system_axi_dma_0_0_axi_datamover_fifo |          4 |          4 |       0 |    0 |     53 |      0 |      0 |    0 |          0 |
|             I_MSTR_PCC                                                                    |                                 system_axi_dma_0_0_axi_datamover_pcc |        180 |        180 |       0 |    0 |    195 |      0 |      0 |    0 |          0 |
|             I_RD_DATA_CNTL                                                                |                         system_axi_dma_0_0_axi_datamover_rddata_cntl |         80 |         56 |       0 |   24 |     67 |      0 |      0 |    0 |          0 |
|               (I_RD_DATA_CNTL)                                                            |                         system_axi_dma_0_0_axi_datamover_rddata_cntl |         37 |         37 |       0 |    0 |     61 |      0 |      0 |    0 |          0 |
|               GEN_DATA_CNTL_FIFO.I_DATA_CNTL_FIFO                                         |                system_axi_dma_0_0_axi_datamover_fifo__parameterized2 |         44 |         20 |       0 |   24 |      6 |      0 |      0 |    0 |          0 |
|                 (GEN_DATA_CNTL_FIFO.I_DATA_CNTL_FIFO)                                     |                system_axi_dma_0_0_axi_datamover_fifo__parameterized2 |          1 |          1 |       0 |    0 |      2 |      0 |      0 |    0 |          0 |
|                 USE_SRL_FIFO.I_SYNC_FIFO                                                  |                        system_axi_dma_0_0_srl_fifo_f__parameterized0 |         43 |         19 |       0 |   24 |      4 |      0 |      0 |    0 |          0 |
|                   I_SRL_FIFO_RBU_F                                                        |                    system_axi_dma_0_0_srl_fifo_rbu_f__parameterized0 |         43 |         19 |       0 |   24 |      4 |      0 |      0 |    0 |          0 |
|                     (I_SRL_FIFO_RBU_F)                                                    |                    system_axi_dma_0_0_srl_fifo_rbu_f__parameterized0 |          2 |          2 |       0 |    0 |      1 |      0 |      0 |    0 |          0 |
|                     CNTR_INCR_DECR_ADDN_F_I                                               |                             system_axi_dma_0_0_cntr_incr_decr_addn_f |         15 |         15 |       0 |    0 |      3 |      0 |      0 |    0 |          0 |
|                     DYNSHREG_F_I                                                          |                        system_axi_dma_0_0_dynshreg_f__parameterized0 |         26 |          2 |       0 |   24 |      0 |      0 |      0 |    0 |          0 |
|             I_RD_STATUS_CNTLR                                                             |                      system_axi_dma_0_0_axi_datamover_rd_status_cntl |          7 |          7 |       0 |    0 |      5 |      0 |      0 |    0 |          0 |
|             I_RESET                                                                       |                               system_axi_dma_0_0_axi_datamover_reset |          2 |          2 |       0 |    0 |      3 |      0 |      0 |    0 |          0 |
|         I_RST_MODULE                                                                      |                                system_axi_dma_0_0_axi_dma_rst_module |         14 |         14 |       0 |    0 |     24 |      0 |      0 |    0 |          0 |
|           (I_RST_MODULE)                                                                  |                                system_axi_dma_0_0_axi_dma_rst_module |          1 |          1 |       0 |    0 |      1 |      0 |      0 |    0 |          0 |
|           GEN_RESET_FOR_MM2S.RESET_I                                                      |                                     system_axi_dma_0_0_axi_dma_reset |         13 |         13 |       0 |    0 |     15 |      0 |      0 |    0 |          0 |
|           REG_HRD_RST                                                                     |                                          system_axi_dma_0_0_cdc_sync |          0 |          0 |       0 |    0 |      4 |      0 |      0 |    0 |          0 |
|           REG_HRD_RST_OUT                                                                 |                                        system_axi_dma_0_0_cdc_sync_0 |          0 |          0 |       0 |    0 |      4 |      0 |      0 |    0 |          0 |
|     axi_noc_0                                                                             |                                                   system_axi_noc_0_0 |          0 |          0 |       0 |    0 |      0 |      0 |      0 |    0 |          0 |
|       inst                                                                                |                                           system_axi_noc_0_0_bd_04bc |          0 |          0 |       0 |    0 |      0 |      0 |      0 |    0 |          0 |
|         (inst)                                                                            |                                           system_axi_noc_0_0_bd_04bc |          0 |          0 |       0 |    0 |      0 |      0 |      0 |    0 |          0 |
|         M00_AXI_nsu                                                                       |                             system_axi_noc_0_0_bd_04bc_M00_AXI_nsu_0 |          0 |          0 |       0 |    0 |      0 |      0 |      0 |    0 |          0 |
|           bd_04bc_M00_AXI_nsu_0_top_INST                                                  |                         system_axi_noc_0_0_bd_04bc_M00_AXI_nsu_0_top |          0 |          0 |       0 |    0 |      0 |      0 |      0 |    0 |          0 |
|         MC0_ddrc                                                                          |                                system_axi_noc_0_0_bd_04bc_MC0_ddrc_0 |          0 |          0 |       0 |    0 |      0 |      0 |      0 |    0 |          0 |
|           inst                                                                            |                        system_axi_noc_0_0_bd_04bc_MC0_ddrc_0_wrapper |          0 |          0 |       0 |    0 |      0 |      0 |      0 |    0 |          0 |
|             noc_ddr4_phy                                                                  |                                               bd_04bc_MC0_ddrc_0_phy |          0 |          0 |       0 |    0 |      0 |      0 |      0 |    0 |          0 |
|               inst                                                                        |                                       bd_04bc_MC0_ddrc_0_phy_wrapper |          0 |          0 |       0 |    0 |      0 |      0 |      0 |    0 |          0 |
|                 (inst)                                                                    |                                       bd_04bc_MC0_ddrc_0_phy_wrapper |          0 |          0 |       0 |    0 |      0 |      0 |      0 |    0 |          0 |
|                 BANK_WRAPPER_INST0                                                        |                             advanced_io_wizard_phy_v1_0_bank_wrapper |          0 |          0 |       0 |    0 |      0 |      0 |      0 |    0 |          0 |
|                 BANK_WRAPPER_INST1                                                        |             advanced_io_wizard_phy_v1_0_bank_wrapper__parameterized0 |          0 |          0 |       0 |    0 |      0 |      0 |      0 |    0 |          0 |
|                 BANK_WRAPPER_INST2                                                        |             advanced_io_wizard_phy_v1_0_bank_wrapper__parameterized1 |          0 |          0 |       0 |    0 |      0 |      0 |      0 |    0 |          0 |
|         S00_AXI_nmu                                                                       |                             system_axi_noc_0_0_bd_04bc_S00_AXI_nmu_0 |          0 |          0 |       0 |    0 |      0 |      0 |      0 |    0 |          0 |
|           bd_04bc_S00_AXI_nmu_0_top_INST                                                  |                         system_axi_noc_0_0_bd_04bc_S00_AXI_nmu_0_top |          0 |          0 |       0 |    0 |      0 |      0 |      0 |    0 |          0 |
|         S01_AXI_rpu                                                                       |                             system_axi_noc_0_0_bd_04bc_S01_AXI_rpu_0 |          0 |          0 |       0 |    0 |      0 |      0 |      0 |    0 |          0 |
|           bd_04bc_S01_AXI_rpu_0_top_INST                                                  |                         system_axi_noc_0_0_bd_04bc_S01_AXI_rpu_0_top |          0 |          0 |       0 |    0 |      0 |      0 |      0 |    0 |          0 |
|         S02_AXI_nmu                                                                       |                             system_axi_noc_0_0_bd_04bc_S02_AXI_nmu_0 |          0 |          0 |       0 |    0 |      0 |      0 |      0 |    0 |          0 |
|           bd_04bc_S02_AXI_nmu_0_top_INST                                                  |                         system_axi_noc_0_0_bd_04bc_S02_AXI_nmu_0_top |          0 |          0 |       0 |    0 |      0 |      0 |      0 |    0 |          0 |
|         S03_AXI_nmu                                                                       |                             system_axi_noc_0_0_bd_04bc_S03_AXI_nmu_0 |          0 |          0 |       0 |    0 |      0 |      0 |      0 |    0 |          0 |
|           bd_04bc_S03_AXI_nmu_0_top_INST                                                  |                         system_axi_noc_0_0_bd_04bc_S03_AXI_nmu_0_top |          0 |          0 |       0 |    0 |      0 |      0 |      0 |    0 |          0 |
|         S04_AXI_nmu                                                                       |                             system_axi_noc_0_0_bd_04bc_S04_AXI_nmu_0 |          0 |          0 |       0 |    0 |      0 |      0 |      0 |    0 |          0 |
|           bd_04bc_S04_AXI_nmu_0_top_INST                                                  |                         system_axi_noc_0_0_bd_04bc_S04_AXI_nmu_0_top |          0 |          0 |       0 |    0 |      0 |      0 |      0 |    0 |          0 |
|         S05_AXI_nmu                                                                       |                             system_axi_noc_0_0_bd_04bc_S05_AXI_nmu_0 |          0 |          0 |       0 |    0 |      0 |      0 |      0 |    0 |          0 |
|           bd_04bc_S05_AXI_nmu_0_top_INST                                                  |                         system_axi_noc_0_0_bd_04bc_S05_AXI_nmu_0_top |          0 |          0 |       0 |    0 |      0 |      0 |      0 |    0 |          0 |
|         S06_AXI_nmu                                                                       |                             system_axi_noc_0_0_bd_04bc_S06_AXI_nmu_0 |          0 |          0 |       0 |    0 |      0 |      0 |      0 |    0 |          0 |
|           bd_04bc_S06_AXI_nmu_0_top_INST                                                  |                         system_axi_noc_0_0_bd_04bc_S06_AXI_nmu_0_top |          0 |          0 |       0 |    0 |      0 |      0 |      0 |    0 |          0 |
|         S07_AXI_nmu                                                                       |                             system_axi_noc_0_0_bd_04bc_S07_AXI_nmu_0 |          0 |          0 |       0 |    0 |      0 |      0 |      0 |    0 |          0 |
|           bd_04bc_S07_AXI_nmu_0_top_INST                                                  |                         system_axi_noc_0_0_bd_04bc_S07_AXI_nmu_0_top |          0 |          0 |       0 |    0 |      0 |      0 |      0 |    0 |          0 |
|         const_0                                                                           |                                 system_axi_noc_0_0_bd_04bc_const_0_0 |          0 |          0 |       0 |    0 |      0 |      0 |      0 |    0 |          0 |
|     control_smc                                                                           |                                                 system_control_smc_0 |        613 |        612 |       0 |    1 |    692 |      0 |      0 |    0 |          0 |
|       inst                                                                                |                                         system_control_smc_0_bd_cccd |        613 |        612 |       0 |    1 |    692 |      0 |      0 |    0 |          0 |
|         clk_map                                                                           |                              system_control_smc_0_clk_map_imp_LAKXQJ |         21 |         20 |       0 |    1 |     22 |      0 |      0 |    0 |          0 |
|           psr_aclk                                                                        |                              system_control_smc_0_bd_cccd_psr_aclk_0 |         21 |         20 |       0 |    1 |     22 |      0 |      0 |    0 |          0 |
|             U0                                                                            |                                  system_control_smc_0_proc_sys_reset |         21 |         20 |       0 |    1 |     22 |      0 |      0 |    0 |          0 |
|               (U0)                                                                        |                                  system_control_smc_0_proc_sys_reset |          0 |          0 |       0 |    0 |      1 |      0 |      0 |    0 |          0 |
|               EXT_LPF                                                                     |                                             system_control_smc_0_lpf |          3 |          2 |       0 |    1 |      6 |      0 |      0 |    0 |          0 |
|                 (EXT_LPF)                                                                 |                                             system_control_smc_0_lpf |          2 |          1 |       0 |    1 |      2 |      0 |      0 |    0 |          0 |
|                 ACTIVE_LOW_AUX.ACT_LO_AUX                                                 |                                        system_control_smc_0_cdc_sync |          1 |          1 |       0 |    0 |      4 |      0 |      0 |    0 |          0 |
|               SEQ                                                                         |                                    system_control_smc_0_sequence_psr |         18 |         18 |       0 |    0 |     15 |      0 |      0 |    0 |          0 |
|                 (SEQ)                                                                     |                                    system_control_smc_0_sequence_psr |          9 |          9 |       0 |    0 |      9 |      0 |      0 |    0 |          0 |
|                 SEQ_COUNTER                                                               |                                         system_control_smc_0_upcnt_n |          9 |          9 |       0 |    0 |      6 |      0 |      0 |    0 |          0 |
|         m00_exit_pipeline                                                                 |                   system_control_smc_0_m00_exit_pipeline_imp_1DYNKLS |         11 |         11 |       0 |    0 |      9 |      0 |      0 |    0 |          0 |
|           m00_exit                                                                        |                                  system_control_smc_0_bd_cccd_m00e_0 |         11 |         11 |       0 |    0 |      9 |      0 |      0 |    0 |          0 |
|             inst                                                                          |                             system_control_smc_0_sc_exit_v1_0_13_top |         11 |         11 |       0 |    0 |      9 |      0 |      0 |    0 |          0 |
|               (inst)                                                                      |                             system_control_smc_0_sc_exit_v1_0_13_top |          2 |          2 |       0 |    0 |      2 |      0 |      0 |    0 |          0 |
|               exit_inst                                                                   |                            system_control_smc_0_sc_exit_v1_0_13_exit |          9 |          9 |       0 |    0 |      4 |      0 |      0 |    0 |          0 |
|               xpm_cdc_async_rst_inst                                                      |                           system_control_smc_0_xpm_cdc_async_rst__12 |          0 |          0 |       0 |    0 |      3 |      0 |      0 |    0 |          0 |
|         m00_nodes                                                                         |                           system_control_smc_0_m00_nodes_imp_1RAVA64 |         22 |         22 |       0 |    0 |     27 |      0 |      0 |    0 |          0 |
|           m00_ar_node                                                                     |                                system_control_smc_0_bd_cccd_m00arn_0 |          4 |          4 |       0 |    0 |      5 |      0 |      0 |    0 |          0 |
|             inst                                                                          |                  system_control_smc_0_sc_node_v1_0_14_top__xdcDup__1 |          4 |          4 |       0 |    0 |      5 |      0 |      0 |    0 |          0 |
|               (inst)                                                                      |                  system_control_smc_0_sc_node_v1_0_14_top__xdcDup__1 |          3 |          3 |       0 |    0 |      1 |      0 |      0 |    0 |          0 |
|               inst_mi_handler                                                             |                   system_control_smc_0_sc_node_v1_0_14_mi_handler_25 |          1 |          1 |       0 |    0 |      1 |      0 |      0 |    0 |          0 |
|               s_sc_xpm_cdc_async_rst_inst                                                 |                           system_control_smc_0_xpm_cdc_async_rst__13 |          0 |          0 |       0 |    0 |      3 |      0 |      0 |    0 |          0 |
|           m00_aw_node                                                                     |                                system_control_smc_0_bd_cccd_m00awn_0 |          4 |          4 |       0 |    0 |      5 |      0 |      0 |    0 |          0 |
|             inst                                                                          |  system_control_smc_0_sc_node_v1_0_14_top__parameterized0__xdcDup__1 |          4 |          4 |       0 |    0 |      5 |      0 |      0 |    0 |          0 |
|               (inst)                                                                      |  system_control_smc_0_sc_node_v1_0_14_top__parameterized0__xdcDup__1 |          3 |          3 |       0 |    0 |      1 |      0 |      0 |    0 |          0 |
|               inst_mi_handler                                                             |   system_control_smc_0_sc_node_v1_0_14_mi_handler__parameterized0_24 |          1 |          1 |       0 |    0 |      1 |      0 |      0 |    0 |          0 |
|               s_sc_xpm_cdc_async_rst_inst                                                 |                           system_control_smc_0_xpm_cdc_async_rst__15 |          0 |          0 |       0 |    0 |      3 |      0 |      0 |    0 |          0 |
|           m00_b_node                                                                      |                                 system_control_smc_0_bd_cccd_m00bn_0 |          5 |          5 |       0 |    0 |      6 |      0 |      0 |    0 |          0 |
|             inst                                                                          |  system_control_smc_0_sc_node_v1_0_14_top__parameterized1__xdcDup__1 |          5 |          5 |       0 |    0 |      6 |      0 |      0 |    0 |          0 |
|               (inst)                                                                      |  system_control_smc_0_sc_node_v1_0_14_top__parameterized1__xdcDup__1 |          3 |          3 |       0 |    0 |      1 |      0 |      0 |    0 |          0 |
|               inst_mi_handler                                                             |   system_control_smc_0_sc_node_v1_0_14_mi_handler__parameterized1_23 |          2 |          2 |       0 |    0 |      2 |      0 |      0 |    0 |          0 |
|               s_sc_xpm_cdc_async_rst_inst                                                 |                           system_control_smc_0_xpm_cdc_async_rst__17 |          0 |          0 |       0 |    0 |      3 |      0 |      0 |    0 |          0 |
|           m00_r_node                                                                      |                                 system_control_smc_0_bd_cccd_m00rn_0 |          5 |          5 |       0 |    0 |      6 |      0 |      0 |    0 |          0 |
|             inst                                                                          |  system_control_smc_0_sc_node_v1_0_14_top__parameterized2__xdcDup__1 |          5 |          5 |       0 |    0 |      6 |      0 |      0 |    0 |          0 |
|               (inst)                                                                      |  system_control_smc_0_sc_node_v1_0_14_top__parameterized2__xdcDup__1 |          3 |          3 |       0 |    0 |      1 |      0 |      0 |    0 |          0 |
|               inst_mi_handler                                                             |   system_control_smc_0_sc_node_v1_0_14_mi_handler__parameterized2_22 |          2 |          2 |       0 |    0 |      2 |      0 |      0 |    0 |          0 |
|               s_sc_xpm_cdc_async_rst_inst                                                 |                           system_control_smc_0_xpm_cdc_async_rst__19 |          0 |          0 |       0 |    0 |      3 |      0 |      0 |    0 |          0 |
|           m00_w_node                                                                      |                                 system_control_smc_0_bd_cccd_m00wn_0 |          4 |          4 |       0 |    0 |      5 |      0 |      0 |    0 |          0 |
|             inst                                                                          |  system_control_smc_0_sc_node_v1_0_14_top__parameterized3__xdcDup__1 |          4 |          4 |       0 |    0 |      5 |      0 |      0 |    0 |          0 |
|               (inst)                                                                      |  system_control_smc_0_sc_node_v1_0_14_top__parameterized3__xdcDup__1 |          3 |          3 |       0 |    0 |      1 |      0 |      0 |    0 |          0 |
|               inst_mi_handler                                                             |   system_control_smc_0_sc_node_v1_0_14_mi_handler__parameterized3_21 |          1 |          1 |       0 |    0 |      1 |      0 |      0 |    0 |          0 |
|               s_sc_xpm_cdc_async_rst_inst                                                 |                           system_control_smc_0_xpm_cdc_async_rst__21 |          0 |          0 |       0 |    0 |      3 |      0 |      0 |    0 |          0 |
|         m00_sc2axi                                                                        |                                system_control_smc_0_bd_cccd_m00s2a_0 |          0 |          0 |       0 |    0 |      0 |      0 |      0 |    0 |          0 |
|           inst                                                                            |                            system_control_smc_0_sc_sc2axi_v1_0_8_top |          0 |          0 |       0 |    0 |      0 |      0 |      0 |    0 |          0 |
|         m01_exit_pipeline                                                                 |                   system_control_smc_0_m01_exit_pipeline_imp_19AF64W |         11 |         11 |       0 |    0 |      9 |      0 |      0 |    0 |          0 |
|           m01_exit                                                                        |                                  system_control_smc_0_bd_cccd_m01e_0 |         11 |         11 |       0 |    0 |      9 |      0 |      0 |    0 |          0 |
|             inst                                                                          |  system_control_smc_0_sc_exit_v1_0_13_top__parameterized0__xdcDup__1 |         11 |         11 |       0 |    0 |      9 |      0 |      0 |    0 |          0 |
|               (inst)                                                                      |  system_control_smc_0_sc_exit_v1_0_13_top__parameterized0__xdcDup__1 |          2 |          2 |       0 |    0 |      2 |      0 |      0 |    0 |          0 |
|               exit_inst                                                                   |         system_control_smc_0_sc_exit_v1_0_13_exit__parameterized0_20 |          9 |          9 |       0 |    0 |      4 |      0 |      0 |    0 |          0 |
|               xpm_cdc_async_rst_inst                                                      |                           system_control_smc_0_xpm_cdc_async_rst__23 |          0 |          0 |       0 |    0 |      3 |      0 |      0 |    0 |          0 |
|         m01_nodes                                                                         |                            system_control_smc_0_m01_nodes_imp_XMBBRE |         22 |         22 |       0 |    0 |     27 |      0 |      0 |    0 |          0 |
|           m01_ar_node                                                                     |                                system_control_smc_0_bd_cccd_m01arn_0 |          4 |          4 |       0 |    0 |      5 |      0 |      0 |    0 |          0 |
|             inst                                                                          |                  system_control_smc_0_sc_node_v1_0_14_top__xdcDup__2 |          4 |          4 |       0 |    0 |      5 |      0 |      0 |    0 |          0 |
|               (inst)                                                                      |                  system_control_smc_0_sc_node_v1_0_14_top__xdcDup__2 |          3 |          3 |       0 |    0 |      1 |      0 |      0 |    0 |          0 |
|               inst_mi_handler                                                             |                   system_control_smc_0_sc_node_v1_0_14_mi_handler_19 |          1 |          1 |       0 |    0 |      1 |      0 |      0 |    0 |          0 |
|               s_sc_xpm_cdc_async_rst_inst                                                 |                           system_control_smc_0_xpm_cdc_async_rst__24 |          0 |          0 |       0 |    0 |      3 |      0 |      0 |    0 |          0 |
|           m01_aw_node                                                                     |                                system_control_smc_0_bd_cccd_m01awn_0 |          4 |          4 |       0 |    0 |      5 |      0 |      0 |    0 |          0 |
|             inst                                                                          |  system_control_smc_0_sc_node_v1_0_14_top__parameterized0__xdcDup__2 |          4 |          4 |       0 |    0 |      5 |      0 |      0 |    0 |          0 |
|               (inst)                                                                      |  system_control_smc_0_sc_node_v1_0_14_top__parameterized0__xdcDup__2 |          3 |          3 |       0 |    0 |      1 |      0 |      0 |    0 |          0 |
|               inst_mi_handler                                                             |   system_control_smc_0_sc_node_v1_0_14_mi_handler__parameterized0_18 |          1 |          1 |       0 |    0 |      1 |      0 |      0 |    0 |          0 |
|               s_sc_xpm_cdc_async_rst_inst                                                 |                           system_control_smc_0_xpm_cdc_async_rst__26 |          0 |          0 |       0 |    0 |      3 |      0 |      0 |    0 |          0 |
|           m01_b_node                                                                      |                                 system_control_smc_0_bd_cccd_m01bn_0 |          5 |          5 |       0 |    0 |      6 |      0 |      0 |    0 |          0 |
|             inst                                                                          |  system_control_smc_0_sc_node_v1_0_14_top__parameterized1__xdcDup__2 |          5 |          5 |       0 |    0 |      6 |      0 |      0 |    0 |          0 |
|               (inst)                                                                      |  system_control_smc_0_sc_node_v1_0_14_top__parameterized1__xdcDup__2 |          3 |          3 |       0 |    0 |      1 |      0 |      0 |    0 |          0 |
|               inst_mi_handler                                                             |   system_control_smc_0_sc_node_v1_0_14_mi_handler__parameterized1_17 |          2 |          2 |       0 |    0 |      2 |      0 |      0 |    0 |          0 |
|               s_sc_xpm_cdc_async_rst_inst                                                 |                           system_control_smc_0_xpm_cdc_async_rst__28 |          0 |          0 |       0 |    0 |      3 |      0 |      0 |    0 |          0 |
|           m01_r_node                                                                      |                                 system_control_smc_0_bd_cccd_m01rn_0 |          5 |          5 |       0 |    0 |      6 |      0 |      0 |    0 |          0 |
|             inst                                                                          |  system_control_smc_0_sc_node_v1_0_14_top__parameterized2__xdcDup__2 |          5 |          5 |       0 |    0 |      6 |      0 |      0 |    0 |          0 |
|               (inst)                                                                      |  system_control_smc_0_sc_node_v1_0_14_top__parameterized2__xdcDup__2 |          3 |          3 |       0 |    0 |      1 |      0 |      0 |    0 |          0 |
|               inst_mi_handler                                                             |   system_control_smc_0_sc_node_v1_0_14_mi_handler__parameterized2_16 |          2 |          2 |       0 |    0 |      2 |      0 |      0 |    0 |          0 |
|               s_sc_xpm_cdc_async_rst_inst                                                 |                           system_control_smc_0_xpm_cdc_async_rst__30 |          0 |          0 |       0 |    0 |      3 |      0 |      0 |    0 |          0 |
|           m01_w_node                                                                      |                                 system_control_smc_0_bd_cccd_m01wn_0 |          4 |          4 |       0 |    0 |      5 |      0 |      0 |    0 |          0 |
|             inst                                                                          |  system_control_smc_0_sc_node_v1_0_14_top__parameterized3__xdcDup__2 |          4 |          4 |       0 |    0 |      5 |      0 |      0 |    0 |          0 |
|               (inst)                                                                      |  system_control_smc_0_sc_node_v1_0_14_top__parameterized3__xdcDup__2 |          3 |          3 |       0 |    0 |      1 |      0 |      0 |    0 |          0 |
|               inst_mi_handler                                                             |   system_control_smc_0_sc_node_v1_0_14_mi_handler__parameterized3_15 |          1 |          1 |       0 |    0 |      1 |      0 |      0 |    0 |          0 |
|               s_sc_xpm_cdc_async_rst_inst                                                 |                           system_control_smc_0_xpm_cdc_async_rst__32 |          0 |          0 |       0 |    0 |      3 |      0 |      0 |    0 |          0 |
|         m01_sc2axi                                                                        |                                system_control_smc_0_bd_cccd_m01s2a_0 |          0 |          0 |       0 |    0 |      0 |      0 |      0 |    0 |          0 |
|           inst                                                                            |         system_control_smc_0_sc_sc2axi_v1_0_8_top__parameterized0__1 |          0 |          0 |       0 |    0 |      0 |      0 |      0 |    0 |          0 |
|         m02_exit_pipeline                                                                 |                   system_control_smc_0_m02_exit_pipeline_imp_16ST5ZK |         11 |         11 |       0 |    0 |      9 |      0 |      0 |    0 |          0 |
|           m02_exit                                                                        |                                  system_control_smc_0_bd_cccd_m02e_0 |         11 |         11 |       0 |    0 |      9 |      0 |      0 |    0 |          0 |
|             inst                                                                          |             system_control_smc_0_sc_exit_v1_0_13_top__parameterized0 |         11 |         11 |       0 |    0 |      9 |      0 |      0 |    0 |          0 |
|               (inst)                                                                      |             system_control_smc_0_sc_exit_v1_0_13_top__parameterized0 |          2 |          2 |       0 |    0 |      2 |      0 |      0 |    0 |          0 |
|               exit_inst                                                                   |            system_control_smc_0_sc_exit_v1_0_13_exit__parameterized0 |          9 |          9 |       0 |    0 |      4 |      0 |      0 |    0 |          0 |
|               xpm_cdc_async_rst_inst                                                      |                           system_control_smc_0_xpm_cdc_async_rst__34 |          0 |          0 |       0 |    0 |      3 |      0 |      0 |    0 |          0 |
|         m02_nodes                                                                         |                            system_control_smc_0_m02_nodes_imp_1GU6C1 |         22 |         22 |       0 |    0 |     27 |      0 |      0 |    0 |          0 |
|           m02_ar_node                                                                     |                                system_control_smc_0_bd_cccd_m02arn_0 |          4 |          4 |       0 |    0 |      5 |      0 |      0 |    0 |          0 |
|             inst                                                                          |                             system_control_smc_0_sc_node_v1_0_14_top |          4 |          4 |       0 |    0 |      5 |      0 |      0 |    0 |          0 |
|               (inst)                                                                      |                             system_control_smc_0_sc_node_v1_0_14_top |          3 |          3 |       0 |    0 |      1 |      0 |      0 |    0 |          0 |
|               inst_mi_handler                                                             |                      system_control_smc_0_sc_node_v1_0_14_mi_handler |          1 |          1 |       0 |    0 |      1 |      0 |      0 |    0 |          0 |
|               s_sc_xpm_cdc_async_rst_inst                                                 |                           system_control_smc_0_xpm_cdc_async_rst__35 |          0 |          0 |       0 |    0 |      3 |      0 |      0 |    0 |          0 |
|           m02_aw_node                                                                     |                                system_control_smc_0_bd_cccd_m02awn_0 |          4 |          4 |       0 |    0 |      5 |      0 |      0 |    0 |          0 |
|             inst                                                                          |             system_control_smc_0_sc_node_v1_0_14_top__parameterized0 |          4 |          4 |       0 |    0 |      5 |      0 |      0 |    0 |          0 |
|               (inst)                                                                      |             system_control_smc_0_sc_node_v1_0_14_top__parameterized0 |          3 |          3 |       0 |    0 |      1 |      0 |      0 |    0 |          0 |
|               inst_mi_handler                                                             |      system_control_smc_0_sc_node_v1_0_14_mi_handler__parameterized0 |          1 |          1 |       0 |    0 |      1 |      0 |      0 |    0 |          0 |
|               s_sc_xpm_cdc_async_rst_inst                                                 |                           system_control_smc_0_xpm_cdc_async_rst__37 |          0 |          0 |       0 |    0 |      3 |      0 |      0 |    0 |          0 |
|           m02_b_node                                                                      |                                 system_control_smc_0_bd_cccd_m02bn_0 |          5 |          5 |       0 |    0 |      6 |      0 |      0 |    0 |          0 |
|             inst                                                                          |             system_control_smc_0_sc_node_v1_0_14_top__parameterized1 |          5 |          5 |       0 |    0 |      6 |      0 |      0 |    0 |          0 |
|               (inst)                                                                      |             system_control_smc_0_sc_node_v1_0_14_top__parameterized1 |          3 |          3 |       0 |    0 |      1 |      0 |      0 |    0 |          0 |
|               inst_mi_handler                                                             |      system_control_smc_0_sc_node_v1_0_14_mi_handler__parameterized1 |          2 |          2 |       0 |    0 |      2 |      0 |      0 |    0 |          0 |
|               s_sc_xpm_cdc_async_rst_inst                                                 |                           system_control_smc_0_xpm_cdc_async_rst__39 |          0 |          0 |       0 |    0 |      3 |      0 |      0 |    0 |          0 |
|           m02_r_node                                                                      |                                 system_control_smc_0_bd_cccd_m02rn_0 |          5 |          5 |       0 |    0 |      6 |      0 |      0 |    0 |          0 |
|             inst                                                                          |             system_control_smc_0_sc_node_v1_0_14_top__parameterized2 |          5 |          5 |       0 |    0 |      6 |      0 |      0 |    0 |          0 |
|               (inst)                                                                      |             system_control_smc_0_sc_node_v1_0_14_top__parameterized2 |          3 |          3 |       0 |    0 |      1 |      0 |      0 |    0 |          0 |
|               inst_mi_handler                                                             |      system_control_smc_0_sc_node_v1_0_14_mi_handler__parameterized2 |          2 |          2 |       0 |    0 |      2 |      0 |      0 |    0 |          0 |
|               s_sc_xpm_cdc_async_rst_inst                                                 |                           system_control_smc_0_xpm_cdc_async_rst__41 |          0 |          0 |       0 |    0 |      3 |      0 |      0 |    0 |          0 |
|           m02_w_node                                                                      |                                 system_control_smc_0_bd_cccd_m02wn_0 |          4 |          4 |       0 |    0 |      5 |      0 |      0 |    0 |          0 |
|             inst                                                                          |             system_control_smc_0_sc_node_v1_0_14_top__parameterized3 |          4 |          4 |       0 |    0 |      5 |      0 |      0 |    0 |          0 |
|               (inst)                                                                      |             system_control_smc_0_sc_node_v1_0_14_top__parameterized3 |          3 |          3 |       0 |    0 |      1 |      0 |      0 |    0 |          0 |
|               inst_mi_handler                                                             |      system_control_smc_0_sc_node_v1_0_14_mi_handler__parameterized3 |          1 |          1 |       0 |    0 |      1 |      0 |      0 |    0 |          0 |
|               s_sc_xpm_cdc_async_rst_inst                                                 |                           system_control_smc_0_xpm_cdc_async_rst__43 |          0 |          0 |       0 |    0 |      3 |      0 |      0 |    0 |          0 |
|         m02_sc2axi                                                                        |                                system_control_smc_0_bd_cccd_m02s2a_0 |          0 |          0 |       0 |    0 |      0 |      0 |      0 |    0 |          0 |
|           inst                                                                            |            system_control_smc_0_sc_sc2axi_v1_0_8_top__parameterized0 |          0 |          0 |       0 |    0 |      0 |      0 |      0 |    0 |          0 |
|         s00_axi2sc                                                                        |                                system_control_smc_0_bd_cccd_s00a2s_0 |          0 |          0 |       0 |    0 |      0 |      0 |      0 |    0 |          0 |
|           inst                                                                            |                            system_control_smc_0_sc_axi2sc_v1_0_8_top |          0 |          0 |       0 |    0 |      0 |      0 |      0 |    0 |          0 |
|         s00_entry_pipeline                                                                |                   system_control_smc_0_s00_entry_pipeline_imp_FBKXLF |        339 |        339 |       0 |    0 |    349 |      0 |      0 |    0 |          0 |
|           s00_mmu                                                                         |                                system_control_smc_0_bd_cccd_s00mmu_0 |        161 |        161 |       0 |    0 |    149 |      0 |      0 |    0 |          0 |
|             inst                                                                          |                              system_control_smc_0_sc_mmu_v1_0_11_top |        161 |        161 |       0 |    0 |    149 |      0 |      0 |    0 |          0 |
|               (inst)                                                                      |                              system_control_smc_0_sc_mmu_v1_0_11_top |         28 |         28 |       0 |    0 |     19 |      0 |      0 |    0 |          0 |
|               ar_reg_stall                                                                |    system_control_smc_0_sc_util_v1_0_4_axi_reg_stall__parameterized0 |         50 |         50 |       0 |    0 |     60 |      0 |      0 |    0 |          0 |
|               aw_reg_stall                                                                | system_control_smc_0_sc_util_v1_0_4_axi_reg_stall__parameterized0_14 |         44 |         44 |       0 |    0 |     44 |      0 |      0 |    0 |          0 |
|               gen_endpoint.decerr_slave_inst                                              |                     system_control_smc_0_sc_mmu_v1_0_11_decerr_slave |         32 |         32 |       0 |    0 |     21 |      0 |      0 |    0 |          0 |
|               gen_wroute_reg.wroute_split                                                 |                     system_control_smc_0_sc_util_v1_0_4_axi_splitter |          9 |          9 |       0 |    0 |      2 |      0 |      0 |    0 |          0 |
|               xpm_cdc_async_rst_inst                                                      |                           system_control_smc_0_xpm_cdc_async_rst__45 |          0 |          0 |       0 |    0 |      3 |      0 |      0 |    0 |          0 |
|           s00_si_converter                                                                |                                system_control_smc_0_bd_cccd_s00sic_0 |        167 |        167 |       0 |    0 |    188 |      0 |      0 |    0 |          0 |
|             inst                                                                          |                     system_control_smc_0_sc_si_converter_v1_0_11_top |        167 |        167 |       0 |    0 |    188 |      0 |      0 |    0 |          0 |
|               (inst)                                                                      |                     system_control_smc_0_sc_si_converter_v1_0_11_top |          1 |          1 |       0 |    0 |      1 |      0 |      0 |    0 |          0 |
|               gen_axilite_conv.axilite_conv_inst                                          |            system_control_smc_0_sc_si_converter_v1_0_11_axilite_conv |        166 |        166 |       0 |    0 |    184 |      0 |      0 |    0 |          0 |
|               xpm_cdc_async_rst_inst                                                      |                           system_control_smc_0_xpm_cdc_async_rst__46 |          0 |          0 |       0 |    0 |      3 |      0 |      0 |    0 |          0 |
|           s00_transaction_regulator                                                       |                                 system_control_smc_0_bd_cccd_s00tr_0 |         11 |         11 |       0 |    0 |     12 |      0 |      0 |    0 |          0 |
|             inst                                                                          |             system_control_smc_0_sc_transaction_regulator_v1_0_9_top |         11 |         11 |       0 |    0 |     12 |      0 |      0 |    0 |          0 |
|               (inst)                                                                      |             system_control_smc_0_sc_transaction_regulator_v1_0_9_top |          1 |          1 |       0 |    0 |      1 |      0 |      0 |    0 |          0 |
|               gen_endpoint.gen_r_singleorder.r_singleorder                                |     system_control_smc_0_sc_transaction_regulator_v1_0_9_singleorder |          6 |          6 |       0 |    0 |      4 |      0 |      0 |    0 |          0 |
|               gen_endpoint.gen_w_singleorder.w_singleorder                                |  system_control_smc_0_sc_transaction_regulator_v1_0_9_singleorder_13 |          4 |          4 |       0 |    0 |      4 |      0 |      0 |    0 |          0 |
|               xpm_cdc_async_rst_inst                                                      |                           system_control_smc_0_xpm_cdc_async_rst__47 |          0 |          0 |       0 |    0 |      3 |      0 |      0 |    0 |          0 |
|         s00_nodes                                                                         |                            system_control_smc_0_s00_nodes_imp_9KNL6X |         20 |         20 |       0 |    0 |     25 |      0 |      0 |    0 |          0 |
|           s00_ar_node                                                                     |                                  system_control_smc_0_bd_cccd_sarn_0 |          4 |          4 |       0 |    0 |      5 |      0 |      0 |    0 |          0 |
|             inst                                                                          |             system_control_smc_0_sc_node_v1_0_14_top__parameterized4 |          4 |          4 |       0 |    0 |      5 |      0 |      0 |    0 |          0 |
|               (inst)                                                                      |             system_control_smc_0_sc_node_v1_0_14_top__parameterized4 |          3 |          3 |       0 |    0 |      1 |      0 |      0 |    0 |          0 |
|               inst_mi_handler                                                             |      system_control_smc_0_sc_node_v1_0_14_mi_handler__parameterized4 |          1 |          1 |       0 |    0 |      1 |      0 |      0 |    0 |          0 |
|               s_sc_xpm_cdc_async_rst_inst                                                 |                           system_control_smc_0_xpm_cdc_async_rst__48 |          0 |          0 |       0 |    0 |      3 |      0 |      0 |    0 |          0 |
|           s00_aw_node                                                                     |                                  system_control_smc_0_bd_cccd_sawn_0 |          4 |          4 |       0 |    0 |      5 |      0 |      0 |    0 |          0 |
|             inst                                                                          |             system_control_smc_0_sc_node_v1_0_14_top__parameterized5 |          4 |          4 |       0 |    0 |      5 |      0 |      0 |    0 |          0 |
|               (inst)                                                                      |             system_control_smc_0_sc_node_v1_0_14_top__parameterized5 |          3 |          3 |       0 |    0 |      1 |      0 |      0 |    0 |          0 |
|               inst_mi_handler                                                             |      system_control_smc_0_sc_node_v1_0_14_mi_handler__parameterized5 |          1 |          1 |       0 |    0 |      1 |      0 |      0 |    0 |          0 |
|               s_sc_xpm_cdc_async_rst_inst                                                 |                           system_control_smc_0_xpm_cdc_async_rst__50 |          0 |          0 |       0 |    0 |      3 |      0 |      0 |    0 |          0 |
|           s00_b_node                                                                      |                                   system_control_smc_0_bd_cccd_sbn_0 |          4 |          4 |       0 |    0 |      5 |      0 |      0 |    0 |          0 |
|             inst                                                                          |             system_control_smc_0_sc_node_v1_0_14_top__parameterized6 |          4 |          4 |       0 |    0 |      5 |      0 |      0 |    0 |          0 |
|               (inst)                                                                      |             system_control_smc_0_sc_node_v1_0_14_top__parameterized6 |          3 |          3 |       0 |    0 |      1 |      0 |      0 |    0 |          0 |
|               inst_mi_handler                                                             |      system_control_smc_0_sc_node_v1_0_14_mi_handler__parameterized6 |          1 |          1 |       0 |    0 |      1 |      0 |      0 |    0 |          0 |
|               s_sc_xpm_cdc_async_rst_inst                                                 |                           system_control_smc_0_xpm_cdc_async_rst__52 |          0 |          0 |       0 |    0 |      3 |      0 |      0 |    0 |          0 |
|           s00_r_node                                                                      |                                   system_control_smc_0_bd_cccd_srn_0 |          4 |          4 |       0 |    0 |      5 |      0 |      0 |    0 |          0 |
|             inst                                                                          |             system_control_smc_0_sc_node_v1_0_14_top__parameterized7 |          4 |          4 |       0 |    0 |      5 |      0 |      0 |    0 |          0 |
|               (inst)                                                                      |             system_control_smc_0_sc_node_v1_0_14_top__parameterized7 |          3 |          3 |       0 |    0 |      1 |      0 |      0 |    0 |          0 |
|               inst_mi_handler                                                             |      system_control_smc_0_sc_node_v1_0_14_mi_handler__parameterized7 |          1 |          1 |       0 |    0 |      1 |      0 |      0 |    0 |          0 |
|               s_sc_xpm_cdc_async_rst_inst                                                 |                           system_control_smc_0_xpm_cdc_async_rst__54 |          0 |          0 |       0 |    0 |      3 |      0 |      0 |    0 |          0 |
|           s00_w_node                                                                      |                                   system_control_smc_0_bd_cccd_swn_0 |          4 |          4 |       0 |    0 |      5 |      0 |      0 |    0 |          0 |
|             inst                                                                          |             system_control_smc_0_sc_node_v1_0_14_top__parameterized8 |          4 |          4 |       0 |    0 |      5 |      0 |      0 |    0 |          0 |
|               (inst)                                                                      |             system_control_smc_0_sc_node_v1_0_14_top__parameterized8 |          3 |          3 |       0 |    0 |      1 |      0 |      0 |    0 |          0 |
|               inst_mi_handler                                                             |      system_control_smc_0_sc_node_v1_0_14_mi_handler__parameterized8 |          1 |          1 |       0 |    0 |      1 |      0 |      0 |    0 |          0 |
|               s_sc_xpm_cdc_async_rst_inst                                                 |                           system_control_smc_0_xpm_cdc_async_rst__56 |          0 |          0 |       0 |    0 |      3 |      0 |      0 |    0 |          0 |
|         switchboards                                                                      |                         system_control_smc_0_switchboards_imp_KDT2CD |        136 |        136 |       0 |    0 |    188 |      0 |      0 |    0 |          0 |
|           ar_la_in_swbd                                                                   |                                system_control_smc_0_bd_cccd_arinsw_0 |          0 |          0 |       0 |    0 |      0 |      0 |      0 |    0 |          0 |
|             inst                                                                          |                    system_control_smc_0_sc_switchboard_v1_0_6_top__1 |          0 |          0 |       0 |    0 |      0 |      0 |      0 |    0 |          0 |
|           ar_la_out_swbd                                                                  |                               system_control_smc_0_bd_cccd_aroutsw_0 |          0 |          0 |       0 |    0 |      0 |      0 |      0 |    0 |          0 |
|             inst                                                                          |    system_control_smc_0_sc_switchboard_v1_0_6_top__parameterized0__1 |          0 |          0 |       0 |    0 |      0 |      0 |      0 |    0 |          0 |
|           aw_la_in_swbd                                                                   |                                system_control_smc_0_bd_cccd_awinsw_0 |          0 |          0 |       0 |    0 |      0 |      0 |      0 |    0 |          0 |
|             inst                                                                          |                       system_control_smc_0_sc_switchboard_v1_0_6_top |          0 |          0 |       0 |    0 |      0 |      0 |      0 |    0 |          0 |
|           aw_la_out_swbd                                                                  |                               system_control_smc_0_bd_cccd_awoutsw_0 |          0 |          0 |       0 |    0 |      0 |      0 |      0 |    0 |          0 |
|             inst                                                                          |       system_control_smc_0_sc_switchboard_v1_0_6_top__parameterized0 |          0 |          0 |       0 |    0 |      0 |      0 |      0 |    0 |          0 |
|           b_la_in_swbd                                                                    |                                 system_control_smc_0_bd_cccd_binsw_0 |          0 |          0 |       0 |    0 |      0 |      0 |      0 |    0 |          0 |
|             inst                                                                          |       system_control_smc_0_sc_switchboard_v1_0_6_top__parameterized1 |          0 |          0 |       0 |    0 |      0 |      0 |      0 |    0 |          0 |
|           b_la_out_swbd                                                                   |                                system_control_smc_0_bd_cccd_boutsw_0 |          2 |          2 |       0 |    0 |      0 |      0 |      0 |    0 |          0 |
|             inst                                                                          |       system_control_smc_0_sc_switchboard_v1_0_6_top__parameterized2 |          2 |          2 |       0 |    0 |      0 |      0 |      0 |    0 |          0 |
|               gen_mi[0].inst_mux_payld                                                    |              system_control_smc_0_sc_util_v1_0_4_mux__parameterized1 |          2 |          2 |       0 |    0 |      0 |      0 |      0 |    0 |          0 |
|           i_nodes                                                                         |                             system_control_smc_0_i_nodes_imp_137J6SL |        101 |        101 |       0 |    0 |    188 |      0 |      0 |    0 |          0 |
|             i_ar_node                                                                     |                                  system_control_smc_0_bd_cccd_arni_0 |         11 |         11 |       0 |    0 |     25 |      0 |      0 |    0 |          0 |
|               inst                                                                        |             system_control_smc_0_sc_node_v1_0_14_top__parameterized9 |         11 |         11 |       0 |    0 |     25 |      0 |      0 |    0 |          0 |
|                 (inst)                                                                    |             system_control_smc_0_sc_node_v1_0_14_top__parameterized9 |          3 |          3 |       0 |    0 |      1 |      0 |      0 |    0 |          0 |
|                 inst_mi_handler                                                           |      system_control_smc_0_sc_node_v1_0_14_mi_handler__parameterized9 |          8 |          8 |       0 |    0 |     21 |      0 |      0 |    0 |          0 |
|                   (inst_mi_handler)                                                       |      system_control_smc_0_sc_node_v1_0_14_mi_handler__parameterized9 |          0 |          0 |       0 |    0 |      2 |      0 |      0 |    0 |          0 |
|                   gen_normal_area.inst_fifo_node_payld                                    |                         system_control_smc_0_sc_node_v1_0_14_fifo_10 |          8 |          8 |       0 |    0 |     19 |      0 |      0 |    0 |          0 |
|                     gen_reg_fifo.inst_reg_fifo                                            |                     system_control_smc_0_sc_node_v1_0_14_reg_fifo_11 |          8 |          8 |       0 |    0 |     19 |      0 |      0 |    0 |          0 |
|                       (gen_reg_fifo.inst_reg_fifo)                                        |                     system_control_smc_0_sc_node_v1_0_14_reg_fifo_11 |          1 |          1 |       0 |    0 |     17 |      0 |      0 |    0 |          0 |
|                       gen_single_rank.inst_cntr                                           |       system_control_smc_0_sc_util_v1_0_4_counter__parameterized0_12 |          7 |          7 |       0 |    0 |      2 |      0 |      0 |    0 |          0 |
|                 s_sc_xpm_cdc_async_rst_inst                                               |                           system_control_smc_0_xpm_cdc_async_rst__58 |          0 |          0 |       0 |    0 |      3 |      0 |      0 |    0 |          0 |
|             i_aw_node                                                                     |                                  system_control_smc_0_bd_cccd_awni_0 |         11 |         11 |       0 |    0 |     25 |      0 |      0 |    0 |          0 |
|               inst                                                                        |            system_control_smc_0_sc_node_v1_0_14_top__parameterized10 |         11 |         11 |       0 |    0 |     25 |      0 |      0 |    0 |          0 |
|                 (inst)                                                                    |            system_control_smc_0_sc_node_v1_0_14_top__parameterized10 |          3 |          3 |       0 |    0 |      1 |      0 |      0 |    0 |          0 |
|                 inst_mi_handler                                                           |     system_control_smc_0_sc_node_v1_0_14_mi_handler__parameterized10 |          8 |          8 |       0 |    0 |     21 |      0 |      0 |    0 |          0 |
|                   (inst_mi_handler)                                                       |     system_control_smc_0_sc_node_v1_0_14_mi_handler__parameterized10 |          0 |          0 |       0 |    0 |      2 |      0 |      0 |    0 |          0 |
|                   gen_normal_area.inst_fifo_node_payld                                    |                            system_control_smc_0_sc_node_v1_0_14_fifo |          8 |          8 |       0 |    0 |     19 |      0 |      0 |    0 |          0 |
|                     gen_reg_fifo.inst_reg_fifo                                            |                        system_control_smc_0_sc_node_v1_0_14_reg_fifo |          8 |          8 |       0 |    0 |     19 |      0 |      0 |    0 |          0 |
|                       (gen_reg_fifo.inst_reg_fifo)                                        |                        system_control_smc_0_sc_node_v1_0_14_reg_fifo |          1 |          1 |       0 |    0 |     17 |      0 |      0 |    0 |          0 |
|                       gen_single_rank.inst_cntr                                           |        system_control_smc_0_sc_util_v1_0_4_counter__parameterized0_9 |          7 |          7 |       0 |    0 |      2 |      0 |      0 |    0 |          0 |
|                 s_sc_xpm_cdc_async_rst_inst                                               |                           system_control_smc_0_xpm_cdc_async_rst__60 |          0 |          0 |       0 |    0 |      3 |      0 |      0 |    0 |          0 |
|             i_b_node                                                                      |                                   system_control_smc_0_bd_cccd_bni_0 |         34 |         34 |       0 |    0 |     29 |      0 |      0 |    0 |          0 |
|               inst                                                                        |            system_control_smc_0_sc_node_v1_0_14_top__parameterized11 |         34 |         34 |       0 |    0 |     29 |      0 |      0 |    0 |          0 |
|                 (inst)                                                                    |            system_control_smc_0_sc_node_v1_0_14_top__parameterized11 |          3 |          3 |       0 |    0 |      1 |      0 |      0 |    0 |          0 |
|                 inst_mi_handler                                                           |     system_control_smc_0_sc_node_v1_0_14_mi_handler__parameterized11 |         11 |         11 |       0 |    0 |      9 |      0 |      0 |    0 |          0 |
|                   (inst_mi_handler)                                                       |     system_control_smc_0_sc_node_v1_0_14_mi_handler__parameterized11 |          0 |          0 |       0 |    0 |      2 |      0 |      0 |    0 |          0 |
|                   gen_normal_area.gen_fi_regulator.inst_fi_regulator                      |                  system_control_smc_0_sc_node_v1_0_14_fi_regulator_7 |          6 |          6 |       0 |    0 |      1 |      0 |      0 |    0 |          0 |
|                   gen_normal_area.inst_fifo_node_payld                                    |            system_control_smc_0_sc_node_v1_0_14_fifo__parameterized0 |          5 |          5 |       0 |    0 |      6 |      0 |      0 |    0 |          0 |
|                     gen_reg_fifo.inst_reg_fifo                                            |        system_control_smc_0_sc_node_v1_0_14_reg_fifo__parameterized0 |          5 |          5 |       0 |    0 |      6 |      0 |      0 |    0 |          0 |
|                       (gen_reg_fifo.inst_reg_fifo)                                        |        system_control_smc_0_sc_node_v1_0_14_reg_fifo__parameterized0 |          1 |          1 |       0 |    0 |      4 |      0 |      0 |    0 |          0 |
|                       gen_single_rank.inst_cntr                                           |        system_control_smc_0_sc_util_v1_0_4_counter__parameterized0_8 |          4 |          4 |       0 |    0 |      2 |      0 |      0 |    0 |          0 |
|                 inst_si_handler                                                           |      system_control_smc_0_sc_node_v1_0_14_si_handler__parameterized6 |         22 |         22 |       0 |    0 |     16 |      0 |      0 |    0 |          0 |
|                   (inst_si_handler)                                                       |      system_control_smc_0_sc_node_v1_0_14_si_handler__parameterized6 |          0 |          0 |       0 |    0 |      1 |      0 |      0 |    0 |          0 |
|                   gen_si_handler.gen_arbiter_rr_minimal_area.inst_arbiter                 |                    system_control_smc_0_sc_node_v1_0_14_arb_alg_rr_3 |          9 |          9 |       0 |    0 |      6 |      0 |      0 |    0 |          0 |
|                   gen_si_handler.gen_request_counters.gen_req_counter[0].inst_req_counter |        system_control_smc_0_sc_util_v1_0_4_counter__parameterized1_4 |          5 |          5 |       0 |    0 |      3 |      0 |      0 |    0 |          0 |
|                   gen_si_handler.gen_request_counters.gen_req_counter[1].inst_req_counter |        system_control_smc_0_sc_util_v1_0_4_counter__parameterized1_5 |          4 |          4 |       0 |    0 |      3 |      0 |      0 |    0 |          0 |
|                   gen_si_handler.gen_request_counters.gen_req_counter[2].inst_req_counter |        system_control_smc_0_sc_util_v1_0_4_counter__parameterized1_6 |          5 |          5 |       0 |    0 |      3 |      0 |      0 |    0 |          0 |
|                 s_sc_xpm_cdc_async_rst_inst                                               |                           system_control_smc_0_xpm_cdc_async_rst__62 |          0 |          0 |       0 |    0 |      3 |      0 |      0 |    0 |          0 |
|             i_r_node                                                                      |                                   system_control_smc_0_bd_cccd_rni_0 |         34 |         34 |       0 |    0 |     60 |      0 |      0 |    0 |          0 |
|               inst                                                                        |            system_control_smc_0_sc_node_v1_0_14_top__parameterized12 |         34 |         34 |       0 |    0 |     60 |      0 |      0 |    0 |          0 |
|                 (inst)                                                                    |            system_control_smc_0_sc_node_v1_0_14_top__parameterized12 |          3 |          3 |       0 |    0 |      1 |      0 |      0 |    0 |          0 |
|                 inst_mi_handler                                                           |     system_control_smc_0_sc_node_v1_0_14_mi_handler__parameterized12 |         11 |         11 |       0 |    0 |     40 |      0 |      0 |    0 |          0 |
|                   (inst_mi_handler)                                                       |     system_control_smc_0_sc_node_v1_0_14_mi_handler__parameterized12 |          0 |          0 |       0 |    0 |      2 |      0 |      0 |    0 |          0 |
|                   gen_normal_area.gen_fi_regulator.inst_fi_regulator                      |                    system_control_smc_0_sc_node_v1_0_14_fi_regulator |          6 |          6 |       0 |    0 |      1 |      0 |      0 |    0 |          0 |
|                   gen_normal_area.inst_fifo_node_payld                                    |            system_control_smc_0_sc_node_v1_0_14_fifo__parameterized1 |          5 |          5 |       0 |    0 |     37 |      0 |      0 |    0 |          0 |
|                     gen_reg_fifo.inst_reg_fifo                                            |        system_control_smc_0_sc_node_v1_0_14_reg_fifo__parameterized1 |          5 |          5 |       0 |    0 |     37 |      0 |      0 |    0 |          0 |
|                       (gen_reg_fifo.inst_reg_fifo)                                        |        system_control_smc_0_sc_node_v1_0_14_reg_fifo__parameterized1 |          1 |          1 |       0 |    0 |     35 |      0 |      0 |    0 |          0 |
|                       gen_single_rank.inst_cntr                                           |        system_control_smc_0_sc_util_v1_0_4_counter__parameterized0_2 |          4 |          4 |       0 |    0 |      2 |      0 |      0 |    0 |          0 |
|                 inst_si_handler                                                           |      system_control_smc_0_sc_node_v1_0_14_si_handler__parameterized7 |         22 |         22 |       0 |    0 |     16 |      0 |      0 |    0 |          0 |
|                   (inst_si_handler)                                                       |      system_control_smc_0_sc_node_v1_0_14_si_handler__parameterized7 |          0 |          0 |       0 |    0 |      1 |      0 |      0 |    0 |          0 |
|                   gen_si_handler.gen_arbiter_rr_minimal_area.inst_arbiter                 |                      system_control_smc_0_sc_node_v1_0_14_arb_alg_rr |          9 |          9 |       0 |    0 |      6 |      0 |      0 |    0 |          0 |
|                   gen_si_handler.gen_request_counters.gen_req_counter[0].inst_req_counter |          system_control_smc_0_sc_util_v1_0_4_counter__parameterized1 |          5 |          5 |       0 |    0 |      3 |      0 |      0 |    0 |          0 |
|                   gen_si_handler.gen_request_counters.gen_req_counter[1].inst_req_counter |        system_control_smc_0_sc_util_v1_0_4_counter__parameterized1_0 |          4 |          4 |       0 |    0 |      3 |      0 |      0 |    0 |          0 |
|                   gen_si_handler.gen_request_counters.gen_req_counter[2].inst_req_counter |        system_control_smc_0_sc_util_v1_0_4_counter__parameterized1_1 |          5 |          5 |       0 |    0 |      3 |      0 |      0 |    0 |          0 |
|                 s_sc_xpm_cdc_async_rst_inst                                               |                           system_control_smc_0_xpm_cdc_async_rst__64 |          0 |          0 |       0 |    0 |      3 |      0 |      0 |    0 |          0 |
|             i_w_node                                                                      |                                   system_control_smc_0_bd_cccd_wni_0 |         11 |         11 |       0 |    0 |     49 |      0 |      0 |    0 |          0 |
|               inst                                                                        |            system_control_smc_0_sc_node_v1_0_14_top__parameterized13 |         11 |         11 |       0 |    0 |     49 |      0 |      0 |    0 |          0 |
|                 (inst)                                                                    |            system_control_smc_0_sc_node_v1_0_14_top__parameterized13 |          3 |          3 |       0 |    0 |      1 |      0 |      0 |    0 |          0 |
|                 inst_mi_handler                                                           |     system_control_smc_0_sc_node_v1_0_14_mi_handler__parameterized13 |          8 |          8 |       0 |    0 |     45 |      0 |      0 |    0 |          0 |
|                   (inst_mi_handler)                                                       |     system_control_smc_0_sc_node_v1_0_14_mi_handler__parameterized13 |          0 |          0 |       0 |    0 |      2 |      0 |      0 |    0 |          0 |
|                   gen_normal_area.inst_fifo_node_payld                                    |            system_control_smc_0_sc_node_v1_0_14_fifo__parameterized2 |          8 |          8 |       0 |    0 |     43 |      0 |      0 |    0 |          0 |
|                     gen_reg_fifo.inst_reg_fifo                                            |        system_control_smc_0_sc_node_v1_0_14_reg_fifo__parameterized2 |          8 |          8 |       0 |    0 |     43 |      0 |      0 |    0 |          0 |
|                       (gen_reg_fifo.inst_reg_fifo)                                        |        system_control_smc_0_sc_node_v1_0_14_reg_fifo__parameterized2 |          1 |          1 |       0 |    0 |     41 |      0 |      0 |    0 |          0 |
|                       gen_single_rank.inst_cntr                                           |          system_control_smc_0_sc_util_v1_0_4_counter__parameterized0 |          7 |          7 |       0 |    0 |      2 |      0 |      0 |    0 |          0 |
|                 s_sc_xpm_cdc_async_rst_inst                                               |                           system_control_smc_0_xpm_cdc_async_rst__66 |          0 |          0 |       0 |    0 |      3 |      0 |      0 |    0 |          0 |
|           r_la_in_swbd                                                                    |                                 system_control_smc_0_bd_cccd_rinsw_0 |          0 |          0 |       0 |    0 |      0 |      0 |      0 |    0 |          0 |
|             inst                                                                          |       system_control_smc_0_sc_switchboard_v1_0_6_top__parameterized3 |          0 |          0 |       0 |    0 |      0 |      0 |      0 |    0 |          0 |
|           r_la_out_swbd                                                                   |                                system_control_smc_0_bd_cccd_routsw_0 |         33 |         33 |       0 |    0 |      0 |      0 |      0 |    0 |          0 |
|             inst                                                                          |       system_control_smc_0_sc_switchboard_v1_0_6_top__parameterized4 |         33 |         33 |       0 |    0 |      0 |      0 |      0 |    0 |          0 |
|               gen_mi[0].inst_mux_payld                                                    |              system_control_smc_0_sc_util_v1_0_4_mux__parameterized3 |         33 |         33 |       0 |    0 |      0 |      0 |      0 |    0 |          0 |
|           w_la_in_swbd                                                                    |                                 system_control_smc_0_bd_cccd_winsw_0 |          0 |          0 |       0 |    0 |      0 |      0 |      0 |    0 |          0 |
|             inst                                                                          |       system_control_smc_0_sc_switchboard_v1_0_6_top__parameterized5 |          0 |          0 |       0 |    0 |      0 |      0 |      0 |    0 |          0 |
|           w_la_out_swbd                                                                   |                                system_control_smc_0_bd_cccd_woutsw_0 |          0 |          0 |       0 |    0 |      0 |      0 |      0 |    0 |          0 |
|             inst                                                                          |       system_control_smc_0_sc_switchboard_v1_0_6_top__parameterized6 |          0 |          0 |       0 |    0 |      0 |      0 |      0 |    0 |          0 |
|     irq_concat                                                                            |                                                  system_irq_concat_0 |          0 |          0 |       0 |    0 |      0 |      0 |      0 |    0 |          0 |
|     pl_clock_wizard                                                                       |                                             system_pl_clock_wizard_0 |          0 |          0 |       0 |    0 |      0 |      0 |      0 |    0 |          0 |
|       inst                                                                                |                                 system_pl_clock_wizard_0_clk_wiz_top |          0 |          0 |       0 |    0 |      0 |      0 |      0 |    0 |          0 |
|         clock_primitive_inst                                                              |                          system_pl_clock_wizard_0_clocking_structure |          0 |          0 |       0 |    0 |      0 |      0 |      0 |    0 |          0 |
|     pl_reset                                                                              |                                                    system_pl_reset_0 |         24 |         23 |       0 |    1 |    119 |      0 |      0 |    0 |          0 |
|       U0                                                                                  |                                     system_pl_reset_0_proc_sys_reset |         24 |         23 |       0 |    1 |    119 |      0 |      0 |    0 |          0 |
|         (U0)                                                                              |                                     system_pl_reset_0_proc_sys_reset |          0 |          0 |       0 |    0 |     84 |      0 |      0 |    0 |          0 |
|         EXT_LPF                                                                           |                                                system_pl_reset_0_lpf |          5 |          4 |       0 |    1 |     20 |      0 |      0 |    0 |          0 |
|           (EXT_LPF)                                                                       |                                                system_pl_reset_0_lpf |          2 |          1 |       0 |    1 |     12 |      0 |      0 |    0 |          0 |
|           ACTIVE_LOW_AUX.ACT_LO_AUX                                                       |                                           system_pl_reset_0_cdc_sync |          1 |          1 |       0 |    0 |      4 |      0 |      0 |    0 |          0 |
|           ACTIVE_LOW_EXT.ACT_LO_EXT                                                       |                                         system_pl_reset_0_cdc_sync_0 |          2 |          2 |       0 |    0 |      4 |      0 |      0 |    0 |          0 |
|         SEQ                                                                               |                                       system_pl_reset_0_sequence_psr |         19 |         19 |       0 |    0 |     15 |      0 |      0 |    0 |          0 |
|           (SEQ)                                                                           |                                       system_pl_reset_0_sequence_psr |         10 |         10 |       0 |    0 |      9 |      0 |      0 |    0 |          0 |
|           SEQ_COUNTER                                                                     |                                            system_pl_reset_0_upcnt_n |          9 |          9 |       0 |    0 |      6 |      0 |      0 |    0 |          0 |
|     versal_cips_0                                                                         |                                               system_versal_cips_0_0 |          0 |          0 |       0 |    0 |      0 |      0 |      0 |    0 |          0 |
|       inst                                                                                |                                                              bd_07f9 |          0 |          0 |       0 |    0 |      0 |      0 |      0 |    0 |          0 |
|         pspmc_0                                                                           |                                                    bd_07f9_pspmc_0_0 |          0 |          0 |       0 |    0 |      0 |      0 |      0 |    0 |          0 |
|           (pspmc_0)                                                                       |                                                    bd_07f9_pspmc_0_0 |          0 |          0 |       0 |    0 |      0 |      0 |      0 |    0 |          0 |
|           inst                                                                            |                                                   pspmc_v1_3_2_pspmc |          0 |          0 |       0 |    0 |      0 |      0 |      0 |    0 |          0 |
+-------------------------------------------------------------------------------------------+----------------------------------------------------------------------+------------+------------+---------+------+--------+--------+--------+------+------------+
* Note: The sum of lower-level cells may be larger than their parent cells total, due to cross-hierarchy LUT combining


